t_s,frame,tag_detected,state,pan_deg,tilt_deg,eu_px,ev_px,eu_s_px,ev_s_px,err_px,dpan,dtilt,in_deadband,clamped_pan,clamped_tilt,servo_sent,tag_conf,lost_t
0.001,1,0,tag_lost_countdown,0.0,0.0,,,,,,,,,,,,,0.0
0.081,2,0,tag_lost_countdown,0.0,0.0,,,,,,,,,,,,,0.09
0.127,3,0,tag_lost_countdown,0.0,0.0,,,,,,,,,,,,,0.17
0.179,4,0,tag_lost_countdown,0.0,0.0,,,,,,,,,,,,,0.21
0.232,5,0,tag_lost_countdown,0.0,0.0,,,,,,,,,,,,,0.26
0.284,6,0,tag_lost_countdown,0.0,0.0,,,,,,,,,,,,,0.32
0.331,7,0,tag_lost_countdown,0.0,0.0,,,,,,,,,,,,,0.37
0.383,8,0,tag_lost_countdown,0.0,0.0,,,,,,,,,,,,,0.42
0.431,9,0,tag_lost_countdown,0.0,0.0,,,,,,,,,,,,,0.47
0.484,10,0,tag_lost_countdown,0.0,0.0,,,,,,,,,,,,,0.52
0.529,11,0,tag_lost_countdown,0.0,0.0,,,,,,,,,,,,,0.57
0.582,12,0,tag_lost_countdown,0.0,0.0,,,,,,,,,,,,,0.61
0.632,13,0,tag_lost_countdown,0.0,0.0,,,,,,,,,,,,,0.67
0.685,14,0,tag_lost_countdown,0.0,0.0,,,,,,,,,,,,,0.72
0.735,15,0,tag_lost_countdown,0.0,0.0,,,,,,,,,,,,,0.77
0.788,16,0,tag_lost_countdown,0.0,0.0,,,,,,,,,,,,,0.82
0.836,17,0,tag_lost_countdown,0.0,0.0,,,,,,,,,,,,,0.87
0.887,18,0,tag_lost_countdown,0.0,0.0,,,,,,,,,,,,,0.92
0.939,19,0,tag_lost_countdown,0.0,0.0,,,,,,,,,,,,,0.97
0.989,20,0,tag_lost_countdown,0.0,0.0,,,,,,,,,,,,,1.02
1.036,21,0,tag_lost_countdown,0.0,0.0,,,,,,,,,,,,,1.08
1.092,22,0,tag_lost_countdown,0.0,0.0,,,,,,,,,,,,,1.12
1.145,23,0,tag_lost_countdown,0.0,0.0,,,,,,,,,,,,,1.18
1.196,24,0,tag_lost_countdown,0.0,0.0,,,,,,,,,,,,,1.23
1.243,25,0,tag_lost_countdown,0.0,0.0,,,,,,,,,,,,,1.28
1.302,26,0,tag_lost_countdown,0.0,0.0,,,,,,,,,,,,,1.33
1.349,27,0,tag_lost_countdown,0.0,0.0,,,,,,,,,,,,,1.39
1.402,28,0,tag_lost_countdown,0.0,0.0,,,,,,,,,,,,,1.44
1.448,29,0,tag_lost_countdown,0.0,0.0,,,,,,,,,,,,,1.49
1.500,30,0,tag_lost_countdown,0.0,0.0,,,,,,,,,,,,,1.53
1.553,31,0,tag_lost_countdown,0.0,0.0,,,,,,,,,,,,,1.59
1.604,32,0,tag_lost_countdown,0.0,0.0,,,,,,,,,,,,,1.64
1.654,33,0,tag_lost_countdown,0.0,0.0,,,,,,,,,,,,,1.69
1.707,34,0,tag_lost_countdown,0.0,0.0,,,,,,,,,,,,,1.74
1.755,35,0,tag_lost_countdown,0.0,0.0,,,,,,,,,,,,,1.79
1.806,36,0,tag_lost_countdown,0.0,0.0,,,,,,,,,,,,,1.84
1.854,37,0,tag_lost_countdown,0.0,0.0,,,,,,,,,,,,,1.89
1.910,38,0,tag_lost_countdown,0.0,0.0,,,,,,,,,,,,,1.94
1.958,39,0,tag_lost_countdown,0.0,0.0,,,,,,,,,,,,,2.0
2.016,40,0,tag_lost_countdown,0.0,0.0,,,,,,,,,,,,,2.04
2.061,41,0,tag_lost_countdown,0.0,0.0,,,,,,,,,,,,,2.1
2.115,42,0,tag_lost_countdown,0.0,0.0,,,,,,,,,,,,,2.15
2.162,43,0,tag_lost_countdown,0.0,0.0,,,,,,,,,,,,,2.2
2.213,44,0,tag_lost_countdown,0.0,0.0,,,,,,,,,,,,,2.25
2.261,45,0,tag_lost_countdown,0.0,0.0,,,,,,,,,,,,,2.3
2.315,46,0,tag_lost_countdown,0.0,0.0,,,,,,,,,,,,,2.35
2.362,47,0,tag_lost_countdown,0.0,0.0,,,,,,,,,,,,,2.4
2.414,48,0,tag_lost_countdown,0.0,0.0,,,,,,,,,,,,,2.45
2.461,49,0,tag_lost_countdown,0.0,0.0,,,,,,,,,,,,,2.5
2.515,50,0,tag_lost_countdown,0.0,0.0,,,,,,,,,,,,,2.55
2.563,51,0,tag_lost_countdown,0.0,0.0,,,,,,,,,,,,,2.6
2.614,52,0,tag_lost_countdown,0.0,0.0,,,,,,,,,,,,,2.65
2.660,53,0,tag_lost_countdown,0.0,0.0,,,,,,,,,,,,,2.7
2.714,54,0,tag_lost_countdown,0.0,0.0,,,,,,,,,,,,,2.75
2.761,55,0,tag_lost_countdown,0.0,0.0,,,,,,,,,,,,,2.8
2.817,56,0,tag_lost_countdown,0.0,0.0,,,,,,,,,,,,,2.85
2.864,57,0,tag_lost_countdown,0.0,0.0,,,,,,,,,,,,,2.9
2.916,58,0,tag_lost_countdown,0.0,0.0,,,,,,,,,,,,,2.95
2.961,59,0,tag_lost_countdown,0.0,0.0,,,,,,,,,,,,,3.0
3.011,60,0,tag_lost_countdown,0.0,0.0,,,,,,,,,,,,,3.05
3.059,61,0,tag_lost_countdown,0.0,0.0,,,,,,,,,,,,,3.1
3.109,62,0,tag_lost_countdown,0.0,0.0,,,,,,,,,,,,,3.14
3.157,63,0,tag_lost_countdown,0.0,0.0,,,,,,,,,,,,,3.19
3.211,64,0,tag_lost_countdown,0.0,0.0,,,,,,,,,,,,,3.24
3.256,65,0,tag_lost_countdown,0.0,0.0,,,,,,,,,,,,,3.3
3.308,66,0,tag_lost_countdown,0.0,0.0,,,,,,,,,,,,,3.34
3.357,67,0,tag_lost_countdown,0.0,0.0,,,,,,,,,,,,,3.39
3.411,68,0,tag_lost_countdown,0.0,0.0,,,,,,,,,,,,,3.44
3.458,69,0,tag_lost_countdown,0.0,0.0,,,,,,,,,,,,,3.5
3.510,70,0,tag_lost_countdown,0.0,0.0,,,,,,,,,,,,,3.54
3.562,71,0,tag_lost_countdown,0.0,0.0,,,,,,,,,,,,,3.6
3.619,72,0,tag_lost_countdown,0.0,0.0,,,,,,,,,,,,,3.65
3.665,73,0,tag_lost_countdown,0.0,0.0,,,,,,,,,,,,,3.7
3.717,74,0,tag_lost_countdown,0.0,0.0,,,,,,,,,,,,,3.75
3.766,75,0,tag_lost_countdown,0.0,0.0,,,,,,,,,,,,,3.8
3.823,76,0,tag_lost_countdown,0.0,0.0,,,,,,,,,,,,,3.85
3.869,77,0,tag_lost_countdown,0.0,0.0,,,,,,,,,,,,,3.91
3.921,78,0,tag_lost_countdown,0.0,0.0,,,,,,,,,,,,,3.95
3.968,79,0,tag_lost_countdown,0.0,0.0,,,,,,,,,,,,,4.01
4.021,80,0,tag_lost_countdown,0.0,0.0,,,,,,,,,,,,,4.05
4.076,81,0,tag_lost_countdown,0.0,0.0,,,,,,,,,,,,,4.11
4.127,82,0,tag_lost_countdown,0.0,0.0,,,,,,,,,,,,,4.16
4.174,83,0,tag_lost_countdown,0.0,0.0,,,,,,,,,,,,,4.21
4.228,84,0,tag_lost_countdown,0.0,0.0,,,,,,,,,,,,,4.26
4.274,85,0,tag_lost_countdown,0.0,0.0,,,,,,,,,,,,,4.31
4.326,86,0,tag_lost_countdown,0.0,0.0,,,,,,,,,,,,,4.36
4.372,87,0,tag_lost_countdown,0.0,0.0,,,,,,,,,,,,,4.41
4.424,88,0,tag_lost_countdown,0.0,0.0,,,,,,,,,,,,,4.46
4.474,89,0,tag_lost_countdown,0.0,0.0,,,,,,,,,,,,,4.51
4.526,90,0,tag_lost_countdown,0.0,0.0,,,,,,,,,,,,,4.56
4.576,91,0,tag_lost_countdown,0.0,0.0,,,,,,,,,,,,,4.61
4.627,92,0,tag_lost_countdown,0.0,0.0,,,,,,,,,,,,,4.66
4.675,93,0,tag_lost_countdown,0.0,0.0,,,,,,,,,,,,,4.71
4.728,94,0,tag_lost_countdown,0.0,0.0,,,,,,,,,,,,,4.76
4.778,95,0,tag_lost_countdown,0.0,0.0,,,,,,,,,,,,,4.81
4.834,96,0,tag_lost_countdown,0.0,0.0,,,,,,,,,,,,,4.86
4.881,97,0,tag_lost_countdown,0.0,0.0,,,,,,,,,,,,,4.92
4.934,98,0,tag_lost_countdown,0.0,0.0,,,,,,,,,,,,,4.97
4.984,99,0,chasing,0.0,0.0,,,,,,,,,,,,,
5.036,100,0,tag_lost_countdown,0.0,0.0,,,,,,,,,,,,,0.0
5.087,101,0,tag_lost_countdown,0.0,0.0,,,,,,,,,,,,,0.05
5.135,102,0,tag_lost_countdown,0.0,0.0,,,,,,,,,,,,,0.1
5.186,103,0,tag_lost_countdown,0.0,0.0,,,,,,,,,,,,,0.15
5.238,104,0,tag_lost_countdown,0.0,0.0,,,,,,,,,,,,,0.2
5.283,105,0,tag_lost_countdown,0.0,0.0,,,,,,,,,,,,,0.25
5.340,106,0,tag_lost_countdown,0.0,0.0,,,,,,,,,,,,,0.3
5.386,107,0,tag_lost_countdown,0.0,0.0,,,,,,,,,,,,,0.36
5.438,108,0,tag_lost_countdown,0.0,0.0,,,,,,,,,,,,,0.4
5.485,109,0,tag_lost_countdown,0.0,0.0,,,,,,,,,,,,,0.45
5.536,110,0,tag_lost_countdown,0.0,0.0,,,,,,,,,,,,,0.5
5.583,111,0,tag_lost_countdown,0.0,0.0,,,,,,,,,,,,,0.55
5.636,112,0,tag_lost_countdown,0.0,0.0,,,,,,,,,,,,,0.6
5.685,113,0,tag_lost_countdown,0.0,0.0,,,,,,,,,,,,,0.65
5.739,114,0,tag_lost_countdown,0.0,0.0,,,,,,,,,,,,,0.7
5.785,115,0,tag_lost_countdown,0.0,0.0,,,,,,,,,,,,,0.76
5.841,116,0,tag_lost_countdown,0.0,0.0,,,,,,,,,,,,,0.8
5.887,117,0,tag_lost_countdown,0.0,0.0,,,,,,,,,,,,,0.86
5.942,118,0,tag_lost_countdown,0.0,0.0,,,,,,,,,,,,,0.9
5.988,119,0,tag_lost_countdown,0.0,0.0,,,,,,,,,,,,,0.96
6.040,120,0,tag_lost_countdown,0.0,0.0,,,,,,,,,,,,,1.01
6.089,121,0,tag_lost_countdown,0.0,0.0,,,,,,,,,,,,,1.06
6.141,122,0,tag_lost_countdown,0.0,0.0,,,,,,,,,,,,,1.11
6.185,123,0,tag_lost_countdown,0.0,0.0,,,,,,,,,,,,,1.16
6.240,124,0,tag_lost_countdown,0.0,0.0,,,,,,,,,,,,,1.2
6.285,125,0,tag_lost_countdown,0.0,0.0,,,,,,,,,,,,,1.26
6.338,126,0,tag_lost_countdown,0.0,0.0,,,,,,,,,,,,,1.3
6.392,127,0,tag_lost_countdown,0.0,0.0,,,,,,,,,,,,,1.36
6.445,128,0,tag_lost_countdown,0.0,0.0,,,,,,,,,,,,,1.41
6.491,129,0,tag_lost_countdown,0.0,0.0,,,,,,,,,,,,,1.46
6.545,130,0,tag_lost_countdown,0.0,0.0,,,,,,,,,,,,,1.51
6.595,131,0,tag_lost_countdown,0.0,0.0,,,,,,,,,,,,,1.56
6.649,132,0,tag_lost_countdown,0.0,0.0,,,,,,,,,,,,,1.61
6.695,133,0,tag_lost_countdown,0.0,0.0,,,,,,,,,,,,,1.67
6.750,134,0,tag_lost_countdown,0.0,0.0,,,,,,,,,,,,,1.71
6.799,135,0,tag_lost_countdown,0.0,0.0,,,,,,,,,,,,,1.77
6.853,136,0,tag_lost_countdown,0.0,0.0,,,,,,,,,,,,,1.82
6.900,137,0,tag_lost_countdown,0.0,0.0,,,,,,,,,,,,,1.87
6.952,138,0,tag_lost_countdown,0.0,0.0,,,,,,,,,,,,,1.92
7.002,139,0,tag_lost_countdown,0.0,0.0,,,,,,,,,,,,,1.97
7.055,140,0,tag_lost_countdown,0.0,0.0,,,,,,,,,,,,,2.02
7.103,141,0,tag_lost_countdown,0.0,0.0,,,,,,,,,,,,,2.07
7.155,142,0,tag_lost_countdown,0.0,0.0,,,,,,,,,,,,,2.12
7.202,143,0,tag_lost_countdown,0.0,0.0,,,,,,,,,,,,,2.17
7.255,144,0,tag_lost_countdown,0.0,0.0,,,,,,,,,,,,,2.22
7.304,145,0,tag_lost_countdown,0.0,0.0,,,,,,,,,,,,,2.27
7.361,146,0,tag_lost_countdown,0.0,0.0,,,,,,,,,,,,,2.32
7.407,147,0,tag_lost_countdown,0.0,0.0,,,,,,,,,,,,,2.38
7.460,148,0,tag_lost_countdown,0.0,0.0,,,,,,,,,,,,,2.42
7.506,149,0,tag_lost_countdown,0.0,0.0,,,,,,,,,,,,,2.48
7.559,150,0,tag_lost_countdown,0.0,0.0,,,,,,,,,,,,,2.52
7.605,151,0,tag_lost_countdown,0.0,0.0,,,,,,,,,,,,,2.58
7.659,152,0,tag_lost_countdown,0.0,0.0,,,,,,,,,,,,,2.62
7.708,153,0,tag_lost_countdown,0.0,0.0,,,,,,,,,,,,,2.68
7.762,154,0,tag_lost_countdown,0.0,0.0,,,,,,,,,,,,,2.73
7.815,155,0,tag_lost_countdown,0.0,0.0,,,,,,,,,,,,,2.78
7.867,156,0,tag_lost_countdown,0.0,0.0,,,,,,,,,,,,,2.83
7.914,157,0,tag_lost_countdown,0.0,0.0,,,,,,,,,,,,,2.88
7.970,158,0,tag_lost_countdown,0.0,0.0,,,,,,,,,,,,,2.93
8.018,159,0,tag_lost_countdown,0.0,0.0,,,,,,,,,,,,,2.99
8.079,160,0,tag_lost_countdown,0.0,0.0,,,,,,,,,,,,,3.04
8.124,161,0,tag_lost_countdown,0.0,0.0,,,,,,,,,,,,,3.1
8.176,162,0,tag_lost_countdown,0.0,0.0,,,,,,,,,,,,,3.14
8.225,163,0,tag_lost_countdown,0.0,0.0,,,,,,,,,,,,,3.19
8.281,164,0,tag_lost_countdown,0.0,0.0,,,,,,,,,,,,,3.25
8.330,165,0,tag_lost_countdown,0.0,0.0,,,,,,,,,,,,,3.3
8.382,166,0,tag_lost_countdown,0.0,0.0,,,,,,,,,,,,,3.35
8.431,167,0,tag_lost_countdown,0.0,0.0,,,,,,,,,,,,,3.4
8.483,168,0,tag_lost_countdown,0.0,0.0,,,,,,,,,,,,,3.45
8.535,169,0,tag_lost_countdown,0.0,0.0,,,,,,,,,,,,,3.5
8.590,170,0,tag_lost_countdown,0.0,0.0,,,,,,,,,,,,,3.55
8.639,171,0,tag_lost_countdown,0.0,0.0,,,,,,,,,,,,,3.61
8.692,172,0,tag_lost_countdown,0.0,0.0,,,,,,,,,,,,,3.66
8.741,173,0,tag_lost_countdown,0.0,0.0,,,,,,,,,,,,,3.71
8.793,174,0,tag_lost_countdown,0.0,0.0,,,,,,,,,,,,,3.76
8.840,175,0,tag_lost_countdown,0.0,0.0,,,,,,,,,,,,,3.81
8.893,176,0,tag_lost_countdown,0.0,0.0,,,,,,,,,,,,,3.86
8.939,177,0,tag_lost_countdown,0.0,0.0,,,,,,,,,,,,,3.91
8.991,178,0,tag_lost_countdown,0.0,0.0,,,,,,,,,,,,,3.96
9.041,179,0,tag_lost_countdown,0.0,0.0,,,,,,,,,,,,,4.01
9.097,180,0,tag_lost_countdown,0.0,0.0,,,,,,,,,,,,,4.06
9.145,181,0,tag_lost_countdown,0.0,0.0,,,,,,,,,,,,,4.11
9.196,182,0,tag_lost_countdown,0.0,0.0,,,,,,,,,,,,,4.16
9.246,183,0,tag_lost_countdown,0.0,0.0,,,,,,,,,,,,,4.21
9.298,184,0,tag_lost_countdown,0.0,0.0,,,,,,,,,,,,,4.26
9.346,185,0,tag_lost_countdown,0.0,0.0,,,,,,,,,,,,,4.32
9.401,186,0,tag_lost_countdown,0.0,0.0,,,,,,,,,,,,,4.36
9.451,187,0,tag_lost_countdown,0.0,0.0,,,,,,,,,,,,,4.42
9.509,188,0,tag_lost_countdown,0.0,0.0,,,,,,,,,,,,,4.47
9.559,189,0,tag_lost_countdown,0.0,0.0,,,,,,,,,,,,,4.53
9.615,190,0,tag_lost_countdown,0.0,0.0,,,,,,,,,,,,,4.58
9.664,191,0,tag_lost_countdown,0.0,0.0,,,,,,,,,,,,,4.63
9.716,192,0,tag_lost_countdown,0.0,0.0,,,,,,,,,,,,,4.68
9.764,193,0,tag_lost_countdown,0.0,0.0,,,,,,,,,,,,,4.73
9.817,194,0,tag_lost_countdown,0.0,0.0,,,,,,,,,,,,,4.78
9.865,195,0,tag_lost_countdown,0.0,0.0,,,,,,,,,,,,,4.83
9.921,196,0,tag_lost_countdown,0.0,0.0,,,,,,,,,,,,,4.88
9.973,197,0,tag_lost_countdown,0.0,0.0,,,,,,,,,,,,,4.94
10.026,198,0,tag_lost_countdown,0.0,0.0,,,,,,,,,,,,,4.99
10.074,199,0,chasing,0.0,0.0,,,,,,,,,,,,,
10.131,200,0,tag_lost_countdown,0.0,0.0,,,,,,,,,,,,,0.0
10.179,201,0,tag_lost_countdown,0.0,0.0,,,,,,,,,,,,,0.06
10.232,202,0,tag_lost_countdown,0.0,0.0,,,,,,,,,,,,,0.1
10.279,203,0,tag_lost_countdown,0.0,0.0,,,,,,,,,,,,,0.16
10.337,204,0,tag_lost_countdown,0.0,0.0,,,,,,,,,,,,,0.2
10.383,205,0,tag_lost_countdown,0.0,0.0,,,,,,,,,,,,,0.26
10.436,206,0,tag_lost_countdown,0.0,0.0,,,,,,,,,,,,,0.31
10.483,207,0,tag_lost_countdown,0.0,0.0,,,,,,,,,,,,,0.36
10.533,208,0,tag_lost_countdown,0.0,0.0,,,,,,,,,,,,,0.41
10.582,209,0,tag_lost_countdown,0.0,0.0,,,,,,,,,,,,,0.46
10.633,210,0,tag_lost_countdown,0.0,0.0,,,,,,,,,,,,,0.51
10.682,211,0,tag_lost_countdown,0.0,0.0,,,,,,,,,,,,,0.56
10.734,212,0,tag_lost_countdown,0.0,0.0,,,,,,,,,,,,,0.61
10.780,213,0,tag_lost_countdown,0.0,0.0,,,,,,,,,,,,,0.66
10.834,214,0,tag_lost_countdown,0.0,0.0,,,,,,,,,,,,,0.71
10.880,215,0,tag_lost_countdown,0.0,0.0,,,,,,,,,,,,,0.76
10.932,216,0,tag_lost_countdown,0.0,0.0,,,,,,,,,,,,,0.81
10.981,217,0,tag_lost_countdown,0.0,0.0,,,,,,,,,,,,,0.86
11.035,218,0,tag_lost_countdown,0.0,0.0,,,,,,,,,,,,,0.91
11.081,219,0,tag_lost_countdown,0.0,0.0,,,,,,,,,,,,,0.96
11.134,220,0,tag_lost_countdown,0.0,0.0,,,,,,,,,,,,,1.01
11.181,221,0,tag_lost_countdown,0.0,0.0,,,,,,,,,,,,,1.06
11.233,222,0,tag_lost_countdown,0.0,0.0,,,,,,,,,,,,,1.11
11.281,223,0,tag_lost_countdown,0.0,0.0,,,,,,,,,,,,,1.16
11.333,224,0,tag_lost_countdown,0.0,0.0,,,,,,,,,,,,,1.21
11.387,225,0,tag_lost_countdown,0.0,0.0,,,,,,,,,,,,,1.26
11.439,226,0,tag_lost_countdown,0.0,0.0,,,,,,,,,,,,,1.31
11.484,227,0,tag_lost_countdown,0.0,0.0,,,,,,,,,,,,,1.36
11.537,228,0,tag_lost_countdown,0.0,0.0,,,,,,,,,,,,,1.41
11.583,229,0,tag_lost_countdown,0.0,0.0,,,,,,,,,,,,,1.46
11.637,230,0,tag_lost_countdown,0.0,0.0,,,,,,,,,,,,,1.51
11.683,231,0,tag_lost_countdown,0.0,0.0,,,,,,,,,,,,,1.56
11.736,232,0,tag_lost_countdown,0.0,0.0,,,,,,,,,,,,,1.61
11.784,233,0,tag_lost_countdown,0.0,0.0,,,,,,,,,,,,,1.66
11.836,234,0,tag_lost_countdown,0.0,0.0,,,,,,,,,,,,,1.71
11.884,235,0,tag_lost_countdown,0.0,0.0,,,,,,,,,,,,,1.76
11.938,236,0,tag_lost_countdown,0.0,0.0,,,,,,,,,,,,,1.81
11.985,237,0,tag_lost_countdown,0.0,0.0,,,,,,,,,,,,,1.86
12.036,238,0,tag_lost_countdown,0.0,0.0,,,,,,,,,,,,,1.91
12.084,239,0,tag_lost_countdown,0.0,0.0,,,,,,,,,,,,,1.96
12.133,240,0,tag_lost_countdown,0.0,0.0,,,,,,,,,,,,,2.01
12.178,241,0,tag_lost_countdown,0.0,0.0,,,,,,,,,,,,,2.06
12.231,242,0,tag_lost_countdown,0.0,0.0,,,,,,,,,,,,,2.1
12.280,243,0,tag_lost_countdown,0.0,0.0,,,,,,,,,,,,,2.16
12.332,244,0,tag_lost_countdown,0.0,0.0,,,,,,,,,,,,,2.21
12.379,245,0,tag_lost_countdown,0.0,0.0,,,,,,,,,,,,,2.26
12.433,246,0,tag_lost_countdown,0.0,0.0,,,,,,,,,,,,,2.3
12.485,247,0,tag_lost_countdown,0.0,0.0,,,,,,,,,,,,,2.36
12.538,248,0,tag_lost_countdown,0.0,0.0,,,,,,,,,,,,,2.41
12.588,249,0,tag_lost_countdown,0.0,0.0,,,,,,,,,,,,,2.46
12.641,250,0,tag_lost_countdown,0.0,0.0,,,,,,,,,,,,,2.51
12.688,251,0,tag_lost_countdown,0.0,0.0,,,,,,,,,,,,,2.57
12.742,252,0,tag_lost_countdown,0.0,0.0,,,,,,,,,,,,,2.61
12.793,253,0,tag_lost_countdown,0.0,0.0,,,,,,,,,,,,,2.67
12.845,254,0,tag_lost_countdown,0.0,0.0,,,,,,,,,,,,,2.72
12.891,255,0,tag_lost_countdown,0.0,0.0,,,,,,,,,,,,,2.77
12.945,256,0,tag_lost_countdown,0.0,0.0,,,,,,,,,,,,,2.82
12.992,257,0,tag_lost_countdown,0.0,0.0,,,,,,,,,,,,,2.87
13.048,258,0,tag_lost_countdown,0.0,0.0,,,,,,,,,,,,,2.92
13.094,259,0,tag_lost_countdown,0.0,0.0,,,,,,,,,,,,,2.97
13.148,260,0,tag_lost_countdown,0.0,0.0,,,,,,,,,,,,,3.02
13.197,261,0,tag_lost_countdown,0.0,0.0,,,,,,,,,,,,,3.07
13.249,262,0,tag_lost_countdown,0.0,0.0,,,,,,,,,,,,,3.12
13.297,263,0,tag_lost_countdown,0.0,0.0,,,,,,,,,,,,,3.17
13.352,264,0,tag_lost_countdown,0.0,0.0,,,,,,,,,,,,,3.22
13.401,265,0,tag_lost_countdown,0.0,0.0,,,,,,,,,,,,,3.28
13.453,266,0,tag_lost_countdown,0.0,0.0,,,,,,,,,,,,,3.33
13.503,267,0,tag_lost_countdown,0.0,0.0,,,,,,,,,,,,,3.38
13.558,268,0,tag_lost_countdown,0.0,0.0,,,,,,,,,,,,,3.43
13.605,269,0,tag_lost_countdown,0.0,0.0,,,,,,,,,,,,,3.48
13.659,270,0,tag_lost_countdown,0.0,0.0,,,,,,,,,,,,,3.53
13.705,271,0,tag_lost_countdown,0.0,0.0,,,,,,,,,,,,,3.59
13.759,272,0,tag_lost_countdown,0.0,0.0,,,,,,,,,,,,,3.63
13.806,273,0,tag_lost_countdown,0.0,0.0,,,,,,,,,,,,,3.69
13.857,274,0,tag_lost_countdown,0.0,0.0,,,,,,,,,,,,,3.73
13.911,275,0,tag_lost_countdown,0.0,0.0,,,,,,,,,,,,,3.78
13.963,276,0,tag_lost_countdown,0.0,0.0,,,,,,,,,,,,,3.84
14.011,277,0,tag_lost_countdown,0.0,0.0,,,,,,,,,,,,,3.89
14.065,278,0,tag_lost_countdown,0.0,0.0,,,,,,,,,,,,,3.94
14.113,279,0,tag_lost_countdown,0.0,0.0,,,,,,,,,,,,,3.99
14.170,280,0,tag_lost_countdown,0.0,0.0,,,,,,,,,,,,,4.04
14.218,281,0,tag_lost_countdown,0.0,0.0,,,,,,,,,,,,,4.1
14.271,282,0,tag_lost_countdown,0.0,0.0,,,,,,,,,,,,,4.14
14.317,283,0,tag_lost_countdown,0.0,0.0,,,,,,,,,,,,,4.2
14.370,284,0,tag_lost_countdown,0.0,0.0,,,,,,,,,,,,,4.24
14.416,285,0,tag_lost_countdown,0.0,0.0,,,,,,,,,,,,,4.3
14.469,286,0,tag_lost_countdown,0.0,0.0,,,,,,,,,,,,,4.34
14.516,287,0,tag_lost_countdown,0.0,0.0,,,,,,,,,,,,,4.39
14.573,288,0,tag_lost_countdown,0.0,0.0,,,,,,,,,,,,,4.44
14.620,289,0,tag_lost_countdown,0.0,0.0,,,,,,,,,,,,,4.5
14.673,290,0,tag_lost_countdown,0.0,0.0,,,,,,,,,,,,,4.55
14.721,291,0,tag_lost_countdown,0.0,0.0,,,,,,,,,,,,,4.6
14.773,292,0,tag_lost_countdown,0.0,0.0,,,,,,,,,,,,,4.65
14.822,293,0,tag_lost_countdown,0.0,0.0,,,,,,,,,,,,,4.7
14.879,294,0,tag_lost_countdown,0.0,0.0,,,,,,,,,,,,,4.75
14.926,295,0,tag_lost_countdown,0.0,0.0,,,,,,,,,,,,,4.8
14.977,296,0,tag_lost_countdown,0.0,0.0,,,,,,,,,,,,,4.85
15.026,297,0,tag_lost_countdown,0.0,0.0,,,,,,,,,,,,,4.9
15.077,298,0,tag_lost_countdown,0.0,0.0,,,,,,,,,,,,,4.95
15.127,299,0,chasing,0.0,0.0,,,,,,,,,,,,,
15.178,300,0,tag_lost_countdown,0.0,0.0,,,,,,,,,,,,,0.0
15.226,301,0,tag_lost_countdown,0.0,0.0,,,,,,,,,,,,,0.05
15.279,302,0,tag_lost_countdown,0.0,0.0,,,,,,,,,,,,,0.1
15.324,303,0,tag_lost_countdown,0.0,0.0,,,,,,,,,,,,,0.15
15.382,304,0,tag_lost_countdown,0.0,0.0,,,,,,,,,,,,,0.2
15.430,305,0,tag_lost_countdown,0.0,0.0,,,,,,,,,,,,,0.26
15.483,306,0,tag_lost_countdown,0.0,0.0,,,,,,,,,,,,,0.3
15.530,307,0,tag_lost_countdown,0.0,0.0,,,,,,,,,,,,,0.36
15.583,308,0,tag_lost_countdown,0.0,0.0,,,,,,,,,,,,,0.4
15.634,309,0,tag_lost_countdown,0.0,0.0,,,,,,,,,,,,,0.46
15.686,310,0,tag_lost_countdown,0.0,0.0,,,,,,,,,,,,,0.51
15.734,311,0,tag_lost_countdown,0.0,0.0,,,,,,,,,,,,,0.56
15.787,312,0,tag_lost_countdown,0.0,0.0,,,,,,,,,,,,,0.61
15.837,313,0,tag_lost_countdown,0.0,0.0,,,,,,,,,,,,,0.66
15.888,314,0,tag_lost_countdown,0.0,0.0,,,,,,,,,,,,,0.71
15.935,315,0,tag_lost_countdown,0.0,0.0,,,,,,,,,,,,,0.76
15.988,316,0,tag_lost_countdown,0.0,0.0,,,,,,,,,,,,,0.81
16.036,317,0,tag_lost_countdown,0.0,0.0,,,,,,,,,,,,,0.86
16.089,318,0,tag_lost_countdown,0.0,0.0,,,,,,,,,,,,,0.91
16.139,319,0,tag_lost_countdown,0.0,0.0,,,,,,,,,,,,,0.96
16.193,320,0,tag_lost_countdown,0.0,0.0,,,,,,,,,,,,,1.01
16.241,321,0,tag_lost_countdown,0.0,0.0,,,,,,,,,,,,,1.07
16.297,322,0,tag_lost_countdown,0.0,0.0,,,,,,,,,,,,,1.11
16.344,323,0,tag_lost_countdown,0.0,0.0,,,,,,,,,,,,,1.17
16.395,324,0,tag_lost_countdown,0.0,0.0,,,,,,,,,,,,,1.22
16.445,325,0,tag_lost_countdown,0.0,0.0,,,,,,,,,,,,,1.27
16.497,326,0,tag_lost_countdown,0.0,0.0,,,,,,,,,,,,,1.32
16.546,327,0,tag_lost_countdown,0.0,0.0,,,,,,,,,,,,,1.37
16.597,328,0,tag_lost_countdown,0.0,0.0,,,,,,,,,,,,,1.42
16.645,329,0,tag_lost_countdown,0.0,0.0,,,,,,,,,,,,,1.47
16.697,330,0,tag_lost_countdown,0.0,0.0,,,,,,,,,,,,,1.52
16.746,331,0,tag_lost_countdown,0.0,0.0,,,,,,,,,,,,,1.57
16.799,332,0,tag_lost_countdown,0.0,0.0,,,,,,,,,,,,,1.62
16.845,333,0,tag_lost_countdown,0.0,0.0,,,,,,,,,,,,,1.67
16.900,334,0,tag_lost_countdown,0.0,0.0,,,,,,,,,,,,,1.72
16.950,335,0,tag_lost_countdown,0.0,0.0,,,,,,,,,,,,,1.77
17.000,336,0,tag_lost_countdown,0.0,0.0,,,,,,,,,,,,,1.82
17.048,337,0,tag_lost_countdown,0.0,0.0,,,,,,,,,,,,,1.87
17.101,338,0,tag_lost_countdown,0.0,0.0,,,,,,,,,,,,,1.92
17.147,339,0,tag_lost_countdown,0.0,0.0,,,,,,,,,,,,,1.97
17.199,340,0,tag_lost_countdown,0.0,0.0,,,,,,,,,,,,,2.02
17.247,341,0,tag_lost_countdown,0.0,0.0,,,,,,,,,,,,,2.07
17.299,342,0,tag_lost_countdown,0.0,0.0,,,,,,,,,,,,,2.12
17.344,343,0,tag_lost_countdown,0.0,0.0,,,,,,,,,,,,,2.17
17.393,344,0,tag_lost_countdown,0.0,0.0,,,,,,,,,,,,,2.22
17.439,345,0,tag_lost_countdown,0.0,0.0,,,,,,,,,,,,,2.27
17.492,346,0,tag_lost_countdown,0.0,0.0,,,,,,,,,,,,,2.31
17.539,347,0,tag_lost_countdown,0.0,0.0,,,,,,,,,,,,,2.37
17.594,348,0,tag_lost_countdown,0.0,0.0,,,,,,,,,,,,,2.41
17.643,349,0,tag_lost_countdown,0.0,0.0,,,,,,,,,,,,,2.47
17.700,350,0,tag_lost_countdown,0.0,0.0,,,,,,,,,,,,,2.52
17.747,351,0,tag_lost_countdown,0.0,0.0,,,,,,,,,,,,,2.57
17.800,352,0,tag_lost_countdown,0.0,0.0,,,,,,,,,,,,,2.62
17.847,353,0,tag_lost_countdown,0.0,0.0,,,,,,,,,,,,,2.67
17.905,354,0,tag_lost_countdown,0.0,0.0,,,,,,,,,,,,,2.72
17.949,355,0,tag_lost_countdown,0.0,0.0,,,,,,,,,,,,,2.78
18.003,356,0,tag_lost_countdown,0.0,0.0,,,,,,,,,,,,,2.82
18.050,357,0,tag_lost_countdown,0.0,0.0,,,,,,,,,,,,,2.88
18.103,358,0,tag_lost_countdown,0.0,0.0,,,,,,,,,,,,,2.92
18.156,359,0,tag_lost_countdown,0.0,0.0,,,,,,,,,,,,,2.98
18.211,360,0,tag_lost_countdown,0.0,0.0,,,,,,,,,,,,,3.03
18.258,361,0,tag_lost_countdown,0.0,0.0,,,,,,,,,,,,,3.08
18.311,362,0,tag_lost_countdown,0.0,0.0,,,,,,,,,,,,,3.13
18.360,363,0,tag_lost_countdown,0.0,0.0,,,,,,,,,,,,,3.18
18.412,364,0,tag_lost_countdown,0.0,0.0,,,,,,,,,,,,,3.23
18.459,365,0,tag_lost_countdown,0.0,0.0,,,,,,,,,,,,,3.29
18.511,366,0,tag_lost_countdown,0.0,0.0,,,,,,,,,,,,,3.33
18.561,367,0,tag_lost_countdown,0.0,0.0,,,,,,,,,,,,,3.38
18.613,368,0,tag_lost_countdown,0.0,0.0,,,,,,,,,,,,,3.43
18.660,369,0,tag_lost_countdown,0.0,0.0,,,,,,,,,,,,,3.49
18.717,370,0,tag_lost_countdown,0.0,0.0,,,,,,,,,,,,,3.53
18.766,371,0,tag_lost_countdown,0.0,0.0,,,,,,,,,,,,,3.59
18.822,372,0,tag_lost_countdown,0.0,0.0,,,,,,,,,,,,,3.64
18.873,373,0,tag_lost_countdown,0.0,0.0,,,,,,,,,,,,,3.7
18.927,374,0,tag_lost_countdown,0.0,0.0,,,,,,,,,,,,,3.75
18.976,375,0,tag_lost_countdown,0.0,0.0,,,,,,,,,,,,,3.8
19.033,376,0,tag_lost_countdown,0.0,0.0,,,,,,,,,,,,,3.85
19.080,377,0,tag_lost_countdown,0.0,0.0,,,,,,,,,,,,,3.91
19.133,378,0,tag_lost_countdown,0.0,0.0,,,,,,,,,,,,,3.95
19.184,379,0,tag_lost_countdown,0.0,0.0,,,,,,,,,,,,,4.01
19.238,380,0,tag_lost_countdown,0.0,0.0,,,,,,,,,,,,,4.06
19.287,381,0,tag_lost_countdown,0.0,0.0,,,,,,,,,,,,,4.11
19.341,382,0,tag_lost_countdown,0.0,0.0,,,,,,,,,,,,,4.16
19.389,383,0,tag_lost_countdown,0.0,0.0,,,,,,,,,,,,,4.21
19.443,384,0,tag_lost_countdown,0.0,0.0,,,,,,,,,,,,,4.26
19.490,385,0,tag_lost_countdown,0.0,0.0,,,,,,,,,,,,,4.32
19.544,386,0,tag_lost_countdown,0.0,0.0,,,,,,,,,,,,,4.36
19.591,387,0,tag_lost_countdown,0.0,0.0,,,,,,,,,,,,,4.42
19.649,388,0,tag_lost_countdown,0.0,0.0,,,,,,,,,,,,,4.46
19.698,389,0,tag_lost_countdown,0.0,0.0,,,,,,,,,,,,,4.52
19.752,390,0,tag_lost_countdown,0.0,0.0,,,,,,,,,,,,,4.57
19.800,391,0,tag_lost_countdown,0.0,0.0,,,,,,,,,,,,,4.63
19.853,392,0,tag_lost_countdown,0.0,0.0,,,,,,,,,,,,,4.67
19.899,393,0,tag_lost_countdown,0.0,0.0,,,,,,,,,,,,,4.73
19.951,394,0,tag_lost_countdown,0.0,0.0,,,,,,,,,,,,,4.77
19.998,395,0,tag_lost_countdown,0.0,0.0,,,,,,,,,,,,,4.82
20.052,396,0,tag_lost_countdown,0.0,0.0,,,,,,,,,,,,,4.87
20.100,397,0,tag_lost_countdown,0.0,0.0,,,,,,,,,,,,,4.93
20.155,398,0,tag_lost_countdown,0.0,0.0,,,,,,,,,,,,,4.97
20.204,399,0,chasing,0.0,0.0,,,,,,,,,,,,,
20.262,400,0,tag_lost_countdown,0.0,0.0,,,,,,,,,,,,,0.0
20.309,401,0,tag_lost_countdown,0.0,0.0,,,,,,,,,,,,,0.05
20.361,402,0,tag_lost_countdown,0.0,0.0,,,,,,,,,,,,,0.1
20.406,403,0,tag_lost_countdown,0.0,0.0,,,,,,,,,,,,,0.15
20.458,404,0,tag_lost_countdown,0.0,0.0,,,,,,,,,,,,,0.2
20.503,405,0,tag_lost_countdown,0.0,0.0,,,,,,,,,,,,,0.25
20.554,406,0,tag_lost_countdown,0.0,0.0,,,,,,,,,,,,,0.29
20.600,407,0,tag_lost_countdown,0.0,0.0,,,,,,,,,,,,,0.35
20.653,408,0,tag_lost_countdown,0.0,0.0,,,,,,,,,,,,,0.39
20.699,409,0,tag_lost_countdown,0.0,0.0,,,,,,,,,,,,,0.45
20.752,410,0,tag_lost_countdown,0.0,0.0,,,,,,,,,,,,,0.49
20.801,411,0,tag_lost_countdown,0.0,0.0,,,,,,,,,,,,,0.54
20.854,412,0,tag_lost_countdown,0.0,0.0,,,,,,,,,,,,,0.59
20.901,413,0,tag_lost_countdown,0.0,0.0,,,,,,,,,,,,,0.65
20.958,414,0,tag_lost_countdown,0.0,0.0,,,,,,,,,,,,,0.69
21.008,415,0,tag_lost_countdown,0.0,0.0,,,,,,,,,,,,,0.75
21.062,416,0,tag_lost_countdown,0.0,0.0,,,,,,,,,,,,,0.8
21.109,417,0,tag_lost_countdown,0.0,0.0,,,,,,,,,,,,,0.85
21.161,418,0,tag_lost_countdown,0.0,0.0,,,,,,,,,,,,,0.9
21.208,419,0,tag_lost_countdown,0.0,0.0,,,,,,,,,,,,,0.95
21.259,420,0,tag_lost_countdown,0.0,0.0,,,,,,,,,,,,,1.0
21.308,421,0,tag_lost_countdown,0.0,0.0,,,,,,,,,,,,,1.05
21.361,422,0,tag_lost_countdown,0.0,0.0,,,,,,,,,,,,,1.1
21.413,423,0,tag_lost_countdown,0.0,0.0,,,,,,,,,,,,,1.15
21.469,424,0,tag_lost_countdown,0.0,0.0,,,,,,,,,,,,,1.21
21.517,425,0,tag_lost_countdown,0.0,0.0,,,,,,,,,,,,,1.26
21.572,426,0,tag_lost_countdown,0.0,0.0,,,,,,,,,,,,,1.31
21.619,427,0,tag_lost_countdown,0.0,0.0,,,,,,,,,,,,,1.36
21.670,428,0,tag_lost_countdown,0.0,0.0,,,,,,,,,,,,,1.41
21.716,429,0,tag_lost_countdown,0.0,0.0,,,,,,,,,,,,,1.46
21.769,430,0,tag_lost_countdown,0.0,0.0,,,,,,,,,,,,,1.51
21.815,431,0,tag_lost_countdown,0.0,0.0,,,,,,,,,,,,,1.56
21.868,432,0,tag_lost_countdown,0.0,0.0,,,,,,,,,,,,,1.61
21.919,433,0,tag_lost_countdown,0.0,0.0,,,,,,,,,,,,,1.66
21.973,434,0,tag_lost_countdown,0.0,0.0,,,,,,,,,,,,,1.71
22.021,435,0,tag_lost_countdown,0.0,0.0,,,,,,,,,,,,,1.77
22.073,436,0,tag_lost_countdown,0.0,0.0,,,,,,,,,,,,,1.81
22.123,437,0,tag_lost_countdown,0.0,0.0,,,,,,,,,,,,,1.86
22.175,438,0,tag_lost_countdown,0.0,0.0,,,,,,,,,,,,,1.91
22.221,439,0,tag_lost_countdown,0.0,0.0,,,,,,,,,,,,,1.97
22.274,440,0,tag_lost_countdown,0.0,0.0,,,,,,,,,,,,,2.01
22.321,441,0,tag_lost_countdown,0.0,0.0,,,,,,,,,,,,,2.07
22.374,442,0,tag_lost_countdown,0.0,0.0,,,,,,,,,,,,,2.11
22.420,443,0,tag_lost_countdown,0.0,0.0,,,,,,,,,,,,,2.17
22.471,444,0,tag_lost_countdown,0.0,0.0,,,,,,,,,,,,,2.21
22.521,445,0,tag_lost_countdown,0.0,0.0,,,,,,,,,,,,,2.26
22.580,446,0,tag_lost_countdown,0.0,0.0,,,,,,,,,,,,,2.32
22.628,447,0,tag_lost_countdown,0.0,0.0,,,,,,,,,,,,,2.37
22.681,448,0,tag_lost_countdown,0.0,0.0,,,,,,,,,,,,,2.42
22.728,449,0,tag_lost_countdown,0.0,0.0,,,,,,,,,,,,,2.47
22.782,450,0,tag_lost_countdown,0.0,0.0,,,,,,,,,,,,,2.52
22.832,451,0,tag_lost_countdown,0.0,0.0,,,,,,,,,,,,,2.57
22.884,452,0,tag_lost_countdown,0.0,0.0,,,,,,,,,,,,,2.62
22.930,453,0,tag_lost_countdown,0.0,0.0,,,,,,,,,,,,,2.68
22.984,454,0,tag_lost_countdown,0.0,0.0,,,,,,,,,,,,,2.72
23.031,455,0,tag_lost_countdown,0.0,0.0,,,,,,,,,,,,,2.78
23.084,456,0,tag_lost_countdown,0.0,0.0,,,,,,,,,,,,,2.82
23.133,457,0,tag_lost_countdown,0.0,0.0,,,,,,,,,,,,,2.88
23.185,458,0,tag_lost_countdown,0.0,0.0,,,,,,,,,,,,,2.92
23.232,459,0,tag_lost_countdown,0.0,0.0,,,,,,,,,,,,,2.98
23.285,460,0,tag_lost_countdown,0.0,0.0,,,,,,,,,,,,,3.02
23.332,461,0,tag_lost_countdown,0.0,0.0,,,,,,,,,,,,,3.08
23.384,462,0,tag_lost_countdown,0.0,0.0,,,,,,,,,,,,,3.12
23.431,463,0,tag_lost_countdown,0.0,0.0,,,,,,,,,,,,,3.18
23.485,464,0,tag_lost_countdown,0.0,0.0,,,,,,,,,,,,,3.22
23.533,465,0,tag_lost_countdown,0.0,0.0,,,,,,,,,,,,,3.28
23.586,466,0,tag_lost_countdown,0.0,0.0,,,,,,,,,,,,,3.32
23.637,467,0,tag_lost_countdown,0.0,0.0,,,,,,,,,,,,,3.38
23.689,468,0,tag_lost_countdown,0.0,0.0,,,,,,,,,,,,,3.43
23.737,469,0,tag_lost_countdown,0.0,0.0,,,,,,,,,,,,,3.48
23.798,470,0,tag_lost_countdown,0.0,0.0,,,,,,,,,,,,,3.53
23.848,471,0,tag_lost_countdown,0.0,0.0,,,,,,,,,,,,,3.59
23.903,472,0,tag_lost_countdown,0.0,0.0,,,,,,,,,,,,,3.64
23.949,473,0,tag_lost_countdown,0.0,0.0,,,,,,,,,,,,,3.7
24.004,474,0,tag_lost_countdown,0.0,0.0,,,,,,,,,,,,,3.74
24.052,475,0,tag_lost_countdown,0.0,0.0,,,,,,,,,,,,,3.8
24.106,476,0,tag_lost_countdown,0.0,0.0,,,,,,,,,,,,,3.84
24.154,477,0,tag_lost_countdown,0.0,0.0,,,,,,,,,,,,,3.9
24.208,478,0,tag_lost_countdown,0.0,0.0,,,,,,,,,,,,,3.95
24.257,479,0,tag_lost_countdown,0.0,0.0,,,,,,,,,,,,,4.0
24.309,480,0,tag_lost_countdown,0.0,0.0,,,,,,,,,,,,,4.05
24.355,481,0,tag_lost_countdown,0.0,0.0,,,,,,,,,,,,,4.1
24.409,482,0,tag_lost_countdown,0.0,0.0,,,,,,,,,,,,,4.15
24.457,483,0,tag_lost_countdown,0.0,0.0,,,,,,,,,,,,,4.2
24.511,484,0,tag_lost_countdown,0.0,0.0,,,,,,,,,,,,,4.25
24.556,485,0,tag_lost_countdown,0.0,0.0,,,,,,,,,,,,,4.3
24.607,486,0,tag_lost_countdown,0.0,0.0,,,,,,,,,,,,,4.35
24.655,487,0,tag_lost_countdown,0.0,0.0,,,,,,,,,,,,,4.4
24.709,488,0,tag_lost_countdown,0.0,0.0,,,,,,,,,,,,,4.45
24.757,489,0,tag_lost_countdown,0.0,0.0,,,,,,,,,,,,,4.5
24.810,490,0,tag_lost_countdown,0.0,0.0,,,,,,,,,,,,,4.55
24.857,491,0,tag_lost_countdown,0.0,0.0,,,,,,,,,,,,,4.6
24.911,492,0,tag_lost_countdown,0.0,0.0,,,,,,,,,,,,,4.65
24.957,493,0,tag_lost_countdown,0.0,0.0,,,,,,,,,,,,,4.7
25.009,494,0,tag_lost_countdown,0.0,0.0,,,,,,,,,,,,,4.75
25.057,495,0,tag_lost_countdown,0.0,0.0,,,,,,,,,,,,,4.8
25.109,496,0,tag_lost_countdown,0.0,0.0,,,,,,,,,,,,,4.85
25.159,497,0,tag_lost_countdown,0.0,0.0,,,,,,,,,,,,,4.9
25.214,498,0,tag_lost_countdown,0.0,0.0,,,,,,,,,,,,,4.95
25.265,499,0,chasing,0.0,0.0,,,,,,,,,,,,,
25.319,500,0,tag_lost_countdown,0.0,0.0,,,,,,,,,,,,,0.0
25.365,501,0,tag_lost_countdown,0.0,0.0,,,,,,,,,,,,,0.06
25.418,502,0,tag_lost_countdown,0.0,0.0,,,,,,,,,,,,,0.1
25.470,503,0,tag_lost_countdown,0.0,0.0,,,,,,,,,,,,,0.15
25.522,504,0,tag_lost_countdown,0.0,0.0,,,,,,,,,,,,,0.2
25.571,505,0,tag_lost_countdown,0.0,0.0,,,,,,,,,,,,,0.26
25.623,506,0,tag_lost_countdown,0.0,0.0,,,,,,,,,,,,,0.31
25.672,507,0,tag_lost_countdown,0.0,0.0,,,,,,,,,,,,,0.36
25.734,508,0,tag_lost_countdown,0.0,0.0,,,,,,,,,,,,,0.41
25.786,509,0,tag_lost_countdown,0.0,0.0,,,,,,,,,,,,,0.47
25.836,510,0,tag_lost_countdown,0.0,0.0,,,,,,,,,,,,,0.52
25.890,511,0,tag_lost_countdown,0.0,0.0,,,,,,,,,,,,,0.57
25.942,512,0,tag_lost_countdown,0.0,0.0,,,,,,,,,,,,,0.63
25.992,513,0,tag_lost_countdown,0.0,0.0,,,,,,,,,,,,,0.68
26.044,514,0,tag_lost_countdown,0.0,0.0,,,,,,,,,,,,,0.73
26.090,515,0,tag_lost_countdown,0.0,0.0,,,,,,,,,,,,,0.78
26.146,516,0,tag_lost_countdown,0.0,0.0,,,,,,,,,,,,,0.83
26.195,517,0,tag_lost_countdown,0.0,0.0,,,,,,,,,,,,,0.88
26.248,518,0,tag_lost_countdown,0.0,0.0,,,,,,,,,,,,,0.93
26.298,519,0,tag_lost_countdown,0.0,0.0,,,,,,,,,,,,,0.98
26.354,520,0,tag_lost_countdown,0.0,0.0,,,,,,,,,,,,,1.03
26.402,521,0,tag_lost_countdown,0.0,0.0,,,,,,,,,,,,,1.09
26.457,522,0,tag_lost_countdown,0.0,0.0,,,,,,,,,,,,,1.14
26.504,523,0,tag_lost_countdown,0.0,0.0,,,,,,,,,,,,,1.19
26.558,524,0,tag_lost_countdown,0.0,0.0,,,,,,,,,,,,,1.24
26.609,525,0,tag_lost_countdown,0.0,0.0,,,,,,,,,,,,,1.29
26.660,526,0,tag_lost_countdown,0.0,0.0,,,,,,,,,,,,,1.34
26.710,527,0,tag_lost_countdown,0.0,0.0,,,,,,,,,,,,,1.4
26.763,528,0,tag_lost_countdown,0.0,0.0,,,,,,,,,,,,,1.45
26.810,529,0,tag_lost_countdown,0.0,0.0,,,,,,,,,,,,,1.5
26.864,530,0,tag_lost_countdown,0.0,0.0,,,,,,,,,,,,,1.55
26.914,531,0,tag_lost_countdown,0.0,0.0,,,,,,,,,,,,,1.6
26.969,532,0,tag_lost_countdown,0.0,0.0,,,,,,,,,,,,,1.65
27.017,533,0,tag_lost_countdown,0.0,0.0,,,,,,,,,,,,,1.71
27.069,534,0,tag_lost_countdown,0.0,0.0,,,,,,,,,,,,,1.75
27.118,535,0,tag_lost_countdown,0.0,0.0,,,,,,,,,,,,,1.8
27.168,536,0,tag_lost_countdown,0.0,0.0,,,,,,,,,,,,,1.85
27.216,537,0,tag_lost_countdown,0.0,0.0,,,,,,,,,,,,,1.9
27.272,538,0,tag_lost_countdown,0.0,0.0,,,,,,,,,,,,,1.95
27.320,539,0,tag_lost_countdown,0.0,0.0,,,,,,,,,,,,,2.01
27.375,540,0,tag_lost_countdown,0.0,0.0,,,,,,,,,,,,,2.06
27.423,541,0,tag_lost_countdown,0.0,0.0,,,,,,,,,,,,,2.11
27.474,542,0,tag_lost_countdown,0.0,0.0,,,,,,,,,,,,,2.16
27.522,543,0,tag_lost_countdown,0.0,0.0,,,,,,,,,,,,,2.21
27.576,544,0,tag_lost_countdown,0.0,0.0,,,,,,,,,,,,,2.26
27.625,545,0,tag_lost_countdown,0.0,0.0,,,,,,,,,,,,,2.31
27.677,546,0,tag_lost_countdown,0.0,0.0,,,,,,,,,,,,,2.36
27.723,547,0,tag_lost_countdown,0.0,0.0,,,,,,,,,,,,,2.41
27.781,548,0,tag_lost_countdown,0.0,0.0,,,,,,,,,,,,,2.46
27.830,549,0,tag_lost_countdown,0.0,0.0,,,,,,,,,,,,,2.52
27.886,550,0,tag_lost_countdown,0.0,0.0,,,,,,,,,,,,,2.57
27.935,551,0,tag_lost_countdown,0.0,0.0,,,,,,,,,,,,,2.62
27.991,552,0,tag_lost_countdown,0.0,0.0,,,,,,,,,,,,,2.67
28.038,553,0,tag_lost_countdown,0.0,0.0,,,,,,,,,,,,,2.73
28.089,554,0,tag_lost_countdown,0.0,0.0,,,,,,,,,,,,,2.77
28.135,555,0,tag_lost_countdown,0.0,0.0,,,,,,,,,,,,,2.82
28.187,556,0,tag_lost_countdown,0.0,0.0,,,,,,,,,,,,,2.87
28.237,557,0,tag_lost_countdown,0.0,0.0,,,,,,,,,,,,,2.92
28.290,558,0,tag_lost_countdown,0.0,0.0,,,,,,,,,,,,,2.97
28.338,559,0,tag_lost_countdown,0.0,0.0,,,,,,,,,,,,,3.03
28.390,560,0,tag_lost_countdown,0.0,0.0,,,,,,,,,,,,,3.07
28.438,561,0,tag_lost_countdown,0.0,0.0,,,,,,,,,,,,,3.13
28.492,562,0,tag_lost_countdown,0.0,0.0,,,,,,,,,,,,,3.17
28.539,563,0,tag_lost_countdown,0.0,0.0,,,,,,,,,,,,,3.23
28.594,564,0,tag_lost_countdown,0.0,0.0,,,,,,,,,,,,,3.27
28.643,565,0,tag_lost_countdown,0.0,0.0,,,,,,,,,,,,,3.33
28.696,566,0,tag_lost_countdown,0.0,0.0,,,,,,,,,,,,,3.38
28.743,567,0,tag_lost_countdown,0.0,0.0,,,,,,,,,,,,,3.43
28.799,568,0,tag_lost_countdown,0.0,0.0,,,,,,,,,,,,,3.48
28.849,569,0,tag_lost_countdown,0.0,0.0,,,,,,,,,,,,,3.54
28.902,570,0,tag_lost_countdown,0.0,0.0,,,,,,,,,,,,,3.58
28.947,571,0,tag_lost_countdown,0.0,0.0,,,,,,,,,,,,,3.64
29.000,572,0,tag_lost_countdown,0.0,0.0,,,,,,,,,,,,,3.68
29.044,573,0,tag_lost_countdown,0.0,0.0,,,,,,,,,,,,,3.74
29.097,574,0,tag_lost_countdown,0.0,0.0,,,,,,,,,,,,,3.78
29.143,575,0,tag_lost_countdown,0.0,0.0,,,,,,,,,,,,,3.83
29.197,576,0,tag_lost_countdown,0.0,0.0,,,,,,,,,,,,,3.88
29.244,577,0,tag_lost_countdown,0.0,0.0,,,,,,,,,,,,,3.93
29.302,578,0,tag_lost_countdown,0.0,0.0,,,,,,,,,,,,,3.98
29.356,579,0,tag_lost_countdown,0.0,0.0,,,,,,,,,,,,,4.04
29.411,580,0,tag_lost_countdown,0.0,0.0,,,,,,,,,,,,,4.09
29.463,581,0,tag_lost_countdown,0.0,0.0,,,,,,,,,,,,,4.15
29.516,582,0,tag_lost_countdown,0.0,0.0,,,,,,,,,,,,,4.2
29.563,583,0,tag_lost_countdown,0.0,0.0,,,,,,,,,,,,,4.25
29.614,584,0,tag_lost_countdown,0.0,0.0,,,,,,,,,,,,,4.3
29.663,585,0,tag_lost_countdown,0.0,0.0,,,,,,,,,,,,,4.35
29.720,586,0,tag_lost_countdown,0.0,0.0,,,,,,,,,,,,,4.4
29.766,587,0,tag_lost_countdown,0.0,0.0,,,,,,,,,,,,,4.46
29.820,588,0,tag_lost_countdown,0.0,0.0,,,,,,,,,,,,,4.5
29.869,589,0,tag_lost_countdown,0.0,0.0,,,,,,,,,,,,,4.56
29.922,590,0,tag_lost_countdown,0.0,0.0,,,,,,,,,,,,,4.6
29.970,591,0,tag_lost_countdown,0.0,0.0,,,,,,,,,,,,,4.66
30.024,592,0,tag_lost_countdown,0.0,0.0,,,,,,,,,,,,,4.71
30.071,593,0,tag_lost_countdown,0.0,0.0,,,,,,,,,,,,,4.76
30.124,594,0,tag_lost_countdown,0.0,0.0,,,,,,,,,,,,,4.81
30.169,595,0,tag_lost_countdown,0.0,0.0,,,,,,,,,,,,,4.86
30.221,596,0,tag_lost_countdown,0.0,0.0,,,,,,,,,,,,,4.9
30.270,597,0,tag_lost_countdown,0.0,0.0,,,,,,,,,,,,,4.96
30.326,598,0,chasing,0.0,0.0,,,,,,,,,,,,,
30.375,599,0,tag_lost_countdown,0.0,0.0,,,,,,,,,,,,,0.0
30.428,600,0,tag_lost_countdown,0.0,0.0,,,,,,,,,,,,,0.05
30.480,601,0,tag_lost_countdown,0.0,0.0,,,,,,,,,,,,,0.1
30.531,602,0,tag_lost_countdown,0.0,0.0,,,,,,,,,,,,,0.15
30.581,603,0,tag_lost_countdown,0.0,0.0,,,,,,,,,,,,,0.21
30.635,604,0,tag_lost_countdown,0.0,0.0,,,,,,,,,,,,,0.26
30.685,605,0,tag_lost_countdown,0.0,0.0,,,,,,,,,,,,,0.31
30.735,606,0,tag_lost_countdown,0.0,0.0,,,,,,,,,,,,,0.36
30.781,607,0,tag_lost_countdown,0.0,0.0,,,,,,,,,,,,,0.41
30.836,608,0,tag_lost_countdown,0.0,0.0,,,,,,,,,,,,,0.45
30.883,609,0,tag_lost_countdown,0.0,0.0,,,,,,,,,,,,,0.51
30.938,610,0,tag_lost_countdown,0.0,0.0,,,,,,,,,,,,,0.56
30.985,611,0,tag_lost_countdown,0.0,0.0,,,,,,,,,,,,,0.61
31.038,612,0,tag_lost_countdown,0.0,0.0,,,,,,,,,,,,,0.66
31.088,613,0,tag_lost_countdown,0.0,0.0,,,,,,,,,,,,,0.71
31.143,614,0,tag_lost_countdown,0.0,0.0,,,,,,,,,,,,,0.76
31.191,615,0,tag_lost_countdown,0.0,0.0,,,,,,,,,,,,,0.82
31.245,616,0,tag_lost_countdown,0.0,0.0,,,,,,,,,,,,,0.87
31.294,617,0,tag_lost_countdown,0.0,0.0,,,,,,,,,,,,,0.92
31.348,618,0,tag_lost_countdown,0.0,0.0,,,,,,,,,,,,,0.97
31.403,619,0,tag_lost_countdown,0.0,0.0,,,,,,,,,,,,,1.03
31.456,620,0,tag_lost_countdown,0.0,0.0,,,,,,,,,,,,,1.08
31.505,621,0,tag_lost_countdown,0.0,0.0,,,,,,,,,,,,,1.13
31.558,622,0,tag_lost_countdown,0.0,0.0,,,,,,,,,,,,,1.18
31.610,623,0,tag_lost_countdown,0.0,0.0,,,,,,,,,,,,,1.24
31.663,624,0,tag_lost_countdown,0.0,0.0,,,,,,,,,,,,,1.29
31.711,625,0,tag_lost_countdown,0.0,0.0,,,,,,,,,,,,,1.34
31.761,626,0,tag_lost_countdown,0.0,0.0,,,,,,,,,,,,,1.39
31.814,627,0,tag_lost_countdown,0.0,0.0,,,,,,,,,,,,,1.44
31.866,628,0,tag_lost_countdown,0.0,0.0,,,,,,,,,,,,,1.49
31.914,629,0,tag_lost_countdown,0.0,0.0,,,,,,,,,,,,,1.54
31.970,630,0,tag_lost_countdown,0.0,0.0,,,,,,,,,,,,,1.59
32.016,631,0,tag_lost_countdown,0.0,0.0,,,,,,,,,,,,,1.64
32.069,632,0,tag_lost_countdown,0.0,0.0,,,,,,,,,,,,,1.69
32.116,633,0,tag_lost_countdown,0.0,0.0,,,,,,,,,,,,,1.74
32.168,634,0,tag_lost_countdown,0.0,0.0,,,,,,,,,,,,,1.79
32.215,635,0,tag_lost_countdown,0.0,0.0,,,,,,,,,,,,,1.84
32.271,636,0,tag_lost_countdown,0.0,0.0,,,,,,,,,,,,,1.89
32.316,637,0,tag_lost_countdown,0.0,0.0,,,,,,,,,,,,,1.94
32.369,638,0,tag_lost_countdown,0.0,0.0,,,,,,,,,,,,,1.99
32.417,639,0,tag_lost_countdown,0.0,0.0,,,,,,,,,,,,,2.04
32.472,640,0,tag_lost_countdown,0.0,0.0,,,,,,,,,,,,,2.09
32.523,641,0,tag_lost_countdown,0.0,0.0,,,,,,,,,,,,,2.15
32.575,642,0,tag_lost_countdown,0.0,0.0,,,,,,,,,,,,,2.2
32.626,643,0,tag_lost_countdown,0.0,0.0,,,,,,,,,,,,,2.25
32.679,644,0,tag_lost_countdown,0.0,0.0,,,,,,,,,,,,,2.3
32.727,645,0,tag_lost_countdown,0.0,0.0,,,,,,,,,,,,,2.35
32.782,646,0,tag_lost_countdown,0.0,0.0,,,,,,,,,,,,,2.4
32.829,647,0,tag_lost_countdown,0.0,0.0,,,,,,,,,,,,,2.46
32.887,648,0,tag_lost_countdown,0.0,0.0,,,,,,,,,,,,,2.5
32.935,649,0,tag_lost_countdown,0.0,0.0,,,,,,,,,,,,,2.56
32.989,650,0,tag_lost_countdown,0.0,0.0,,,,,,,,,,,,,2.61
33.037,651,0,tag_lost_countdown,0.0,0.0,,,,,,,,,,,,,2.66
33.093,652,0,tag_lost_countdown,0.0,0.0,,,,,,,,,,,,,2.71
33.141,653,0,tag_lost_countdown,0.0,0.0,,,,,,,,,,,,,2.77
33.195,654,0,tag_lost_countdown,0.0,0.0,,,,,,,,,,,,,2.81
33.244,655,0,tag_lost_countdown,0.0,0.0,,,,,,,,,,,,,2.87
33.300,656,0,tag_lost_countdown,0.0,0.0,,,,,,,,,,,,,2.92
33.347,657,0,tag_lost_countdown,0.0,0.0,,,,,,,,,,,,,2.97
33.400,658,0,tag_lost_countdown,0.0,0.0,,,,,,,,,,,,,3.02
33.455,659,0,tag_lost_countdown,0.0,0.0,,,,,,,,,,,,,3.07
33.507,660,0,tag_lost_countdown,0.0,0.0,,,,,,,,,,,,,3.13
33.556,661,0,tag_lost_countdown,0.0,0.0,,,,,,,,,,,,,3.18
33.611,662,0,tag_lost_countdown,0.0,0.0,,,,,,,,,,,,,3.23
33.657,663,0,tag_lost_countdown,0.0,0.0,,,,,,,,,,,,,3.28
33.712,664,0,tag_lost_countdown,0.0,0.0,,,,,,,,,,,,,3.33
33.758,665,0,tag_lost_countdown,0.0,0.0,,,,,,,,,,,,,3.39
33.816,666,0,tag_lost_countdown,0.0,0.0,,,,,,,,,,,,,3.43
33.863,667,0,tag_lost_countdown,0.0,0.0,,,,,,,,,,,,,3.49
33.922,668,0,tag_lost_countdown,0.0,0.0,,,,,,,,,,,,,3.54
33.969,669,0,tag_lost_countdown,0.0,0.0,,,,,,,,,,,,,3.6
34.022,670,0,tag_lost_countdown,0.0,0.0,,,,,,,,,,,,,3.64
34.068,671,0,tag_lost_countdown,0.0,0.0,,,,,,,,,,,,,3.7
34.120,672,0,tag_lost_countdown,0.0,0.0,,,,,,,,,,,,,3.74
34.168,673,0,tag_lost_countdown,0.0,0.0,,,,,,,,,,,,,3.79
34.218,674,0,tag_lost_countdown,0.0,0.0,,,,,,,,,,,,,3.84
34.269,675,0,tag_lost_countdown,0.0,0.0,,,,,,,,,,,,,3.89
34.325,676,0,tag_lost_countdown,0.0,0.0,,,,,,,,,,,,,3.94
34.374,677,0,tag_lost_countdown,0.0,0.0,,,,,,,,,,,,,4.0
34.430,678,0,tag_lost_countdown,0.0,0.0,,,,,,,,,,,,,4.05
34.482,679,0,tag_lost_countdown,0.0,0.0,,,,,,,,,,,,,4.1
34.534,680,0,tag_lost_countdown,0.0,0.0,,,,,,,,,,,,,4.16
34.579,681,0,tag_lost_countdown,0.0,0.0,,,,,,,,,,,,,4.21
34.631,682,0,tag_lost_countdown,0.0,0.0,,,,,,,,,,,,,4.25
34.678,683,0,tag_lost_countdown,0.0,0.0,,,,,,,,,,,,,4.3
34.732,684,0,tag_lost_countdown,0.0,0.0,,,,,,,,,,,,,4.35
34.779,685,0,tag_lost_countdown,0.0,0.0,,,,,,,,,,,,,4.41
34.830,686,0,tag_lost_countdown,0.0,0.0,,,,,,,,,,,,,4.45
34.882,687,0,tag_lost_countdown,0.0,0.0,,,,,,,,,,,,,4.5
34.934,688,0,tag_lost_countdown,0.0,0.0,,,,,,,,,,,,,4.56
34.982,689,0,tag_lost_countdown,0.0,0.0,,,,,,,,,,,,,4.61
35.036,690,0,tag_lost_countdown,0.0,0.0,,,,,,,,,,,,,4.66
35.084,691,0,tag_lost_countdown,0.0,0.0,,,,,,,,,,,,,4.71
35.141,692,0,tag_lost_countdown,0.0,0.0,,,,,,,,,,,,,4.76
35.189,693,0,tag_lost_countdown,0.0,0.0,,,,,,,,,,,,,4.81
35.241,694,0,tag_lost_countdown,0.0,0.0,,,,,,,,,,,,,4.86
35.288,695,0,tag_lost_countdown,0.0,0.0,,,,,,,,,,,,,4.92
35.350,696,0,tag_lost_countdown,0.0,0.0,,,,,,,,,,,,,4.96
35.403,697,0,chasing,0.0,0.0,,,,,,,,,,,,,
35.456,698,0,tag_lost_countdown,0.0,0.0,,,,,,,,,,,,,0.0
35.505,699,0,tag_lost_countdown,0.0,0.0,,,,,,,,,,,,,0.05
35.560,700,0,tag_lost_countdown,0.0,0.0,,,,,,,,,,,,,0.1
35.612,701,0,tag_lost_countdown,0.0,0.0,,,,,,,,,,,,,0.16
35.663,702,0,tag_lost_countdown,0.0,0.0,,,,,,,,,,,,,0.21
35.712,703,0,tag_lost_countdown,0.0,0.0,,,,,,,,,,,,,0.26
35.765,704,0,tag_lost_countdown,0.0,0.0,,,,,,,,,,,,,0.31
35.813,705,0,tag_lost_countdown,0.0,0.0,,,,,,,,,,,,,0.36
35.868,706,0,tag_lost_countdown,0.0,0.0,,,,,,,,,,,,,0.41
35.913,707,0,tag_lost_countdown,0.0,0.0,,,,,,,,,,,,,0.47
35.962,708,0,tag_lost_countdown,0.0,0.0,,,,,,,,,,,,,0.51
36.019,709,0,tag_lost_countdown,0.0,0.0,,,,,,,,,,,,,0.56
36.072,710,0,tag_lost_countdown,0.0,0.0,,,,,,,,,,,,,0.62
36.119,711,0,tag_lost_countdown,0.0,0.0,,,,,,,,,,,,,0.67
36.171,712,0,tag_lost_countdown,0.0,0.0,,,,,,,,,,,,,0.72
36.221,713,0,tag_lost_countdown,0.0,0.0,,,,,,,,,,,,,0.77
36.276,714,0,tag_lost_countdown,0.0,0.0,,,,,,,,,,,,,0.82
36.322,715,0,tag_lost_countdown,0.0,0.0,,,,,,,,,,,,,0.87
36.374,716,0,tag_lost_countdown,0.0,0.0,,,,,,,,,,,,,0.92
36.421,717,0,tag_lost_countdown,0.0,0.0,,,,,,,,,,,,,0.97
36.473,718,0,tag_lost_countdown,0.0,0.0,,,,,,,,,,,,,1.02
36.522,719,0,tag_lost_countdown,0.0,0.0,,,,,,,,,,,,,1.07
36.576,720,0,tag_lost_countdown,0.0,0.0,,,,,,,,,,,,,1.12
36.622,721,0,tag_lost_countdown,0.0,0.0,,,,,,,,,,,,,1.17
36.675,722,0,tag_lost_countdown,0.0,0.0,,,,,,,,,,,,,1.22
36.724,723,0,tag_lost_countdown,0.0,0.0,,,,,,,,,,,,,1.27
36.777,724,0,tag_lost_countdown,0.0,0.0,,,,,,,,,,,,,1.32
36.823,725,0,tag_lost_countdown,0.0,0.0,,,,,,,,,,,,,1.37
36.876,726,0,tag_lost_countdown,0.0,0.0,,,,,,,,,,,,,1.42
36.924,727,0,tag_lost_countdown,0.0,0.0,,,,,,,,,,,,,1.47
36.976,728,0,tag_lost_countdown,0.0,0.0,,,,,,,,,,,,,1.52
37.026,729,0,tag_lost_countdown,0.0,0.0,,,,,,,,,,,,,1.57
37.079,730,0,tag_lost_countdown,0.0,0.0,,,,,,,,,,,,,1.62
37.129,731,0,tag_lost_countdown,0.0,0.0,,,,,,,,,,,,,1.68
37.180,732,0,tag_lost_countdown,0.0,0.0,,,,,,,,,,,,,1.73
37.227,733,0,tag_lost_countdown,0.0,0.0,,,,,,,,,,,,,1.78
37.283,734,0,tag_lost_countdown,0.0,0.0,,,,,,,,,,,,,1.83
37.329,735,0,tag_lost_countdown,0.0,0.0,,,,,,,,,,,,,1.88
37.382,736,0,tag_lost_countdown,0.0,0.0,,,,,,,,,,,,,1.93
37.429,737,0,tag_lost_countdown,0.0,0.0,,,,,,,,,,,,,1.98
37.480,738,0,tag_lost_countdown,0.0,0.0,,,,,,,,,,,,,2.03
37.528,739,0,tag_lost_countdown,0.0,0.0,,,,,,,,,,,,,2.08
37.580,740,0,tag_lost_countdown,0.0,0.0,,,,,,,,,,,,,2.13
37.625,741,0,tag_lost_countdown,0.0,0.0,,,,,,,,,,,,,2.18
37.678,742,0,tag_lost_countdown,0.0,0.0,,,,,,,,,,,,,2.22
37.724,743,0,tag_lost_countdown,0.0,0.0,,,,,,,,,,,,,2.28
37.777,744,0,tag_lost_countdown,0.0,0.0,,,,,,,,,,,,,2.32
37.822,745,0,tag_lost_countdown,0.0,0.0,,,,,,,,,,,,,2.37
37.874,746,0,tag_lost_countdown,0.0,0.0,,,,,,,,,,,,,2.42
37.922,747,0,tag_lost_countdown,0.0,0.0,,,,,,,,,,,,,2.47
37.976,748,0,tag_lost_countdown,0.0,0.0,,,,,,,,,,,,,2.52
38.023,749,0,tag_lost_countdown,0.0,0.0,,,,,,,,,,,,,2.57
38.078,750,0,tag_lost_countdown,0.0,0.0,,,,,,,,,,,,,2.62
38.126,751,0,tag_lost_countdown,0.0,0.0,,,,,,,,,,,,,2.68
38.181,752,0,tag_lost_countdown,0.0,0.0,,,,,,,,,,,,,2.72
38.226,753,0,tag_lost_countdown,0.0,0.0,,,,,,,,,,,,,2.78
38.278,754,0,tag_lost_countdown,0.0,0.0,,,,,,,,,,,,,2.82
38.332,755,0,tag_lost_countdown,0.0,0.0,,,,,,,,,,,,,2.88
38.382,756,0,tag_lost_countdown,0.0,0.0,,,,,,,,,,,,,2.93
38.434,757,0,tag_lost_countdown,0.0,0.0,,,,,,,,,,,,,2.98
38.483,758,0,tag_lost_countdown,0.0,0.0,,,,,,,,,,,,,3.03
38.530,759,0,tag_lost_countdown,0.0,0.0,,,,,,,,,,,,,3.08
38.584,760,0,tag_lost_countdown,0.0,0.0,,,,,,,,,,,,,3.13
38.631,761,0,tag_lost_countdown,0.0,0.0,,,,,,,,,,,,,3.18
38.685,762,0,tag_lost_countdown,0.0,0.0,,,,,,,,,,,,,3.23
38.735,763,0,tag_lost_countdown,0.0,0.0,,,,,,,,,,,,,3.28
38.788,764,0,tag_lost_countdown,0.0,0.0,,,,,,,,,,,,,3.33
38.835,765,0,tag_lost_countdown,0.0,0.0,,,,,,,,,,,,,3.39
38.895,766,0,tag_lost_countdown,0.0,0.0,,,,,,,,,,,,,3.43
38.941,767,0,tag_lost_countdown,0.0,0.0,,,,,,,,,,,,,3.49
38.994,768,0,tag_lost_countdown,0.0,0.0,,,,,,,,,,,,,3.54
39.044,769,0,tag_lost_countdown,0.0,0.0,,,,,,,,,,,,,3.59
39.096,770,0,tag_lost_countdown,0.0,0.0,,,,,,,,,,,,,3.64
39.147,771,0,tag_lost_countdown,0.0,0.0,,,,,,,,,,,,,3.69
39.198,772,0,tag_lost_countdown,0.0,0.0,,,,,,,,,,,,,3.74
39.245,773,0,tag_lost_countdown,0.0,0.0,,,,,,,,,,,,,3.79
39.301,774,0,tag_lost_countdown,0.0,0.0,,,,,,,,,,,,,3.84
39.353,775,0,tag_lost_countdown,0.0,0.0,,,,,,,,,,,,,3.9
39.407,776,0,tag_lost_countdown,0.0,0.0,,,,,,,,,,,,,3.95
39.457,777,0,tag_lost_countdown,0.0,0.0,,,,,,,,,,,,,4.0
39.512,778,0,tag_lost_countdown,0.0,0.0,,,,,,,,,,,,,4.05
39.559,779,0,tag_lost_countdown,0.0,0.0,,,,,,,,,,,,,4.11
39.614,780,0,tag_lost_countdown,0.0,0.0,,,,,,,,,,,,,4.16
39.663,781,0,tag_lost_countdown,0.0,0.0,,,,,,,,,,,,,4.21
39.716,782,0,tag_lost_countdown,0.0,0.0,,,,,,,,,,,,,4.26
39.766,783,0,tag_lost_countdown,0.0,0.0,,,,,,,,,,,,,4.31
39.818,784,0,tag_lost_countdown,0.0,0.0,,,,,,,,,,,,,4.36
39.864,785,0,tag_lost_countdown,0.0,0.0,,,,,,,,,,,,,4.41
39.915,786,0,tag_lost_countdown,0.0,0.0,,,,,,,,,,,,,4.46
39.963,787,0,tag_lost_countdown,0.0,0.0,,,,,,,,,,,,,4.51
40.019,788,0,tag_lost_countdown,0.0,0.0,,,,,,,,,,,,,4.56
40.067,789,0,tag_lost_countdown,0.0,0.0,,,,,,,,,,,,,4.62
40.119,790,0,tag_lost_countdown,0.0,0.0,,,,,,,,,,,,,4.66
40.166,791,0,tag_lost_countdown,0.0,0.0,,,,,,,,,,,,,4.72
40.219,792,0,tag_lost_countdown,0.0,0.0,,,,,,,,,,,,,4.76
40.266,793,0,tag_lost_countdown,0.0,0.0,,,,,,,,,,,,,4.82
40.320,794,0,tag_lost_countdown,0.0,0.0,,,,,,,,,,,,,4.86
40.367,795,0,tag_lost_countdown,0.0,0.0,,,,,,,,,,,,,4.92
40.418,796,0,tag_lost_countdown,0.0,0.0,,,,,,,,,,,,,4.96
40.469,797,0,chasing,0.0,0.0,,,,,,,,,,,,,
40.520,798,0,tag_lost_countdown,0.0,0.0,,,,,,,,,,,,,0.0
40.570,799,0,tag_lost_countdown,0.0,0.0,,,,,,,,,,,,,0.05
40.622,800,0,tag_lost_countdown,0.0,0.0,,,,,,,,,,,,,0.1
40.670,801,0,tag_lost_countdown,0.0,0.0,,,,,,,,,,,,,0.15
40.723,802,0,tag_lost_countdown,0.0,0.0,,,,,,,,,,,,,0.2
40.769,803,0,tag_lost_countdown,0.0,0.0,,,,,,,,,,,,,0.25
40.820,804,0,tag_lost_countdown,0.0,0.0,,,,,,,,,,,,,0.3
40.868,805,0,tag_lost_countdown,0.0,0.0,,,,,,,,,,,,,0.35
40.920,806,0,tag_lost_countdown,0.0,0.0,,,,,,,,,,,,,0.4
40.968,807,0,tag_lost_countdown,0.0,0.0,,,,,,,,,,,,,0.45
41.024,808,0,tag_lost_countdown,0.0,0.0,,,,,,,,,,,,,0.5
41.073,809,0,tag_lost_countdown,0.0,0.0,,,,,,,,,,,,,0.55
41.129,810,0,tag_lost_countdown,0.0,0.0,,,,,,,,,,,,,0.6
41.177,811,0,tag_lost_countdown,0.0,0.0,,,,,,,,,,,,,0.66
41.239,812,0,tag_lost_countdown,0.0,0.0,,,,,,,,,,,,,0.71
41.287,813,0,tag_lost_countdown,0.0,0.0,,,,,,,,,,,,,0.77
41.340,814,0,tag_lost_countdown,0.0,0.0,,,,,,,,,,,,,0.82
41.389,815,0,tag_lost_countdown,0.0,0.0,,,,,,,,,,,,,0.87
41.444,816,0,tag_lost_countdown,0.0,0.0,,,,,,,,,,,,,0.92
41.493,817,0,tag_lost_countdown,0.0,0.0,,,,,,,,,,,,,0.97
41.547,818,0,tag_lost_countdown,0.0,0.0,,,,,,,,,,,,,1.02
41.593,819,0,tag_lost_countdown,0.0,0.0,,,,,,,,,,,,,1.08
41.654,820,0,tag_lost_countdown,0.0,0.0,,,,,,,,,,,,,1.12
41.705,821,0,tag_lost_countdown,0.0,0.0,,,,,,,,,,,,,1.18
41.756,822,0,tag_lost_countdown,0.0,0.0,,,,,,,,,,,,,1.23
41.803,823,0,tag_lost_countdown,0.0,0.0,,,,,,,,,,,,,1.29
41.855,824,0,tag_lost_countdown,0.0,0.0,,,,,,,,,,,,,1.33
41.907,825,0,tag_lost_countdown,0.0,0.0,,,,,,,,,,,,,1.39
41.957,826,0,tag_lost_countdown,0.0,0.0,,,,,,,,,,,,,1.44
42.004,827,0,tag_lost_countdown,0.0,0.0,,,,,,,,,,,,,1.49
42.055,828,0,tag_lost_countdown,0.0,0.0,,,,,,,,,,,,,1.53
42.101,829,0,tag_lost_countdown,0.0,0.0,,,,,,,,,,,,,1.59
42.155,830,0,tag_lost_countdown,0.0,0.0,,,,,,,,,,,,,1.63
42.201,831,0,tag_lost_countdown,0.0,0.0,,,,,,,,,,,,,1.69
42.252,832,0,tag_lost_countdown,0.0,0.0,,,,,,,,,,,,,1.73
42.301,833,0,tag_lost_countdown,0.0,0.0,,,,,,,,,,,,,1.78
42.350,834,0,tag_lost_countdown,0.0,0.0,,,,,,,,,,,,,1.83
42.395,835,0,tag_lost_countdown,0.0,0.0,,,,,,,,,,,,,1.88
42.448,836,0,tag_lost_countdown,0.0,0.0,,,,,,,,,,,,,1.93
42.496,837,0,tag_lost_countdown,0.0,0.0,,,,,,,,,,,,,1.98
42.549,838,0,tag_lost_countdown,0.0,0.0,,,,,,,,,,,,,2.03
42.595,839,0,tag_lost_countdown,0.0,0.0,,,,,,,,,,,,,2.08
42.647,840,0,tag_lost_countdown,0.0,0.0,,,,,,,,,,,,,2.13
42.693,841,0,tag_lost_countdown,0.0,0.0,,,,,,,,,,,,,2.18
42.753,842,0,tag_lost_countdown,0.0,0.0,,,,,,,,,,,,,2.23
42.802,843,0,tag_lost_countdown,0.0,0.0,,,,,,,,,,,,,2.28
42.858,844,0,tag_lost_countdown,0.0,0.0,,,,,,,,,,,,,2.33
42.906,845,0,tag_lost_countdown,0.0,0.0,,,,,,,,,,,,,2.39
42.961,846,0,tag_lost_countdown,0.0,0.0,,,,,,,,,,,,,2.44
43.009,847,0,tag_lost_countdown,0.0,0.0,,,,,,,,,,,,,2.49
43.063,848,0,tag_lost_countdown,0.0,0.0,,,,,,,,,,,,,2.54
43.109,849,0,tag_lost_countdown,0.0,0.0,,,,,,,,,,,,,2.59
43.160,850,0,tag_lost_countdown,0.0,0.0,,,,,,,,,,,,,2.64
43.208,851,0,tag_lost_countdown,0.0,0.0,,,,,,,,,,,,,2.69
43.260,852,0,tag_lost_countdown,0.0,0.0,,,,,,,,,,,,,2.74
43.309,853,0,tag_lost_countdown,0.0,0.0,,,,,,,,,,,,,2.79
43.364,854,0,tag_lost_countdown,0.0,0.0,,,,,,,,,,,,,2.84
43.410,855,0,tag_lost_countdown,0.0,0.0,,,,,,,,,,,,,2.89
43.462,856,0,tag_lost_countdown,0.0,0.0,,,,,,,,,,,,,2.94
43.508,857,0,tag_lost_countdown,0.0,0.0,,,,,,,,,,,,,2.99
43.558,858,0,tag_lost_countdown,0.0,0.0,,,,,,,,,,,,,3.04
43.608,859,0,tag_lost_countdown,0.0,0.0,,,,,,,,,,,,,3.09
43.662,860,0,tag_lost_countdown,0.0,0.0,,,,,,,,,,,,,3.14
43.710,861,0,tag_lost_countdown,0.0,0.0,,,,,,,,,,,,,3.19
43.762,862,0,tag_lost_countdown,0.0,0.0,,,,,,,,,,,,,3.24
43.812,863,0,tag_lost_countdown,0.0,0.0,,,,,,,,,,,,,3.29
43.861,864,0,tag_lost_countdown,0.0,0.0,,,,,,,,,,,,,3.34
43.911,865,0,tag_lost_countdown,0.0,0.0,,,,,,,,,,,,,3.39
43.972,866,0,tag_lost_countdown,0.0,0.0,,,,,,,,,,,,,3.44
44.024,867,0,tag_lost_countdown,0.0,0.0,,,,,,,,,,,,,3.5
44.079,868,0,tag_lost_countdown,0.0,0.0,,,,,,,,,,,,,3.55
44.129,869,0,tag_lost_countdown,0.0,0.0,,,,,,,,,,,,,3.61
44.184,870,0,tag_lost_countdown,0.0,0.0,,,,,,,,,,,,,3.66
44.234,871,0,tag_lost_countdown,0.0,0.0,,,,,,,,,,,,,3.71
44.287,872,0,tag_lost_countdown,0.0,0.0,,,,,,,,,,,,,3.76
44.335,873,0,tag_lost_countdown,0.0,0.0,,,,,,,,,,,,,3.82
44.390,874,0,tag_lost_countdown,0.0,0.0,,,,,,,,,,,,,3.87
44.439,875,0,tag_lost_countdown,0.0,0.0,,,,,,,,,,,,,3.92
44.490,876,0,tag_lost_countdown,0.0,0.0,,,,,,,,,,,,,3.97
44.537,877,0,tag_lost_countdown,0.0,0.0,,,,,,,,,,,,,4.02
44.587,878,0,tag_lost_countdown,0.0,0.0,,,,,,,,,,,,,4.07
44.642,879,0,tag_lost_countdown,0.0,0.0,,,,,,,,,,,,,4.12
44.692,880,0,tag_lost_countdown,0.0,0.0,,,,,,,,,,,,,4.17
44.739,881,0,tag_lost_countdown,0.0,0.0,,,,,,,,,,,,,4.22
44.792,882,0,tag_lost_countdown,0.0,0.0,,,,,,,,,,,,,4.27
44.843,883,0,tag_lost_countdown,0.0,0.0,,,,,,,,,,,,,4.33
44.893,884,0,tag_lost_countdown,0.0,0.0,,,,,,,,,,,,,4.37
44.943,885,0,tag_lost_countdown,0.0,0.0,,,,,,,,,,,,,4.42
44.995,886,0,tag_lost_countdown,0.0,0.0,,,,,,,,,,,,,4.47
45.041,887,0,tag_lost_countdown,0.0,0.0,,,,,,,,,,,,,4.53
45.097,888,0,tag_lost_countdown,0.0,0.0,,,,,,,,,,,,,4.57
45.144,889,0,tag_lost_countdown,0.0,0.0,,,,,,,,,,,,,4.63
45.195,890,0,tag_lost_countdown,0.0,0.0,,,,,,,,,,,,,4.67
45.243,891,0,tag_lost_countdown,0.0,0.0,,,,,,,,,,,,,4.73
45.298,892,0,tag_lost_countdown,0.0,0.0,,,,,,,,,,,,,4.77
45.344,893,0,tag_lost_countdown,0.0,0.0,,,,,,,,,,,,,4.83
45.397,894,0,tag_lost_countdown,0.0,0.0,,,,,,,,,,,,,4.87
45.447,895,0,tag_lost_countdown,0.0,0.0,,,,,,,,,,,,,4.93
45.499,896,0,tag_lost_countdown,0.0,0.0,,,,,,,,,,,,,4.98
45.547,897,0,chasing,0.0,0.0,,,,,,,,,,,,,
45.601,898,0,tag_lost_countdown,0.0,0.0,,,,,,,,,,,,,0.0
45.649,899,0,tag_lost_countdown,0.0,0.0,,,,,,,,,,,,,0.05
45.699,900,0,tag_lost_countdown,0.0,0.0,,,,,,,,,,,,,0.1
45.747,901,0,tag_lost_countdown,0.0,0.0,,,,,,,,,,,,,0.15
45.802,902,0,tag_lost_countdown,0.0,0.0,,,,,,,,,,,,,0.2
45.848,903,0,tag_lost_countdown,0.0,0.0,,,,,,,,,,,,,0.26
45.906,904,0,tag_lost_countdown,0.0,0.0,,,,,,,,,,,,,0.31
45.956,905,0,tag_lost_countdown,0.0,0.0,,,,,,,,,,,,,0.36
46.006,906,0,tag_lost_countdown,0.0,0.0,,,,,,,,,,,,,0.41
46.055,907,0,tag_lost_countdown,0.0,0.0,,,,,,,,,,,,,0.46
46.113,908,0,tag_lost_countdown,0.0,0.0,,,,,,,,,,,,,0.51
46.159,909,0,tag_lost_countdown,0.0,0.0,,,,,,,,,,,,,0.57
46.212,910,0,tag_lost_countdown,0.0,0.0,,,,,,,,,,,,,0.61
46.257,911,0,tag_lost_countdown,0.0,0.0,,,,,,,,,,,,,0.67
46.311,912,0,tag_lost_countdown,0.0,0.0,,,,,,,,,,,,,0.71
46.359,913,0,tag_lost_countdown,0.0,0.0,,,,,,,,,,,,,0.76
46.413,914,0,tag_lost_countdown,0.0,0.0,,,,,,,,,,,,,0.81
46.459,915,0,tag_lost_countdown,0.0,0.0,,,,,,,,,,,,,0.87
46.512,916,0,tag_lost_countdown,0.0,0.0,,,,,,,,,,,,,0.91
46.560,917,0,tag_lost_countdown,0.0,0.0,,,,,,,,,,,,,0.96
46.611,918,0,tag_lost_countdown,0.0,0.0,,,,,,,,,,,,,1.01
46.662,919,0,tag_lost_countdown,0.0,0.0,,,,,,,,,,,,,1.06
46.718,920,0,tag_lost_countdown,0.0,0.0,,,,,,,,,,,,,1.12
46.764,921,0,tag_lost_countdown,0.0,0.0,,,,,,,,,,,,,1.17
46.817,922,0,tag_lost_countdown,0.0,0.0,,,,,,,,,,,,,1.22
46.871,923,0,tag_lost_countdown,0.0,0.0,,,,,,,,,,,,,1.27
46.923,924,0,tag_lost_countdown,0.0,0.0,,,,,,,,,,,,,1.32
46.971,925,0,tag_lost_countdown,0.0,0.0,,,,,,,,,,,,,1.38
47.023,926,0,tag_lost_countdown,0.0,0.0,,,,,,,,,,,,,1.42
47.070,927,0,tag_lost_countdown,0.0,0.0,,,,,,,,,,,,,1.48
47.125,928,0,tag_lost_countdown,0.0,0.0,,,,,,,,,,,,,1.52
47.173,929,0,tag_lost_countdown,0.0,0.0,,,,,,,,,,,,,1.58
47.223,930,0,tag_lost_countdown,0.0,0.0,,,,,,,,,,,,,1.63
47.271,931,0,tag_lost_countdown,0.0,0.0,,,,,,,,,,,,,1.68
47.327,932,0,tag_lost_countdown,0.0,0.0,,,,,,,,,,,,,1.72
47.376,933,0,tag_lost_countdown,0.0,0.0,,,,,,,,,,,,,1.78
47.430,934,0,tag_lost_countdown,0.0,0.0,,,,,,,,,,,,,1.83
47.478,935,0,tag_lost_countdown,0.0,0.0,,,,,,,,,,,,,1.88
47.528,936,0,tag_lost_countdown,0.0,0.0,,,,,,,,,,,,,1.93
47.578,937,0,tag_lost_countdown,0.0,0.0,,,,,,,,,,,,,1.98
47.635,938,0,tag_lost_countdown,0.0,0.0,,,,,,,,,,,,,2.03
47.682,939,0,tag_lost_countdown,0.0,0.0,,,,,,,,,,,,,2.09
47.734,940,0,tag_lost_countdown,0.0,0.0,,,,,,,,,,,,,2.14
47.786,941,0,tag_lost_countdown,0.0,0.0,,,,,,,,,,,,,2.19
47.840,942,0,tag_lost_countdown,0.0,0.0,,,,,,,,,,,,,2.24
47.886,943,0,tag_lost_countdown,0.0,0.0,,,,,,,,,,,,,2.29
47.942,944,0,tag_lost_countdown,0.0,0.0,,,,,,,,,,,,,2.34
47.989,945,0,tag_lost_countdown,0.0,0.0,,,,,,,,,,,,,2.39
48.044,946,0,tag_lost_countdown,0.0,0.0,,,,,,,,,,,,,2.44
48.097,947,0,tag_lost_countdown,0.0,0.0,,,,,,,,,,,,,2.5
48.150,948,0,tag_lost_countdown,0.0,0.0,,,,,,,,,,,,,2.55
48.197,949,0,tag_lost_countdown,0.0,0.0,,,,,,,,,,,,,2.6
48.252,950,0,tag_lost_countdown,0.0,0.0,,,,,,,,,,,,,2.65
48.298,951,0,tag_lost_countdown,0.0,0.0,,,,,,,,,,,,,2.71
48.355,952,0,tag_lost_countdown,0.0,0.0,,,,,,,,,,,,,2.75
48.403,953,0,tag_lost_countdown,0.0,0.0,,,,,,,,,,,,,2.81
48.453,954,0,tag_lost_countdown,0.0,0.0,,,,,,,,,,,,,2.86
48.505,955,0,tag_lost_countdown,0.0,0.0,,,,,,,,,,,,,2.91
48.558,956,0,tag_lost_countdown,0.0,0.0,,,,,,,,,,,,,2.96
48.608,957,0,tag_lost_countdown,0.0,0.0,,,,,,,,,,,,,3.01
48.661,958,0,tag_lost_countdown,0.0,0.0,,,,,,,,,,,,,3.06
48.709,959,0,tag_lost_countdown,0.0,0.0,,,,,,,,,,,,,3.12
48.760,960,0,tag_lost_countdown,0.0,0.0,,,,,,,,,,,,,3.16
48.809,961,0,tag_lost_countdown,0.0,0.0,,,,,,,,,,,,,3.21
48.866,962,0,tag_lost_countdown,0.0,0.0,,,,,,,,,,,,,3.26
48.915,963,0,tag_lost_countdown,0.0,0.0,,,,,,,,,,,,,3.32
48.974,964,0,tag_lost_countdown,0.0,0.0,,,,,,,,,,,,,3.37
49.024,965,0,tag_lost_countdown,0.0,0.0,,,,,,,,,,,,,3.43
49.082,966,0,tag_lost_countdown,0.0,0.0,,,,,,,,,,,,,3.48
49.128,967,0,tag_lost_countdown,0.0,0.0,,,,,,,,,,,,,3.54
49.182,968,0,tag_lost_countdown,0.0,0.0,,,,,,,,,,,,,3.58
49.229,969,0,tag_lost_countdown,0.0,0.0,,,,,,,,,,,,,3.63
49.284,970,0,tag_lost_countdown,0.0,0.0,,,,,,,,,,,,,3.68
49.330,971,0,tag_lost_countdown,0.0,0.0,,,,,,,,,,,,,3.74
49.383,972,0,tag_lost_countdown,0.0,0.0,,,,,,,,,,,,,3.78
49.432,973,0,tag_lost_countdown,0.0,0.0,,,,,,,,,,,,,3.84
49.486,974,0,tag_lost_countdown,0.0,0.0,,,,,,,,,,,,,3.89
49.534,975,0,tag_lost_countdown,0.0,0.0,,,,,,,,,,,,,3.94
49.588,976,0,tag_lost_countdown,0.0,0.0,,,,,,,,,,,,,3.99
49.638,977,0,tag_lost_countdown,0.0,0.0,,,,,,,,,,,,,4.04
49.689,978,0,tag_lost_countdown,0.0,0.0,,,,,,,,,,,,,4.09
49.739,979,0,tag_lost_countdown,0.0,0.0,,,,,,,,,,,,,4.14
49.790,980,0,tag_lost_countdown,0.0,0.0,,,,,,,,,,,,,4.19
49.840,981,0,tag_lost_countdown,0.0,0.0,,,,,,,,,,,,,4.24
49.895,982,0,tag_lost_countdown,0.0,0.0,,,,,,,,,,,,,4.3
49.943,983,0,tag_lost_countdown,0.0,0.0,,,,,,,,,,,,,4.35
49.994,984,0,tag_lost_countdown,0.0,0.0,,,,,,,,,,,,,4.4
50.041,985,0,tag_lost_countdown,0.0,0.0,,,,,,,,,,,,,4.45
50.096,986,0,tag_lost_countdown,0.0,0.0,,,,,,,,,,,,,4.49
50.141,987,0,tag_lost_countdown,0.0,0.0,,,,,,,,,,,,,4.55
50.193,988,0,tag_lost_countdown,0.0,0.0,,,,,,,,,,,,,4.6
50.244,989,0,tag_lost_countdown,0.0,0.0,,,,,,,,,,,,,4.65
50.299,990,0,tag_lost_countdown,0.0,0.0,,,,,,,,,,,,,4.7
50.346,991,0,tag_lost_countdown,0.0,0.0,,,,,,,,,,,,,4.75
50.399,992,0,tag_lost_countdown,0.0,0.0,,,,,,,,,,,,,4.8
50.446,993,0,tag_lost_countdown,0.0,0.0,,,,,,,,,,,,,4.85
50.497,994,0,tag_lost_countdown,0.0,0.0,,,,,,,,,,,,,4.9
50.547,995,0,tag_lost_countdown,0.0,0.0,,,,,,,,,,,,,4.95
50.600,996,0,tag_lost_countdown,0.0,0.0,,,,,,,,,,,,,5.0
50.652,997,0,chasing,0.0,0.0,,,,,,,,,,,,,
50.703,998,0,tag_lost_countdown,0.0,0.0,,,,,,,,,,,,,0.0
50.749,999,0,tag_lost_countdown,0.0,0.0,,,,,,,,,,,,,0.05
50.806,1000,0,tag_lost_countdown,0.0,0.0,,,,,,,,,,,,,0.1
50.853,1001,0,tag_lost_countdown,0.0,0.0,,,,,,,,,,,,,0.15
50.906,1002,0,tag_lost_countdown,0.0,0.0,,,,,,,,,,,,,0.2
50.956,1003,0,tag_lost_countdown,0.0,0.0,,,,,,,,,,,,,0.25
51.011,1004,0,tag_lost_countdown,0.0,0.0,,,,,,,,,,,,,0.3
51.060,1005,0,tag_lost_countdown,0.0,0.0,,,,,,,,,,,,,0.36
51.115,1006,0,tag_lost_countdown,0.0,0.0,,,,,,,,,,,,,0.41
51.166,1007,0,tag_lost_countdown,0.0,0.0,,,,,,,,,,,,,0.46
51.220,1008,0,tag_lost_countdown,0.0,0.0,,,,,,,,,,,,,0.51
51.269,1009,0,tag_lost_countdown,0.0,0.0,,,,,,,,,,,,,0.57
51.325,1010,0,tag_lost_countdown,0.0,0.0,,,,,,,,,,,,,0.62
51.373,1011,0,tag_lost_countdown,0.0,0.0,,,,,,,,,,,,,0.67
51.425,1012,0,tag_lost_countdown,0.0,0.0,,,,,,,,,,,,,0.72
51.474,1013,0,tag_lost_countdown,0.0,0.0,,,,,,,,,,,,,0.77
51.534,1014,0,tag_lost_countdown,0.0,0.0,,,,,,,,,,,,,0.82
51.585,1015,0,tag_lost_countdown,0.0,0.0,,,,,,,,,,,,,0.88
51.639,1016,0,tag_lost_countdown,0.0,0.0,,,,,,,,,,,,,0.93
51.687,1017,0,tag_lost_countdown,0.0,0.0,,,,,,,,,,,,,0.99
51.739,1018,0,tag_lost_countdown,0.0,0.0,,,,,,,,,,,,,1.03
51.786,1019,0,tag_lost_countdown,0.0,0.0,,,,,,,,,,,,,1.09
51.840,1020,0,tag_lost_countdown,0.0,0.0,,,,,,,,,,,,,1.13
51.891,1021,0,tag_lost_countdown,0.0,0.0,,,,,,,,,,,,,1.19
51.950,1022,0,tag_lost_countdown,0.0,0.0,,,,,,,,,,,,,1.24
51.997,1023,0,tag_lost_countdown,0.0,0.0,,,,,,,,,,,,,1.3
52.052,1024,0,tag_lost_countdown,0.0,0.0,,,,,,,,,,,,,1.35
52.104,1025,0,tag_lost_countdown,0.0,0.0,,,,,,,,,,,,,1.4
52.160,1026,0,tag_lost_countdown,0.0,0.0,,,,,,,,,,,,,1.45
52.209,1027,0,tag_lost_countdown,0.0,0.0,,,,,,,,,,,,,1.51
52.264,1028,0,tag_lost_countdown,0.0,0.0,,,,,,,,,,,,,1.56
52.313,1029,0,tag_lost_countdown,0.0,0.0,,,,,,,,,,,,,1.61
52.372,1030,0,tag_lost_countdown,0.0,0.0,,,,,,,,,,,,,1.66
52.418,1031,0,tag_lost_countdown,0.0,0.0,,,,,,,,,,,,,1.72
52.473,1032,0,tag_lost_countdown,0.0,0.0,,,,,,,,,,,,,1.77
52.521,1033,0,tag_lost_countdown,0.0,0.0,,,,,,,,,,,,,1.82
52.575,1034,0,tag_lost_countdown,0.0,0.0,,,,,,,,,,,,,1.87
52.626,1035,0,tag_lost_countdown,0.0,0.0,,,,,,,,,,,,,1.93
52.681,1036,0,tag_lost_countdown,0.0,0.0,,,,,,,,,,,,,1.97
52.729,1037,0,tag_lost_countdown,0.0,0.0,,,,,,,,,,,,,2.03
52.782,1038,0,tag_lost_countdown,0.0,0.0,,,,,,,,,,,,,2.08
52.832,1039,0,tag_lost_countdown,0.0,0.0,,,,,,,,,,,,,2.13
52.885,1040,0,tag_lost_countdown,0.0,0.0,,,,,,,,,,,,,2.18
52.933,1041,0,tag_lost_countdown,0.0,0.0,,,,,,,,,,,,,2.23
52.987,1042,0,tag_lost_countdown,0.0,0.0,,,,,,,,,,,,,2.28
53.036,1043,0,tag_lost_countdown,0.0,0.0,,,,,,,,,,,,,2.33
53.089,1044,0,tag_lost_countdown,0.0,0.0,,,,,,,,,,,,,2.38
53.138,1045,0,tag_lost_countdown,0.0,0.0,,,,,,,,,,,,,2.44
53.189,1046,0,tag_lost_countdown,0.0,0.0,,,,,,,,,,,,,2.49
53.237,1047,0,tag_lost_countdown,0.0,0.0,,,,,,,,,,,,,2.54
53.290,1048,0,tag_lost_countdown,0.0,0.0,,,,,,,,,,,,,2.59
53.336,1049,0,tag_lost_countdown,0.0,0.0,,,,,,,,,,,,,2.64
53.388,1050,0,tag_lost_countdown,0.0,0.0,,,,,,,,,,,,,2.68
53.439,1051,0,tag_lost_countdown,0.0,0.0,,,,,,,,,,,,,2.74
53.492,1052,0,tag_lost_countdown,0.0,0.0,,,,,,,,,,,,,2.79
53.539,1053,0,tag_lost_countdown,0.0,0.0,,,,,,,,,,,,,2.84
53.593,1054,0,tag_lost_countdown,0.0,0.0,,,,,,,,,,,,,2.89
53.643,1055,1,ibvs_active,-2.0,-0.33,-245.1,8.3,-196.1,6.7,245.2,-2.0,-0.334,0,0,0,1,42.6,
53.696,1056,1,ibvs_active,-4.0,-0.74,-232.7,8.5,-225.4,8.2,232.8,-2.0,-0.408,0,0,0,1,51.4,
53.745,1057,1,ibvs_active,-6.0,-1.26,-220.3,10.9,-221.3,10.3,220.5,-2.0,-0.516,0,0,0,1,46.9,
53.801,1058,1,ibvs_active,-8.0,-1.8,-209.5,11.0,-211.8,10.9,209.8,-2.0,-0.544,0,0,0,1,51.8,
53.848,1059,0,tag_lost_countdown,-8.0,-1.8,,,,,,,,,,,,,0.0
53.901,1060,1,ibvs_active,-10.0,-1.81,-158.1,-2.6,-168.9,0.1,158.1,-2.0,-0.004,0,0,0,1,51.8,
53.948,1061,1,ibvs_active,-12.0,-1.76,-128.3,-1.2,-136.5,-1.0,128.4,-2.0,0.049,0,0,0,1,52.4,
54.003,1062,1,ibvs_active,-14.0,-1.71,-126.0,-1.0,-128.1,-1.0,126.0,-2.0,0.049,0,0,0,1,52.4,
54.053,1063,0,tag_lost_countdown,-14.0,-1.71,,,,,,,,,,,,,0.0
54.106,1064,1,ibvs_active,-16.0,-1.64,-93.3,-1.6,-100.2,-1.5,93.3,-2.0,0.073,0,0,0,1,51.8,
54.153,1065,1,ibvs_active,-18.0,-1.5,-79.6,-3.1,-83.7,-2.7,79.6,-2.0,0.137,0,0,0,1,52.3,
54.207,1066,1,ibvs_active,-20.0,-1.32,-80.1,-3.7,-80.9,-3.5,80.2,-2.0,0.177,0,0,0,1,52.4,
54.255,1067,1,ibvs_active,-22.0,-1.12,-64.7,-4.1,-67.9,-4.0,64.8,-2.0,0.2,0,0,0,1,53.0,
54.313,1068,0,tag_lost_countdown,-22.0,-1.12,,,,,,,,,,,,,0.0
54.362,1069,1,ibvs_active,-24.0,-0.98,-34.7,-2.5,-41.4,-2.8,34.8,-2.0,0.14,0,0,0,1,53.3,
54.414,1070,1,ibvs_active,-24.21,-0.94,-8.8,-2.7,-15.3,-2.7,9.2,-0.212,0.038,0,0,0,1,52.6,
54.462,1071,1,deadband,-24.21,-0.94,-7.5,-2.7,-9.1,-2.7,8.0,0.0,0.0,1,0,0,0,52.4,
54.515,1072,1,deadband,-24.21,-0.94,11.0,-2.9,7.0,-2.9,11.4,0.0,0.0,1,0,0,0,52.4,
54.561,1073,1,ibvs_active,-24.2,-0.94,10.9,-2.8,10.1,-2.8,11.3,0.013,0.004,0,0,0,1,52.0,
54.613,1074,1,ibvs_active,-24.17,-0.93,11.0,-3.0,10.8,-3.0,11.4,0.033,0.009,0,0,0,1,53.3,
54.660,1075,1,ibvs_active,-24.13,-0.92,11.0,-2.8,11.0,-2.9,11.4,0.037,0.01,0,0,0,1,51.9,
54.711,1076,1,ibvs_active,-24.09,-0.91,11.0,-2.8,11.0,-2.8,11.4,0.038,0.01,0,0,0,1,51.9,
54.755,1077,1,ibvs_active,-24.05,-0.9,11.0,-2.9,11.0,-2.9,11.4,0.038,0.01,0,0,0,1,53.0,
54.805,1078,1,ibvs_active,-24.01,-0.89,11.1,-2.9,11.1,-2.9,11.5,0.04,0.011,0,0,0,1,53.1,
54.851,1079,1,ibvs_active,-23.97,-0.88,11.1,-2.9,11.1,-2.9,11.4,0.04,0.011,0,0,0,1,52.6,
54.902,1080,1,ibvs_active,-23.93,-0.87,11.0,-3.1,11.0,-3.1,11.4,0.04,0.011,0,0,0,1,52.5,
54.946,1081,1,ibvs_active,-23.89,-0.86,11.1,-2.9,11.1,-3.0,11.4,0.04,0.011,0,0,0,1,53.3,
54.996,1082,1,ibvs_active,-23.85,-0.85,11.0,-2.9,11.0,-2.9,11.4,0.039,0.011,0,0,0,1,52.4,
55.041,1083,1,ibvs_active,-23.81,-0.84,11.0,-3.1,11.0,-3.1,11.5,0.04,0.011,0,0,0,1,53.0,
55.094,1084,1,ibvs_active,-23.77,-0.82,11.0,-3.1,11.0,-3.1,11.5,0.04,0.011,0,0,0,1,52.9,
55.143,1085,1,ibvs_active,-23.73,-0.81,11.1,-3.1,11.1,-3.1,11.5,0.041,0.011,0,0,0,1,53.1,
55.193,1086,1,ibvs_active,-23.69,-0.8,11.1,-3.0,11.1,-3.0,11.5,0.041,0.011,0,0,0,1,53.1,
55.238,1087,1,ibvs_active,-23.65,-0.79,11.0,-3.1,11.0,-3.1,11.4,0.039,0.011,0,0,0,1,53.3,
55.288,1088,1,ibvs_active,-23.61,-0.78,11.1,-3.2,11.1,-3.2,11.5,0.042,0.012,0,0,0,1,52.4,
55.335,1089,1,ibvs_active,-23.57,-0.77,11.1,-3.1,11.1,-3.1,11.5,0.041,0.012,0,0,0,1,54.0,
55.386,1090,1,ibvs_active,-23.53,-0.76,11.1,-3.2,11.1,-3.2,11.6,0.043,0.012,0,0,0,1,52.7,
55.430,1091,1,ibvs_active,-23.49,-0.74,11.0,-3.1,11.0,-3.1,11.5,0.041,0.011,0,0,0,1,53.0,
55.481,1092,1,ibvs_active,-23.45,-0.73,11.0,-3.1,11.0,-3.1,11.4,0.04,0.011,0,0,0,1,52.6,
55.531,1093,1,ibvs_active,-23.41,-0.72,11.0,-3.1,11.0,-3.1,11.5,0.04,0.011,0,0,0,1,52.8,
55.583,1094,1,ibvs_active,-23.38,-0.72,10.9,-1.1,10.9,-1.5,10.9,0.027,0.004,0,0,0,1,53.6,
55.629,1095,1,ibvs_active,-23.35,-0.71,10.9,-1.1,10.9,-1.2,11.0,0.028,0.003,0,0,0,1,53.4,
55.678,1096,1,ibvs_active,-23.32,-0.71,10.9,-1.2,10.9,-1.2,11.0,0.027,0.003,0,0,0,1,52.8,
55.724,1097,1,ibvs_active,-23.3,-0.71,10.9,-1.1,10.9,-1.2,11.0,0.027,0.003,0,0,0,1,52.9,
55.774,1098,1,ibvs_active,-23.27,-0.71,10.9,-1.2,10.9,-1.2,11.0,0.028,0.003,0,0,0,1,52.8,
55.819,1099,1,ibvs_active,-23.24,-0.7,10.9,-1.1,10.9,-1.1,11.0,0.027,0.003,0,0,0,1,52.6,
55.867,1100,1,ibvs_active,-23.21,-0.7,11.0,-1.2,11.0,-1.2,11.0,0.028,0.003,0,0,0,1,53.4,
55.914,1101,1,ibvs_active,-23.19,-0.7,10.9,-1.2,10.9,-1.2,11.0,0.028,0.003,0,0,0,1,52.8,
55.963,1102,1,ibvs_active,-23.16,-0.69,10.9,-1.3,10.9,-1.2,11.0,0.028,0.003,0,0,0,1,53.5,
56.008,1103,1,ibvs_active,-23.13,-0.69,10.9,-1.2,10.9,-1.2,11.0,0.028,0.003,0,0,0,1,53.1,
56.059,1104,1,ibvs_active,-23.1,-0.69,10.9,-1.2,10.9,-1.2,11.0,0.027,0.003,0,0,0,1,52.3,
56.103,1105,1,ibvs_active,-23.08,-0.68,11.0,-1.2,11.0,-1.2,11.0,0.028,0.003,0,0,0,1,53.2,
56.152,1106,1,ibvs_active,-23.05,-0.68,11.0,-1.1,11.0,-1.2,11.0,0.028,0.003,0,0,0,1,53.4,
56.203,1107,1,ibvs_active,-23.02,-0.68,10.9,-1.2,10.9,-1.2,11.0,0.028,0.003,0,0,0,1,54.1,
56.252,1108,1,ibvs_active,-22.99,-0.68,10.9,-1.2,10.9,-1.2,11.0,0.027,0.003,0,0,0,1,52.4,
56.299,1109,1,ibvs_active,-22.96,-0.67,11.0,-1.2,11.0,-1.2,11.0,0.028,0.003,0,0,0,1,53.4,
56.349,1110,1,ibvs_active,-22.93,-0.67,11.0,-1.3,11.0,-1.3,11.1,0.03,0.003,0,0,0,1,52.6,
56.396,1111,1,ibvs_active,-22.91,-0.67,10.9,-1.2,10.9,-1.2,11.0,0.028,0.003,0,0,0,1,52.5,
56.446,1112,1,ibvs_active,-22.88,-0.66,10.9,-1.2,10.9,-1.2,11.0,0.028,0.003,0,0,0,1,52.8,
56.492,1113,1,ibvs_active,-22.85,-0.66,11.0,-1.3,11.0,-1.3,11.1,0.029,0.003,0,0,0,1,54.5,
56.541,1114,1,ibvs_active,-22.82,-0.66,11.0,-1.3,11.0,-1.3,11.1,0.029,0.003,0,0,0,1,54.0,
56.585,1115,1,deadband,-22.82,-0.66,9.6,-1.4,9.9,-1.4,9.7,0.0,0.0,1,0,0,0,52.3,
56.636,1116,1,deadband,-22.82,-0.66,9.3,-1.2,9.4,-1.2,9.3,0.0,0.0,1,0,0,0,53.3,
56.681,1117,1,deadband,-22.82,-0.66,9.4,-1.3,9.4,-1.3,9.5,0.0,0.0,1,0,0,0,53.6,
56.728,1118,1,deadband,-22.82,-0.66,9.3,-1.2,9.3,-1.2,9.4,0.0,0.0,1,0,0,0,53.3,
56.774,1119,1,deadband,-22.82,-0.66,9.4,-1.3,9.4,-1.3,9.5,0.0,0.0,1,0,0,0,52.2,
56.823,1120,1,deadband,-22.82,-0.66,9.3,-1.3,9.3,-1.3,9.4,0.0,0.0,1,0,0,0,53.3,
56.868,1121,1,deadband,-22.82,-0.66,9.3,-1.2,9.3,-1.2,9.4,0.0,0.0,1,0,0,0,52.3,
56.915,1122,1,deadband,-22.82,-0.66,9.3,-1.2,9.3,-1.2,9.4,0.0,0.0,1,0,0,0,51.8,
56.959,1123,1,deadband,-22.82,-0.66,9.3,-1.3,9.3,-1.2,9.4,0.0,0.0,1,0,0,0,53.2,
57.008,1124,1,deadband,-22.82,-0.66,9.3,-1.2,9.3,-1.2,9.4,0.0,0.0,1,0,0,0,53.9,
57.053,1125,1,deadband,-22.82,-0.66,9.4,-1.2,9.4,-1.2,9.4,0.0,0.0,1,0,0,0,53.0,
57.102,1126,1,deadband,-22.82,-0.66,9.4,-1.2,9.4,-1.2,9.4,0.0,0.0,1,0,0,0,53.7,
57.147,1127,1,deadband,-22.82,-0.66,9.3,-1.2,9.3,-1.2,9.4,0.0,0.0,1,0,0,0,53.0,
57.198,1128,1,deadband,-22.82,-0.66,9.3,-1.2,9.3,-1.2,9.4,0.0,0.0,1,0,0,0,53.8,
57.247,1129,1,deadband,-22.82,-0.66,9.3,-1.2,9.3,-1.2,9.4,0.0,0.0,1,0,0,0,53.6,
57.297,1130,1,deadband,-22.82,-0.66,9.3,-1.2,9.3,-1.2,9.4,0.0,0.0,1,0,0,0,52.9,
57.341,1131,1,deadband,-22.82,-0.66,9.3,-1.3,9.3,-1.2,9.4,0.0,0.0,1,0,0,0,53.9,
57.389,1132,1,deadband,-22.82,-0.66,9.3,-1.3,9.3,-1.2,9.4,0.0,0.0,1,0,0,0,52.9,
57.435,1133,1,deadband,-22.82,-0.66,9.3,-1.2,9.3,-1.2,9.4,0.0,0.0,1,0,0,0,51.9,
57.485,1134,1,deadband,-22.82,-0.66,9.3,-1.3,9.3,-1.3,9.4,0.0,0.0,1,0,0,0,53.2,
57.528,1135,1,deadband,-22.82,-0.66,9.3,-1.2,9.3,-1.2,9.4,0.0,0.0,1,0,0,0,53.8,
57.578,1136,1,deadband,-22.82,-0.66,9.3,-1.3,9.3,-1.2,9.4,0.0,0.0,1,0,0,0,53.2,
57.622,1137,1,deadband,-22.82,-0.66,9.3,-1.2,9.3,-1.2,9.4,0.0,0.0,1,0,0,0,53.3,
57.675,1138,1,deadband,-22.82,-0.66,9.3,-1.2,9.3,-1.2,9.3,0.0,0.0,1,0,0,0,52.9,
57.720,1139,1,deadband,-22.82,-0.66,9.3,-1.3,9.3,-1.3,9.4,0.0,0.0,1,0,0,0,53.1,
57.768,1140,1,deadband,-22.82,-0.66,9.3,-1.3,9.3,-1.3,9.4,0.0,0.0,1,0,0,0,53.3,
57.813,1141,1,deadband,-22.82,-0.66,9.3,-1.3,9.3,-1.3,9.4,0.0,0.0,1,0,0,0,52.8,
57.863,1142,1,deadband,-22.82,-0.66,9.3,-1.3,9.3,-1.3,9.3,0.0,0.0,1,0,0,0,53.1,
57.907,1143,1,deadband,-22.82,-0.66,9.3,-1.2,9.3,-1.2,9.4,0.0,0.0,1,0,0,0,52.9,
57.956,1144,1,deadband,-22.82,-0.66,9.3,-1.3,9.3,-1.3,9.4,0.0,0.0,1,0,0,0,52.5,
58.002,1145,1,deadband,-22.82,-0.66,9.3,-1.3,9.3,-1.3,9.4,0.0,0.0,1,0,0,0,52.4,
58.055,1146,1,deadband,-22.82,-0.66,9.3,-1.3,9.3,-1.3,9.4,0.0,0.0,1,0,0,0,53.6,
58.098,1147,1,deadband,-22.82,-0.66,9.3,-1.3,9.3,-1.3,9.4,0.0,0.0,1,0,0,0,53.1,
58.149,1148,1,deadband,-22.82,-0.66,9.3,-1.3,9.3,-1.3,9.4,0.0,0.0,1,0,0,0,53.2,
58.194,1149,1,deadband,-22.82,-0.66,9.3,-1.2,9.3,-1.3,9.4,0.0,0.0,1,0,0,0,53.2,
58.243,1150,1,deadband,-22.82,-0.66,9.3,-1.3,9.3,-1.3,9.4,0.0,0.0,1,0,0,0,53.9,
58.288,1151,1,deadband,-22.82,-0.66,9.3,-1.3,9.3,-1.3,9.4,0.0,0.0,1,0,0,0,53.1,
58.337,1152,1,deadband,-22.82,-0.66,9.3,-1.3,9.3,-1.3,9.4,0.0,0.0,1,0,0,0,52.4,
58.380,1153,1,deadband,-22.82,-0.66,9.3,-1.2,9.3,-1.2,9.4,0.0,0.0,1,0,0,0,52.6,
58.428,1154,1,deadband,-22.82,-0.66,9.3,-1.3,9.3,-1.3,9.4,0.0,0.0,1,0,0,0,53.2,
58.476,1155,1,deadband,-22.82,-0.66,9.3,-1.2,9.3,-1.2,9.4,0.0,0.0,1,0,0,0,53.7,
58.526,1156,1,deadband,-22.82,-0.66,9.3,-1.3,9.3,-1.3,9.4,0.0,0.0,1,0,0,0,52.4,
58.572,1157,1,deadband,-22.82,-0.66,9.3,-1.2,9.3,-1.2,9.4,0.0,0.0,1,0,0,0,51.9,
58.622,1158,1,deadband,-22.82,-0.66,9.3,-1.3,9.3,-1.3,9.4,0.0,0.0,1,0,0,0,52.2,
58.666,1159,1,deadband,-22.82,-0.66,9.3,-1.2,9.3,-1.2,9.4,0.0,0.0,1,0,0,0,53.9,
58.716,1160,1,deadband,-22.82,-0.66,9.3,-1.3,9.3,-1.3,9.4,0.0,0.0,1,0,0,0,53.6,
58.759,1161,1,deadband,-22.82,-0.66,9.3,-1.3,9.3,-1.3,9.4,0.0,0.0,1,0,0,0,53.8,
58.808,1162,1,deadband,-22.82,-0.66,9.3,-1.3,9.3,-1.3,9.4,0.0,0.0,1,0,0,0,52.9,
58.853,1163,1,deadband,-22.82,-0.66,9.3,-1.3,9.3,-1.3,9.4,0.0,0.0,1,0,0,0,52.5,
58.903,1164,1,deadband,-22.82,-0.66,9.3,-1.2,9.3,-1.2,9.4,0.0,0.0,1,0,0,0,52.6,
58.948,1165,1,deadband,-22.82,-0.66,9.3,-1.3,9.3,-1.3,9.4,0.0,0.0,1,0,0,0,52.8,
58.997,1166,1,deadband,-22.82,-0.66,9.3,-1.3,9.3,-1.3,9.4,0.0,0.0,1,0,0,0,52.7,
59.042,1167,1,deadband,-22.82,-0.66,9.3,-1.3,9.3,-1.3,9.4,0.0,0.0,1,0,0,0,51.8,
59.090,1168,1,deadband,-22.82,-0.66,9.3,-1.3,9.3,-1.3,9.4,0.0,0.0,1,0,0,0,52.7,
59.136,1169,1,deadband,-22.82,-0.66,9.3,-1.2,9.3,-1.2,9.4,0.0,0.0,1,0,0,0,52.8,
59.185,1170,1,deadband,-22.82,-0.66,9.3,-1.3,9.3,-1.3,9.4,0.0,0.0,1,0,0,0,54.0,
59.230,1171,1,deadband,-22.82,-0.66,9.3,-1.3,9.3,-1.3,9.4,0.0,0.0,1,0,0,0,53.4,
59.280,1172,1,deadband,-22.82,-0.66,9.3,-1.3,9.3,-1.3,9.4,0.0,0.0,1,0,0,0,52.9,
59.324,1173,1,deadband,-22.82,-0.66,9.3,-1.3,9.3,-1.3,9.4,0.0,0.0,1,0,0,0,52.3,
59.373,1174,1,deadband,-22.82,-0.66,9.2,-1.2,9.2,-1.2,9.3,0.0,0.0,1,0,0,0,53.6,
59.417,1175,1,deadband,-22.82,-0.66,9.3,-1.3,9.3,-1.3,9.4,0.0,0.0,1,0,0,0,51.8,
59.466,1176,1,deadband,-22.82,-0.66,9.3,-1.3,9.3,-1.3,9.4,0.0,0.0,1,0,0,0,51.2,
59.509,1177,1,deadband,-22.82,-0.66,9.3,-1.3,9.3,-1.3,9.4,0.0,0.0,1,0,0,0,53.1,
59.559,1178,1,deadband,-22.82,-0.66,9.3,-1.3,9.3,-1.3,9.4,0.0,0.0,1,0,0,0,52.5,
59.603,1179,1,deadband,-22.82,-0.66,9.3,-1.3,9.3,-1.3,9.3,0.0,0.0,1,0,0,0,53.5,
59.654,1180,1,deadband,-22.82,-0.66,9.3,-1.3,9.3,-1.3,9.4,0.0,0.0,1,0,0,0,52.3,
59.699,1181,1,deadband,-22.82,-0.66,9.3,-1.3,9.3,-1.3,9.4,0.0,0.0,1,0,0,0,52.4,
59.747,1182,1,deadband,-22.82,-0.66,9.2,-1.3,9.3,-1.3,9.3,0.0,0.0,1,0,0,0,53.2,
59.792,1183,1,deadband,-22.82,-0.66,9.3,-1.3,9.3,-1.3,9.4,0.0,0.0,1,0,0,0,53.1,
59.841,1184,1,deadband,-22.82,-0.66,9.3,-1.3,9.3,-1.3,9.4,0.0,0.0,1,0,0,0,52.5,
59.885,1185,1,deadband,-22.82,-0.66,9.3,-1.3,9.3,-1.3,9.4,0.0,0.0,1,0,0,0,52.7,
59.934,1186,1,deadband,-22.82,-0.66,9.2,-1.3,9.2,-1.3,9.3,0.0,0.0,1,0,0,0,52.9,
59.980,1187,1,deadband,-22.82,-0.66,9.3,-1.3,9.3,-1.3,9.4,0.0,0.0,1,0,0,0,52.7,
60.029,1188,1,deadband,-22.82,-0.66,9.3,-1.3,9.3,-1.3,9.4,0.0,0.0,1,0,0,0,51.5,
60.072,1189,1,deadband,-22.82,-0.66,9.3,-1.3,9.3,-1.3,9.4,0.0,0.0,1,0,0,0,52.9,
60.122,1190,1,deadband,-22.82,-0.66,9.3,-1.3,9.3,-1.3,9.4,0.0,0.0,1,0,0,0,52.8,
60.166,1191,1,deadband,-22.82,-0.66,9.3,-1.3,9.3,-1.3,9.4,0.0,0.0,1,0,0,0,51.7,
60.215,1192,1,deadband,-22.82,-0.66,9.3,-1.3,9.3,-1.3,9.3,0.0,0.0,1,0,0,0,51.8,
60.261,1193,1,deadband,-22.82,-0.66,9.3,-1.3,9.3,-1.3,9.3,0.0,0.0,1,0,0,0,52.4,
60.310,1194,1,deadband,-22.82,-0.66,9.3,-1.3,9.3,-1.3,9.4,0.0,0.0,1,0,0,0,53.4,
60.356,1195,1,deadband,-22.82,-0.66,9.3,-1.3,9.3,-1.3,9.4,0.0,0.0,1,0,0,0,52.7,
60.411,1196,1,deadband,-22.82,-0.66,9.3,-1.3,9.3,-1.3,9.4,0.0,0.0,1,0,0,0,51.1,
60.456,1197,1,deadband,-22.82,-0.66,9.3,-1.3,9.3,-1.3,9.4,0.0,0.0,1,0,0,0,51.3,
60.506,1198,1,deadband,-22.82,-0.66,9.3,-1.3,9.3,-1.3,9.4,0.0,0.0,1,0,0,0,53.1,
60.551,1199,1,deadband,-22.82,-0.66,9.3,-1.3,9.3,-1.3,9.4,0.0,0.0,1,0,0,0,52.6,
60.601,1200,1,deadband,-22.82,-0.66,9.3,-1.3,9.3,-1.3,9.4,0.0,0.0,1,0,0,0,52.2,
60.645,1201,1,deadband,-22.82,-0.66,9.3,-1.3,9.3,-1.3,9.4,0.0,0.0,1,0,0,0,53.2,
60.696,1202,1,deadband,-22.82,-0.66,9.3,-1.3,9.3,-1.3,9.4,0.0,0.0,1,0,0,0,51.9,
60.738,1203,1,deadband,-22.82,-0.66,9.3,-1.3,9.3,-1.3,9.4,0.0,0.0,1,0,0,0,51.6,
60.790,1204,1,deadband,-22.82,-0.66,9.3,-1.3,9.3,-1.3,9.4,0.0,0.0,1,0,0,0,53.1,
60.837,1205,1,deadband,-22.82,-0.66,9.3,-1.3,9.3,-1.3,9.4,0.0,0.0,1,0,0,0,52.8,
60.885,1206,1,deadband,-22.82,-0.66,9.3,-1.3,9.3,-1.3,9.3,0.0,0.0,1,0,0,0,52.6,
60.930,1207,1,deadband,-22.82,-0.66,9.3,-1.3,9.3,-1.3,9.4,0.0,0.0,1,0,0,0,52.3,
60.981,1208,1,deadband,-22.82,-0.66,9.3,-1.3,9.3,-1.3,9.3,0.0,0.0,1,0,0,0,52.6,
61.026,1209,1,deadband,-22.82,-0.66,9.3,-1.4,9.3,-1.3,9.4,0.0,0.0,1,0,0,0,52.1,
61.077,1210,1,deadband,-22.82,-0.66,9.3,-1.3,9.3,-1.3,9.4,0.0,0.0,1,0,0,0,51.6,
61.122,1211,1,deadband,-22.82,-0.66,9.3,-1.2,9.3,-1.3,9.4,0.0,0.0,1,0,0,0,52.8,
61.170,1212,1,deadband,-22.82,-0.66,9.3,-1.3,9.3,-1.3,9.4,0.0,0.0,1,0,0,0,52.9,
61.214,1213,1,deadband,-22.82,-0.66,9.3,-1.3,9.3,-1.3,9.4,0.0,0.0,1,0,0,0,52.7,
61.264,1214,1,deadband,-22.82,-0.66,9.3,-1.3,9.3,-1.3,9.4,0.0,0.0,1,0,0,0,52.0,
61.307,1215,1,deadband,-22.82,-0.66,9.3,-1.3,9.3,-1.3,9.4,0.0,0.0,1,0,0,0,51.7,
61.358,1216,1,deadband,-22.82,-0.66,9.2,-1.3,9.2,-1.3,9.3,0.0,0.0,1,0,0,0,52.3,
61.404,1217,1,deadband,-22.82,-0.66,9.3,-1.3,9.3,-1.3,9.4,0.0,0.0,1,0,0,0,53.2,
61.454,1218,1,deadband,-22.82,-0.66,9.3,-1.3,9.3,-1.3,9.4,0.0,0.0,1,0,0,0,52.1,
61.498,1219,1,deadband,-22.82,-0.66,9.3,-1.4,9.3,-1.3,9.4,0.0,0.0,1,0,0,0,52.2,
61.548,1220,1,deadband,-22.82,-0.66,9.3,-1.3,9.3,-1.3,9.4,0.0,0.0,1,0,0,0,52.6,
61.592,1221,1,deadband,-22.82,-0.66,9.3,-1.3,9.3,-1.3,9.4,0.0,0.0,1,0,0,0,53.2,
61.643,1222,1,deadband,-22.82,-0.66,9.3,-1.3,9.3,-1.3,9.3,0.0,0.0,1,0,0,0,52.9,
61.688,1223,1,deadband,-22.82,-0.66,9.3,-1.3,9.3,-1.3,9.4,0.0,0.0,1,0,0,0,52.8,
61.736,1224,1,deadband,-22.82,-0.66,9.2,-1.3,9.3,-1.3,9.3,0.0,0.0,1,0,0,0,52.5,
61.779,1225,1,deadband,-22.82,-0.66,9.3,-1.3,9.3,-1.3,9.4,0.0,0.0,1,0,0,0,52.1,
61.828,1226,1,deadband,-22.82,-0.66,9.3,-1.3,9.3,-1.3,9.3,0.0,0.0,1,0,0,0,52.9,
61.877,1227,1,deadband,-22.82,-0.66,9.3,-1.3,9.3,-1.3,9.4,0.0,0.0,1,0,0,0,52.2,
61.926,1228,1,deadband,-22.82,-0.66,9.3,-1.3,9.3,-1.3,9.4,0.0,0.0,1,0,0,0,52.7,
61.971,1229,1,deadband,-22.82,-0.66,9.3,-1.3,9.3,-1.3,9.4,0.0,0.0,1,0,0,0,52.6,
62.020,1230,1,deadband,-22.82,-0.66,9.3,-1.3,9.3,-1.3,9.4,0.0,0.0,1,0,0,0,52.3,
62.065,1231,1,deadband,-22.82,-0.66,9.3,-1.3,9.3,-1.3,9.4,0.0,0.0,1,0,0,0,52.8,
62.116,1232,1,deadband,-22.82,-0.66,9.3,-1.4,9.3,-1.3,9.4,0.0,0.0,1,0,0,0,53.0,
62.162,1233,1,deadband,-22.82,-0.66,9.3,-1.3,9.3,-1.3,9.4,0.0,0.0,1,0,0,0,52.4,
62.209,1234,1,deadband,-22.82,-0.66,9.3,-1.3,9.3,-1.3,9.4,0.0,0.0,1,0,0,0,53.1,
62.255,1235,1,deadband,-22.82,-0.66,9.3,-1.3,9.3,-1.3,9.4,0.0,0.0,1,0,0,0,52.3,
62.310,1236,1,deadband,-22.82,-0.66,9.3,-1.3,9.3,-1.3,9.4,0.0,0.0,1,0,0,0,53.1,
62.354,1237,1,deadband,-22.82,-0.66,9.3,-1.3,9.3,-1.3,9.4,0.0,0.0,1,0,0,0,52.9,
62.403,1238,1,deadband,-22.82,-0.66,9.3,-1.3,9.3,-1.3,9.4,0.0,0.0,1,0,0,0,53.5,
62.447,1239,1,deadband,-22.82,-0.66,9.3,-1.3,9.3,-1.3,9.4,0.0,0.0,1,0,0,0,53.1,
62.496,1240,1,deadband,-22.82,-0.66,9.3,-1.3,9.3,-1.3,9.4,0.0,0.0,1,0,0,0,52.9,
62.539,1241,1,deadband,-22.82,-0.66,9.3,-1.3,9.3,-1.3,9.4,0.0,0.0,1,0,0,0,52.8,
62.588,1242,1,deadband,-22.82,-0.66,9.3,-1.3,9.3,-1.3,9.4,0.0,0.0,1,0,0,0,52.8,
62.633,1243,1,deadband,-22.82,-0.66,9.3,-1.3,9.3,-1.3,9.4,0.0,0.0,1,0,0,0,51.7,
62.688,1244,1,deadband,-22.82,-0.66,9.3,-1.3,9.3,-1.3,9.4,0.0,0.0,1,0,0,0,53.1,
62.733,1245,1,deadband,-22.82,-0.66,9.2,-1.3,9.3,-1.3,9.3,0.0,0.0,1,0,0,0,52.8,
62.782,1246,1,deadband,-22.82,-0.66,9.3,-1.3,9.3,-1.3,9.3,0.0,0.0,1,0,0,0,52.9,
62.827,1247,1,deadband,-22.82,-0.66,9.3,-1.3,9.3,-1.3,9.4,0.0,0.0,1,0,0,0,53.7,
62.875,1248,1,deadband,-22.82,-0.66,9.2,-1.3,9.3,-1.3,9.3,0.0,0.0,1,0,0,0,51.4,
62.920,1249,1,deadband,-22.82,-0.66,9.3,-1.4,9.3,-1.3,9.4,0.0,0.0,1,0,0,0,51.9,
62.969,1250,1,deadband,-22.82,-0.66,9.3,-1.3,9.3,-1.3,9.4,0.0,0.0,1,0,0,0,53.2,
63.013,1251,1,deadband,-22.82,-0.66,9.3,-1.3,9.3,-1.3,9.4,0.0,0.0,1,0,0,0,51.4,
63.062,1252,1,deadband,-22.82,-0.66,9.3,-1.3,9.3,-1.3,9.4,0.0,0.0,1,0,0,0,52.2,
63.106,1253,1,deadband,-22.82,-0.66,9.2,-1.3,9.3,-1.3,9.3,0.0,0.0,1,0,0,0,51.6,
63.155,1254,1,deadband,-22.82,-0.66,9.3,-1.3,9.3,-1.3,9.4,0.0,0.0,1,0,0,0,51.9,
63.200,1255,1,deadband,-22.82,-0.66,9.2,-1.2,9.2,-1.2,9.3,0.0,0.0,1,0,0,0,51.2,
63.249,1256,1,deadband,-22.82,-0.66,9.3,-1.3,9.3,-1.3,9.4,0.0,0.0,1,0,0,0,51.1,
63.295,1257,1,deadband,-22.82,-0.66,9.3,-1.4,9.3,-1.3,9.4,0.0,0.0,1,0,0,0,51.4,
63.347,1258,1,deadband,-22.82,-0.66,9.3,-1.3,9.3,-1.3,9.4,0.0,0.0,1,0,0,0,52.5,
63.391,1259,1,deadband,-22.82,-0.66,9.3,-1.3,9.3,-1.3,9.4,0.0,0.0,1,0,0,0,53.1,
63.441,1260,1,deadband,-22.82,-0.66,9.3,-1.3,9.3,-1.3,9.4,0.0,0.0,1,0,0,0,52.2,
63.486,1261,1,deadband,-22.82,-0.66,9.3,-1.3,9.3,-1.3,9.3,0.0,0.0,1,0,0,0,52.7,
63.535,1262,1,deadband,-22.82,-0.66,9.3,-1.3,9.3,-1.3,9.4,0.0,0.0,1,0,0,0,51.6,
63.581,1263,1,deadband,-22.82,-0.66,9.3,-1.3,9.3,-1.3,9.4,0.0,0.0,1,0,0,0,51.5,
63.631,1264,1,deadband,-22.82,-0.66,9.3,-1.2,9.3,-1.3,9.4,0.0,0.0,1,0,0,0,50.9,
63.676,1265,1,deadband,-22.82,-0.66,9.2,-1.3,9.3,-1.3,9.3,0.0,0.0,1,0,0,0,50.7,
63.724,1266,1,deadband,-22.82,-0.66,9.3,-1.3,9.3,-1.3,9.4,0.0,0.0,1,0,0,0,51.8,
63.771,1267,1,deadband,-22.82,-0.66,9.3,-1.3,9.3,-1.3,9.4,0.0,0.0,1,0,0,0,51.3,
63.821,1268,1,deadband,-22.82,-0.66,9.3,-1.3,9.3,-1.3,9.3,0.0,0.0,1,0,0,0,52.5,
63.864,1269,1,deadband,-22.82,-0.66,9.2,-1.3,9.2,-1.3,9.3,0.0,0.0,1,0,0,0,51.2,
63.914,1270,1,deadband,-22.82,-0.66,9.3,-1.4,9.3,-1.4,9.4,0.0,0.0,1,0,0,0,51.9,
63.960,1271,1,deadband,-22.82,-0.66,9.3,-1.3,9.3,-1.3,9.4,0.0,0.0,1,0,0,0,52.2,
64.010,1272,1,deadband,-22.82,-0.66,9.3,-1.2,9.3,-1.3,9.3,0.0,0.0,1,0,0,0,52.5,
64.055,1273,1,deadband,-22.82,-0.66,9.3,-1.3,9.3,-1.3,9.4,0.0,0.0,1,0,0,0,51.6,
64.105,1274,1,deadband,-22.82,-0.66,9.3,-1.3,9.3,-1.3,9.3,0.0,0.0,1,0,0,0,51.5,
64.148,1275,1,deadband,-22.82,-0.66,9.3,-1.3,9.3,-1.3,9.4,0.0,0.0,1,0,0,0,52.5,
64.204,1276,1,deadband,-22.82,-0.66,9.3,-1.4,9.3,-1.4,9.4,0.0,0.0,1,0,0,0,52.0,
64.247,1277,1,deadband,-22.82,-0.66,9.3,-1.5,9.3,-1.5,9.4,0.0,0.0,1,0,0,0,51.6,
64.297,1278,1,deadband,-22.82,-0.66,9.2,-1.2,9.3,-1.3,9.3,0.0,0.0,1,0,0,0,53.3,
64.342,1279,1,deadband,-22.82,-0.66,9.2,-1.2,9.2,-1.2,9.3,0.0,0.0,1,0,0,0,52.1,
64.390,1280,1,deadband,-22.82,-0.66,9.3,-1.4,9.3,-1.4,9.4,0.0,0.0,1,0,0,0,52.6,
64.434,1281,1,deadband,-22.82,-0.66,9.2,-1.3,9.2,-1.3,9.3,0.0,0.0,1,0,0,0,51.3,
64.484,1282,1,deadband,-22.82,-0.66,9.3,-1.4,9.3,-1.4,9.4,0.0,0.0,1,0,0,0,51.7,
64.529,1283,1,deadband,-22.82,-0.66,9.2,-1.4,9.2,-1.4,9.3,0.0,0.0,1,0,0,0,52.3,
64.581,1284,1,deadband,-22.82,-0.66,9.3,-1.3,9.2,-1.3,9.3,0.0,0.0,1,0,0,0,51.5,
64.625,1285,1,deadband,-22.82,-0.66,9.2,-1.2,9.2,-1.2,9.3,0.0,0.0,1,0,0,0,51.8,
64.676,1286,1,deadband,-22.82,-0.66,9.1,-1.1,9.1,-1.1,9.2,0.0,0.0,1,0,0,0,52.0,
64.721,1287,1,deadband,-22.82,-0.66,9.1,-1.2,9.1,-1.2,9.2,0.0,0.0,1,0,0,0,51.4,
64.773,1288,1,deadband,-22.82,-0.66,9.1,-1.9,9.1,-1.8,9.3,0.0,0.0,1,0,0,0,52.0,
64.824,1289,1,deadband,-22.82,-0.66,9.1,-1.5,9.1,-1.6,9.3,0.0,0.0,1,0,0,0,53.0,
64.874,1290,1,deadband,-22.82,-0.66,9.1,-1.8,9.1,-1.8,9.3,0.0,0.0,1,0,0,0,52.6,
64.918,1291,1,deadband,-22.82,-0.66,9.1,-1.3,9.1,-1.4,9.2,0.0,0.0,1,0,0,0,51.0,
64.967,1292,1,deadband,-22.82,-0.66,9.2,-1.6,9.2,-1.6,9.3,0.0,0.0,1,0,0,0,51.7,
65.011,1293,1,deadband,-22.82,-0.66,9.1,-1.4,9.1,-1.4,9.2,0.0,0.0,1,0,0,0,51.7,
65.060,1294,1,deadband,-22.82,-0.66,9.2,-1.4,9.2,-1.4,9.3,0.0,0.0,1,0,0,0,53.0,
65.118,1295,1,deadband,-22.82,-0.66,8.9,-1.1,9.0,-1.1,9.0,0.0,0.0,1,0,0,0,52.1,
65.184,1296,1,deadband,-22.82,-0.66,9.3,-1.0,9.3,-1.0,9.4,0.0,0.0,1,0,0,0,52.3,
65.228,1297,1,deadband,-22.82,-0.66,9.4,-1.6,9.3,-1.5,9.5,0.0,0.0,1,0,0,0,51.7,
65.278,1298,1,deadband,-22.82,-0.66,9.3,-1.3,9.3,-1.3,9.4,0.0,0.0,1,0,0,0,51.7,
65.323,1299,1,deadband,-22.82,-0.66,9.2,-1.1,9.2,-1.1,9.3,0.0,0.0,1,0,0,0,52.2,
65.372,1300,1,deadband,-22.82,-0.66,9.1,-0.9,9.1,-0.9,9.1,0.0,0.0,1,0,0,0,52.5,
65.419,1301,1,deadband,-22.82,-0.66,9.4,-1.9,9.3,-1.7,9.6,0.0,0.0,1,0,0,0,53.0,
65.468,1302,1,deadband,-22.82,-0.66,8.3,-2.3,8.5,-2.2,8.6,0.0,0.0,1,0,0,0,52.8,
65.513,1303,1,deadband,-22.82,-0.66,8.6,-2.7,8.6,-2.6,9.0,0.0,0.0,1,0,0,0,52.4,
65.564,1304,1,deadband,-22.82,-0.66,9.3,-3.0,9.2,-2.9,9.8,0.0,0.0,1,0,0,0,52.5,
65.609,1305,1,deadband,-22.82,-0.66,8.4,-0.9,8.5,-1.3,8.4,0.0,0.0,1,0,0,0,52.5,
65.659,1306,1,deadband,-22.82,-0.66,8.8,-0.9,8.7,-1.0,8.8,0.0,0.0,1,0,0,0,53.1,
65.705,1307,1,deadband,-22.82,-0.66,10.2,-0.3,9.9,-0.5,10.2,0.0,0.0,1,0,0,0,51.8,
65.755,1308,1,ibvs_active,-22.82,-0.66,10.1,-1.7,10.1,-1.5,10.3,0.005,0.001,0,0,0,1,52.7,
65.801,1309,1,ibvs_active,-22.8,-0.65,10.4,-2.0,10.4,-1.9,10.6,0.014,0.003,0,0,0,1,52.5,
65.853,1310,1,deadband,-22.8,-0.65,8.9,-2.2,9.2,-2.2,9.2,0.0,0.0,1,0,0,0,52.4,
65.898,1311,1,deadband,-22.8,-0.65,8.8,-1.0,8.9,-1.2,8.8,0.0,0.0,1,0,0,0,51.8,
65.948,1312,1,deadband,-22.8,-0.65,9.8,-1.9,9.6,-1.8,10.0,0.0,0.0,1,0,0,0,51.9,
65.995,1313,1,deadband,-22.8,-0.65,9.3,0.2,9.3,-0.2,9.3,0.0,0.0,1,0,0,0,53.1,
66.049,1314,1,deadband,-22.8,-0.65,9.1,-2.1,9.1,-1.7,9.3,0.0,0.0,1,0,0,0,52.6,
66.096,1315,1,deadband,-22.8,-0.65,8.8,-1.7,8.9,-1.7,9.0,0.0,0.0,1,0,0,0,52.1,
66.145,1316,1,deadband,-22.8,-0.65,8.6,-0.7,8.7,-0.9,8.6,0.0,0.0,1,0,0,0,52.2,
66.193,1317,1,deadband,-22.8,-0.65,9.0,-1.5,9.0,-1.4,9.2,0.0,0.0,1,0,0,0,52.9,
66.244,1318,1,deadband,-22.8,-0.65,9.1,-1.8,9.1,-1.8,9.3,0.0,0.0,1,0,0,0,52.8,
66.291,1319,1,deadband,-22.8,-0.65,9.2,-1.9,9.2,-1.9,9.4,0.0,0.0,1,0,0,0,52.0,
66.340,1320,1,deadband,-22.8,-0.65,8.4,-2.2,8.6,-2.1,8.7,0.0,0.0,1,0,0,0,51.5,
66.384,1321,1,deadband,-22.8,-0.65,8.0,-2.1,8.1,-2.1,8.3,0.0,0.0,1,0,0,0,52.3,
66.435,1322,1,deadband,-22.8,-0.65,7.0,-2.8,7.2,-2.6,7.5,0.0,0.0,1,0,0,0,51.8,
66.480,1323,1,deadband,-22.8,-0.65,8.2,-3.8,8.0,-3.6,9.1,0.0,0.0,1,0,0,0,51.9,
66.533,1324,1,deadband,-22.8,-0.65,10.4,-3.1,9.9,-3.2,10.8,0.0,0.0,1,0,0,0,52.7,
66.582,1325,1,deadband,-22.8,-0.65,9.6,-3.5,9.6,-3.4,10.2,0.0,0.0,1,0,0,0,52.5,
66.633,1326,1,ibvs_active,-22.62,-0.55,14.7,-8.2,13.7,-7.2,16.8,0.187,0.099,0,0,0,1,52.0,
66.683,1327,1,ibvs_active,-21.85,-0.09,22.9,-14.0,21.1,-12.6,26.9,0.768,0.461,0,0,0,1,52.0,
66.733,1328,1,ibvs_active,-20.35,1.48,32.2,-36.1,30.0,-31.4,48.4,1.499,1.572,0,0,0,1,47.2,
66.781,1329,1,ibvs_active,-18.94,3.48,27.7,-49.0,28.1,-45.5,56.3,1.407,2.0,0,0,0,1,44.7,
66.831,1330,1,ibvs_active,-17.69,5.48,24.1,-57.5,24.9,-55.1,62.4,1.247,2.0,0,0,0,1,51.3,
66.879,1331,1,ibvs_active,-17.36,7.48,2.1,-45.1,6.6,-47.1,45.2,0.332,2.0,0,0,0,1,49.9,
66.935,1332,0,tag_lost_countdown,-17.36,7.48,,,,,,,,,,,,,0.0
66.981,1333,1,ibvs_active,-18.75,9.23,-36.4,-31.9,-27.8,-35.0,48.4,-1.39,1.748,0,0,0,1,52.2,
67.034,1334,1,ibvs_active,-20.75,10.33,-56.9,-18.9,-51.1,-22.1,60.0,-2.0,1.104,0,0,0,1,47.6,
67.080,1335,1,ibvs_active,-22.75,11.38,-70.8,-20.8,-66.9,-21.1,73.8,-2.0,1.053,0,0,0,1,45.0,
67.133,1336,1,ibvs_active,-24.75,12.32,-80.5,-18.1,-77.8,-18.7,82.5,-2.0,0.936,0,0,0,1,52.0,
67.183,1337,1,ibvs_active,-26.75,13.25,-63.9,-18.7,-66.7,-18.7,66.6,-2.0,0.934,0,0,0,1,44.9,
67.232,1338,0,tag_lost_countdown,-26.75,13.25,,,,,,,,,,,,,0.0
67.278,1339,0,tag_lost_countdown,-26.75,13.25,,,,,,,,,,,,,0.05
67.330,1340,0,tag_lost_countdown,-26.75,13.25,,,,,,,,,,,,,0.1
67.380,1341,1,ibvs_active,-27.49,15.25,-1.7,-83.2,-14.7,-70.3,83.2,-0.734,2.0,0,0,0,1,48.1,
67.437,1342,1,ibvs_active,-27.86,17.25,-5.6,-91.8,-7.4,-87.5,92.0,-0.37,2.0,0,0,0,1,51.8,
67.488,1343,1,ibvs_active,-28.33,19.25,-10.1,-104.2,-9.5,-100.8,104.6,-0.477,2.0,0,0,0,1,50.4,
67.545,1344,1,ibvs_active,-28.63,21.25,-5.0,-86.2,-5.9,-89.1,86.3,-0.296,2.0,0,0,0,1,51.5,
67.596,1345,1,ibvs_active,-28.93,23.25,-6.0,-78.5,-6.0,-80.7,78.8,-0.298,2.0,0,0,0,1,50.7,
67.652,1346,1,ibvs_active,-29.16,25.25,-4.3,-60.3,-4.6,-64.4,60.5,-0.231,2.0,0,0,0,1,48.3,
67.700,1347,1,ibvs_active,-29.16,27.25,1.2,-43.2,0.0,-47.4,43.2,0.001,2.0,0,0,0,1,51.4,
67.755,1348,1,ibvs_active,-29.29,28.91,-3.4,-29.5,-2.7,-33.1,29.7,-0.135,1.653,0,0,0,1,47.8,
67.801,1349,1,ibvs_active,-29.54,29.2,-14.1,-9.3,-11.8,-14.1,16.9,-0.247,0.294,0,0,0,1,50.5,
67.856,1350,1,ibvs_active,-29.85,29.24,-18.4,0.7,-17.1,-2.3,18.4,-0.309,0.041,0,0,0,1,51.6,
67.903,1351,1,ibvs_active,-30.56,28.96,-22.6,11.4,-21.5,8.7,25.3,-0.706,-0.285,0,0,0,1,48.9,
67.972,1352,1,ibvs_active,-31.25,28.38,-18.3,17.6,-18.9,15.8,25.4,-0.695,-0.58,0,0,0,1,52.4,
68.054,1353,1,ibvs_active,-32.46,27.68,-26.9,14.2,-25.3,14.5,30.4,-1.21,-0.695,0,0,0,1,52.5,
68.106,1354,1,ibvs_active,-33.4,27.44,-24.3,4.3,-24.5,6.4,24.7,-0.94,-0.244,0,0,0,1,50.9,
68.153,1355,1,ibvs_active,-34.36,27.33,-25.3,1.9,-25.1,2.8,25.4,-0.96,-0.107,0,0,0,1,52.0,
68.202,1356,1,ibvs_active,-34.75,27.49,-15.6,-9.9,-17.5,-7.3,18.5,-0.393,0.165,0,0,0,1,51.7,
68.272,1357,1,ibvs_active,-34.95,27.68,-10.8,-12.2,-12.2,-11.2,16.3,-0.2,0.184,0,0,0,1,50.8,
68.348,1358,1,ibvs_active,-34.96,27.72,2.7,-11.7,-0.3,-11.6,12.0,-0.001,0.046,0,0,0,1,51.9,
68.390,1359,0,tag_lost_countdown,-34.96,27.72,,,,,,,,,,,,,0.0
68.439,1360,1,ibvs_active,-34.08,27.83,30.4,-0.8,24.3,-2.9,30.4,0.878,0.107,0,0,0,1,47.3,
68.483,1361,1,ibvs_active,-32.24,27.8,39.8,1.4,36.7,0.5,39.8,1.834,-0.027,0,0,0,1,50.9,
68.572,1362,1,ibvs_active,-30.24,27.51,59.0,7.3,54.5,6.0,59.4,2.0,-0.298,0,0,0,1,50.8,
68.629,1363,1,ibvs_active,-28.24,26.67,60.1,19.5,59.0,16.8,63.2,2.0,-0.839,0,0,0,1,40.9,
68.680,1364,0,tag_lost_countdown,-28.24,26.67,,,,,,,,,,,,,0.0
68.727,1365,1,ibvs_active,-26.24,24.67,44.5,55.4,47.4,47.6,71.0,2.0,-2.0,0,0,0,1,52.0,
68.775,1366,1,ibvs_active,-24.25,22.67,38.1,54.7,40.0,53.3,66.6,1.998,-2.0,0,0,0,1,50.2,
68.828,1367,0,tag_lost_countdown,-24.25,22.67,,,,,,,,,,,,,0.0
68.903,1368,0,tag_lost_countdown,-24.25,22.67,,,,,,,,,,,,,0.08
68.951,1369,1,ibvs_active,-22.98,20.67,21.7,62.9,25.4,60.9,66.5,1.268,-2.0,0,0,0,1,52.0,
69.000,1370,1,ibvs_active,-21.87,18.67,21.4,70.7,22.2,68.8,73.9,1.111,-2.0,0,0,0,1,45.0,
69.045,1371,1,ibvs_active,-20.76,16.67,22.2,79.9,22.2,77.6,82.9,1.111,-2.0,0,0,0,1,53.8,
69.093,1372,0,tag_lost_countdown,-20.76,16.67,,,,,,,,,,,,,0.0
69.137,1373,1,ibvs_active,-20.41,14.67,3.1,58.6,6.9,62.4,58.7,0.347,-2.0,0,0,0,1,43.5,
69.186,1374,0,tag_lost_countdown,-20.41,14.67,,,,,,,,,,,,,0.0
69.235,1375,1,ibvs_active,-20.74,12.97,-10.0,26.9,-6.6,34.0,28.7,-0.331,-1.7,0,0,0,1,54.5,
69.289,1376,0,tag_lost_countdown,-20.74,12.97,,,,,,,,,,,,,0.0
69.342,1377,1,ibvs_active,-20.86,12.73,-7.4,9.9,-7.3,14.7,12.4,-0.116,-0.236,0,0,0,1,54.1,
69.395,1378,1,deadband,-20.86,12.73,-4.7,6.5,-5.2,8.1,8.0,0.0,0.0,1,0,0,0,54.5,
69.443,1379,1,deadband,-20.86,12.73,-3.5,6.5,-3.8,6.8,7.4,0.0,0.0,1,0,0,0,54.9,
69.501,1380,1,deadband,-20.86,12.73,-3.2,0.9,-3.3,2.1,3.3,0.0,0.0,1,0,0,0,54.3,
69.552,1381,1,deadband,-20.86,12.73,-4.4,8.7,-4.2,7.4,9.8,0.0,0.0,1,0,0,0,55.3,
69.607,1382,1,ibvs_active,-20.86,12.72,-2.5,10.9,-2.9,10.2,11.2,-0.004,-0.016,0,0,0,1,56.0,
69.658,1383,1,ibvs_active,-20.85,12.63,2.1,13.2,1.1,12.6,13.3,0.007,-0.083,0,0,0,1,56.9,
69.718,1384,1,ibvs_active,-20.65,12.16,9.9,20.0,8.1,18.5,22.3,0.206,-0.471,0,0,0,1,55.8,
69.764,1385,1,ibvs_active,-20.15,11.31,14.0,23.0,12.8,22.1,26.9,0.496,-0.855,0,0,0,1,54.4,
69.818,1386,1,ibvs_active,-19.43,9.96,14.7,28.1,14.3,26.9,31.7,0.717,-1.345,0,0,0,1,54.4,
69.865,1387,1,ibvs_active,-18.76,8.13,13.3,39.2,13.5,36.7,41.4,0.676,-1.837,0,0,0,1,53.9,
69.923,1388,1,ibvs_active,-18.57,6.17,1.3,39.8,3.7,39.2,39.8,0.187,-1.96,0,0,0,1,50.4,
69.965,1389,0,tag_lost_countdown,-18.57,6.17,,,,,,,,,,,,,0.0
70.014,1390,1,ibvs_active,-19.1,5.95,-25.0,0.2,-19.3,8.0,25.0,-0.524,-0.218,0,0,0,1,45.9,
70.059,1391,1,ibvs_active,-20.48,6.53,-29.9,-16.5,-27.8,-11.6,34.2,-1.39,0.582,0,0,0,1,55.3,
70.113,1392,1,ibvs_active,-22.0,7.24,-30.9,-15.0,-30.3,-14.3,34.3,-1.513,0.715,0,0,0,1,55.9,
70.188,1393,1,ibvs_active,-23.68,7.93,-34.6,-13.5,-33.7,-13.6,37.1,-1.686,0.682,0,0,0,1,55.7,
70.252,1394,1,ibvs_active,-25.25,8.53,-30.7,-11.6,-31.3,-12.0,32.8,-1.567,0.6,0,0,0,1,52.7,
70.297,1395,0,tag_lost_countdown,-25.25,8.53,,,,,,,,,,,,,0.0
70.351,1396,1,deadband,-25.25,8.53,-2.4,-8.6,-8.2,-9.3,8.9,0.0,0.0,1,0,0,0,56.2,
70.399,1397,1,deadband,-25.25,8.53,9.8,3.3,6.2,0.8,10.3,0.0,0.0,1,0,0,0,55.5,
70.484,1398,1,ibvs_active,-25.2,8.51,12.4,3.9,11.2,3.3,13.0,0.046,-0.014,0,0,0,1,54.2,
70.533,1399,1,ibvs_active,-25.16,8.5,11.4,2.4,11.4,2.6,11.7,0.048,-0.011,0,0,0,1,55.9,
70.589,1400,1,ibvs_active,-25.1,8.5,12.1,-0.0,11.9,0.5,12.1,0.058,-0.002,0,0,0,1,54.9,
70.639,1401,1,ibvs_active,-24.95,8.55,14.0,-5.9,13.6,-4.6,15.2,0.149,0.05,0,0,0,1,55.7,
70.725,1402,1,ibvs_active,-24.83,8.59,12.6,-4.8,12.8,-4.8,13.5,0.118,0.044,0,0,0,1,55.4,
70.797,1403,1,deadband,-24.83,8.59,5.5,-0.1,6.9,-1.0,5.5,0.0,0.0,1,0,0,0,53.4,
70.851,1404,1,deadband,-24.83,8.59,7.3,-3.6,7.2,-3.1,8.1,0.0,0.0,1,0,0,0,55.0,
70.899,1405,1,ibvs_active,-24.73,8.68,11.1,-10.7,10.3,-9.2,15.4,0.098,0.087,0,0,0,1,55.2,
70.955,1406,1,ibvs_active,-24.54,8.88,11.7,-12.8,11.4,-12.1,17.4,0.189,0.201,0,0,0,1,55.6,
71.036,1407,1,ibvs_active,-24.4,9.1,8.4,-14.1,9.0,-13.7,16.4,0.144,0.219,0,0,0,1,56.2,
71.135,1408,1,ibvs_active,-24.28,9.31,7.8,-13.9,8.1,-13.8,15.9,0.121,0.208,0,0,0,1,55.6,
71.186,1409,1,ibvs_active,-24.21,9.41,7.0,-11.0,7.2,-11.6,13.1,0.066,0.106,0,0,0,1,54.8,
71.237,1410,1,deadband,-24.21,9.41,4.3,-7.0,4.8,-7.9,8.2,0.0,0.0,1,0,0,0,55.0,
71.286,1411,1,deadband,-24.21,9.41,2.6,-6.4,3.1,-6.7,6.9,0.0,0.0,1,0,0,0,55.0,
71.365,1412,1,deadband,-24.21,9.41,-3.6,-4.4,-2.3,-4.9,5.7,0.0,0.0,1,0,0,0,54.4,
71.423,1413,1,deadband,-24.21,9.41,-5.3,-2.5,-4.7,-3.0,5.8,0.0,0.0,1,0,0,0,54.7,
71.478,1414,1,deadband,-24.21,9.41,-9.0,-2.7,-8.1,-2.7,9.4,0.0,0.0,1,0,0,0,55.3,
71.528,1415,1,ibvs_active,-24.26,9.43,-11.4,-4.7,-10.7,-4.3,12.3,-0.042,0.017,0,0,0,1,55.5,
71.600,1416,1,ibvs_active,-24.39,9.48,-13.6,-5.2,-13.1,-5.0,14.6,-0.13,0.05,0,0,0,1,55.5,
71.685,1417,1,ibvs_active,-24.92,9.72,-20.9,-9.6,-19.3,-8.7,23.0,-0.539,0.242,0,0,0,1,55.7,
71.740,1418,1,ibvs_active,-26.27,10.63,-28.8,-20.6,-26.9,-18.2,35.4,-1.344,0.91,0,0,0,1,55.5,
71.789,1419,1,ibvs_active,-27.85,11.86,-32.9,-26.1,-31.7,-24.5,42.0,-1.585,1.225,0,0,0,1,55.2,
71.842,1420,1,ibvs_active,-29.85,13.52,-44.8,-35.4,-42.2,-33.2,57.2,-2.0,1.662,0,0,0,1,54.9,
71.899,1421,0,tag_lost_countdown,-29.85,13.52,,,,,,,,,,,,,0.0
71.980,1422,1,ibvs_active,-31.58,14.05,-32.7,-4.9,-34.6,-10.6,33.1,-1.731,0.529,0,0,0,1,53.3,
72.027,1423,1,ibvs_active,-33.08,14.25,-28.8,-2.3,-29.9,-3.9,28.9,-1.497,0.197,0,0,0,1,54.2,
72.084,1424,1,ibvs_active,-34.69,14.46,-32.7,-4.4,-32.2,-4.3,33.0,-1.608,0.214,0,0,0,1,54.5,
72.130,1425,0,tag_lost_countdown,-34.69,14.46,,,,,,,,,,,,,0.0
72.217,1426,1,ibvs_active,-35.26,14.47,-18.0,0.4,-20.9,-0.5,18.0,-0.566,0.015,0,0,0,1,54.2,
72.265,1427,1,ibvs_active,-35.37,14.51,-11.0,-5.0,-13.0,-4.1,12.1,-0.117,0.037,0,0,0,1,53.8,
72.320,1428,1,ibvs_active,-35.55,14.57,-14.6,-4.4,-14.3,-4.3,15.2,-0.175,0.053,0,0,0,1,53.2,
72.370,1429,1,ibvs_active,-35.8,14.71,-14.9,-9.2,-14.8,-8.2,17.5,-0.255,0.142,0,0,0,1,53.5,
72.457,1430,1,ibvs_active,-36.37,15.16,-18.5,-15.7,-17.7,-14.2,24.2,-0.563,0.451,0,0,0,1,51.9,
72.530,1431,1,ibvs_active,-37.6,17.16,-26.5,-46.6,-24.8,-40.1,53.6,-1.238,2.0,0,0,0,1,49.2,
72.581,1432,1,ibvs_active,-38.66,19.16,-20.3,-67.3,-21.2,-61.9,70.3,-1.058,2.0,0,0,0,1,50.3,
72.631,1433,1,ibvs_active,-39.54,21.16,-16.7,-75.0,-17.6,-72.4,76.8,-0.881,2.0,0,0,0,1,48.3,
72.681,1434,0,tag_lost_countdown,-39.54,21.16,,,,,,,,,,,,,0.0
72.752,1435,1,ibvs_active,-39.41,23.16,7.8,-88.7,2.7,-85.4,89.0,0.136,2.0,0,0,0,1,51.3,
72.810,1436,0,tag_lost_countdown,-39.41,23.16,,,,,,,,,,,,,0.0
72.857,1437,1,ibvs_active,-38.42,25.16,24.0,-146.6,19.8,-134.3,148.5,0.988,2.0,0,0,0,1,49.6,
72.903,1438,0,tag_lost_countdown,-38.42,25.16,,,,,,,,,,,,,0.0
72.951,1439,1,ibvs_active,-37.39,27.16,20.7,-162.4,20.5,-156.8,163.7,1.026,2.0,0,0,0,1,46.3,
73.034,1440,1,ibvs_active,-36.24,29.16,23.6,-153.7,23.0,-154.3,155.5,1.15,2.0,0,0,0,1,36.6,
73.086,1441,0,tag_lost_countdown,-36.24,29.16,,,,,,,,,,,,,0.0
73.140,1442,1,ibvs_active,-36.41,31.16,-9.9,-154.3,-3.3,-154.3,154.6,-0.165,2.0,0,0,0,1,41.7,
73.191,1443,1,ibvs_active,-37.34,33.16,-22.5,-150.9,-18.7,-151.6,152.6,-0.934,2.0,0,0,0,1,48.5,
73.244,1444,1,ibvs_active,-38.64,35.0,-27.9,-175.3,-26.1,-170.6,177.5,-1.303,2.0,0,0,1,1,49.2,
73.310,1445,0,tag_lost_countdown,-38.64,35.0,,,,,,,,,,,,,0.0
73.373,1446,1,ibvs_active,-40.29,35.0,-34.6,-126.8,-32.9,-135.6,131.4,-1.644,2.0,0,0,1,1,49.3,
73.424,1447,1,ibvs_active,-42.24,35.0,-40.6,-111.1,-39.0,-116.0,118.3,-1.952,2.0,0,0,1,1,50.1,
73.479,1448,1,ibvs_active,-44.24,35.0,-43.6,-112.5,-42.7,-113.2,120.7,-2.0,2.0,0,0,1,1,50.0,
73.546,1449,1,ibvs_active,-45.82,35.0,-28.9,-111.1,-31.6,-111.6,114.8,-1.582,2.0,0,0,1,1,46.1,
73.635,1450,1,ibvs_active,-47.03,35.0,-22.4,-106.3,-24.3,-107.3,108.6,-1.213,2.0,0,0,1,1,50.2,
73.678,1451,0,tag_lost_countdown,-47.03,35.0,,,,,,,,,,,,,0.0
73.731,1452,1,ibvs_active,-47.04,35.0,6.0,-99.4,-0.0,-101.0,99.6,-0.002,2.0,0,0,1,1,50.4,
73.780,1453,1,ibvs_active,-46.5,35.0,13.3,-98.6,10.6,-99.1,99.5,0.531,2.0,0,0,1,1,51.7,
73.867,1454,1,ibvs_active,-46.14,35.0,6.3,-101.3,7.2,-100.8,101.5,0.36,2.0,0,0,1,1,49.5,
73.925,1455,1,ibvs_active,-45.89,35.0,4.6,-114.2,5.1,-111.5,114.3,0.257,2.0,0,0,1,1,51.7,
73.982,1456,1,ibvs_active,-45.57,35.0,6.6,-116.4,6.3,-115.4,116.6,0.314,2.0,0,0,1,1,50.9,
74.031,1457,1,ibvs_active,-45.59,35.0,-2.0,-121.2,-0.3,-120.0,121.2,-0.016,2.0,0,0,1,1,49.9,
74.093,1458,1,ibvs_active,-45.67,35.0,-2.0,-126.2,-1.7,-125.0,126.3,-0.084,2.0,0,0,1,1,50.9,
74.144,1459,1,ibvs_active,-45.78,35.0,-2.2,-129.1,-2.1,-128.3,129.1,-0.104,2.0,0,0,1,1,50.1,
74.202,1460,1,ibvs_active,-46.02,35.0,-5.6,-126.9,-4.9,-127.2,127.0,-0.245,2.0,0,0,1,1,50.5,
74.253,1461,1,ibvs_active,-46.32,35.0,-6.3,-128.6,-6.0,-128.3,128.8,-0.301,2.0,0,0,1,1,50.4,
74.309,1462,1,ibvs_active,-46.61,35.0,-5.7,-134.1,-5.8,-132.9,134.2,-0.29,2.0,0,0,1,1,50.5,
74.356,1463,1,ibvs_active,-46.6,35.0,1.7,-122.2,0.2,-124.4,122.2,0.011,2.0,0,0,1,1,44.0,
74.406,1464,1,ibvs_active,-46.42,35.0,4.4,-110.4,3.5,-113.2,110.5,0.177,2.0,0,0,1,1,48.8,
74.450,1465,1,ibvs_active,-46.15,35.0,5.9,-101.9,5.4,-104.2,102.1,0.271,2.0,0,0,1,1,50.5,
74.509,1466,1,ibvs_active,-45.69,35.0,10.2,-89.8,9.2,-92.7,90.4,0.462,2.0,0,0,1,1,51.5,
74.560,1467,1,ibvs_active,-45.05,35.0,13.7,-91.1,12.8,-91.4,92.1,0.64,2.0,0,0,1,1,51.3,
74.614,1468,1,ibvs_active,-44.2,35.0,18.2,-96.9,17.1,-95.8,98.6,0.857,2.0,0,0,1,1,51.5,
74.663,1469,1,ibvs_active,-43.46,35.0,14.2,-97.9,14.7,-97.5,98.9,0.737,2.0,0,0,1,1,50.7,
74.722,1470,1,ibvs_active,-42.85,35.0,11.5,-100.2,12.1,-99.6,100.8,0.606,2.0,0,0,1,1,51.3,
74.765,1471,0,tag_lost_countdown,-42.85,35.0,,,,,,,,,,,,,0.0
74.815,1472,0,tag_lost_countdown,-42.85,35.0,,,,,,,,,,,,,0.04
74.864,1473,1,ibvs_active,-43.44,35.0,-17.8,-143.6,-11.8,-134.8,144.7,-0.592,2.0,0,0,1,1,49.5,
74.916,1474,1,ibvs_active,-44.19,35.0,-15.8,-134.3,-15.0,-134.4,135.2,-0.749,2.0,0,0,1,1,45.5,
74.965,1475,1,ibvs_active,-45.33,35.0,-24.8,-122.4,-22.8,-124.8,124.9,-1.141,2.0,0,0,1,1,51.1,
75.017,1476,1,ibvs_active,-46.64,35.0,-27.1,-124.7,-26.2,-124.7,127.6,-1.311,2.0,0,0,1,1,50.6,
75.062,1477,1,ibvs_active,-47.82,35.0,-22.8,-140.0,-23.5,-136.9,141.8,-1.175,2.0,0,0,1,1,50.2,
75.115,1478,1,ibvs_active,-48.72,35.0,-16.7,-145.0,-18.1,-143.4,146.0,-0.905,2.0,0,0,1,1,46.3,
75.183,1479,1,ibvs_active,-49.28,35.0,-9.3,-142.5,-11.0,-142.7,142.8,-0.552,2.0,0,0,1,1,50.3,
75.262,1480,1,ibvs_active,-49.54,35.0,-3.8,-140.1,-5.3,-140.6,140.2,-0.263,2.0,0,0,1,1,47.2,
75.312,1481,1,ibvs_active,-49.53,35.0,1.5,-152.6,0.1,-150.2,152.6,0.007,2.0,0,0,1,1,51.0,
75.365,1482,1,ibvs_active,-49.5,35.0,0.8,-174.2,0.7,-169.4,174.2,0.033,2.0,0,0,1,1,42.7,
75.414,1483,1,ibvs_active,-49.5,35.0,-0.1,-181.3,0.1,-178.9,181.3,0.003,2.0,0,0,1,1,49.3,
75.472,1484,1,ibvs_active,-49.6,35.0,-2.7,-182.5,-2.1,-181.7,182.5,-0.106,2.0,0,0,1,1,50.3,
75.522,1485,1,ibvs_active,-49.85,35.0,-5.7,-176.7,-5.0,-177.7,176.8,-0.25,2.0,0,0,1,1,50.2,
75.576,1486,1,ibvs_active,-50.18,35.0,-6.9,-171.5,-6.5,-172.8,171.7,-0.327,2.0,0,0,1,1,50.0,
75.629,1487,1,ibvs_active,-50.65,35.0,-10.1,-172.7,-9.4,-172.7,173.0,-0.47,2.0,0,0,1,1,50.2,
75.719,1488,1,ibvs_active,-51.34,35.0,-15.0,-171.3,-13.9,-171.6,172.0,-0.694,2.0,0,0,1,1,50.7,
75.772,1489,1,ibvs_active,-52.28,35.0,-20.0,-162.8,-18.8,-164.6,164.0,-0.939,2.0,0,0,1,1,50.5,
75.830,1490,1,ibvs_active,-53.29,35.0,-20.5,-160.0,-20.1,-160.9,161.3,-1.006,2.0,0,0,1,1,50.5,
75.880,1491,1,ibvs_active,-54.36,35.0,-21.7,-160.7,-21.4,-160.7,162.1,-1.069,2.0,0,0,1,1,50.4,
75.938,1492,1,ibvs_active,-55.3,35.0,-18.2,-159.9,-18.9,-160.1,161.0,-0.943,2.0,0,0,1,1,50.3,
75.990,1493,1,ibvs_active,-55.97,35.0,-11.9,-159.4,-13.3,-159.5,159.9,-0.665,2.0,0,0,1,1,49.1,
76.046,1494,1,ibvs_active,-56.41,35.0,-7.7,-155.8,-8.8,-156.6,156.0,-0.441,2.0,0,0,1,1,50.6,
76.099,1495,1,ibvs_active,-56.67,35.0,-4.3,-151.8,-5.2,-152.7,151.8,-0.26,2.0,0,0,1,1,50.4,
76.154,1496,1,ibvs_active,-56.67,35.0,1.3,-148.7,-0.0,-149.5,148.7,-0.001,2.0,0,0,1,1,51.3,
76.206,1497,1,ibvs_active,-56.52,35.0,3.7,-141.5,2.9,-143.1,141.5,0.147,2.0,0,0,1,1,51.0,
76.261,1498,1,ibvs_active,-56.35,35.0,3.5,-136.6,3.4,-137.9,136.6,0.171,2.0,0,0,1,1,52.4,
76.311,1499,1,ibvs_active,-56.2,35.0,2.9,-128.4,3.0,-130.3,128.4,0.15,2.0,0,0,1,1,51.2,
76.393,1500,1,ibvs_active,-55.9,35.0,6.9,-123.0,6.1,-124.4,123.2,0.305,2.0,0,0,1,1,51.0,
76.451,1501,1,ibvs_active,-55.32,35.0,12.9,-115.9,11.5,-117.6,116.6,0.577,2.0,0,0,1,1,52.2,
76.499,1502,1,ibvs_active,-54.38,35.0,20.7,-101.6,18.8,-104.8,103.7,0.942,2.0,0,0,1,1,45.8,
76.546,1503,1,ibvs_active,-53.12,35.0,26.6,-92.9,25.1,-95.3,96.6,1.253,2.0,0,0,1,1,49.9,
76.596,1504,1,ibvs_active,-51.34,35.0,38.3,-73.9,35.6,-78.2,83.2,1.782,2.0,0,0,1,1,44.7,
76.657,1505,1,ibvs_active,-49.34,35.0,41.6,-65.2,40.4,-67.8,77.3,2.0,2.0,0,0,1,1,51.3,
76.727,1506,0,tag_lost_countdown,-49.34,35.0,,,,,,,,,,,,,0.0
76.773,1507,0,tag_lost_countdown,-49.34,35.0,,,,,,,,,,,,,0.05
76.818,1508,0,tag_lost_countdown,-49.34,35.0,,,,,,,,,,,,,0.09
76.862,1509,0,tag_lost_countdown,-49.34,35.0,,,,,,,,,,,,,0.14
76.949,1510,1,ibvs_active,-47.46,33.0,36.9,85.2,37.6,54.6,92.9,1.878,-2.0,0,0,0,1,38.5,
77.003,1511,1,ibvs_active,-45.46,31.0,42.6,108.3,41.6,97.5,116.3,2.0,-2.0,0,0,0,1,40.4,
77.054,1512,1,ibvs_active,-43.46,29.0,42.9,126.2,42.7,120.4,133.3,2.0,-2.0,0,0,0,1,37.3,
77.100,1513,1,ibvs_active,-41.71,27.0,33.1,133.0,35.0,130.5,137.0,1.751,-2.0,0,0,0,1,47.0,
77.152,1514,1,ibvs_active,-40.36,25.0,25.0,138.0,27.0,136.5,140.3,1.349,-2.0,0,0,0,1,39.2,
77.212,1515,1,ibvs_active,-40.16,23.0,-1.7,133.3,4.0,133.9,133.3,0.201,-2.0,0,0,0,1,46.3,
77.282,1516,0,tag_lost_countdown,-40.16,23.0,,,,,,,,,,,,,0.0
77.325,1517,0,tag_lost_countdown,-40.16,23.0,,,,,,,,,,,,,0.05
77.377,1518,1,ibvs_active,-41.26,21.0,-28.5,69.1,-22.0,82.1,74.8,-1.1,-2.0,0,0,0,1,52.3,
77.423,1519,1,ibvs_active,-42.67,19.0,-29.7,55.4,-28.1,60.7,62.8,-1.407,-2.0,0,0,0,1,53.7,
77.505,1520,1,ibvs_active,-44.15,17.0,-30.0,53.0,-29.7,54.5,60.9,-1.483,-2.0,0,0,0,1,54.1,
77.562,1521,1,ibvs_active,-45.71,15.47,-31.4,24.5,-31.1,30.5,39.8,-1.553,-1.526,0,0,0,1,42.6,
77.617,1522,1,ibvs_active,-46.85,14.69,-22.2,12.9,-24.0,16.4,25.7,-1.142,-0.782,0,0,0,1,36.5,
77.667,1523,1,ibvs_active,-46.93,14.7,-9.7,-6.1,-12.6,-1.6,11.5,-0.084,0.011,0,0,0,1,52.6,
77.715,1524,0,tag_lost_countdown,-46.93,14.7,,,,,,,,,,,,,0.0
77.795,1525,1,ibvs_active,-46.12,15.98,23.4,-31.6,16.2,-25.6,39.3,0.81,1.281,0,0,0,1,54.1,
77.848,1526,1,ibvs_active,-44.94,17.49,25.6,-31.2,23.7,-30.1,40.4,1.186,1.506,0,0,0,1,53.5,
77.897,1527,1,ibvs_active,-43.63,18.79,26.8,-24.9,26.2,-25.9,36.6,1.309,1.297,0,0,0,1,52.7,
77.948,1528,1,ibvs_active,-42.29,19.69,26.7,-16.1,26.6,-18.1,31.2,1.332,0.904,0,0,0,1,52.6,
77.993,1529,1,ibvs_active,-41.95,19.64,15.4,7.8,17.6,2.7,17.2,0.344,-0.052,0,0,0,1,38.8,
78.073,1530,1,ibvs_active,-41.86,18.95,-0.8,27.1,2.9,22.2,27.1,0.089,-0.689,0,0,0,1,45.9,
78.118,1531,1,ibvs_active,-42.58,16.95,-18.8,72.3,-14.4,62.3,74.7,-0.722,-2.0,0,0,0,1,42.6,
78.167,1532,0,tag_lost_countdown,-42.58,16.95,,,,,,,,,,,,,0.0
78.210,1533,1,ibvs_active,-43.53,14.95,-20.0,101.4,-18.9,93.6,103.4,-0.945,-2.0,0,0,0,1,44.1,
78.262,1534,1,ibvs_active,-44.52,12.95,-20.0,97.4,-19.8,96.7,99.5,-0.991,-2.0,0,0,0,1,52.5,
78.325,1535,1,ibvs_active,-45.45,10.95,-18.2,104.9,-18.5,103.2,106.5,-0.926,-2.0,0,0,0,1,51.8,
78.399,1536,1,ibvs_active,-46.09,8.95,-11.5,93.3,-12.9,95.3,94.0,-0.645,-2.0,0,0,0,1,38.4,
78.441,1537,0,tag_lost_countdown,-46.09,8.95,,,,,,,,,,,,,0.0
78.491,1538,1,ibvs_active,-45.52,6.95,17.4,73.4,11.4,77.8,75.4,0.568,-2.0,0,0,0,1,51.5,
78.533,1539,0,tag_lost_countdown,-45.52,6.95,,,,,,,,,,,,,0.0
78.628,1540,1,ibvs_active,-44.43,4.95,24.4,54.2,21.8,58.9,59.4,1.089,-2.0,0,0,0,1,52.5,
78.678,1541,1,ibvs_active,-43.46,2.95,18.9,37.0,19.5,41.4,41.5,0.973,-2.0,0,0,0,1,51.9,
78.731,1542,1,ibvs_active,-42.75,2.07,16.1,15.8,16.8,20.9,22.6,0.706,-0.878,0,0,0,1,46.0,
78.779,1543,1,ibvs_active,-42.1,0.95,13.5,25.4,14.2,24.5,28.8,0.65,-1.123,0,0,0,1,49.6,
78.830,1544,1,ibvs_active,-41.94,-0.44,0.7,30.0,3.4,28.9,30.0,0.162,-1.383,0,0,0,1,49.5,
78.903,1545,1,ibvs_active,-42.26,-1.25,-11.8,21.2,-8.8,22.7,24.2,-0.315,-0.816,0,0,0,1,43.1,
78.957,1546,1,ibvs_active,-42.96,-1.58,-24.3,6.6,-21.2,9.8,25.1,-0.704,-0.326,0,0,0,1,52.8,
79.004,1547,1,ibvs_active,-43.16,-1.5,-12.7,-9.4,-14.4,-5.5,15.8,-0.197,0.076,0,0,0,1,44.4,
79.052,1548,1,ibvs_active,-43.21,-1.51,-11.2,2.9,-11.8,1.2,11.5,-0.055,-0.005,0,0,0,1,39.7,
79.098,1549,1,ibvs_active,-43.46,-1.71,-14.0,13.3,-13.6,10.9,19.3,-0.25,-0.2,0,0,0,1,53.3,
79.185,1550,1,ibvs_active,-43.95,-2.29,-15.2,19.4,-14.9,17.7,24.6,-0.485,-0.577,0,0,0,1,53.8,
79.232,1551,1,ibvs_active,-44.39,-3.12,-10.9,23.3,-11.7,22.1,25.7,-0.44,-0.833,0,0,0,1,53.8,
79.283,1552,1,ibvs_active,-44.78,-4.19,-8.7,26.1,-9.3,25.3,27.5,-0.395,-1.071,0,0,0,1,52.6,
79.327,1553,1,ibvs_active,-45.07,-6.12,-4.9,41.9,-5.8,38.6,42.2,-0.29,-1.929,0,0,0,1,46.9,
79.380,1554,1,ibvs_active,-45.15,-8.12,-0.3,41.3,-1.4,40.8,41.3,-0.072,-2.0,0,0,0,1,53.3,
79.453,1555,1,ibvs_active,-45.03,-10.12,3.2,40.4,2.2,40.4,40.5,0.112,-2.0,0,0,0,1,52.5,
79.516,1556,1,ibvs_active,-44.8,-11.64,5.4,28.0,4.7,30.5,28.5,0.237,-1.523,0,0,0,1,41.6,
79.562,1557,1,ibvs_active,-44.12,-13.42,15.8,36.9,13.6,35.6,40.2,0.679,-1.781,0,0,0,1,36.1,
79.611,1558,1,ibvs_active,-43.44,-14.61,14.5,22.5,14.3,25.1,26.8,0.678,-1.187,0,0,0,1,48.7,
79.656,1559,1,ibvs_active,-43.01,-16.34,7.2,36.9,8.6,34.5,37.6,0.431,-1.726,0,0,0,1,41.9,
79.730,1560,1,ibvs_active,-42.85,-18.11,1.9,35.8,3.2,35.5,35.8,0.162,-1.776,0,0,0,1,44.2,
79.783,1561,0,tag_lost_countdown,-42.85,-18.11,,,,,,,,,,,,,0.0
79.832,1562,0,tag_lost_countdown,-42.85,-18.11,,,,,,,,,,,,,0.04
79.880,1563,1,ibvs_active,-43.27,-18.0,-23.9,-15.1,-18.5,-5.0,28.3,-0.422,0.113,0,0,0,1,53.7,
79.931,1564,1,ibvs_active,-44.27,-17.76,-26.9,-6.3,-25.2,-6.0,27.6,-1.003,0.239,0,0,0,1,53.3,
79.999,1565,1,ibvs_active,-45.63,-17.71,-29.7,0.1,-28.8,-1.1,29.7,-1.355,0.053,0,0,0,1,51.8,
80.070,1566,1,ibvs_active,-47.4,-18.17,-37.2,12.0,-35.5,9.3,39.0,-1.775,-0.467,0,0,0,1,53.2,
80.116,1567,1,ibvs_active,-48.57,-19.45,-20.3,29.6,-23.3,25.5,35.9,-1.166,-1.277,0,0,0,1,44.9,
80.170,1568,1,ibvs_active,-49.62,-21.1,-20.6,34.9,-21.1,33.0,40.5,-1.056,-1.65,0,0,0,1,53.5,
80.213,1569,0,tag_lost_countdown,-49.62,-21.1,,,,,,,,,,,,,0.0
80.286,1570,1,ibvs_active,-49.63,-23.04,5.1,40.1,-0.2,38.7,40.4,-0.009,-1.935,0,0,0,1,50.4,
80.343,1571,1,ibvs_active,-48.93,-25.01,17.6,39.6,14.1,39.4,43.4,0.704,-1.971,0,0,0,1,52.5,
80.390,1572,0,tag_lost_countdown,-48.93,-25.01,,,,,,,,,,,,,0.0
80.437,1573,1,ibvs_active,-48.2,-26.91,14.8,37.6,14.7,38.0,40.4,0.733,-1.899,0,0,0,1,53.9,
80.490,1574,1,ibvs_active,-47.72,-27.91,10.7,20.6,11.5,24.1,23.2,0.477,-1.004,0,0,0,1,53.7,
80.554,1575,1,ibvs_active,-47.4,-28.54,9.9,19.2,10.2,20.2,21.6,0.321,-0.635,0,0,0,1,54.7,
80.624,1576,1,ibvs_active,-47.31,-28.64,9.2,7.7,9.4,10.2,12.0,0.091,-0.099,0,0,0,1,54.4,
80.674,1577,1,deadband,-47.31,-28.64,2.5,6.5,3.9,7.2,7.0,0.0,0.0,1,0,0,0,51.1,
80.726,1578,1,ibvs_active,-47.38,-28.85,-7.8,16.6,-5.5,14.7,18.3,-0.078,-0.21,0,0,0,1,48.5,
80.772,1579,1,ibvs_active,-47.76,-29.77,-10.7,25.9,-9.7,23.7,28.0,-0.377,-0.921,0,0,0,1,52.7,
80.856,1580,1,ibvs_active,-48.43,-31.62,-14.4,40.3,-13.4,37.0,42.8,-0.671,-1.848,0,0,0,1,53.2,
80.901,1581,1,ibvs_active,-49.31,-33.62,-18.6,48.6,-17.5,46.3,52.0,-0.877,-2.0,0,0,0,1,54.4,
80.954,1582,1,ibvs_active,-50.36,-35.0,-21.8,46.2,-21.0,46.2,51.1,-1.048,-2.0,0,0,1,1,52.6,
80.998,1583,1,ibvs_active,-51.44,-35.0,-21.9,42.4,-21.7,43.2,47.7,-1.084,-2.0,0,0,1,1,47.3,
81.049,1584,1,ibvs_active,-52.25,-35.0,-14.9,23.9,-16.2,27.8,28.2,-0.812,-1.389,0,0,1,1,43.1,
81.125,1585,1,ibvs_active,-52.45,-35.0,-9.7,9.4,-11.0,13.1,13.6,-0.197,-0.233,0,0,1,1,54.6,
81.181,1586,1,ibvs_active,-52.45,-35.0,4.0,11.2,1.0,11.6,11.9,0.004,-0.047,0,0,1,1,50.2,
81.229,1587,1,ibvs_active,-52.43,-35.0,1.9,13.4,1.7,13.0,13.5,0.013,-0.102,0,0,1,1,53.7,
81.282,1588,1,ibvs_active,-52.42,-35.0,2.4,11.4,2.2,11.7,11.7,0.011,-0.057,0,0,1,1,53.7,
81.329,1589,1,ibvs_active,-52.37,-35.0,5.0,14.9,4.4,14.2,15.7,0.054,-0.175,0,0,1,1,54.0,
81.415,1590,1,ibvs_active,-52.3,-35.0,3.9,17.0,4.0,16.4,17.4,0.07,-0.284,0,0,1,1,53.0,
81.461,1591,1,ibvs_active,-52.26,-35.0,1.8,16.0,2.2,16.1,16.1,0.035,-0.251,0,0,1,1,53.1,
81.518,1592,1,ibvs_active,-52.24,-35.0,1.7,15.2,1.8,15.4,15.3,0.024,-0.211,0,0,1,1,53.6,
81.565,1593,1,ibvs_active,-52.22,-35.0,1.8,14.5,1.8,14.7,14.6,0.021,-0.175,0,0,1,1,54.2,
81.633,1594,1,ibvs_active,-52.21,-35.0,0.7,13.1,0.9,13.4,13.2,0.008,-0.117,0,0,1,1,54.0,
81.716,1595,1,deadband,-52.21,-35.0,0.0,8.4,0.2,9.4,8.4,0.0,0.0,1,0,0,0,54.0,
81.762,1596,0,tag_lost_countdown,-52.21,-35.0,,,,,,,,,,,,,0.0
81.804,1597,0,tag_lost_countdown,-52.21,-35.0,,,,,,,,,,,,,0.05
81.852,1598,0,tag_lost_countdown,-52.21,-35.0,,,,,,,,,,,,,0.09
81.901,1599,0,tag_lost_countdown,-52.21,-35.0,,,,,,,,,,,,,0.14
82.039,1600,1,ibvs_active,-51.13,-33.0,26.9,-105.0,21.5,-82.1,108.3,1.077,2.0,0,0,0,1,49.1,
82.095,1601,1,ibvs_active,-50.23,-31.0,17.1,-131.5,18.0,-121.6,132.6,0.899,2.0,0,0,0,1,46.1,
82.150,1602,1,ibvs_active,-49.27,-29.0,19.6,-159.7,19.3,-152.1,161.0,0.966,2.0,0,0,0,1,43.3,
82.198,1603,1,ibvs_active,-48.08,-27.0,24.9,-170.1,23.8,-166.5,171.9,1.188,2.0,0,0,0,1,46.5,
82.274,1604,1,ibvs_active,-47.16,-25.0,17.1,-162.2,18.4,-163.0,163.1,0.921,2.0,0,0,0,1,31.3,
82.358,1605,1,ibvs_active,-47.17,-23.0,-5.0,-155.4,-0.3,-156.9,155.5,-0.015,2.0,0,0,0,1,48.8,
82.413,1606,0,tag_lost_countdown,-47.17,-23.0,,,,,,,,,,,,,0.0
82.467,1607,1,ibvs_active,-48.29,-21.0,-27.8,-123.9,-22.3,-130.5,127.0,-1.115,2.0,0,0,0,1,52.0,
82.523,1608,1,ibvs_active,-49.54,-19.0,-25.7,-114.9,-25.1,-118.0,117.8,-1.253,2.0,0,0,0,1,46.9,
82.596,1609,1,ibvs_active,-50.77,-17.0,-24.4,-129.8,-24.5,-127.4,132.1,-1.227,2.0,0,0,0,1,51.4,
82.653,1610,0,tag_lost_countdown,-50.77,-17.0,,,,,,,,,,,,,0.0
82.704,1611,1,ibvs_active,-51.46,-15.0,-11.3,-111.9,-13.9,-115.0,112.5,-0.696,2.0,0,0,0,1,51.9,
82.756,1612,1,ibvs_active,-51.36,-13.0,6.2,-114.5,2.2,-114.6,114.6,0.11,2.0,0,0,0,1,38.6,
82.807,1613,1,ibvs_active,-51.06,-11.0,6.7,-123.9,5.8,-122.0,124.0,0.292,2.0,0,0,0,1,47.4,
82.916,1614,1,ibvs_active,-50.82,-9.0,4.7,-125.6,4.9,-124.9,125.7,0.246,2.0,0,0,0,1,48.5,
82.986,1615,1,ibvs_active,-50.38,-7.0,9.8,-106.7,8.8,-110.4,107.2,0.439,2.0,0,0,0,1,39.2,
83.038,1616,1,ibvs_active,-49.73,-5.0,13.9,-109.6,12.9,-109.7,110.4,0.643,2.0,0,0,0,1,49.1,
83.087,1617,1,ibvs_active,-48.85,-3.0,18.8,-120.7,17.6,-118.5,122.1,0.88,2.0,0,0,0,1,51.0,
83.138,1618,0,tag_lost_countdown,-48.85,-3.0,,,,,,,,,,,,,0.0
83.184,1619,1,ibvs_active,-47.86,-1.0,20.5,-98.2,19.9,-102.3,100.3,0.997,2.0,0,0,0,1,52.0,
83.234,1620,0,tag_lost_countdown,-47.86,-1.0,,,,,,,,,,,,,0.0
83.282,1621,1,ibvs_active,-47.21,1.0,11.1,-124.7,12.9,-120.2,125.2,0.643,2.0,0,0,0,1,33.3,
83.335,1622,1,ibvs_active,-47.05,3.0,1.0,-115.8,3.3,-116.7,115.8,0.167,2.0,0,0,0,1,45.6,
83.398,1623,1,ibvs_active,-47.11,5.0,-2.4,-131.1,-1.3,-128.3,131.2,-0.063,2.0,0,0,0,1,47.4,
83.492,1624,1,ibvs_active,-47.58,7.0,-11.4,-124.4,-9.4,-125.2,124.9,-0.469,2.0,0,0,0,1,50.8,
83.537,1625,0,tag_lost_countdown,-47.58,7.0,,,,,,,,,,,,,0.0
83.587,1626,1,ibvs_active,-49.12,9.0,-36.3,-115.1,-30.9,-117.1,120.7,-1.545,2.0,0,0,0,1,50.2,
83.635,1627,1,ibvs_active,-50.94,11.0,-37.8,-113.3,-36.4,-114.0,119.4,-1.819,2.0,0,0,0,1,50.6,
83.712,1628,0,tag_lost_countdown,-50.94,11.0,,,,,,,,,,,,,0.0
83.767,1629,0,tag_lost_countdown,-50.94,11.0,,,,,,,,,,,,,0.09
83.822,1630,1,ibvs_active,-51.95,13.0,-16.2,-97.5,-20.2,-100.8,98.9,-1.011,2.0,0,0,0,1,52.5,
83.874,1631,1,ibvs_active,-52.83,15.0,-16.8,-98.9,-17.5,-99.3,100.3,-0.876,2.0,0,0,0,1,53.0,
83.926,1632,1,ibvs_active,-53.72,17.0,-17.8,-104.5,-17.7,-103.5,106.0,-0.885,2.0,0,0,0,1,43.2,
83.986,1633,1,ibvs_active,-54.25,19.0,-9.0,-77.0,-10.8,-82.3,77.5,-0.538,2.0,0,0,0,1,44.0,
84.041,1634,1,ibvs_active,-54.44,21.0,-1.9,-61.4,-3.7,-65.6,61.5,-0.183,2.0,0,0,0,1,46.5,
84.086,1635,0,tag_lost_countdown,-54.44,21.0,,,,,,,,,,,,,0.0
84.141,1636,1,ibvs_active,-54.34,22.49,3.4,-20.9,2.0,-29.9,21.2,0.099,1.489,0,0,0,1,53.4,
84.218,1637,1,deadband,-54.34,22.49,6.7,-1.4,5.8,-7.1,6.9,0.0,0.0,1,0,0,0,54.1,
84.273,1638,1,deadband,-54.34,22.49,10.9,-2.4,9.9,-3.4,11.1,0.0,0.0,1,0,0,0,52.9,
84.321,1639,1,ibvs_active,-53.98,22.42,19.6,5.1,17.7,3.4,20.3,0.353,-0.068,0,0,0,1,53.8,
84.377,1640,1,ibvs_active,-53.16,22.27,25.0,4.5,23.6,4.3,25.5,0.823,-0.15,0,0,0,1,52.6,
84.422,1641,1,ibvs_active,-51.16,21.98,44.6,6.1,40.4,5.7,45.1,2.0,-0.287,0,0,0,1,40.9,
84.513,1642,1,ibvs_active,-49.16,21.64,55.6,7.1,52.6,6.9,56.0,2.0,-0.343,0,0,0,1,45.4,
84.559,1643,1,ibvs_active,-47.16,20.96,60.7,15.2,59.0,13.5,62.5,2.0,-0.677,0,0,0,1,52.1,
84.612,1644,1,ibvs_active,-45.16,20.27,68.0,14.0,66.2,13.9,69.4,2.0,-0.694,0,0,0,1,49.2,
84.659,1645,1,ibvs_active,-43.16,19.41,58.5,18.0,60.1,17.2,61.3,2.0,-0.859,0,0,0,1,51.9,
84.764,1646,1,ibvs_active,-41.16,18.58,56.5,16.6,57.2,16.7,58.9,2.0,-0.835,0,0,0,1,52.5,
84.819,1647,1,ibvs_active,-39.16,17.17,52.4,30.9,53.3,28.1,60.8,2.0,-1.404,0,0,0,1,48.3,
84.864,1648,0,tag_lost_countdown,-39.16,17.17,,,,,,,,,,,,,0.0
84.909,1649,1,ibvs_active,-37.16,16.27,47.2,15.6,48.4,18.1,49.7,2.0,-0.906,0,0,0,1,46.4,
84.959,1650,1,ibvs_active,-35.16,16.26,49.0,-4.3,48.9,0.2,49.2,2.0,-0.008,0,0,0,1,38.1,
85.038,1651,1,ibvs_active,-33.16,16.49,52.0,-5.8,51.4,-4.6,52.4,2.0,0.229,0,0,0,1,53.2,
85.101,1652,1,ibvs_active,-31.16,16.56,49.8,-0.7,50.1,-1.5,49.8,2.0,0.074,0,0,0,1,49.1,
85.149,1653,1,ibvs_active,-29.16,15.68,46.1,22.3,46.9,17.5,51.2,2.0,-0.876,0,0,0,1,52.9,
85.203,1654,1,ibvs_active,-27.16,14.48,48.9,25.8,48.5,24.1,55.3,2.0,-1.207,0,0,0,1,53.6,
85.245,1655,0,tag_lost_countdown,-27.16,14.48,,,,,,,,,,,,,0.0
85.330,1656,1,ibvs_active,-25.33,13.1,33.6,28.3,36.6,27.5,44.0,1.831,-1.374,0,0,0,1,36.0,
85.374,1657,1,ibvs_active,-23.96,12.07,25.0,19.1,27.3,20.7,31.4,1.366,-1.037,0,0,0,1,53.0,
85.428,1658,1,ibvs_active,-22.98,10.67,17.8,29.7,19.7,27.9,34.6,0.985,-1.396,0,0,0,1,41.1,
85.477,1659,1,ibvs_active,-21.9,9.3,22.0,27.2,21.6,27.3,35.0,1.078,-1.366,0,0,0,1,53.4,
85.529,1660,1,ibvs_active,-21.48,8.9,13.6,11.5,15.2,14.6,17.8,0.42,-0.406,0,0,0,1,52.2,
85.604,1661,1,ibvs_active,-21.41,8.85,9.0,5.9,10.2,7.7,10.8,0.071,-0.054,0,0,0,1,40.5,
85.661,1662,1,ibvs_active,-20.99,9.32,15.5,-22.1,14.5,-16.1,27.0,0.423,0.471,0,0,0,1,53.6,
85.708,1663,1,ibvs_active,-20.07,10.01,23.3,-16.3,21.6,-16.3,28.5,0.918,0.693,0,0,0,1,48.9,
85.761,1664,1,ibvs_active,-18.14,10.64,42.9,-11.7,38.6,-12.6,44.5,1.932,0.632,0,0,0,1,53.3,
85.810,1665,1,ibvs_active,-16.14,11.15,49.3,-9.5,47.1,-10.2,50.2,2.0,0.508,0,0,0,1,54.2,
85.866,1666,1,ibvs_active,-14.14,11.26,45.6,-0.2,45.9,-2.2,45.6,2.0,0.111,0,0,0,1,52.8,
85.915,1667,1,ibvs_active,-12.46,10.81,30.4,11.7,33.5,8.9,32.5,1.673,-0.447,0,0,0,1,51.2,
85.967,1668,1,ibvs_active,-11.56,10.15,18.7,17.6,21.6,15.9,25.7,0.909,-0.668,0,0,0,1,45.8,
86.021,1669,1,ibvs_active,-10.62,9.19,19.5,21.8,19.9,20.6,29.2,0.931,-0.96,0,0,0,1,53.2,
86.077,1670,1,ibvs_active,-9.72,7.99,17.7,24.8,18.1,23.9,30.4,0.906,-1.197,0,0,0,1,53.4,
86.122,1671,1,ibvs_active,-9.0,7.3,18.6,16.1,18.5,17.7,24.6,0.724,-0.69,0,0,0,1,55.1,
86.174,1672,1,ibvs_active,-8.43,6.88,18.0,12.2,18.1,13.3,21.7,0.563,-0.414,0,0,0,1,54.1,
86.222,1673,1,ibvs_active,-7.17,6.89,30.6,-3.6,28.1,-0.2,30.8,1.267,0.008,0,0,0,1,40.3,
86.270,1674,0,tag_lost_countdown,-7.17,6.89,,,,,,,,,,,,,0.0
86.319,1675,1,ibvs_active,-5.17,7.21,71.3,-7.9,62.6,-6.4,71.7,2.0,0.319,0,0,0,1,41.5,
86.367,1676,1,ibvs_active,-3.17,7.59,71.6,-7.8,69.8,-7.5,72.1,2.0,0.375,0,0,0,1,50.1,
86.415,1677,1,ibvs_active,-1.17,7.12,82.5,13.7,79.9,9.4,83.6,2.0,-0.472,0,0,0,1,46.9,
86.469,1678,1,ibvs_active,0.83,6.45,66.3,14.3,69.0,13.3,67.8,2.0,-0.666,0,0,0,1,53.2,
86.516,1679,1,ibvs_active,2.83,5.91,61.9,10.3,63.3,10.9,62.8,2.0,-0.544,0,0,0,1,53.7,
86.569,1680,1,ibvs_active,4.83,5.66,56.4,3.4,57.8,4.9,56.5,2.0,-0.245,0,0,0,1,53.8,
86.618,1681,1,ibvs_active,6.83,5.61,41.6,-0.0,44.9,0.9,41.6,2.0,-0.047,0,0,0,1,48.6,
86.677,1682,1,ibvs_active,7.88,5.58,21.3,0.9,26.0,0.9,21.3,1.043,-0.036,0,0,0,1,42.5,
86.723,1683,1,ibvs_active,7.97,5.53,7.7,8.0,11.3,6.6,11.1,0.089,-0.052,0,0,0,1,46.2,
86.772,1684,1,deadband,7.97,5.53,-12.2,10.2,-7.5,9.4,15.9,0.0,0.0,1,0,0,0,47.2,
86.824,1685,1,ibvs_active,7.62,5.32,-18.1,9.7,-16.0,9.7,20.5,-0.346,-0.21,0,0,0,1,54.4,
86.880,1686,1,ibvs_active,7.2,5.02,-16.7,12.1,-16.5,11.6,20.6,-0.421,-0.296,0,0,0,1,54.8,
86.931,1687,1,ibvs_active,6.61,4.55,-18.3,15.2,-17.9,14.5,23.8,-0.586,-0.474,0,0,0,1,53.4,
86.987,1688,1,ibvs_active,6.07,3.83,-14.1,20.9,-14.9,19.6,25.3,-0.545,-0.72,0,0,0,1,54.7,
87.038,1689,1,ibvs_active,5.72,2.89,-7.3,25.1,-8.8,24.0,26.1,-0.344,-0.934,0,0,0,1,55.0,
87.097,1690,1,ibvs_active,5.75,1.91,3.1,25.8,0.7,25.4,26.0,0.026,-0.983,0,0,0,1,44.1,
87.146,1691,1,ibvs_active,6.28,0.54,13.3,28.3,10.8,27.8,31.3,0.535,-1.373,0,0,0,1,53.9,
87.197,1692,1,ibvs_active,7.25,-0.87,21.5,28.3,19.4,28.2,35.5,0.968,-1.41,0,0,0,1,54.8,
87.240,1693,0,tag_lost_countdown,7.25,-0.87,,,,,,,,,,,,,0.0
87.290,1694,1,ibvs_active,8.91,-1.93,36.6,19.4,33.2,21.1,41.4,1.659,-1.057,0,0,0,1,54.7,
87.341,1695,0,tag_lost_countdown,8.91,-1.93,,,,,,,,,,,,,0.0
87.393,1696,1,ibvs_active,10.91,-2.25,42.1,2.7,40.3,6.4,42.2,2.0,-0.32,0,0,0,1,48.7,
87.439,1697,1,ibvs_active,12.53,-2.04,30.5,-6.8,32.5,-4.2,31.3,1.624,0.21,0,0,0,1,54.7,
87.490,1698,1,ibvs_active,14.35,-1.78,37.3,-5.5,36.3,-5.3,37.7,1.816,0.263,0,0,0,1,47.9,
87.537,1699,1,ibvs_active,15.97,-1.54,31.4,-4.7,32.4,-4.8,31.8,1.621,0.241,0,0,0,1,54.9,
87.589,1700,1,ibvs_active,16.38,-1.55,15.3,1.9,18.8,0.6,15.5,0.411,-0.012,0,0,0,1,53.3,
87.639,1701,1,deadband,16.38,-1.55,3.1,7.5,6.2,6.1,8.1,0.0,0.0,1,0,0,0,52.6,
87.694,1702,1,ibvs_active,16.34,-1.63,-8.4,12.9,-5.5,11.5,15.4,-0.038,-0.079,0,0,0,1,54.8,
87.742,1703,1,ibvs_active,15.99,-2.17,-13.7,19.9,-12.1,18.2,24.1,-0.357,-0.539,0,0,0,1,54.1,
87.795,1704,1,ibvs_active,15.29,-3.79,-14.4,36.0,-14.0,32.4,38.8,-0.698,-1.622,0,0,0,1,55.1,
87.844,1705,1,ibvs_active,14.62,-5.79,-13.2,41.9,-13.3,40.0,43.9,-0.667,-2.0,0,0,0,1,53.7,
87.900,1706,1,ibvs_active,14.19,-7.79,-7.5,48.5,-8.7,46.8,49.1,-0.434,-2.0,0,0,0,1,54.5,
87.945,1707,0,tag_lost_countdown,14.19,-7.79,,,,,,,,,,,,,0.0
88.002,1708,1,ibvs_active,13.74,-8.57,-13.0,15.1,-12.1,21.5,19.9,-0.444,-0.786,0,0,0,1,55.5,
88.053,1709,1,ibvs_active,13.54,-8.68,-14.5,3.7,-14.0,7.3,15.0,-0.203,-0.105,0,0,0,1,53.9,
88.111,1710,1,ibvs_active,13.34,-8.76,-14.6,5.0,-14.5,5.5,15.5,-0.2,-0.075,0,0,0,1,54.4,
88.161,1711,1,ibvs_active,13.31,-8.81,-4.5,11.6,-6.5,10.3,12.4,-0.036,-0.058,0,0,0,1,53.6,
88.213,1712,1,deadband,13.31,-8.81,-5.5,8.9,-5.7,9.2,10.5,0.0,0.0,1,0,0,0,50.7,
88.266,1713,1,deadband,13.31,-8.81,-10.4,9.0,-9.5,9.0,13.8,0.0,0.0,1,0,0,0,53.8,
88.321,1714,1,ibvs_active,12.87,-9.4,-14.6,20.6,-13.6,18.3,25.3,-0.435,-0.586,0,0,0,1,55.1,
88.370,1715,1,ibvs_active,12.08,-10.61,-16.8,26.4,-16.2,24.7,31.3,-0.791,-1.21,0,0,0,1,55.3,
88.427,1716,1,ibvs_active,11.03,-12.1,-22.2,31.0,-21.0,29.8,38.2,-1.051,-1.488,0,0,0,1,54.8,
88.480,1717,1,ibvs_active,9.99,-13.78,-20.8,34.7,-20.9,33.7,40.5,-1.043,-1.687,0,0,0,1,54.2,
88.535,1718,1,ibvs_active,9.24,-15.29,-13.4,29.2,-14.9,30.1,32.1,-0.746,-1.505,0,0,0,1,54.5,
88.583,1719,1,ibvs_active,8.81,-16.74,-7.0,28.9,-8.6,29.1,29.7,-0.428,-1.456,0,0,0,1,44.3,
88.640,1720,1,ibvs_active,8.88,-17.22,5.9,17.2,3.0,19.5,18.1,0.074,-0.478,0,0,0,1,42.9,
88.686,1721,1,deadband,8.88,-17.22,7.7,-6.6,6.8,-1.3,10.1,0.0,0.0,1,0,0,0,52.9,
88.740,1722,1,ibvs_active,8.93,-17.02,2.8,-18.4,3.6,-15.0,18.6,0.049,0.201,0,0,0,1,51.4,
88.788,1723,1,ibvs_active,8.82,-16.23,-5.1,-25.4,-3.4,-23.3,26.0,-0.115,0.793,0,0,0,1,53.7,
88.843,1724,1,ibvs_active,8.62,-15.1,-5.1,-27.3,-4.7,-26.5,27.8,-0.201,1.124,0,0,0,1,55.1,
88.893,1725,1,ibvs_active,8.32,-13.87,-7.1,-27.5,-6.6,-27.3,28.4,-0.299,1.238,0,0,0,1,54.0,
88.947,1726,1,ibvs_active,7.92,-12.83,-10.2,-24.3,-9.5,-24.9,26.3,-0.396,1.034,0,0,0,1,55.2,
88.998,1727,1,ibvs_active,7.34,-12.69,-23.5,0.0,-20.7,-5.0,23.5,-0.582,0.14,0,0,0,1,49.2,
89.049,1728,0,tag_lost_countdown,7.34,-12.69,,,,,,,,,,,,,0.0
89.098,1729,1,ibvs_active,6.33,-14.16,-20.1,37.9,-20.2,29.3,42.9,-1.011,-1.466,0,0,0,1,54.4,
89.152,1730,1,ibvs_active,5.56,-16.16,-14.2,43.6,-15.4,40.8,45.9,-0.77,-2.0,0,0,0,1,41.5,
89.200,1731,1,ibvs_active,5.13,-18.16,-6.9,47.0,-8.6,45.8,47.5,-0.429,-2.0,0,0,0,1,54.0,
89.255,1732,0,tag_lost_countdown,5.13,-18.16,,,,,,,,,,,,,0.0
89.305,1733,1,ibvs_active,5.57,-19.39,14.0,22.0,9.5,26.7,26.1,0.436,-1.228,0,0,0,1,55.4,
89.358,1734,1,ibvs_active,5.92,-19.73,15.4,10.8,14.2,14.0,18.8,0.352,-0.347,0,0,0,1,53.0,
89.406,1735,1,ibvs_active,6.4,-20.32,14.9,18.7,14.8,17.8,23.9,0.485,-0.583,0,0,0,1,54.1,
89.468,1736,1,ibvs_active,7.17,-21.07,19.9,18.5,18.9,18.4,27.2,0.771,-0.751,0,0,0,1,55.2,
89.516,1737,1,ibvs_active,8.3,-22.08,23.5,20.7,22.6,20.3,31.4,1.13,-1.013,0,0,0,1,53.9,
89.571,1738,1,ibvs_active,9.31,-22.82,22.4,15.6,22.5,16.6,27.3,1.005,-0.741,0,0,0,1,54.4,
89.623,1739,1,ibvs_active,9.87,-23.27,16.5,13.5,17.7,14.1,21.4,0.561,-0.448,0,0,0,1,53.1,
89.679,1740,0,tag_lost_countdown,9.87,-23.27,,,,,,,,,,,,,0.0
89.727,1741,1,deadband,9.87,-23.27,-14.1,-3.0,-7.7,0.4,14.4,0.0,0.0,1,0,0,0,54.0,
89.785,1742,1,ibvs_active,9.78,-23.26,-14.0,-2.2,-12.7,-1.7,14.1,-0.09,0.012,0,0,0,1,54.8,
89.842,1743,1,ibvs_active,9.73,-23.26,-11.4,1.2,-11.7,0.6,11.5,-0.049,-0.003,0,0,0,1,54.5,
89.897,1744,1,deadband,9.73,-23.26,-9.0,7.1,-9.5,5.8,11.4,0.0,0.0,1,0,0,0,53.7,
89.947,1745,1,deadband,9.73,-23.26,-9.1,7.8,-9.2,7.4,12.0,0.0,0.0,1,0,0,0,54.6,
90.002,1746,1,deadband,9.73,-23.26,-8.1,7.9,-8.3,7.8,11.3,0.0,0.0,1,0,0,0,55.1,
90.059,1747,1,deadband,9.73,-23.26,-3.9,8.8,-4.8,8.6,9.6,0.0,0.0,1,0,0,0,54.4,
90.114,1748,1,deadband,9.73,-23.26,-1.4,5.7,-2.1,6.2,5.8,0.0,0.0,1,0,0,0,53.9,
90.163,1749,1,deadband,9.73,-23.26,8.6,4.7,6.4,5.0,9.7,0.0,0.0,1,0,0,0,54.4,
90.218,1750,1,ibvs_active,10.33,-23.53,23.4,10.0,20.0,9.0,25.4,0.596,-0.267,0,0,0,1,54.3,
90.263,1751,1,ibvs_active,11.76,-24.15,30.9,13.3,28.7,12.5,33.6,1.435,-0.624,0,0,0,1,53.0,
90.352,1752,1,ibvs_active,13.76,-25.51,43.4,30.8,40.5,27.1,53.2,2.0,-1.356,0,0,0,1,53.6,
90.395,1753,0,tag_lost_countdown,13.76,-25.51,,,,,,,,,,,,,0.0
90.449,1754,1,ibvs_active,15.09,-26.96,23.2,29.7,26.6,29.2,37.6,1.331,-1.458,0,0,0,1,35.0,
90.500,1755,1,ibvs_active,15.68,-27.78,12.1,18.7,15.0,20.8,22.3,0.586,-0.813,0,0,0,1,54.8,
90.584,1756,1,ibvs_active,16.29,-28.23,19.5,12.0,18.6,13.7,22.9,0.611,-0.45,0,0,0,1,45.5,
90.654,1757,1,ibvs_active,16.96,-28.38,22.6,2.9,21.8,5.1,22.8,0.674,-0.158,0,0,0,1,43.6,
90.707,1758,1,ibvs_active,17.68,-28.12,21.7,-11.3,21.7,-8.0,24.5,0.715,0.263,0,0,0,1,38.9,
90.757,1759,1,ibvs_active,18.41,-27.82,21.8,-9.3,21.8,-9.0,23.7,0.737,0.305,0,0,0,1,55.4,
90.811,1760,1,ibvs_active,19.55,-27.42,27.0,-9.0,25.9,-9.0,28.5,1.133,0.394,0,0,0,1,54.0,
90.874,1761,1,ibvs_active,20.94,-27.24,29.7,-2.5,28.9,-3.8,29.8,1.387,0.182,0,0,0,1,55.1,
90.944,1762,1,ibvs_active,22.62,-27.25,35.0,1.2,33.8,0.2,35.0,1.689,-0.012,0,0,0,1,55.2,
90.991,1763,1,ibvs_active,23.39,-27.38,20.3,4.7,23.0,3.8,20.9,0.767,-0.126,0,0,0,1,41.9,
91.045,1764,1,ibvs_active,23.77,-27.46,16.7,4.0,17.9,4.0,17.1,0.375,-0.083,0,0,0,1,54.3,
91.092,1765,1,ibvs_active,24.0,-27.58,13.7,8.6,14.5,7.6,16.1,0.232,-0.122,0,0,0,1,50.1,
91.177,1766,1,ibvs_active,24.06,-27.7,4.3,13.5,6.3,12.3,14.2,0.061,-0.119,0,0,0,1,54.4,
91.225,1767,1,ibvs_active,24.01,-28.3,-3.9,23.4,-1.8,21.2,23.7,-0.052,-0.596,0,0,0,1,53.7,
91.279,1768,1,ibvs_active,23.91,-29.04,-3.3,23.3,-3.0,22.8,23.5,-0.098,-0.745,0,0,0,1,54.3,
91.328,1769,1,ibvs_active,23.86,-29.72,-1.1,22.0,-1.5,22.2,22.1,-0.046,-0.68,0,0,0,1,54.6,
91.397,1770,1,ibvs_active,23.82,-30.47,-1.4,23.1,-1.4,23.0,23.2,-0.046,-0.746,0,0,0,1,54.5,
91.480,1771,1,ibvs_active,23.72,-31.02,-4.4,19.7,-3.8,20.4,20.2,-0.102,-0.546,0,0,0,1,53.9,
91.536,1772,1,ibvs_active,23.69,-31.09,-4.6,9.4,-4.4,11.6,10.5,-0.027,-0.071,0,0,0,1,54.6,
91.584,1773,1,ibvs_active,23.68,-31.11,-3.2,10.1,-3.4,10.4,10.6,-0.008,-0.025,0,0,0,1,55.1,
91.638,1774,1,ibvs_active,23.67,-31.18,-2.0,12.5,-2.3,12.1,12.7,-0.013,-0.069,0,0,0,1,54.6,
91.695,1775,1,deadband,23.67,-31.18,-3.6,3.8,-3.4,5.4,5.2,0.0,0.0,1,0,0,0,54.9,
91.772,1776,1,deadband,23.67,-31.18,-4.6,-0.2,-4.4,1.0,4.6,0.0,0.0,1,0,0,0,54.6,
91.819,1777,1,deadband,23.67,-31.18,-4.0,0.2,-4.1,0.3,4.0,0.0,0.0,1,0,0,0,53.4,
91.873,1778,1,deadband,23.67,-31.18,-5.1,-1.4,-4.9,-1.0,5.3,0.0,0.0,1,0,0,0,55.6,
91.918,1779,1,deadband,23.67,-31.18,-4.3,2.0,-4.4,1.4,4.7,0.0,0.0,1,0,0,0,55.1,
91.996,1780,1,deadband,23.67,-31.18,-5.3,3.7,-5.1,3.3,6.5,0.0,0.0,1,0,0,0,54.4,
92.051,1781,1,deadband,23.67,-31.18,-7.8,3.1,-7.2,3.1,8.4,0.0,0.0,1,0,0,0,54.8,
92.104,1782,1,deadband,23.67,-31.18,-8.0,3.1,-7.8,3.1,8.5,0.0,0.0,1,0,0,0,54.4,
92.152,1783,1,deadband,23.67,-31.18,-8.5,4.1,-8.3,3.9,9.4,0.0,0.0,1,0,0,0,55.2,
92.207,1784,1,deadband,23.67,-31.18,-7.9,4.1,-8.0,4.1,8.9,0.0,0.0,1,0,0,0,54.0,
92.274,1785,1,deadband,23.67,-31.18,-7.7,6.4,-7.7,6.0,10.0,0.0,0.0,1,0,0,0,54.7,
92.337,1786,1,deadband,23.67,-31.18,-8.1,4.8,-8.0,5.0,9.4,0.0,0.0,1,0,0,0,55.5,
92.385,1787,1,deadband,23.67,-31.18,-9.3,7.0,-9.1,6.6,11.7,0.0,0.0,1,0,0,0,54.7,
92.439,1788,1,deadband,23.67,-31.18,-10.1,5.0,-9.9,5.3,11.2,0.0,0.0,1,0,0,0,54.4,
92.487,1789,1,deadband,23.67,-31.18,-9.7,6.4,-9.7,6.2,11.6,0.0,0.0,1,0,0,0,54.2,
92.575,1790,1,deadband,23.67,-31.18,-8.3,7.6,-8.6,7.3,11.3,0.0,0.0,1,0,0,0,55.1,
92.623,1791,1,ibvs_active,23.53,-31.33,-10.9,12.0,-10.4,11.1,16.2,-0.136,-0.145,0,0,0,1,54.8,
92.678,1792,1,ibvs_active,23.35,-31.5,-11.8,11.5,-11.6,11.4,16.5,-0.181,-0.179,0,0,0,1,55.3,
92.726,1793,1,ibvs_active,23.19,-31.66,-11.1,10.8,-11.2,10.9,15.5,-0.159,-0.154,0,0,0,1,55.0,
92.830,1794,1,ibvs_active,23.06,-31.79,-10.5,10.6,-10.6,10.7,14.9,-0.134,-0.135,0,0,0,1,54.7,
92.888,1795,1,ibvs_active,22.95,-31.93,-8.8,11.8,-9.2,11.6,14.7,-0.109,-0.137,0,0,0,1,54.7,
92.943,1796,1,ibvs_active,22.85,-32.05,-9.1,11.1,-9.1,11.2,14.4,-0.101,-0.124,0,0,0,1,55.1,
92.991,1797,1,ibvs_active,22.47,-32.32,-17.6,11.3,-15.9,11.3,20.9,-0.378,-0.267,0,0,0,1,55.5,
93.065,1798,1,ibvs_active,21.96,-32.66,-18.3,11.9,-17.9,11.8,21.9,-0.509,-0.335,0,0,0,1,56.1,
93.145,1799,1,ibvs_active,21.75,-33.04,-6.9,18.0,-9.1,16.8,19.3,-0.207,-0.381,0,0,0,1,53.7,
93.199,1800,1,ibvs_active,22.26,-34.46,15.0,31.3,10.2,28.4,34.7,0.509,-1.42,0,0,0,1,54.8,
93.242,1801,1,ibvs_active,23.19,-35.0,20.6,44.0,18.5,40.9,48.6,0.926,-2.0,0,0,1,1,53.3,
93.295,1802,1,ibvs_active,24.49,-35.0,27.9,52.4,26.0,50.1,59.4,1.302,-2.0,0,0,1,1,39.7,
93.355,1803,1,ibvs_active,26.49,-35.0,46.2,49.7,42.1,49.8,67.8,2.0,-2.0,0,0,1,1,45.5,
93.430,1804,1,ibvs_active,28.49,-35.0,55.3,56.8,52.7,55.4,79.3,2.0,-2.0,0,0,1,1,53.6,
93.478,1805,1,ibvs_active,30.22,-35.0,30.1,65.2,34.6,63.3,71.8,1.73,-2.0,0,0,1,1,44.5,
93.532,1806,1,ibvs_active,31.62,-35.0,26.4,68.3,28.0,67.3,73.2,1.402,-2.0,0,0,1,1,53.7,
93.576,1807,1,ibvs_active,32.03,-35.0,3.1,73.3,8.1,72.1,73.3,0.403,-2.0,0,0,1,1,42.9,
93.674,1808,1,ibvs_active,32.16,-35.0,1.4,74.9,2.8,74.4,74.9,0.138,-2.0,0,0,1,1,53.8,
93.723,1809,1,ibvs_active,31.15,-35.0,-26.0,74.0,-20.3,74.1,78.4,-1.013,-2.0,0,0,1,1,54.1,
93.779,1810,1,ibvs_active,29.8,-35.0,-28.6,75.4,-27.0,75.2,80.7,-1.348,-2.0,0,0,1,1,55.4,
93.829,1811,1,ibvs_active,28.26,-35.0,-31.7,77.1,-30.8,76.7,83.3,-1.538,-2.0,0,0,1,1,54.3,
93.900,1812,1,ibvs_active,26.72,-35.0,-30.9,81.0,-30.9,80.2,86.7,-1.544,-2.0,0,0,1,1,51.4,
93.984,1813,1,ibvs_active,25.4,-35.0,-25.4,83.7,-26.5,83.0,87.4,-1.323,-2.0,0,0,1,1,54.7,
94.039,1814,1,ibvs_active,24.89,-35.0,-6.2,86.8,-10.2,86.0,87.0,-0.511,-2.0,0,0,1,1,53.8,
94.089,1815,1,ibvs_active,24.33,-35.0,-11.3,87.2,-11.1,86.9,87.9,-0.556,-2.0,0,0,1,1,54.7,
94.142,1816,1,ibvs_active,24.16,-35.0,-1.6,86.7,-3.5,86.7,86.7,-0.174,-2.0,0,0,1,1,43.9,
94.205,1817,1,ibvs_active,24.27,-35.0,3.6,90.5,2.2,89.7,90.6,0.108,-2.0,0,0,1,1,54.6,
94.287,1818,1,ibvs_active,24.47,-35.0,4.7,90.8,4.2,90.6,90.9,0.21,-2.0,0,0,1,1,53.8,
94.339,1819,1,ibvs_active,24.54,-35.0,0.5,94.7,1.2,93.9,94.7,0.062,-2.0,0,0,1,1,53.9,
94.394,1820,1,ibvs_active,24.45,-35.0,-2.6,92.5,-1.8,92.8,92.5,-0.091,-2.0,0,0,1,1,54.0,
94.461,1821,1,ibvs_active,24.14,-35.0,-7.2,93.3,-6.1,93.2,93.6,-0.307,-2.0,0,0,1,1,54.6,
94.553,1822,1,ibvs_active,23.78,-35.0,-7.5,93.3,-7.3,93.3,93.6,-0.363,-2.0,0,0,1,1,54.0,
94.603,1823,1,ibvs_active,23.2,-35.0,-12.6,104.1,-11.5,102.0,104.9,-0.576,-2.0,0,0,1,1,53.7,
94.657,1824,1,ibvs_active,22.27,-35.0,-20.4,110.0,-18.6,108.4,111.8,-0.93,-2.0,0,0,1,1,53.5,
94.702,1825,1,ibvs_active,21.34,-35.0,-18.6,111.2,-18.6,110.6,112.7,-0.931,-2.0,0,0,1,1,49.6,
94.786,1826,1,ibvs_active,20.68,-35.0,-11.9,110.2,-13.3,110.2,110.8,-0.663,-2.0,0,0,1,1,53.8,
94.838,1827,1,ibvs_active,20.04,-35.0,-12.7,110.3,-12.8,110.3,111.1,-0.64,-2.0,0,0,1,1,53.4,
94.893,1828,1,ibvs_active,19.42,-35.0,-12.3,113.3,-12.4,112.7,114.0,-0.62,-2.0,0,0,1,1,52.9,
94.939,1829,1,ibvs_active,18.9,-35.0,-9.9,121.9,-10.4,120.1,122.3,-0.518,-2.0,0,0,1,1,47.8,
95.011,1830,1,ibvs_active,18.38,-35.0,-10.3,128.2,-10.3,126.6,128.6,-0.514,-2.0,0,0,1,1,52.6,
95.095,1831,1,ibvs_active,18.06,-35.0,-5.5,132.3,-6.5,131.2,132.5,-0.325,-2.0,0,0,1,1,53.1,
95.152,1832,1,ibvs_active,17.92,-35.0,-1.8,132.9,-2.7,132.6,132.9,-0.136,-2.0,0,0,1,1,52.6,
95.200,1833,1,ibvs_active,17.72,-35.0,-4.5,128.3,-4.1,129.1,128.4,-0.206,-2.0,0,0,1,1,52.8,
95.256,1834,1,ibvs_active,17.43,-35.0,-6.1,127.6,-5.7,127.9,127.8,-0.283,-2.0,0,0,1,1,53.6,
95.326,1835,1,ibvs_active,17.15,-35.0,-5.7,129.2,-5.7,128.9,129.3,-0.286,-2.0,0,0,1,1,52.9,
95.398,1836,1,ibvs_active,16.78,-35.0,-7.8,128.0,-7.4,128.2,128.3,-0.371,-2.0,0,0,1,1,52.9,
95.446,1837,1,ibvs_active,16.24,-35.0,-11.6,124.2,-10.7,125.0,124.8,-0.537,-2.0,0,0,1,1,53.8,
95.500,1838,1,ibvs_active,15.69,-35.0,-11.1,124.2,-11.0,124.4,124.7,-0.552,-2.0,0,0,1,1,53.6,
95.549,1839,1,ibvs_active,15.55,-35.0,-0.8,121.0,-2.8,121.7,121.0,-0.141,-2.0,0,0,1,1,53.3,
95.641,1840,1,ibvs_active,15.5,-35.0,-0.5,121.3,-0.9,121.4,121.3,-0.047,-2.0,0,0,1,1,53.2,
95.690,1841,1,ibvs_active,16.0,-35.0,12.8,124.9,10.0,124.2,125.6,0.502,-2.0,0,0,1,1,53.1,
95.746,1842,1,ibvs_active,16.62,-35.0,12.9,124.3,12.4,124.3,125.0,0.618,-2.0,0,0,1,1,52.5,
95.791,1843,1,ibvs_active,17.26,-35.0,13.0,122.4,12.9,122.8,123.1,0.643,-2.0,0,0,1,1,54.1,
95.891,1844,1,ibvs_active,17.97,-35.0,14.4,120.5,14.1,121.0,121.4,0.706,-2.0,0,0,1,1,54.1,
95.947,1845,1,ibvs_active,18.43,-35.0,8.1,122.2,9.3,121.9,122.4,0.463,-2.0,0,0,1,1,43.6,
96.000,1846,1,ibvs_active,18.64,-35.0,2.8,124.1,4.1,123.6,124.1,0.205,-2.0,0,0,1,1,53.9,
96.050,1847,1,ibvs_active,18.78,-35.0,2.6,127.1,2.9,126.4,127.1,0.143,-2.0,0,0,1,1,53.4,
96.103,1848,1,ibvs_active,18.51,-35.0,-7.4,128.3,-5.3,127.9,128.5,-0.267,-2.0,0,0,1,1,43.8,
96.176,1849,1,ibvs_active,18.02,-35.0,-11.0,125.4,-9.9,125.9,125.9,-0.494,-2.0,0,0,1,1,52.7,
96.238,1850,1,ibvs_active,17.45,-35.0,-11.9,120.3,-11.5,121.4,120.8,-0.575,-2.0,0,0,1,1,52.9,
96.286,1851,1,ibvs_active,16.87,-35.0,-11.6,117.7,-11.6,118.4,118.3,-0.58,-2.0,0,0,1,1,53.5,
96.339,1852,1,ibvs_active,16.24,-35.0,-12.7,116.3,-12.5,116.7,117.0,-0.625,-2.0,0,0,1,1,53.3,
96.411,1853,1,ibvs_active,15.53,-35.0,-14.6,117.1,-14.2,117.0,118.0,-0.708,-2.0,0,0,1,1,53.8,
96.504,1854,1,ibvs_active,14.81,-35.0,-14.6,110.5,-14.5,111.8,111.5,-0.727,-2.0,0,0,1,1,52.3,
96.549,1855,1,ibvs_active,14.23,-35.0,-10.7,78.3,-11.5,85.0,79.1,-0.573,-2.0,0,0,1,1,48.5,
96.603,1856,1,ibvs_active,13.59,-35.0,-13.2,68.6,-12.8,71.9,69.8,-0.642,-2.0,0,0,1,1,46.8,
96.647,1857,1,ibvs_active,13.07,-35.0,-9.8,46.5,-10.4,51.6,47.5,-0.52,-2.0,0,0,1,1,45.1,
96.725,1858,0,tag_lost_countdown,13.07,-35.0,,,,,,,,,,,,,0.0
96.778,1859,0,tag_lost_countdown,13.07,-35.0,,,,,,,,,,,,,0.09
96.827,1860,0,tag_lost_countdown,13.07,-35.0,,,,,,,,,,,,,0.13
96.871,1861,1,ibvs_active,12.74,-33.0,-5.8,-73.7,-6.7,-48.6,73.9,-0.337,2.0,0,0,0,1,46.8,
96.920,1862,1,ibvs_active,12.67,-31.0,0.2,-86.0,-1.2,-78.5,86.0,-0.061,2.0,0,0,0,1,50.2,
96.982,1863,1,ibvs_active,12.62,-29.0,-1.2,-93.0,-1.2,-90.1,93.0,-0.06,2.0,0,0,0,1,49.2,
97.056,1864,1,ibvs_active,12.01,-27.0,-14.7,-100.8,-12.0,-98.7,101.9,-0.601,2.0,0,0,0,1,50.0,
97.106,1865,1,ibvs_active,10.01,-25.0,-51.4,-95.2,-43.6,-95.9,108.2,-2.0,2.0,0,0,0,1,40.3,
97.155,1866,1,ibvs_active,8.01,-23.0,-55.6,-111.4,-53.2,-108.3,124.5,-2.0,2.0,0,0,0,1,40.6,
97.198,1867,0,tag_lost_countdown,8.01,-23.0,,,,,,,,,,,,,0.0
97.246,1868,0,tag_lost_countdown,8.01,-23.0,,,,,,,,,,,,,0.04
97.290,1869,0,tag_lost_countdown,8.01,-23.0,,,,,,,,,,,,,0.09
97.343,1870,1,ibvs_active,6.01,-21.0,-48.8,-102.1,-49.7,-103.3,113.1,-2.0,2.0,0,0,0,1,53.6,
97.394,1871,1,ibvs_active,4.01,-19.0,-54.4,-107.0,-53.4,-106.2,120.0,-2.0,2.0,0,0,0,1,51.9,
97.447,1872,1,ibvs_active,2.01,-17.0,-63.9,-125.0,-61.8,-121.2,140.4,-2.0,2.0,0,0,0,1,45.5,
97.496,1873,1,ibvs_active,0.01,-15.0,-47.0,-115.5,-50.0,-116.6,124.7,-2.0,2.0,0,0,0,1,34.9,
97.547,1874,1,ibvs_active,-1.98,-13.0,-37.3,-121.0,-39.8,-120.1,126.6,-1.992,2.0,0,0,0,1,40.7,
97.593,1875,0,tag_lost_countdown,-1.98,-13.0,,,,,,,,,,,,,0.0
97.649,1876,1,ibvs_active,-3.41,-11.0,-25.8,-109.9,-28.6,-111.9,112.9,-1.431,2.0,0,0,0,1,35.1,
97.697,1877,1,ibvs_active,-4.02,-9.0,-8.3,-99.2,-12.3,-101.8,99.6,-0.617,2.0,0,0,0,1,53.0,
97.752,1878,1,ibvs_active,-4.67,-7.0,-13.0,-103.1,-12.9,-102.9,103.9,-0.645,2.0,0,0,0,1,39.0,
97.799,1879,1,ibvs_active,-4.9,-5.0,-2.4,-85.4,-4.5,-88.9,85.5,-0.226,2.0,0,0,0,1,53.5,
97.861,1880,1,ibvs_active,-5.33,-3.0,-9.8,-71.1,-8.8,-74.7,71.8,-0.438,2.0,0,0,0,1,52.9,
97.910,1881,1,ibvs_active,-5.97,-1.0,-13.8,-51.5,-12.8,-56.1,53.3,-0.639,2.0,0,0,0,1,46.6,
97.963,1882,1,ibvs_active,-6.68,1.0,-14.4,-46.8,-14.1,-48.7,49.0,-0.703,2.0,0,0,0,1,52.6,
98.012,1883,1,ibvs_active,-7.58,3.0,-19.2,-43.7,-18.1,-44.7,47.7,-0.907,2.0,0,0,0,1,54.7,
98.062,1884,0,tag_lost_countdown,-7.58,3.0,,,,,,,,,,,,,0.0
98.112,1885,1,ibvs_active,-8.2,3.36,-19.9,-3.1,-19.6,-11.4,20.2,-0.62,0.361,0,0,0,1,54.4,
98.167,1886,1,ibvs_active,-8.63,3.11,-16.5,15.5,-17.1,10.2,22.7,-0.424,-0.251,0,0,0,1,42.1,
98.216,1887,1,ibvs_active,-9.76,2.12,-24.0,22.3,-22.6,19.8,32.7,-1.131,-0.992,0,0,0,1,53.1,
98.268,1888,0,tag_lost_countdown,-9.76,2.12,,,,,,,,,,,,,0.0
98.315,1889,1,ibvs_active,-11.6,0.26,-40.3,41.6,-36.7,37.2,57.9,-1.837,-1.862,0,0,0,1,52.4,
98.370,1890,1,ibvs_active,-13.48,-1.74,-38.0,44.3,-37.8,42.9,58.4,-1.888,-2.0,0,0,0,1,53.4,
98.421,1891,1,ibvs_active,-15.48,-3.74,-53.0,41.3,-49.9,41.6,67.2,-2.0,-2.0,0,0,0,1,51.1,
98.475,1892,1,ibvs_active,-17.48,-5.53,-51.4,34.3,-51.1,35.8,61.8,-2.0,-1.789,0,0,0,1,24.3,
98.525,1893,1,ibvs_active,-19.48,-6.08,-55.3,4.7,-54.4,10.9,55.5,-2.0,-0.545,0,0,0,1,40.0,
98.579,1894,1,ibvs_active,-21.48,-6.02,-51.6,-4.3,-52.2,-1.2,51.8,-2.0,0.062,0,0,0,1,50.4,
98.623,1895,0,tag_lost_countdown,-21.48,-6.02,,,,,,,,,,,,,0.0
98.681,1896,1,ibvs_active,-23.48,-4.8,-37.7,-30.2,-40.6,-24.4,48.3,-2.0,1.219,0,0,0,1,42.1,
98.732,1897,1,ibvs_active,-24.44,-3.12,-13.7,-35.8,-19.0,-33.5,38.3,-0.952,1.677,0,0,0,1,46.2,
98.786,1898,1,ibvs_active,-25.08,-1.12,-11.4,-51.5,-12.9,-47.9,52.7,-0.645,2.0,0,0,0,1,42.0,
98.832,1899,1,ibvs_active,-24.65,0.88,14.0,-46.1,8.6,-46.4,48.1,0.43,2.0,0,0,0,1,52.1,
98.881,1900,0,tag_lost_countdown,-24.65,0.88,,,,,,,,,,,,,0.0
98.949,1901,1,ibvs_active,-24.51,1.11,8.6,-6.1,8.6,-14.2,10.5,0.141,0.233,0,0,0,1,38.1,
99.031,1902,1,deadband,-24.51,1.11,-7.9,3.3,-4.6,-0.2,8.5,0.0,0.0,1,0,0,0,49.8,
99.078,1903,1,ibvs_active,-25.56,1.02,-31.5,2.8,-26.1,2.2,31.6,-1.054,-0.09,0,0,0,1,46.8,
99.133,1904,1,ibvs_active,-27.5,0.92,-41.9,2.0,-38.8,2.0,42.0,-1.939,-0.101,0,0,0,1,48.6,
99.179,1905,1,ibvs_active,-29.5,0.95,-54.8,-1.1,-51.6,-0.5,54.8,-2.0,0.024,0,0,0,1,52.4,
99.231,1906,1,ibvs_active,-31.5,0.7,-48.0,6.2,-48.7,4.9,48.4,-2.0,-0.243,0,0,0,1,50.8,
99.279,1907,1,ibvs_active,-33.5,0.08,-39.9,14.4,-41.7,12.5,42.5,-2.0,-0.623,0,0,0,1,32.8,
99.332,1908,1,ibvs_active,-34.84,-0.72,-23.0,17.0,-26.7,16.1,28.5,-1.336,-0.803,0,0,0,1,47.6,
99.380,1909,1,ibvs_active,-35.17,-1.13,-9.6,15.5,-13.0,15.6,18.2,-0.337,-0.402,0,0,0,1,39.8,
99.428,1910,0,tag_lost_countdown,-35.17,-1.13,,,,,,,,,,,,,0.0
99.477,1911,1,ibvs_active,-34.05,-1.12,36.7,-4.0,26.8,-0.0,36.9,1.121,0.002,0,0,0,1,37.0,
99.530,1912,1,ibvs_active,-32.23,-0.69,38.8,-10.8,36.4,-8.6,40.3,1.82,0.432,0,0,0,1,52.0,
99.576,1913,1,ibvs_active,-30.23,-0.41,45.8,-4.8,43.9,-5.6,46.1,2.0,0.279,0,0,0,1,51.5,
99.634,1914,1,ibvs_active,-28.23,-0.12,46.3,-5.8,45.8,-5.8,46.7,2.0,0.288,0,0,0,1,50.9,
99.681,1915,1,ibvs_active,-26.49,0.03,32.1,-2.3,34.9,-3.0,32.2,1.743,0.151,0,0,0,1,51.6,
99.734,1916,1,ibvs_active,-26.0,0.02,16.1,0.8,19.8,0.1,16.1,0.488,-0.002,0,0,0,1,48.1,
99.780,1917,1,ibvs_active,-25.94,-0.08,3.2,14.9,6.6,11.9,15.2,0.059,-0.108,0,0,0,1,44.9,
99.838,1918,1,ibvs_active,-26.27,-0.47,-17.8,16.2,-12.9,15.4,24.1,-0.327,-0.388,0,0,0,1,44.4,
99.883,1919,1,ibvs_active,-26.53,-0.94,-9.0,18.6,-9.8,17.9,20.7,-0.257,-0.469,0,0,0,1,52.0,
99.939,1920,1,ibvs_active,-26.8,-1.64,-8.2,22.3,-8.5,21.4,23.8,-0.278,-0.7,0,0,0,1,51.7,
99.983,1921,1,ibvs_active,-26.76,-2.65,3.6,26.8,1.2,25.7,27.0,0.047,-1.012,0,0,0,1,46.3,
100.029,1922,0,tag_lost_countdown,-26.76,-2.65,,,,,,,,,,,,,0.0
100.072,1923,1,ibvs_active,-25.6,-4.48,28.7,39.1,23.2,36.5,48.5,1.16,-1.823,0,0,0,1,50.5,
100.120,1924,1,ibvs_active,-24.01,-6.48,34.0,46.9,31.8,44.8,57.9,1.591,-2.0,0,0,0,1,51.1,
100.165,1925,1,ibvs_active,-22.01,-8.48,52.9,47.6,48.7,47.0,71.2,2.0,-2.0,0,0,0,1,48.3,
100.214,1926,1,ibvs_active,-20.01,-10.02,62.7,27.0,59.9,31.0,68.3,2.0,-1.548,0,0,0,1,36.2,
100.264,1927,1,ibvs_active,-18.01,-10.88,59.4,13.7,59.5,17.1,61.0,2.0,-0.857,0,0,0,1,43.3,
100.315,1928,1,ibvs_active,-16.01,-11.67,39.3,15.4,43.3,15.7,42.2,2.0,-0.786,0,0,0,1,51.4,
100.360,1929,0,tag_lost_countdown,-16.01,-11.67,,,,,,,,,,,,,0.0
100.412,1930,1,ibvs_active,-15.17,-11.29,17.5,-16.6,22.7,-10.1,24.1,0.84,0.374,0,0,0,1,47.7,
100.455,1931,0,tag_lost_countdown,-15.17,-11.29,,,,,,,,,,,,,0.0
100.508,1932,1,ibvs_active,-13.78,-9.78,29.0,-35.2,27.7,-30.2,45.6,1.386,1.51,0,0,0,1,51.3,
100.555,1933,1,ibvs_active,-12.1,-7.9,35.0,-39.6,33.5,-37.7,52.8,1.677,1.886,0,0,0,1,51.0,
100.608,1934,1,ibvs_active,-10.1,-5.9,45.6,-49.4,43.2,-47.1,67.3,2.0,2.0,0,0,0,1,37.1,
100.657,1935,1,ibvs_active,-8.16,-3.9,37.7,-47.9,38.8,-47.7,61.0,1.941,2.0,0,0,0,1,51.5,
100.708,1936,0,tag_lost_countdown,-8.16,-3.9,,,,,,,,,,,,,0.0
100.755,1937,1,ibvs_active,-6.53,-2.93,31.1,-12.2,32.7,-19.3,33.4,1.633,0.966,0,0,0,1,50.0,
100.808,1938,1,ibvs_active,-4.89,-2.42,32.9,-8.0,32.8,-10.3,33.9,1.642,0.514,0,0,0,1,51.3,
100.851,1939,0,tag_lost_countdown,-4.89,-2.42,,,,,,,,,,,,,0.0
100.903,1940,0,tag_lost_countdown,-4.89,-2.42,,,,,,,,,,,,,0.04
100.950,1941,1,ibvs_active,-4.94,-2.5,-16.9,16.4,-7.0,11.1,23.6,-0.053,-0.085,0,0,0,1,52.0,
101.003,1942,1,ibvs_active,-5.41,-2.9,-18.6,14.6,-16.3,13.9,23.7,-0.464,-0.397,0,0,0,1,52.7,
101.049,1943,1,ibvs_active,-5.7,-2.89,-17.1,-3.9,-16.9,-0.3,17.5,-0.293,0.006,0,0,0,1,44.8,
101.107,1944,1,ibvs_active,-6.17,-2.67,-18.7,-10.7,-18.3,-8.7,21.5,-0.471,0.222,0,0,0,1,52.1,
101.161,1945,1,ibvs_active,-6.64,-2.48,-18.6,-7.4,-18.6,-7.6,20.1,-0.469,0.193,0,0,0,1,51.7,
101.212,1946,1,ibvs_active,-7.05,-2.3,-17.6,-7.7,-17.8,-7.7,19.2,-0.417,0.179,0,0,0,1,50.9,
101.260,1947,1,ibvs_active,-7.55,-2.02,-18.3,-10.9,-18.2,-10.3,21.4,-0.498,0.281,0,0,0,1,52.2,
101.318,1948,1,ibvs_active,-7.83,-1.84,-14.0,-9.1,-14.8,-9.3,16.7,-0.28,0.176,0,0,0,1,51.1,
101.368,1949,1,ibvs_active,-8.07,-1.7,-13.9,-8.7,-14.1,-8.8,16.4,-0.233,0.146,0,0,0,1,51.5,
101.422,1950,1,deadband,-8.07,-1.7,-3.4,-9.7,-5.5,-9.5,10.2,0.0,0.0,1,0,0,0,51.4,
101.468,1951,1,deadband,-8.07,-1.7,-2.4,-9.2,-3.1,-9.2,9.5,0.0,0.0,1,0,0,0,51.6,
101.521,1952,1,deadband,-8.07,-1.7,-2.4,-9.1,-2.5,-9.1,9.4,0.0,0.0,1,0,0,0,51.9,
101.569,1953,1,deadband,-8.07,-1.7,2.9,-8.9,1.8,-8.9,9.3,0.0,0.0,1,0,0,0,51.9,
101.622,1954,1,deadband,-8.07,-1.7,2.8,-8.8,2.6,-8.8,9.2,0.0,0.0,1,0,0,0,52.0,
101.669,1955,1,deadband,-8.07,-1.7,3.0,-8.9,2.9,-8.8,9.4,0.0,0.0,1,0,0,0,51.6,
101.722,1956,1,deadband,-8.07,-1.7,2.9,-8.7,2.9,-8.8,9.2,0.0,0.0,1,0,0,0,51.5,
101.769,1957,1,deadband,-8.07,-1.7,3.0,-8.8,3.0,-8.8,9.3,0.0,0.0,1,0,0,0,52.4,
101.822,1958,1,deadband,-8.07,-1.7,3.0,-8.9,3.0,-8.9,9.4,0.0,0.0,1,0,0,0,51.9,
101.869,1959,1,deadband,-8.07,-1.7,3.0,-8.9,3.0,-8.9,9.4,0.0,0.0,1,0,0,0,51.9,
101.921,1960,1,deadband,-8.07,-1.7,3.0,-8.8,3.0,-8.8,9.3,0.0,0.0,1,0,0,0,51.2,
101.970,1961,1,deadband,-8.07,-1.7,3.0,-8.9,3.0,-8.9,9.4,0.0,0.0,1,0,0,0,51.5,
102.022,1962,1,deadband,-8.07,-1.7,2.9,-8.8,3.0,-8.8,9.3,0.0,0.0,1,0,0,0,52.8,
102.069,1963,1,deadband,-8.07,-1.7,3.0,-8.8,3.0,-8.8,9.3,0.0,0.0,1,0,0,0,52.8,
102.120,1964,1,deadband,-8.07,-1.7,3.0,-8.9,3.0,-8.8,9.4,0.0,0.0,1,0,0,0,51.7,
102.167,1965,1,deadband,-8.07,-1.7,3.0,-8.8,3.0,-8.8,9.3,0.0,0.0,1,0,0,0,52.5,
102.218,1966,1,deadband,-8.07,-1.7,3.1,-8.8,3.1,-8.8,9.4,0.0,0.0,1,0,0,0,52.3,
102.265,1967,1,deadband,-8.07,-1.7,3.0,-8.8,3.0,-8.8,9.3,0.0,0.0,1,0,0,0,52.9,
102.316,1968,1,deadband,-8.07,-1.7,3.0,-8.9,3.0,-8.9,9.4,0.0,0.0,1,0,0,0,52.8,
102.363,1969,1,deadband,-8.07,-1.7,3.0,-8.8,3.0,-8.8,9.3,0.0,0.0,1,0,0,0,51.3,
102.419,1970,1,deadband,-8.07,-1.7,3.0,-8.8,3.0,-8.8,9.3,0.0,0.0,1,0,0,0,53.1,
102.466,1971,1,deadband,-8.07,-1.7,3.0,-8.8,3.0,-8.8,9.3,0.0,0.0,1,0,0,0,53.2,
102.516,1972,1,deadband,-8.07,-1.7,3.1,-8.8,3.0,-8.8,9.4,0.0,0.0,1,0,0,0,52.4,
102.564,1973,1,deadband,-8.07,-1.7,3.0,-8.9,3.0,-8.9,9.4,0.0,0.0,1,0,0,0,52.7,
102.618,1974,1,deadband,-8.07,-1.7,3.0,-8.9,3.0,-8.9,9.4,0.0,0.0,1,0,0,0,52.1,
102.667,1975,1,deadband,-8.07,-1.7,3.0,-8.8,3.0,-8.9,9.3,0.0,0.0,1,0,0,0,51.6,
102.720,1976,1,deadband,-8.07,-1.7,3.0,-8.9,3.0,-8.9,9.4,0.0,0.0,1,0,0,0,52.3,
102.766,1977,1,deadband,-8.07,-1.7,3.0,-8.8,3.0,-8.8,9.3,0.0,0.0,1,0,0,0,52.8,
102.818,1978,1,deadband,-8.07,-1.7,3.0,-8.8,3.0,-8.8,9.3,0.0,0.0,1,0,0,0,53.6,
102.865,1979,1,deadband,-8.07,-1.7,3.1,-8.8,3.1,-8.8,9.3,0.0,0.0,1,0,0,0,53.6,
102.920,1980,1,deadband,-8.07,-1.7,3.0,-8.9,3.0,-8.9,9.4,0.0,0.0,1,0,0,0,52.3,
102.968,1981,1,deadband,-8.07,-1.7,3.1,-8.9,3.1,-8.9,9.4,0.0,0.0,1,0,0,0,51.8,
103.021,1982,1,deadband,-8.07,-1.7,3.0,-8.9,3.0,-8.9,9.4,0.0,0.0,1,0,0,0,52.4,
103.068,1983,1,deadband,-8.07,-1.7,3.0,-8.9,3.0,-8.9,9.4,0.0,0.0,1,0,0,0,52.8,
103.120,1984,1,deadband,-8.07,-1.7,3.0,-8.9,3.0,-8.9,9.4,0.0,0.0,1,0,0,0,52.1,
103.167,1985,1,deadband,-8.07,-1.7,3.0,-8.9,3.0,-8.9,9.4,0.0,0.0,1,0,0,0,53.3,
103.218,1986,1,deadband,-8.07,-1.7,3.0,-8.9,3.0,-8.9,9.4,0.0,0.0,1,0,0,0,52.8,
103.264,1987,1,deadband,-8.07,-1.7,3.1,-8.9,3.1,-8.9,9.4,0.0,0.0,1,0,0,0,53.2,
103.317,1988,1,deadband,-8.07,-1.7,3.0,-8.9,3.0,-8.9,9.4,0.0,0.0,1,0,0,0,53.2,
103.364,1989,1,deadband,-8.07,-1.7,3.0,-8.9,3.0,-8.9,9.4,0.0,0.0,1,0,0,0,52.9,
103.422,1990,1,deadband,-8.07,-1.7,3.1,-8.9,3.1,-8.9,9.4,0.0,0.0,1,0,0,0,52.3,
103.468,1991,1,deadband,-8.07,-1.7,3.1,-8.9,3.1,-8.9,9.4,0.0,0.0,1,0,0,0,53.2,
103.519,1992,1,deadband,-8.07,-1.7,3.1,-8.9,3.1,-8.9,9.4,0.0,0.0,1,0,0,0,53.1,
103.567,1993,1,deadband,-8.07,-1.7,3.0,-8.9,3.0,-8.9,9.4,0.0,0.0,1,0,0,0,52.9,
103.617,1994,1,deadband,-8.07,-1.7,3.0,-8.9,3.0,-8.9,9.4,0.0,0.0,1,0,0,0,51.7,
103.664,1995,1,deadband,-8.07,-1.7,3.0,-8.9,3.0,-8.9,9.4,0.0,0.0,1,0,0,0,51.3,
103.718,1996,1,deadband,-8.07,-1.7,3.1,-8.9,3.1,-8.9,9.4,0.0,0.0,1,0,0,0,52.9,
103.765,1997,1,deadband,-8.07,-1.7,3.1,-8.9,3.1,-8.9,9.5,0.0,0.0,1,0,0,0,52.3,
103.819,1998,1,deadband,-8.07,-1.7,3.1,-8.9,3.1,-8.9,9.4,0.0,0.0,1,0,0,0,51.9,
103.866,1999,1,deadband,-8.07,-1.7,3.0,-8.9,3.0,-8.9,9.4,0.0,0.0,1,0,0,0,53.2,
103.919,2000,1,deadband,-8.07,-1.7,3.1,-8.9,3.0,-8.9,9.4,0.0,0.0,1,0,0,0,51.9,
103.965,2001,1,deadband,-8.07,-1.7,3.1,-8.9,3.1,-8.9,9.4,0.0,0.0,1,0,0,0,52.4,
104.017,2002,1,deadband,-8.07,-1.7,3.0,-8.9,3.0,-8.9,9.4,0.0,0.0,1,0,0,0,51.7,
104.064,2003,1,deadband,-8.07,-1.7,3.1,-8.9,3.1,-8.9,9.4,0.0,0.0,1,0,0,0,53.0,
104.116,2004,1,deadband,-8.07,-1.7,3.1,-8.9,3.1,-8.9,9.4,0.0,0.0,1,0,0,0,52.3,
104.163,2005,1,deadband,-8.07,-1.7,3.1,-8.9,3.1,-8.9,9.4,0.0,0.0,1,0,0,0,51.9,
104.217,2006,1,deadband,-8.07,-1.7,3.0,-8.9,3.0,-8.9,9.4,0.0,0.0,1,0,0,0,52.2,
104.264,2007,1,deadband,-8.07,-1.7,3.0,-8.9,3.0,-8.9,9.4,0.0,0.0,1,0,0,0,52.0,
104.317,2008,1,deadband,-8.07,-1.7,3.1,-8.9,3.1,-8.9,9.4,0.0,0.0,1,0,0,0,51.5,
104.362,2009,1,deadband,-8.07,-1.7,3.0,-8.9,3.0,-8.9,9.4,0.0,0.0,1,0,0,0,53.1,
104.415,2010,1,deadband,-8.07,-1.7,3.1,-8.9,3.1,-8.9,9.4,0.0,0.0,1,0,0,0,53.2,
104.463,2011,1,deadband,-8.07,-1.7,3.0,-8.9,3.0,-8.9,9.4,0.0,0.0,1,0,0,0,52.1,
104.521,2012,1,deadband,-8.07,-1.7,3.0,-8.9,3.0,-8.9,9.4,0.0,0.0,1,0,0,0,51.9,
104.568,2013,1,deadband,-8.07,-1.7,3.1,-8.9,3.1,-8.9,9.4,0.0,0.0,1,0,0,0,52.9,
104.620,2014,1,deadband,-8.07,-1.7,3.1,-8.9,3.1,-8.9,9.4,0.0,0.0,1,0,0,0,51.9,
104.668,2015,1,deadband,-8.07,-1.7,3.1,-8.8,3.1,-8.8,9.4,0.0,0.0,1,0,0,0,53.3,
104.723,2016,1,deadband,-8.07,-1.7,3.0,-8.9,3.0,-8.9,9.4,0.0,0.0,1,0,0,0,52.1,
104.768,2017,1,deadband,-8.07,-1.7,3.1,-8.9,3.1,-8.9,9.4,0.0,0.0,1,0,0,0,52.5,
104.823,2018,1,deadband,-8.07,-1.7,3.1,-8.9,3.1,-8.9,9.4,0.0,0.0,1,0,0,0,52.5,
104.869,2019,1,deadband,-8.07,-1.7,3.0,-9.0,3.0,-8.9,9.5,0.0,0.0,1,0,0,0,51.4,
104.922,2020,1,deadband,-8.07,-1.7,3.0,-8.9,3.0,-8.9,9.4,0.0,0.0,1,0,0,0,53.2,
104.969,2021,1,deadband,-8.07,-1.7,3.1,-8.9,3.1,-8.9,9.4,0.0,0.0,1,0,0,0,52.4,
105.022,2022,1,deadband,-8.07,-1.7,3.0,-8.9,3.0,-8.9,9.4,0.0,0.0,1,0,0,0,51.1,
105.069,2023,1,deadband,-8.07,-1.7,3.1,-9.0,3.1,-9.0,9.5,0.0,0.0,1,0,0,0,52.5,
105.119,2024,1,deadband,-8.07,-1.7,3.1,-9.0,3.1,-9.0,9.5,0.0,0.0,1,0,0,0,52.8,
105.167,2025,1,deadband,-8.07,-1.7,3.1,-8.9,3.1,-8.9,9.4,0.0,0.0,1,0,0,0,52.7,
105.219,2026,1,deadband,-8.07,-1.7,3.0,-8.9,3.0,-8.9,9.4,0.0,0.0,1,0,0,0,51.6,
105.267,2027,1,deadband,-8.07,-1.7,3.0,-8.9,3.0,-8.9,9.4,0.0,0.0,1,0,0,0,52.8,
105.322,2028,1,deadband,-8.07,-1.7,3.1,-8.9,3.1,-8.9,9.4,0.0,0.0,1,0,0,0,51.6,
105.371,2029,1,deadband,-8.07,-1.7,3.0,-8.8,3.0,-8.9,9.3,0.0,0.0,1,0,0,0,51.5,
105.423,2030,1,deadband,-8.07,-1.7,3.1,-9.0,3.1,-8.9,9.5,0.0,0.0,1,0,0,0,52.2,
105.470,2031,1,deadband,-8.07,-1.7,3.1,-8.9,3.1,-8.9,9.4,0.0,0.0,1,0,0,0,53.3,
105.526,2032,1,deadband,-8.07,-1.7,3.1,-8.9,3.1,-8.9,9.4,0.0,0.0,1,0,0,0,51.7,
105.573,2033,1,deadband,-8.07,-1.7,3.0,-8.9,3.0,-8.9,9.4,0.0,0.0,1,0,0,0,51.1,
105.626,2034,1,deadband,-8.07,-1.7,3.1,-8.9,3.1,-8.9,9.4,0.0,0.0,1,0,0,0,51.7,
105.673,2035,1,deadband,-8.07,-1.7,3.0,-8.9,3.0,-8.9,9.4,0.0,0.0,1,0,0,0,51.9,
105.725,2036,1,deadband,-8.07,-1.7,3.1,-8.9,3.1,-8.9,9.4,0.0,0.0,1,0,0,0,51.9,
105.777,2037,1,deadband,-8.07,-1.7,3.0,-8.9,3.0,-8.9,9.4,0.0,0.0,1,0,0,0,51.9,
105.829,2038,1,deadband,-8.07,-1.7,3.0,-9.0,3.0,-9.0,9.5,0.0,0.0,1,0,0,0,50.8,
105.876,2039,1,deadband,-8.07,-1.7,3.0,-8.9,3.0,-8.9,9.4,0.0,0.0,1,0,0,0,50.9,
105.929,2040,1,deadband,-8.07,-1.7,3.1,-8.9,3.1,-8.9,9.4,0.0,0.0,1,0,0,0,50.8,
105.975,2041,1,deadband,-8.07,-1.7,3.1,-8.9,3.1,-8.9,9.4,0.0,0.0,1,0,0,0,50.7,
106.026,2042,1,deadband,-8.07,-1.7,3.1,-8.9,3.1,-8.9,9.4,0.0,0.0,1,0,0,0,50.6,
106.073,2043,1,deadband,-8.07,-1.7,3.1,-8.9,3.1,-8.9,9.4,0.0,0.0,1,0,0,0,49.9,
106.126,2044,1,deadband,-8.07,-1.7,3.0,-9.0,3.0,-9.0,9.5,0.0,0.0,1,0,0,0,51.7,
106.175,2045,1,deadband,-8.07,-1.7,3.0,-8.9,3.0,-8.9,9.4,0.0,0.0,1,0,0,0,50.4,
106.227,2046,1,deadband,-8.07,-1.7,3.1,-9.0,3.1,-9.0,9.5,0.0,0.0,1,0,0,0,50.3,
106.273,2047,1,deadband,-8.07,-1.7,3.1,-9.0,3.1,-9.0,9.5,0.0,0.0,1,0,0,0,50.0,
106.326,2048,1,deadband,-8.07,-1.7,3.1,-8.9,3.1,-8.9,9.4,0.0,0.0,1,0,0,0,51.5,
106.372,2049,1,deadband,-8.07,-1.7,3.0,-8.9,3.0,-8.9,9.4,0.0,0.0,1,0,0,0,50.6,
106.425,2050,1,deadband,-8.07,-1.7,3.0,-8.9,3.0,-8.9,9.4,0.0,0.0,1,0,0,0,51.1,
106.470,2051,1,deadband,-8.07,-1.7,3.0,-9.0,3.0,-9.0,9.5,0.0,0.0,1,0,0,0,50.9,
106.522,2052,1,deadband,-8.07,-1.7,3.1,-9.0,3.1,-9.0,9.5,0.0,0.0,1,0,0,0,49.6,
106.570,2053,1,deadband,-8.07,-1.7,3.0,-9.0,3.1,-9.0,9.5,0.0,0.0,1,0,0,0,51.1,
106.624,2054,1,deadband,-8.07,-1.7,3.1,-8.9,3.1,-8.9,9.4,0.0,0.0,1,0,0,0,49.3,
106.671,2055,1,deadband,-8.07,-1.7,3.0,-8.9,3.0,-8.9,9.4,0.0,0.0,1,0,0,0,49.5,
106.724,2056,1,deadband,-8.07,-1.7,3.0,-8.9,3.0,-8.9,9.4,0.0,0.0,1,0,0,0,48.8,
106.771,2057,1,deadband,-8.07,-1.7,3.1,-8.9,3.1,-8.9,9.4,0.0,0.0,1,0,0,0,49.6,
106.824,2058,1,deadband,-8.07,-1.7,3.0,-8.9,3.0,-8.9,9.4,0.0,0.0,1,0,0,0,49.9,
106.873,2059,1,deadband,-8.07,-1.7,3.0,-8.9,3.0,-8.9,9.4,0.0,0.0,1,0,0,0,49.2,
106.925,2060,1,deadband,-8.07,-1.7,3.0,-9.0,3.0,-9.0,9.5,0.0,0.0,1,0,0,0,48.2,
106.971,2061,1,deadband,-8.07,-1.7,3.0,-9.0,3.0,-9.0,9.5,0.0,0.0,1,0,0,0,47.6,
107.025,2062,1,deadband,-8.07,-1.7,3.0,-9.0,3.0,-9.0,9.5,0.0,0.0,1,0,0,0,48.2,
107.074,2063,1,deadband,-8.07,-1.7,2.9,-9.3,2.9,-9.2,9.7,0.0,0.0,1,0,0,0,46.4,
107.127,2064,1,deadband,-8.07,-1.7,3.1,-8.8,3.1,-8.9,9.4,0.0,0.0,1,0,0,0,47.5,
107.174,2065,1,deadband,-8.07,-1.7,3.1,-8.8,3.1,-8.8,9.4,0.0,0.0,1,0,0,0,47.2,
107.226,2066,1,deadband,-8.07,-1.7,2.9,-9.0,3.0,-9.0,9.5,0.0,0.0,1,0,0,0,47.2,
107.274,2067,1,deadband,-8.07,-1.7,3.1,-8.9,3.1,-8.9,9.4,0.0,0.0,1,0,0,0,46.8,
107.325,2068,1,deadband,-8.07,-1.7,2.9,-9.1,3.0,-9.1,9.5,0.0,0.0,1,0,0,0,46.7,
107.372,2069,1,deadband,-8.07,-1.7,3.0,-9.0,3.0,-9.0,9.5,0.0,0.0,1,0,0,0,46.7,
107.426,2070,1,deadband,-8.07,-1.7,3.1,-9.0,3.1,-9.0,9.5,0.0,0.0,1,0,0,0,46.4,
107.474,2071,1,deadband,-8.07,-1.7,3.1,-8.7,3.1,-8.8,9.3,0.0,0.0,1,0,0,0,46.3,
107.527,2072,1,deadband,-8.07,-1.7,2.9,-9.3,3.0,-9.2,9.8,0.0,0.0,1,0,0,0,45.2,
107.574,2073,1,deadband,-8.07,-1.7,3.1,-8.8,3.0,-8.9,9.3,0.0,0.0,1,0,0,0,42.3,
107.630,2074,1,deadband,-8.07,-1.7,3.0,-9.2,3.0,-9.1,9.6,0.0,0.0,1,0,0,0,42.4,
107.679,2075,1,deadband,-8.07,-1.7,3.1,-9.0,3.0,-9.0,9.5,0.0,0.0,1,0,0,0,42.7,
107.731,2076,1,deadband,-8.07,-1.7,3.1,-8.9,3.1,-8.9,9.4,0.0,0.0,1,0,0,0,43.0,
107.779,2077,1,deadband,-8.07,-1.7,3.1,-8.9,3.1,-8.9,9.4,0.0,0.0,1,0,0,0,41.6,
107.834,2078,1,deadband,-8.07,-1.7,3.1,-8.9,3.1,-8.9,9.4,0.0,0.0,1,0,0,0,42.0,
107.890,2079,1,deadband,-8.07,-1.7,3.1,-8.9,3.1,-8.9,9.4,0.0,0.0,1,0,0,0,41.1,
107.944,2080,1,deadband,-8.07,-1.7,3.1,-8.9,3.1,-8.9,9.5,0.0,0.0,1,0,0,0,39.7,
107.991,2081,1,deadband,-8.07,-1.7,3.1,-9.0,3.1,-9.0,9.5,0.0,0.0,1,0,0,0,38.3,
108.052,2082,1,deadband,-8.07,-1.7,3.1,-8.9,3.1,-9.0,9.5,0.0,0.0,1,0,0,0,37.9,
108.100,2083,1,deadband,-8.07,-1.7,3.0,-9.0,3.0,-9.0,9.5,0.0,0.0,1,0,0,0,36.3,
108.154,2084,1,deadband,-8.07,-1.7,3.1,-8.9,3.1,-8.9,9.4,0.0,0.0,1,0,0,0,36.5,
108.203,2085,1,deadband,-8.07,-1.7,3.0,-9.0,3.0,-9.0,9.5,0.0,0.0,1,0,0,0,36.2,
108.262,2086,1,deadband,-8.07,-1.7,3.1,-9.0,3.1,-9.0,9.5,0.0,0.0,1,0,0,0,35.1,
108.312,2087,1,deadband,-8.07,-1.7,3.0,-9.1,3.0,-9.1,9.6,0.0,0.0,1,0,0,0,36.2,
108.366,2088,1,deadband,-8.07,-1.7,3.1,-9.0,3.1,-9.0,9.5,0.0,0.0,1,0,0,0,35.1,
108.415,2089,1,deadband,-8.07,-1.7,3.0,-8.9,3.0,-8.9,9.4,0.0,0.0,1,0,0,0,35.3,
108.473,2090,1,deadband,-8.07,-1.7,3.1,-9.0,3.1,-9.0,9.5,0.0,0.0,1,0,0,0,34.8,
108.522,2091,1,deadband,-8.07,-1.7,3.0,-9.0,3.0,-9.0,9.5,0.0,0.0,1,0,0,0,35.0,
108.577,2092,1,deadband,-8.07,-1.7,3.1,-9.1,3.1,-9.1,9.6,0.0,0.0,1,0,0,0,34.9,
108.627,2093,1,deadband,-8.07,-1.7,3.1,-9.0,3.1,-9.0,9.5,0.0,0.0,1,0,0,0,35.4,
108.684,2094,1,deadband,-8.07,-1.7,3.0,-9.0,3.1,-9.0,9.5,0.0,0.0,1,0,0,0,35.0,
108.735,2095,1,deadband,-8.07,-1.7,3.1,-8.9,3.1,-9.0,9.5,0.0,0.0,1,0,0,0,35.1,
108.789,2096,1,deadband,-8.07,-1.7,3.3,-8.5,3.3,-8.6,9.2,0.0,0.0,1,0,0,0,34.9,
108.835,2097,1,deadband,-8.07,-1.7,3.4,-8.8,3.4,-8.8,9.4,0.0,0.0,1,0,0,0,35.0,
108.894,2098,1,deadband,-8.07,-1.7,3.8,-8.5,3.7,-8.6,9.3,0.0,0.0,1,0,0,0,35.7,
108.946,2099,1,deadband,-8.07,-1.7,3.8,-8.8,3.8,-8.8,9.6,0.0,0.0,1,0,0,0,35.6,
109.003,2100,1,deadband,-8.07,-1.7,3.8,-9.1,3.8,-9.0,9.8,0.0,0.0,1,0,0,0,36.0,
109.051,2101,1,deadband,-8.07,-1.7,3.8,-8.9,3.8,-8.9,9.6,0.0,0.0,1,0,0,0,35.0,
109.112,2102,1,deadband,-8.07,-1.7,4.0,-8.9,4.0,-8.9,9.8,0.0,0.0,1,0,0,0,35.1,
109.160,2103,1,deadband,-8.07,-1.7,4.0,-9.0,4.0,-9.0,9.8,0.0,0.0,1,0,0,0,35.8,
109.215,2104,1,deadband,-8.07,-1.7,4.0,-9.1,4.0,-9.1,10.0,0.0,0.0,1,0,0,0,36.9,
109.262,2105,1,deadband,-8.07,-1.7,4.0,-9.4,4.0,-9.4,10.3,0.0,0.0,1,0,0,0,37.2,
109.322,2106,1,deadband,-8.07,-1.7,4.0,-9.8,4.0,-9.7,10.6,0.0,0.0,1,0,0,0,37.1,
109.372,2107,1,deadband,-8.07,-1.7,3.7,-9.8,3.8,-9.8,10.4,0.0,0.0,1,0,0,0,36.8,
109.426,2108,1,deadband,-8.07,-1.7,3.1,-8.9,3.2,-9.0,9.4,0.0,0.0,1,0,0,0,37.0,
109.471,2109,1,deadband,-8.07,-1.7,3.7,-8.7,3.6,-8.8,9.4,0.0,0.0,1,0,0,0,36.7,
109.532,2110,1,deadband,-8.07,-1.7,3.5,-9.3,3.5,-9.2,9.9,0.0,0.0,1,0,0,0,36.5,
109.586,2111,1,deadband,-8.07,-1.7,3.7,-9.0,3.7,-9.0,9.7,0.0,0.0,1,0,0,0,37.1,
109.640,2112,1,deadband,-8.07,-1.7,3.5,-9.0,3.6,-9.0,9.7,0.0,0.0,1,0,0,0,36.4,
109.691,2113,1,deadband,-8.07,-1.7,3.4,-9.5,3.4,-9.4,10.1,0.0,0.0,1,0,0,0,36.9,
109.749,2114,1,deadband,-8.07,-1.7,2.0,-9.5,2.3,-9.4,9.7,0.0,0.0,1,0,0,0,36.6,
109.797,2115,1,deadband,-8.07,-1.7,2.6,-8.8,2.5,-9.0,9.2,0.0,0.0,1,0,0,0,36.8,
109.852,2116,1,deadband,-8.07,-1.7,3.3,-8.6,3.2,-8.7,9.2,0.0,0.0,1,0,0,0,36.2,
109.900,2117,1,deadband,-8.07,-1.7,3.1,-9.2,3.1,-9.1,9.7,0.0,0.0,1,0,0,0,35.5,
109.956,2118,1,deadband,-8.07,-1.7,4.2,-8.8,4.0,-8.8,9.7,0.0,0.0,1,0,0,0,33.9,
110.003,2119,1,deadband,-8.07,-1.7,4.0,-10.0,4.0,-9.8,10.8,0.0,0.0,1,0,0,0,34.9,
110.056,2120,1,deadband,-8.07,-1.7,4.1,-9.1,4.1,-9.2,10.0,0.0,0.0,1,0,0,0,34.7,
110.103,2121,1,deadband,-8.07,-1.7,4.0,-9.3,4.0,-9.3,10.1,0.0,0.0,1,0,0,0,33.7,
110.163,2122,1,deadband,-8.07,-1.7,3.8,-9.4,3.9,-9.4,10.1,0.0,0.0,1,0,0,0,35.8,
110.213,2123,1,deadband,-8.07,-1.7,3.7,-8.7,3.7,-8.8,9.4,0.0,0.0,1,0,0,0,35.2,
110.266,2124,1,deadband,-8.07,-1.7,3.8,-9.0,3.8,-9.0,9.8,0.0,0.0,1,0,0,0,34.6,
110.315,2125,1,deadband,-8.07,-1.7,3.6,-9.2,3.6,-9.2,9.9,0.0,0.0,1,0,0,0,35.2,
110.373,2126,1,deadband,-8.07,-1.7,3.7,-9.4,3.6,-9.3,10.1,0.0,0.0,1,0,0,0,35.4,
110.420,2127,1,deadband,-8.07,-1.7,3.6,-8.7,3.6,-8.8,9.4,0.0,0.0,1,0,0,0,35.9,
110.474,2128,1,deadband,-8.07,-1.7,3.7,-8.9,3.7,-8.9,9.6,0.0,0.0,1,0,0,0,35.7,
110.524,2129,1,deadband,-8.07,-1.7,3.3,-8.9,3.4,-8.9,9.5,0.0,0.0,1,0,0,0,35.2,
110.583,2130,1,deadband,-8.07,-1.7,3.0,-6.5,3.1,-7.0,7.2,0.0,0.0,1,0,0,0,35.4,
110.630,2131,1,deadband,-8.07,-1.7,4.1,-6.7,3.9,-6.8,7.9,0.0,0.0,1,0,0,0,35.4,
110.682,2132,1,deadband,-8.07,-1.7,3.4,-5.7,3.5,-5.9,6.6,0.0,0.0,1,0,0,0,35.4,
110.728,2133,1,deadband,-8.07,-1.7,2.2,1.7,2.4,0.2,2.8,0.0,0.0,1,0,0,0,35.9,
110.781,2134,1,deadband,-8.07,-1.7,2.9,9.0,2.8,7.2,9.4,0.0,0.0,1,0,0,0,36.1,
110.832,2135,1,deadband,-8.07,-1.7,0.8,10.6,1.2,10.0,10.7,0.0,0.0,1,0,0,0,35.1,
110.883,2136,1,deadband,-8.07,-1.7,-3.3,2.5,-2.4,4.0,4.1,0.0,0.0,1,0,0,0,26.4,
110.927,2137,0,tag_lost_countdown,-8.07,-1.7,,,,,,,,,,,,,0.0
110.977,2138,0,tag_lost_countdown,-8.07,-1.7,,,,,,,,,,,,,0.04
111.034,2139,1,ibvs_active,-8.14,0.3,-1.2,-97.0,-1.4,-76.8,97.0,-0.072,2.0,0,0,0,1,34.1,
111.091,2140,1,ibvs_active,-8.3,2.3,-3.8,-105.3,-3.3,-99.6,105.3,-0.167,2.0,0,0,0,1,35.1,
111.142,2141,1,ibvs_active,-8.55,4.3,-5.3,-94.7,-4.9,-95.7,94.9,-0.245,2.0,0,0,0,1,27.2,
111.197,2142,1,ibvs_active,-8.78,6.3,-4.6,-55.4,-4.7,-63.4,55.6,-0.233,2.0,0,0,0,1,24.1,
111.250,2143,1,ibvs_active,-8.74,8.19,2.2,-31.4,0.8,-37.8,31.4,0.039,1.889,0,0,0,1,32.5,
111.298,2144,0,tag_lost_countdown,-8.74,8.19,,,,,,,,,,,,,0.0
111.343,2145,0,tag_lost_countdown,-8.74,8.19,,,,,,,,,,,,,0.05
111.394,2146,1,ibvs_active,-9.78,6.19,-26.0,76.2,-20.7,53.4,80.5,-1.033,-2.0,0,0,0,1,34.4,
111.441,2147,1,ibvs_active,-11.07,4.19,-27.3,84.6,-26.0,78.4,88.9,-1.299,-2.0,0,0,0,1,33.5,
111.493,2148,1,ibvs_active,-12.36,2.19,-25.6,81.9,-25.7,81.2,85.8,-1.283,-2.0,0,0,0,1,34.5,
111.536,2149,1,ibvs_active,-12.55,0.19,1.6,69.1,-3.8,71.5,69.1,-0.192,-2.0,0,0,0,1,27.9,
111.585,2150,1,ibvs_active,-12.04,-1.81,13.7,56.0,10.2,59.1,57.6,0.511,-2.0,0,0,0,1,34.6,
111.633,2151,1,ibvs_active,-10.81,-3.66,28.2,31.5,24.6,37.0,42.2,1.23,-1.85,0,0,0,1,27.9,
111.685,2152,1,ibvs_active,-9.47,-4.65,27.3,15.7,26.8,19.9,31.5,1.338,-0.997,0,0,0,1,31.7,
111.731,2153,1,ibvs_active,-8.62,-4.39,22.5,-14.2,23.4,-7.4,26.7,0.849,0.269,0,0,0,1,35.0,
111.782,2154,1,ibvs_active,-7.84,-2.99,13.7,-33.1,15.7,-27.9,35.8,0.783,1.397,0,0,0,1,23.9,
111.828,2155,1,ibvs_active,-7.6,-1.04,2.2,-41.6,4.9,-38.9,41.7,0.244,1.944,0,0,0,1,34.7,
111.887,2156,1,ibvs_active,-7.81,0.96,-6.5,-46.8,-4.2,-45.2,47.2,-0.211,2.0,0,0,0,1,34.4,
111.934,2157,1,ibvs_active,-8.28,2.96,-10.9,-42.8,-9.5,-43.2,44.1,-0.477,2.0,0,0,0,1,33.2,
111.985,2158,1,ibvs_active,-8.73,3.96,-11.1,-19.4,-10.8,-24.2,22.4,-0.447,1.0,0,0,0,1,27.3,
112.026,2159,0,tag_lost_countdown,-8.73,3.96,,,,,,,,,,,,,0.0
112.076,2160,1,ibvs_active,-9.4,3.33,-20.0,27.1,-18.1,16.8,33.7,-0.67,-0.621,0,0,0,1,28.5,
112.122,2161,1,ibvs_active,-10.5,1.33,-22.9,54.7,-22.0,47.1,59.3,-1.098,-2.0,0,0,0,1,36.1,
112.173,2162,1,ibvs_active,-11.65,-0.67,-23.2,60.8,-23.0,58.1,65.1,-1.149,-2.0,0,0,0,1,36.2,
112.218,2163,1,ibvs_active,-12.53,-2.67,-16.3,66.6,-17.6,64.9,68.6,-0.881,-2.0,0,0,0,1,33.2,
112.273,2164,1,ibvs_active,-12.96,-4.67,-6.4,54.4,-8.6,56.5,54.8,-0.43,-2.0,0,0,0,1,35.5,
112.319,2165,1,ibvs_active,-12.97,-6.67,1.8,39.0,-0.3,42.5,39.0,-0.013,-2.0,0,0,0,1,20.9,
112.369,2166,1,ibvs_active,-12.88,-7.67,3.0,21.4,2.3,25.6,21.6,0.092,-1.007,0,0,0,1,36.0,
112.414,2167,1,deadband,-12.88,-7.67,0.9,1.3,1.2,6.1,1.5,0.0,0.0,1,0,0,0,20.0,
112.466,2168,1,deadband,-12.88,-7.67,-6.7,-3.9,-5.1,-1.9,7.7,0.0,0.0,1,0,0,0,33.6,
112.518,2169,1,deadband,-12.88,-7.67,-6.9,-4.6,-6.5,-4.1,8.3,0.0,0.0,1,0,0,0,36.1,
112.568,2170,1,deadband,-12.88,-7.67,-6.2,-3.7,-6.3,-3.8,7.2,0.0,0.0,1,0,0,0,36.2,
112.615,2171,1,deadband,-12.88,-7.67,-5.7,-3.3,-5.8,-3.4,6.6,0.0,0.0,1,0,0,0,36.3,
112.665,2172,1,deadband,-12.88,-7.67,-10.0,-4.8,-9.2,-4.5,11.1,0.0,0.0,1,0,0,0,36.6,
112.726,2173,1,ibvs_active,-13.14,-7.61,-17.8,-3.8,-16.1,-4.0,18.2,-0.262,0.065,0,0,0,1,36.0,
112.805,2174,1,ibvs_active,-14.57,-7.48,-32.6,-2.2,-29.3,-2.5,32.7,-1.425,0.123,0,0,0,1,37.0,
112.852,2175,1,ibvs_active,-16.57,-7.27,-47.3,-4.7,-43.7,-4.2,47.5,-2.0,0.212,0,0,0,1,40.0,
112.904,2176,1,ibvs_active,-18.57,-6.71,-54.5,-13.1,-52.3,-11.3,56.1,-2.0,0.565,0,0,0,1,34.8,
112.952,2177,1,ibvs_active,-20.57,-5.98,-40.9,-15.4,-43.2,-14.6,43.7,-2.0,0.73,0,0,0,1,42.6,
113.005,2178,1,ibvs_active,-22.44,-4.92,-36.0,-22.7,-37.5,-21.1,42.6,-1.873,1.055,0,0,0,1,31.8,
113.052,2179,1,ibvs_active,-23.79,-3.65,-24.4,-26.6,-27.0,-25.5,36.1,-1.35,1.275,0,0,0,1,41.7,
113.102,2180,1,ibvs_active,-24.86,-2.38,-20.1,-25.2,-21.5,-25.2,32.2,-1.074,1.262,0,0,0,1,35.1,
113.148,2181,1,ibvs_active,-25.0,-1.43,0.9,-24.9,-3.6,-25.0,25.0,-0.137,0.954,0,0,0,1,37.9,
113.218,2182,1,ibvs_active,-24.52,-0.28,14.4,-25.9,10.8,-25.7,29.6,0.484,1.148,0,0,0,1,38.4,
113.296,2183,1,ibvs_active,-23.52,0.34,26.2,-11.7,23.1,-14.5,28.7,0.998,0.625,0,0,0,1,41.8,
113.347,2184,0,tag_lost_countdown,-23.52,0.34,,,,,,,,,,,,,0.0
113.393,2185,1,ibvs_active,-21.81,-0.04,36.9,13.1,34.1,7.6,39.2,1.707,-0.378,0,0,0,1,47.5,
113.444,2186,1,ibvs_active,-20.01,-0.78,36.6,16.8,36.1,14.9,40.2,1.804,-0.747,0,0,0,1,48.7,
113.517,2187,1,ibvs_active,-18.07,-1.64,39.5,17.7,38.8,17.2,43.3,1.939,-0.858,0,0,0,1,40.0,
113.578,2188,1,ibvs_active,-16.68,-2.63,25.0,20.5,27.8,19.8,32.3,1.388,-0.992,0,0,0,1,46.6,
113.622,2189,0,tag_lost_countdown,-16.68,-2.63,,,,,,,,,,,,,0.0
113.674,2190,1,ibvs_active,-16.87,-2.91,-19.2,13.2,-9.8,14.5,23.3,-0.184,-0.273,0,0,0,1,49.4,
113.721,2191,1,ibvs_active,-18.52,-3.2,-39.0,3.7,-33.1,5.9,39.2,-1.657,-0.294,0,0,0,1,46.3,
113.795,2192,1,ibvs_active,-20.52,-3.46,-45.4,5.2,-43.0,5.3,45.7,-2.0,-0.265,0,0,0,1,49.5,
113.849,2193,1,ibvs_active,-22.52,-3.72,-47.7,5.0,-46.8,5.1,48.0,-2.0,-0.255,0,0,0,1,37.2,
113.899,2194,0,tag_lost_countdown,-22.52,-3.72,,,,,,,,,,,,,0.0
113.945,2195,1,ibvs_active,-23.59,-3.71,-21.1,-1.6,-26.2,-0.3,21.2,-1.066,0.01,0,0,0,1,50.3,
114.000,2196,1,deadband,-23.59,-3.71,5.6,1.2,-0.7,0.9,5.8,0.0,0.0,1,0,0,0,50.1,
114.051,2197,1,deadband,-23.59,-3.71,3.4,2.9,2.6,2.5,4.5,0.0,0.0,1,0,0,0,51.3,
114.128,2198,1,deadband,-23.59,-3.71,0.5,4.4,0.9,4.0,4.4,0.0,0.0,1,0,0,0,51.8,
114.176,2199,1,deadband,-23.59,-3.71,8.8,-1.3,7.2,-0.2,8.9,0.0,0.0,1,0,0,0,50.8,
114.231,2200,1,deadband,-23.59,-3.71,6.7,-5.3,6.8,-4.3,8.5,0.0,0.0,1,0,0,0,52.4,
114.281,2201,1,deadband,-23.59,-3.71,6.6,-6.1,6.7,-5.7,9.0,0.0,0.0,1,0,0,0,52.3,
114.367,2202,1,ibvs_active,-23.57,-3.68,4.5,-11.2,4.9,-10.1,12.0,0.015,0.031,0,0,0,1,53.1,
114.414,2203,1,ibvs_active,-23.52,-3.44,3.0,-17.0,3.4,-15.6,17.3,0.051,0.235,0,0,0,1,52.7,
114.467,2204,1,ibvs_active,-23.51,-3.11,-0.1,-18.0,0.6,-17.6,18.0,0.012,0.332,0,0,0,1,52.1,
114.517,2205,1,ibvs_active,-23.56,-2.73,-3.3,-18.3,-2.6,-18.1,18.6,-0.053,0.378,0,0,0,1,52.8,
114.586,2206,1,ibvs_active,-23.8,-2.07,-8.7,-22.1,-7.4,-21.3,23.7,-0.233,0.668,0,0,0,1,52.7,
114.671,2207,1,ibvs_active,-24.14,-1.22,-9.9,-23.3,-9.4,-22.9,25.3,-0.346,0.844,0,0,0,1,51.3,
114.723,2208,1,ibvs_active,-24.22,-1.13,-7.8,-7.8,-8.1,-10.8,11.1,-0.072,0.096,0,0,0,1,53.1,
114.771,2209,1,ibvs_active,-24.27,-1.03,-6.6,-11.4,-6.9,-11.3,13.2,-0.055,0.091,0,0,0,1,52.3,
114.824,2210,1,ibvs_active,-24.33,-0.93,-7.3,-11.5,-7.2,-11.4,13.6,-0.064,0.101,0,0,0,1,52.3,
114.891,2211,1,ibvs_active,-24.42,-0.87,-11.8,-6.7,-10.9,-7.7,13.5,-0.089,0.063,0,0,0,1,53.2,
114.970,2212,1,ibvs_active,-24.54,-0.78,-10.9,-9.3,-10.9,-8.9,14.3,-0.112,0.091,0,0,0,1,51.2,
115.021,2213,1,ibvs_active,-24.89,-0.52,-16.7,-11.8,-15.5,-11.3,20.4,-0.356,0.258,0,0,0,1,52.4,
115.073,2214,1,ibvs_active,-25.34,-0.11,-16.0,-15.1,-15.9,-14.3,22.0,-0.452,0.407,0,0,0,1,53.4,
115.121,2215,1,ibvs_active,-25.61,0.34,-9.2,-18.2,-10.5,-17.4,20.4,-0.272,0.45,0,0,0,1,53.1,
115.248,2216,1,ibvs_active,-25.73,0.72,-4.1,-17.9,-5.4,-17.8,18.3,-0.116,0.381,0,0,0,1,43.8,
115.304,2217,1,ibvs_active,-25.57,0.82,17.1,-5.8,12.6,-8.2,18.0,0.158,0.103,0,0,0,1,53.7,
115.360,2218,1,ibvs_active,-25.15,0.97,19.7,-6.1,18.3,-6.5,20.6,0.428,0.152,0,0,0,1,52.8,
115.441,2219,1,ibvs_active,-24.22,1.3,25.4,-9.0,23.9,-8.5,26.9,0.922,0.328,0,0,0,1,52.9,
115.520,2220,1,ibvs_active,-22.75,1.83,30.8,-11.0,29.4,-10.5,32.7,1.472,0.526,0,0,0,1,53.5,
115.565,2221,1,ibvs_active,-21.04,1.96,35.4,-0.6,34.2,-2.6,35.4,1.712,0.129,0,0,0,1,52.5,
115.620,2222,1,ibvs_active,-19.26,1.94,35.9,1.0,35.6,0.2,35.9,1.778,-0.012,0,0,0,1,52.7,
115.667,2223,1,ibvs_active,-18.67,1.91,17.6,1.4,21.2,1.2,17.7,0.596,-0.034,0,0,0,1,44.2,
115.741,2224,1,deadband,-18.67,1.91,2.0,6.5,5.8,5.5,6.8,0.0,0.0,1,0,0,0,40.6,
115.798,2225,1,ibvs_active,-18.83,1.85,-18.8,4.6,-13.9,4.7,19.4,-0.162,-0.055,0,0,0,1,52.1,
115.853,2226,1,ibvs_active,-19.25,1.81,-20.1,1.4,-18.8,2.1,20.1,-0.421,-0.046,0,0,0,1,52.2,
115.900,2227,1,ibvs_active,-19.95,1.76,-23.3,1.4,-22.4,1.5,23.4,-0.701,-0.048,0,0,0,1,52.7,
115.952,2228,1,ibvs_active,-20.97,1.74,-26.6,0.3,-25.8,0.6,26.6,-1.02,-0.022,0,0,0,1,52.6,
116.025,2229,1,ibvs_active,-22.54,1.74,-32.8,-0.1,-31.4,0.1,32.8,-1.57,-0.003,0,0,0,1,52.2,
116.076,2230,0,tag_lost_countdown,-22.54,1.74,,,,,,,,,,,,,0.0
116.120,2231,0,tag_lost_countdown,-22.54,1.74,,,,,,,,,,,,,0.05
116.173,2232,1,deadband,-22.54,1.74,-4.5,-0.1,-9.8,-0.1,4.5,0.0,0.0,1,0,0,0,51.7,
116.225,2233,1,deadband,-22.54,1.74,-0.4,-1.3,-2.3,-1.0,1.3,0.0,0.0,1,0,0,0,51.8,
116.307,2234,1,deadband,-22.54,1.74,2.2,-2.2,1.3,-2.0,3.1,0.0,0.0,1,0,0,0,49.8,
116.357,2235,1,deadband,-22.54,1.74,7.4,-3.5,6.2,-3.2,8.2,0.0,0.0,1,0,0,0,50.2,
116.410,2236,1,ibvs_active,-22.35,1.72,17.2,2.0,15.0,1.0,17.3,0.187,-0.012,0,0,0,1,48.8,
116.459,2237,1,ibvs_active,-21.28,1.7,29.1,0.4,26.3,0.5,29.1,1.072,-0.022,0,0,0,1,43.2,
116.532,2238,1,ibvs_active,-19.61,1.67,35.2,0.8,33.4,0.7,35.2,1.669,-0.037,0,0,0,1,45.5,
116.613,2239,1,ibvs_active,-17.67,1.43,40.1,5.6,38.8,4.6,40.5,1.939,-0.231,0,0,0,1,45.2,
116.667,2240,1,ibvs_active,-16.55,1.17,23.2,6.7,26.3,6.3,24.2,1.124,-0.267,0,0,0,1,43.4,
116.714,2241,1,ibvs_active,-15.8,0.99,21.7,5.0,22.6,5.2,22.3,0.75,-0.173,0,0,0,1,44.1,
116.765,2242,1,deadband,-15.8,0.99,0.1,4.3,4.6,4.5,4.3,0.0,0.0,1,0,0,0,36.4,
116.813,2243,1,deadband,-15.8,0.99,-11.3,1.4,-8.1,2.0,11.4,0.0,0.0,1,0,0,0,41.5,
116.865,2244,1,ibvs_active,-16.0,0.93,-16.6,4.9,-14.9,4.3,17.3,-0.206,-0.059,0,0,0,1,39.9,
116.908,2245,1,ibvs_active,-16.35,0.78,-17.1,8.4,-16.6,7.6,19.0,-0.344,-0.157,0,0,0,1,38.9,
116.960,2246,1,ibvs_active,-17.18,0.44,-24.2,9.8,-22.7,9.4,26.1,-0.828,-0.341,0,0,0,1,37.0,
117.017,2247,1,ibvs_active,-18.38,-0.08,-27.0,11.7,-26.1,11.2,29.4,-1.205,-0.518,0,0,0,1,36.8,
117.069,2248,1,ibvs_active,-19.53,-1.11,-22.3,22.9,-23.0,20.6,31.9,-1.152,-1.029,0,0,0,1,34.8,
117.115,2249,1,ibvs_active,-20.4,-2.5,-15.9,29.5,-17.4,27.7,33.5,-0.868,-1.386,0,0,0,1,36.1,
117.164,2250,0,tag_lost_countdown,-20.4,-2.5,,,,,,,,,,,,,0.0
117.210,2251,1,ibvs_active,-20.4,-2.51,8.6,5.6,3.4,10.0,10.3,0.005,-0.015,0,0,0,1,36.4,
117.259,2252,1,ibvs_active,-20.16,-2.45,18.5,-7.9,15.5,-4.3,20.2,0.237,0.066,0,0,0,1,36.3,
117.306,2253,1,ibvs_active,-19.59,-2.2,20.8,-9.7,19.7,-8.7,22.9,0.569,0.25,0,0,0,1,37.0,
117.355,2254,1,ibvs_active,-18.09,-1.61,32.7,-12.5,30.1,-11.7,35.0,1.505,0.586,0,0,0,1,36.5,
117.400,2255,1,ibvs_active,-16.16,-1.04,40.8,-11.4,38.6,-11.4,42.3,1.931,0.572,0,0,0,1,36.3,
117.456,2256,1,ibvs_active,-14.16,-0.48,50.3,-11.1,48.0,-11.2,51.6,2.0,0.558,0,0,0,1,38.3,
117.497,2257,1,ibvs_active,-12.16,-0.13,52.6,-6.0,51.7,-7.0,52.9,2.0,0.352,0,0,0,1,33.1,
117.545,2258,1,ibvs_active,-10.16,-0.5,49.5,10.9,49.9,7.3,50.7,2.0,-0.367,0,0,0,1,30.5,
117.588,2259,1,ibvs_active,-8.16,-1.27,55.3,17.6,54.3,15.6,58.1,2.0,-0.778,0,0,0,1,47.1,
117.630,2260,0,tag_lost_countdown,-8.16,-1.27,,,,,,,,,,,,,0.0
117.673,2261,1,ibvs_active,-6.16,-2.8,44.3,34.3,46.3,30.6,56.0,2.0,-1.529,0,0,0,1,37.8,
117.717,2262,0,tag_lost_countdown,-6.16,-2.8,,,,,,,,,,,,,0.0
117.756,2263,0,tag_lost_countdown,-6.16,-2.8,,,,,,,,,,,,,0.04
117.803,2264,0,tag_lost_countdown,-6.16,-2.8,,,,,,,,,,,,,0.08
117.849,2265,1,ibvs_active,-4.16,-3.73,81.9,15.5,74.7,18.5,83.3,2.0,-0.925,0,0,0,1,48.9,
117.897,2266,1,ibvs_active,-2.16,-4.67,89.3,19.0,86.4,18.9,91.3,2.0,-0.945,0,0,0,1,51.7,
117.942,2267,1,ibvs_active,-0.16,-5.77,94.0,22.6,92.5,21.9,96.7,2.0,-1.094,0,0,0,1,52.2,
117.989,2268,1,ibvs_active,1.84,-6.3,74.1,7.8,77.8,10.6,74.5,2.0,-0.529,0,0,0,1,46.3,
118.029,2269,0,tag_lost_countdown,1.84,-6.3,,,,,,,,,,,,,0.0
118.074,2270,0,tag_lost_countdown,1.84,-6.3,,,,,,,,,,,,,0.04
118.127,2271,1,ibvs_active,1.83,-6.11,-21.4,-21.3,-1.5,-14.9,30.1,-0.019,0.185,0,0,0,1,32.9,
118.178,2272,1,ibvs_active,0.76,-4.92,-26.2,-26.0,-21.3,-23.8,36.9,-1.064,1.19,0,0,0,1,52.1,
118.225,2273,1,ibvs_active,-0.75,-3.02,-32.4,-41.4,-30.2,-37.9,52.6,-1.51,1.895,0,0,0,1,52.8,
118.278,2274,1,ibvs_active,-2.25,-1.02,-30.1,-44.8,-30.1,-43.4,54.0,-1.505,2.0,0,0,0,1,53.1,
118.324,2275,1,ibvs_active,-3.36,0.98,-20.2,-43.0,-22.2,-43.1,47.5,-1.11,2.0,0,0,0,1,48.7,
118.370,2276,0,tag_lost_countdown,-3.36,0.98,,,,,,,,,,,,,0.0
118.408,2277,0,tag_lost_countdown,-3.36,0.98,,,,,,,,,,,,,0.05
118.458,2278,1,ibvs_active,-1.52,1.42,51.6,-0.3,36.9,-8.9,51.6,1.844,0.444,0,0,0,1,43.7,
118.502,2279,1,ibvs_active,0.48,1.54,57.5,-0.8,53.3,-2.4,57.5,2.0,0.12,0,0,0,1,52.7,
118.561,2280,1,ibvs_active,2.48,1.61,61.7,-1.3,60.0,-1.5,61.7,2.0,0.075,0,0,0,1,51.9,
118.603,2281,1,ibvs_active,4.48,1.35,67.1,7.0,65.7,5.3,67.4,2.0,-0.264,0,0,0,1,39.5,
118.652,2282,0,tag_lost_countdown,4.48,1.35,,,,,,,,,,,,,0.0
118.698,2283,1,ibvs_active,6.48,0.7,41.4,15.0,46.2,13.1,44.0,2.0,-0.654,0,0,0,1,45.3,
118.747,2284,1,ibvs_active,8.48,-0.43,39.9,25.0,41.2,22.6,47.1,2.0,-1.131,0,0,0,1,44.1,
118.788,2285,1,ibvs_active,10.48,-1.58,55.6,23.0,52.7,23.0,60.2,2.0,-1.148,0,0,0,1,29.8,
118.838,2286,1,ibvs_active,12.48,-2.39,52.4,14.6,52.5,16.3,54.4,2.0,-0.813,0,0,0,1,45.0,
118.880,2287,0,tag_lost_countdown,12.48,-2.39,,,,,,,,,,,,,0.0
118.929,2288,1,ibvs_active,14.48,-2.53,42.8,-0.6,44.7,2.8,42.8,2.0,-0.138,0,0,0,1,42.0,
118.983,2289,0,tag_lost_countdown,14.48,-2.53,,,,,,,,,,,,,0.0
119.037,2290,1,ibvs_active,16.12,-2.03,29.8,-13.3,32.8,-10.1,32.7,1.641,0.504,0,0,0,1,43.7,
119.081,2291,1,ibvs_active,17.38,-1.28,23.8,-16.4,25.6,-15.1,28.9,1.261,0.745,0,0,0,1,54.2,
119.133,2292,1,ibvs_active,18.81,-0.43,29.3,-17.6,28.6,-17.1,34.2,1.429,0.854,0,0,0,1,54.0,
119.176,2293,0,tag_lost_countdown,18.81,-0.43,,,,,,,,,,,,,0.0
119.225,2294,1,ibvs_active,19.82,0.54,19.1,-21.0,21.0,-20.2,28.4,1.006,0.97,0,0,0,1,52.3,
119.272,2295,1,ibvs_active,20.31,1.12,13.4,-17.1,14.9,-17.7,21.7,0.491,0.583,0,0,0,1,52.5,
119.322,2296,1,ibvs_active,21.68,1.91,30.6,-15.2,27.4,-15.7,34.1,1.372,0.784,0,0,0,1,49.2,
119.371,2297,1,ibvs_active,22.93,2.13,27.7,-2.2,27.6,-4.9,27.8,1.249,0.223,0,0,0,1,35.5,
119.422,2298,1,ibvs_active,24.73,2.23,38.2,-1.3,36.1,-2.0,38.2,1.804,0.1,0,0,0,1,42.6,
119.466,2299,1,ibvs_active,26.73,1.68,42.7,14.2,41.4,11.0,45.0,2.0,-0.548,0,0,0,1,50.3,
119.519,2300,1,ibvs_active,28.73,1.11,40.5,11.5,40.6,11.4,42.1,2.0,-0.57,0,0,0,1,51.8,
119.566,2301,1,ibvs_active,30.59,0.44,36.2,13.9,37.1,13.4,38.7,1.853,-0.668,0,0,0,1,51.4,
119.642,2302,1,ibvs_active,31.53,-0.1,19.3,13.2,22.9,13.2,23.4,0.94,-0.544,0,0,0,1,36.6,
119.699,2303,1,ibvs_active,32.32,-0.63,20.5,14.1,21.0,13.9,24.9,0.798,-0.528,0,0,0,1,44.0,
119.753,2304,1,ibvs_active,32.43,-0.78,5.1,12.2,8.3,12.5,13.2,0.103,-0.156,0,0,0,1,55.0,
119.799,2305,1,ibvs_active,32.56,-0.87,13.0,6.7,12.1,7.9,14.6,0.133,-0.086,0,0,0,1,52.6,
119.856,2306,1,ibvs_active,32.77,-1.01,14.0,9.0,13.6,8.8,16.7,0.211,-0.136,0,0,0,1,51.9,
119.937,2307,1,ibvs_active,33.62,-1.23,26.1,5.6,23.6,6.3,26.7,0.851,-0.226,0,0,0,1,42.9,
119.989,2308,1,ibvs_active,35.62,-1.32,49.6,0.5,44.4,1.6,49.6,2.0,-0.082,0,0,0,1,52.8,
120.036,2309,1,ibvs_active,37.62,-1.37,55.6,0.9,53.3,1.0,55.6,2.0,-0.052,0,0,0,1,52.0,
120.086,2310,1,ibvs_active,39.62,-1.26,51.6,-2.9,51.9,-2.1,51.7,2.0,0.104,0,0,0,1,33.4,
120.128,2311,0,tag_lost_countdown,39.62,-1.26,,,,,,,,,,,,,0.0
120.208,2312,0,tag_lost_countdown,39.62,-1.26,,,,,,,,,,,,,0.06
120.257,2313,1,ibvs_active,41.62,-1.14,39.3,-2.6,41.8,-2.5,39.3,2.0,0.124,0,0,0,1,53.4,
120.308,2314,1,ibvs_active,43.62,-1.0,44.4,-2.9,43.8,-2.8,44.5,2.0,0.142,0,0,0,1,53.0,
120.357,2315,1,ibvs_active,45.62,-0.93,51.8,-1.0,50.2,-1.4,51.8,2.0,0.069,0,0,0,1,53.9,
120.408,2316,1,ibvs_active,47.62,-0.95,38.4,0.8,40.8,0.4,38.4,2.0,-0.019,0,0,0,1,41.7,
120.487,2317,1,ibvs_active,49.18,-1.17,28.7,5.5,31.1,4.5,29.2,1.556,-0.224,0,0,0,1,53.8,
120.536,2318,0,tag_lost_countdown,49.18,-1.17,,,,,,,,,,,,,0.0
120.581,2319,1,ibvs_active,49.12,-1.25,-17.6,11.8,-7.8,10.3,21.2,-0.058,-0.076,0,0,0,1,30.0,
120.635,2320,1,ibvs_active,47.86,-1.74,-31.5,10.5,-26.8,10.5,33.3,-1.258,-0.493,0,0,0,1,53.7,
120.683,2321,1,ibvs_active,46.23,-2.07,-34.1,5.6,-32.6,6.6,34.5,-1.63,-0.33,0,0,0,1,53.6,
120.765,2322,1,ibvs_active,44.54,-2.28,-34.1,3.6,-33.8,4.2,34.3,-1.689,-0.209,0,0,0,1,53.0,
120.812,2323,0,tag_lost_countdown,44.54,-2.28,,,,,,,,,,,,,0.0
120.858,2324,0,tag_lost_countdown,44.54,-2.28,,,,,,,,,,,,,0.04
120.902,2325,1,deadband,44.54,-2.28,12.7,0.7,3.4,1.4,12.7,0.0,0.0,1,0,0,0,53.0,
120.957,2326,1,ibvs_active,44.62,-2.28,14.6,1.1,12.4,1.2,14.7,0.076,-0.007,0,0,0,1,54.3,
121.019,2327,1,ibvs_active,44.81,-2.3,15.8,1.2,15.1,1.2,15.9,0.197,-0.016,0,0,0,1,53.2,
121.097,2328,1,ibvs_active,45.19,-2.34,18.9,2.2,18.1,2.0,19.0,0.374,-0.041,0,0,0,1,53.3,
121.144,2329,1,ibvs_active,45.81,-2.44,22.2,3.8,21.4,3.5,22.5,0.625,-0.101,0,0,0,1,53.6,
121.195,2330,1,ibvs_active,46.84,-2.56,26.8,3.0,25.7,3.1,27.0,1.023,-0.122,0,0,0,1,52.8,
121.240,2331,1,ibvs_active,48.09,-2.71,28.4,3.3,27.8,3.2,28.5,1.254,-0.145,0,0,0,1,53.6,
121.312,2332,0,tag_lost_countdown,48.09,-2.71,,,,,,,,,,,,,0.0
121.365,2333,0,tag_lost_countdown,48.09,-2.71,,,,,,,,,,,,,0.08
121.416,2334,1,deadband,48.09,-2.71,-1.5,-4.4,4.4,-2.9,4.7,0.0,0.0,1,0,0,0,49.9,
121.462,2335,1,deadband,48.09,-2.71,2.4,-3.0,2.8,-3.0,3.9,0.0,0.0,1,0,0,0,54.0,
121.514,2336,1,deadband,48.09,-2.71,6.3,-1.7,5.6,-1.9,6.5,0.0,0.0,1,0,0,0,53.7,
121.581,2337,1,ibvs_active,48.32,-2.7,18.4,-0.5,15.9,-0.8,18.4,0.233,0.011,0,0,0,1,49.6,
121.650,2338,1,ibvs_active,49.98,-2.78,37.5,2.2,33.1,1.6,37.5,1.657,-0.08,0,0,0,1,30.5,
121.693,2339,0,tag_lost_countdown,49.98,-2.78,,,,,,,,,,,,,0.0
121.738,2340,0,tag_lost_countdown,49.98,-2.78,,,,,,,,,,,,,0.04
121.784,2341,1,ibvs_active,51.98,-3.48,85.0,17.3,74.6,14.1,86.8,2.0,-0.706,0,0,0,1,40.9,
121.838,2342,1,ibvs_active,53.98,-4.45,93.6,20.5,89.8,19.2,95.8,2.0,-0.962,0,0,0,1,50.3,
121.883,2343,1,ibvs_active,55.98,-5.45,106.3,20.2,103.0,20.0,108.2,2.0,-1.001,0,0,0,1,33.7,
121.934,2344,1,ibvs_active,57.98,-5.96,87.1,7.8,90.3,10.2,87.5,2.0,-0.511,0,0,0,1,48.8,
121.980,2345,1,ibvs_active,59.98,-5.8,66.3,-6.6,71.1,-3.2,66.6,2.0,0.161,0,0,0,1,34.7,
122.065,2346,1,ibvs_active,61.98,-5.14,48.6,-15.7,53.1,-13.2,51.1,2.0,0.661,0,0,0,1,47.8,
122.133,2347,1,ibvs_active,63.73,-4.48,30.3,-13.1,34.9,-13.1,33.0,1.744,0.656,0,0,0,1,31.6,
122.187,2348,1,ibvs_active,63.71,-4.42,-12.3,-11.2,-2.9,-11.6,16.6,-0.014,0.056,0,0,0,1,54.3,
122.233,2349,1,ibvs_active,63.58,-4.28,-12.3,-10.9,-10.4,-11.1,16.5,-0.136,0.144,0,0,0,1,50.3,
122.282,2350,0,tag_lost_countdown,63.58,-4.28,,,,,,,,,,,,,0.0
122.343,2351,1,ibvs_active,61.83,-3.73,-41.0,-11.1,-34.9,-11.1,42.5,-1.744,0.556,0,0,0,1,53.2,
122.419,2352,1,ibvs_active,59.88,-3.12,-40.2,-12.4,-39.1,-12.1,42.0,-1.956,0.605,0,0,0,1,53.8,
122.467,2353,1,ibvs_active,57.92,-2.72,-39.3,-7.0,-39.2,-8.0,39.9,-1.961,0.401,0,0,0,1,41.8,
122.516,2354,0,tag_lost_countdown,57.92,-2.72,,,,,,,,,,,,,0.0
122.560,2355,1,ibvs_active,57.84,-2.77,-3.3,11.0,-10.5,7.2,11.5,-0.071,-0.049,0,0,0,1,51.8,
122.642,2356,0,tag_lost_countdown,57.84,-2.77,,,,,,,,,,,,,0.0
122.695,2357,1,ibvs_active,58.16,-3.09,19.5,15.5,13.5,13.8,24.9,0.315,-0.322,0,0,0,1,53.9,
122.747,2358,1,ibvs_active,58.96,-3.65,22.7,14.6,20.9,14.4,27.0,0.803,-0.556,0,0,0,1,53.9,
122.792,2359,1,ibvs_active,60.22,-4.46,26.2,16.7,25.2,16.3,31.1,1.256,-0.811,0,0,0,1,53.4,
122.843,2360,1,ibvs_active,61.59,-5.29,28.0,16.8,27.4,16.7,32.6,1.371,-0.836,0,0,0,1,54.2,
122.900,2361,1,ibvs_active,62.98,-6.09,28.0,15.9,27.9,16.0,32.2,1.393,-0.801,0,0,0,1,38.0,
122.976,2362,0,tag_lost_countdown,62.98,-6.09,,,,,,,,,,,,,0.0
123.015,2363,0,tag_lost_countdown,62.98,-6.09,,,,,,,,,,,,,0.05
123.065,2364,1,deadband,62.98,-6.09,-4.1,-8.2,2.3,-3.4,9.2,0.0,0.0,1,0,0,0,53.8,
123.112,2365,1,deadband,62.98,-6.09,-2.2,-8.8,-1.3,-7.7,9.1,0.0,0.0,1,0,0,0,53.5,
123.176,2366,1,deadband,62.98,-6.09,2.2,-9.5,1.5,-9.2,9.8,0.0,0.0,1,0,0,0,53.2,
123.248,2367,1,deadband,62.98,-6.09,7.5,-9.2,6.3,-9.2,11.9,0.0,0.0,1,0,0,0,53.1,
123.301,2368,1,ibvs_active,63.09,-6.0,11.5,-9.4,10.5,-9.4,14.9,0.107,0.095,0,0,0,1,52.7,
123.348,2369,1,ibvs_active,63.37,-5.84,16.4,-8.4,15.2,-8.6,18.4,0.284,0.161,0,0,0,1,53.3,
123.401,2370,1,ibvs_active,63.86,-5.6,19.2,-9.0,18.4,-9.0,21.3,0.483,0.235,0,0,0,1,53.8,
123.471,2371,1,ibvs_active,64.84,-5.28,26.2,-7.9,24.6,-8.1,27.3,0.98,0.323,0,0,0,1,54.4,
123.534,2372,1,ibvs_active,66.25,-5.01,30.1,-5.0,29.0,-5.6,30.5,1.419,0.274,0,0,0,1,54.3,
123.581,2373,1,ibvs_active,67.23,-5.17,24.2,6.7,25.2,4.2,25.1,0.975,-0.163,0,0,0,1,53.6,
123.629,2374,1,ibvs_active,68.64,-5.47,29.8,6.6,28.8,6.1,30.5,1.405,-0.297,0,0,0,1,48.8,
123.675,2375,1,ibvs_active,70.2,-5.81,31.9,7.2,31.3,7.0,32.7,1.566,-0.348,0,0,0,1,53.5,
123.724,2376,1,ibvs_active,72.16,-6.59,41.2,17.6,39.2,15.4,44.8,1.96,-0.772,0,0,0,1,37.7,
123.768,2377,1,ibvs_active,74.16,-7.62,46.8,22.1,45.3,20.7,51.8,2.0,-1.037,0,0,0,1,53.3,
123.817,2378,1,ibvs_active,76.16,-8.75,42.0,23.0,42.6,22.6,47.9,2.0,-1.128,0,0,0,1,49.7,
123.857,2379,0,tag_lost_countdown,76.16,-8.75,,,,,,,,,,,,,0.0
123.900,2380,0,tag_lost_countdown,76.16,-8.75,,,,,,,,,,,,,0.04
123.946,2381,1,ibvs_active,77.77,-8.3,29.6,-17.0,32.2,-9.1,34.1,1.61,0.454,0,0,0,1,53.8,
124.000,2382,1,ibvs_active,79.43,-7.47,33.3,-18.3,33.1,-16.5,38.0,1.654,0.824,0,0,0,1,53.9,
124.045,2383,1,ibvs_active,81.27,-6.64,38.0,-16.8,37.0,-16.7,41.5,1.849,0.835,0,0,0,1,52.5,
124.096,2384,1,ibvs_active,83.19,-5.84,38.8,-15.8,38.4,-16.0,41.9,1.921,0.798,0,0,0,1,53.8,
124.145,2385,1,ibvs_active,85.13,-5.21,38.8,-11.8,38.7,-12.6,40.5,1.936,0.632,0,0,0,1,51.8,
124.196,2386,1,ibvs_active,86.99,-4.82,36.7,-6.6,37.1,-7.8,37.3,1.856,0.389,0,0,0,1,52.3,
124.242,2387,1,ibvs_active,88.75,-4.73,34.9,-0.2,35.3,-1.7,34.9,1.767,0.087,0,0,0,1,48.1,
124.294,2388,1,ibvs_active,90.0,-4.63,33.5,-2.1,33.9,-2.0,33.6,1.695,0.1,0,1,0,1,52.8,
124.339,2389,1,ibvs_active,90.0,-4.76,33.0,3.8,33.1,2.7,33.2,1.657,-0.133,0,1,0,1,50.0,
124.391,2390,1,ibvs_active,90.0,-4.99,33.7,5.1,33.6,4.6,34.1,1.68,-0.231,0,1,0,1,53.4,
124.438,2391,1,ibvs_active,90.0,-5.24,34.8,5.0,34.6,5.0,35.2,1.729,-0.248,0,1,0,1,52.5,
124.488,2392,1,ibvs_active,90.0,-5.38,38.1,2.2,37.4,2.8,38.2,1.871,-0.138,0,1,0,1,53.6,
124.535,2393,1,ibvs_active,90.0,-5.43,40.5,0.6,39.8,1.1,40.5,1.992,-0.054,0,1,0,1,53.4,
124.591,2394,1,ibvs_active,90.0,-5.23,44.8,-5.5,43.8,-4.2,45.1,2.0,0.209,0,1,0,1,54.0,
124.638,2395,1,ibvs_active,90.0,-4.9,44.5,-7.2,44.4,-6.6,45.1,2.0,0.329,0,1,0,1,52.9,
124.690,2396,1,ibvs_active,90.0,-4.56,43.6,-6.7,43.8,-6.7,44.1,2.0,0.336,0,1,0,1,52.7,
124.736,2397,1,ibvs_active,90.0,-4.25,43.5,-6.0,43.6,-6.1,43.9,2.0,0.306,0,1,0,1,52.6,
124.785,2398,1,ibvs_active,90.0,-3.94,42.2,-6.4,42.4,-6.4,42.7,2.0,0.319,0,1,0,1,54.3,
124.841,2399,1,ibvs_active,90.0,-3.67,41.8,-5.1,41.9,-5.4,42.1,2.0,0.268,0,1,0,1,52.2,
124.897,2400,1,ibvs_active,90.0,-3.43,42.6,-4.6,42.5,-4.8,42.8,2.0,0.239,0,1,0,1,53.1,
124.942,2401,1,ibvs_active,90.0,-3.18,43.2,-5.0,43.0,-4.9,43.4,2.0,0.246,0,1,0,1,51.4,
124.992,2402,1,ibvs_active,90.0,-3.27,42.5,3.3,42.6,1.7,42.7,2.0,-0.084,0,1,0,1,52.7,
125.040,2403,1,ibvs_active,90.0,-3.48,42.8,4.9,42.8,4.3,43.1,2.0,-0.214,0,1,0,1,52.6,
125.091,2404,1,ibvs_active,90.0,-3.78,45.2,6.3,44.7,5.9,45.6,2.0,-0.296,0,1,0,1,54.0,
125.136,2405,1,ibvs_active,90.0,-4.03,46.2,4.9,45.9,5.1,46.5,2.0,-0.254,0,1,0,1,53.0,
125.188,2406,1,ibvs_active,90.0,-4.23,49.7,3.6,49.0,3.9,49.9,2.0,-0.194,0,1,0,1,53.2,
125.244,2407,1,ibvs_active,90.0,-4.46,52.8,5.0,52.0,4.7,53.0,2.0,-0.237,0,1,0,1,52.2,
125.294,2408,1,ibvs_active,90.0,-4.95,65.5,10.9,62.8,9.7,66.4,2.0,-0.484,0,1,0,1,36.9,
125.334,2409,0,tag_lost_countdown,90.0,-4.95,,,,,,,,,,,,,0.0
125.376,2410,0,tag_lost_countdown,90.0,-4.95,,,,,,,,,,,,,0.04
125.415,2411,0,tag_lost_countdown,90.0,-4.95,,,,,,,,,,,,,0.08
125.470,2412,1,ibvs_active,90.0,-6.02,135.4,24.5,120.9,21.5,137.6,2.0,-1.076,0,1,0,1,31.5,
125.515,2413,1,ibvs_active,90.0,-6.74,150.0,12.6,144.2,14.4,150.5,2.0,-0.721,0,1,0,1,42.9,
125.566,2414,1,ibvs_active,90.0,-7.09,156.0,5.1,153.6,7.0,156.0,2.0,-0.348,0,1,0,1,46.6,
125.614,2415,1,ibvs_active,90.0,-6.95,170.9,-5.2,167.4,-2.8,171.0,2.0,0.14,0,1,0,1,38.2,
125.663,2416,0,tag_lost_countdown,90.0,-6.95,,,,,,,,,,,,,0.0
125.714,2417,0,tag_lost_countdown,90.0,-6.95,,,,,,,,,,,,,0.06
125.769,2418,1,ibvs_active,90.0,-7.29,228.7,9.1,216.5,6.7,228.9,2.0,-0.335,0,1,0,1,45.7,
125.817,2419,1,ibvs_active,90.0,-7.79,239.4,10.9,234.8,10.1,239.7,2.0,-0.503,0,1,0,1,50.7,
125.870,2420,1,ibvs_active,90.0,-8.1,244.5,5.2,242.6,6.2,244.6,2.0,-0.31,0,1,0,1,48.5,
125.920,2421,1,ibvs_active,90.0,-8.3,258.8,3.6,255.6,4.1,258.8,2.0,-0.205,0,1,0,1,48.3,
125.978,2422,1,ibvs_active,90.0,-8.44,263.2,2.4,261.7,2.7,263.2,2.0,-0.136,0,1,0,1,49.1,
126.032,2423,1,ibvs_active,90.0,-8.66,269.1,4.9,267.6,4.5,269.1,2.0,-0.223,0,1,0,1,49.9,
126.089,2424,1,ibvs_active,90.0,-8.63,271.8,-1.9,271.0,-0.6,271.8,2.0,0.031,0,1,0,1,50.6,
126.153,2425,1,ibvs_active,90.0,-8.49,271.7,-3.4,271.6,-2.8,271.8,2.0,0.14,0,1,0,1,49.6,
126.234,2426,1,ibvs_active,90.0,-7.83,269.8,-15.9,270.2,-13.3,270.3,2.0,0.663,0,1,0,1,48.9,
126.288,2427,1,ibvs_active,90.0,-7.06,255.3,-15.8,258.3,-15.3,255.8,2.0,0.766,0,1,0,1,49.4,
126.344,2428,1,ibvs_active,90.0,-6.29,248.7,-15.5,250.6,-15.4,249.2,2.0,0.771,0,1,0,1,47.5,
126.397,2429,0,tag_lost_countdown,90.0,-6.29,,,,,,,,,,,,,0.0
126.446,2430,0,tag_lost_countdown,90.0,-6.29,,,,,,,,,,,,,0.05
126.486,2431,0,tag_lost_countdown,90.0,-6.29,,,,,,,,,,,,,0.1
126.531,2432,0,tag_lost_countdown,90.0,-6.29,,,,,,,,,,,,,0.14
126.567,2433,0,tag_lost_countdown,90.0,-6.29,,,,,,,,,,,,,0.19
126.616,2434,0,tag_lost_countdown,90.0,-6.29,,,,,,,,,,,,,0.22
126.653,2435,0,tag_lost_countdown,90.0,-6.29,,,,,,,,,,,,,0.27
126.696,2436,0,tag_lost_countdown,90.0,-6.29,,,,,,,,,,,,,0.31
126.734,2437,0,tag_lost_countdown,90.0,-6.29,,,,,,,,,,,,,0.35
126.776,2438,0,tag_lost_countdown,90.0,-6.29,,,,,,,,,,,,,0.39
126.815,2439,0,tag_lost_countdown,90.0,-6.29,,,,,,,,,,,,,0.43
126.885,2440,0,tag_lost_countdown,90.0,-6.29,,,,,,,,,,,,,0.49
126.935,2441,0,tag_lost_countdown,90.0,-6.29,,,,,,,,,,,,,0.55
126.981,2442,0,tag_lost_countdown,90.0,-6.29,,,,,,,,,,,,,0.59
127.021,2443,0,tag_lost_countdown,90.0,-6.29,,,,,,,,,,,,,0.64
127.072,2444,1,ibvs_active,88.0,-7.29,-175.8,28.9,-90.5,20.0,178.1,-2.0,-1.0,0,0,0,1,33.8,
127.142,2445,1,ibvs_active,86.0,-8.68,-188.4,29.7,-168.9,27.8,190.8,-2.0,-1.389,0,0,0,1,51.4,
127.219,2446,1,ibvs_active,84.0,-10.2,-192.9,31.0,-188.1,30.4,195.4,-2.0,-1.519,0,0,0,1,52.2,
127.262,2447,0,tag_lost_countdown,84.0,-10.2,,,,,,,,,,,,,0.0
127.312,2448,1,ibvs_active,82.0,-10.96,-192.1,11.4,-191.3,15.2,192.5,-2.0,-0.76,0,0,0,1,44.4,
127.357,2449,1,ibvs_active,80.0,-10.95,-191.2,-4.2,-191.2,-0.3,191.2,-2.0,0.014,0,0,0,1,50.8,
127.450,2450,1,ibvs_active,78.0,-10.8,-192.9,-3.7,-192.6,-3.0,192.9,-2.0,0.149,0,0,0,1,51.2,
127.496,2451,1,ibvs_active,76.0,-10.39,-202.5,-9.4,-200.5,-8.1,202.7,-2.0,0.407,0,0,0,1,51.9,
127.545,2452,1,ibvs_active,74.0,-10.03,-215.2,-7.0,-212.3,-7.3,215.3,-2.0,0.363,0,0,0,1,50.6,
127.590,2453,1,ibvs_active,72.0,-9.68,-223.0,-6.7,-220.9,-6.8,223.1,-2.0,0.342,0,0,0,1,50.3,
127.641,2454,1,ibvs_active,70.0,-9.32,-229.9,-7.3,-228.1,-7.2,230.0,-2.0,0.361,0,0,0,1,50.3,
127.703,2455,1,ibvs_active,68.0,-8.87,-245.6,-9.5,-242.1,-9.1,245.8,-2.0,0.454,0,0,0,1,49.8,
127.778,2456,1,ibvs_active,66.0,-8.84,-240.7,1.6,-241.0,-0.6,240.7,-2.0,0.028,0,0,0,1,41.3,
127.817,2457,0,tag_lost_countdown,66.0,-8.84,,,,,,,,,,,,,0.0
127.864,2458,0,tag_lost_countdown,66.0,-8.84,,,,,,,,,,,,,0.04
127.906,2459,0,tag_lost_countdown,66.0,-8.84,,,,,,,,,,,,,0.09
127.974,2460,0,tag_lost_countdown,66.0,-8.84,,,,,,,,,,,,,0.13
128.041,2461,0,tag_lost_countdown,66.0,-8.84,,,,,,,,,,,,,0.22
128.091,2462,0,tag_lost_countdown,66.0,-8.84,,,,,,,,,,,,,0.26
128.132,2463,0,tag_lost_countdown,66.0,-8.84,,,,,,,,,,,,,0.31
128.179,2464,0,tag_lost_countdown,66.0,-8.84,,,,,,,,,,,,,0.35
128.228,2465,0,tag_lost_countdown,66.0,-8.84,,,,,,,,,,,,,0.4
128.316,2466,0,tag_lost_countdown,66.0,-8.84,,,,,,,,,,,,,0.49
128.362,2467,0,tag_lost_countdown,66.0,-8.84,,,,,,,,,,,,,0.54
128.411,2468,0,tag_lost_countdown,66.0,-8.84,,,,,,,,,,,,,0.58
128.450,2469,0,tag_lost_countdown,66.0,-8.84,,,,,,,,,,,,,0.63
128.509,2470,0,tag_lost_countdown,66.0,-8.84,,,,,,,,,,,,,0.67
128.593,2471,0,tag_lost_countdown,66.0,-8.84,,,,,,,,,,,,,0.77
128.642,2472,0,tag_lost_countdown,66.0,-8.84,,,,,,,,,,,,,0.82
128.687,2473,1,ibvs_active,64.0,-8.27,-264.1,-14.2,-259.5,-11.4,264.5,-2.0,0.572,0,0,0,1,35.2,
128.737,2474,1,ibvs_active,62.0,-7.63,-249.6,-13.2,-251.6,-12.8,250.0,-2.0,0.641,0,0,0,1,27.7,
128.786,2475,0,tag_lost_countdown,62.0,-7.63,,,,,,,,,,,,,0.0
128.870,2476,0,tag_lost_countdown,62.0,-7.63,,,,,,,,,,,,,0.08
128.914,2477,0,tag_lost_countdown,62.0,-7.63,,,,,,,,,,,,,0.13
128.964,2478,1,ibvs_active,60.0,-8.33,-100.0,20.9,-130.3,14.1,102.1,-2.0,-0.706,0,0,0,1,40.7,
129.009,2479,1,ibvs_active,58.0,-9.56,-86.8,27.2,-95.5,24.6,91.0,-2.0,-1.228,0,0,0,1,37.7,
129.107,2480,1,ibvs_active,56.0,-10.8,-80.4,24.9,-83.4,24.8,84.2,-2.0,-1.242,0,0,0,1,27.5,
129.163,2481,1,ibvs_active,54.0,-11.59,-40.6,13.5,-49.2,15.8,42.8,-2.0,-0.79,0,0,0,1,27.6,
129.214,2482,1,ibvs_active,53.98,-11.54,6.5,-17.6,-4.7,-10.9,18.8,-0.022,0.052,0,0,0,1,24.4,
129.262,2483,1,ibvs_active,54.07,-11.26,7.9,-17.5,5.4,-16.2,19.2,0.095,0.286,0,0,0,1,35.6,
129.313,2484,1,ibvs_active,54.84,-10.48,22.0,-19.4,18.7,-18.8,29.3,0.769,0.775,0,0,0,1,35.6,
129.381,2485,1,ibvs_active,55.36,-9.75,13.2,-20.3,14.3,-20.0,24.2,0.522,0.727,0,0,0,1,30.6,
129.443,2486,1,ibvs_active,55.28,-8.92,-6.5,-24.9,-2.3,-23.9,25.7,-0.081,0.84,0,0,0,1,29.7,
129.491,2487,1,ibvs_active,54.17,-7.49,-27.3,-29.5,-22.3,-28.4,40.2,-1.117,1.42,0,0,0,1,27.1,
129.541,2488,1,ibvs_active,52.17,-6.27,-44.4,-23.6,-40.0,-24.6,50.3,-2.0,1.229,0,0,0,1,29.4,
129.585,2489,1,ibvs_active,50.17,-5.41,-66.6,-15.3,-61.3,-17.2,68.4,-2.0,0.859,0,0,0,1,32.2,
129.663,2490,0,tag_lost_countdown,50.17,-5.41,,,,,,,,,,,,,0.0
129.717,2491,1,ibvs_active,48.17,-5.41,-73.7,4.3,-71.2,0.0,73.8,-2.0,-0.002,0,0,0,1,40.4,
129.768,2492,1,ibvs_active,46.17,-5.71,-79.4,7.4,-77.8,6.0,79.7,-2.0,-0.298,0,0,0,1,30.3,
129.812,2493,0,tag_lost_countdown,46.17,-5.71,,,,,,,,,,,,,0.0
129.861,2494,0,tag_lost_countdown,46.17,-5.71,,,,,,,,,,,,,0.04
129.905,2495,0,tag_lost_countdown,46.17,-5.71,,,,,,,,,,,,,0.09
129.957,2496,0,tag_lost_countdown,46.17,-5.71,,,,,,,,,,,,,0.14
130.001,2497,0,tag_lost_countdown,46.17,-5.71,,,,,,,,,,,,,0.19
130.049,2498,0,tag_lost_countdown,46.17,-5.71,,,,,,,,,,,,,0.23
130.093,2499,0,tag_lost_countdown,46.17,-5.71,,,,,,,,,,,,,0.28
130.148,2500,0,tag_lost_countdown,46.17,-5.71,,,,,,,,,,,,,0.33
130.193,2501,0,tag_lost_countdown,46.17,-5.71,,,,,,,,,,,,,0.38
130.238,2502,0,tag_lost_countdown,46.17,-5.71,,,,,,,,,,,,,0.42
130.277,2503,0,tag_lost_countdown,46.17,-5.71,,,,,,,,,,,,,0.47
130.320,2504,0,tag_lost_countdown,46.17,-5.71,,,,,,,,,,,,,0.51
130.360,2505,0,tag_lost_countdown,46.17,-5.71,,,,,,,,,,,,,0.55
130.404,2506,0,tag_lost_countdown,46.17,-5.71,,,,,,,,,,,,,0.59
130.443,2507,0,tag_lost_countdown,46.17,-5.71,,,,,,,,,,,,,0.64
130.486,2508,0,tag_lost_countdown,46.17,-5.71,,,,,,,,,,,,,0.67
130.528,2509,0,tag_lost_countdown,46.17,-5.71,,,,,,,,,,,,,0.72
130.575,2510,0,tag_lost_countdown,46.17,-5.71,,,,,,,,,,,,,0.76
130.613,2511,0,tag_lost_countdown,46.17,-5.71,,,,,,,,,,,,,0.81
130.656,2512,0,tag_lost_countdown,46.17,-5.71,,,,,,,,,,,,,0.85
130.694,2513,0,tag_lost_countdown,46.17,-5.71,,,,,,,,,,,,,0.89
130.743,2514,0,tag_lost_countdown,46.17,-5.71,,,,,,,,,,,,,0.93
130.782,2515,0,tag_lost_countdown,46.17,-5.71,,,,,,,,,,,,,0.97
130.827,2516,0,tag_lost_countdown,46.17,-5.71,,,,,,,,,,,,,1.01
130.866,2517,0,tag_lost_countdown,46.17,-5.71,,,,,,,,,,,,,1.06
130.912,2518,0,tag_lost_countdown,46.17,-5.71,,,,,,,,,,,,,1.1
130.956,2519,0,tag_lost_countdown,46.17,-5.71,,,,,,,,,,,,,1.14
131.005,2520,0,tag_lost_countdown,46.17,-5.71,,,,,,,,,,,,,1.19
131.046,2521,0,tag_lost_countdown,46.17,-5.71,,,,,,,,,,,,,1.24
131.095,2522,0,tag_lost_countdown,46.17,-5.71,,,,,,,,,,,,,1.28
131.135,2523,0,tag_lost_countdown,46.17,-5.71,,,,,,,,,,,,,1.33
131.182,2524,0,tag_lost_countdown,46.17,-5.71,,,,,,,,,,,,,1.37
131.222,2525,0,tag_lost_countdown,46.17,-5.71,,,,,,,,,,,,,1.41
131.267,2526,0,tag_lost_countdown,46.17,-5.71,,,,,,,,,,,,,1.45
131.309,2527,0,tag_lost_countdown,46.17,-5.71,,,,,,,,,,,,,1.5
131.355,2528,0,tag_lost_countdown,46.17,-5.71,,,,,,,,,,,,,1.54
131.392,2529,0,tag_lost_countdown,46.17,-5.71,,,,,,,,,,,,,1.59
131.436,2530,0,tag_lost_countdown,46.17,-5.71,,,,,,,,,,,,,1.62
131.476,2531,0,tag_lost_countdown,46.17,-5.71,,,,,,,,,,,,,1.67
131.517,2532,0,tag_lost_countdown,46.17,-5.71,,,,,,,,,,,,,1.71
131.558,2533,0,tag_lost_countdown,46.17,-5.71,,,,,,,,,,,,,1.75
131.604,2534,0,tag_lost_countdown,46.17,-5.71,,,,,,,,,,,,,1.79
131.643,2535,0,tag_lost_countdown,46.17,-5.71,,,,,,,,,,,,,1.84
131.688,2536,0,tag_lost_countdown,46.17,-5.71,,,,,,,,,,,,,1.88
131.729,2537,0,tag_lost_countdown,46.17,-5.71,,,,,,,,,,,,,1.92
131.772,2538,0,tag_lost_countdown,46.17,-5.71,,,,,,,,,,,,,1.96
131.812,2539,0,tag_lost_countdown,46.17,-5.71,,,,,,,,,,,,,2.0
131.859,2540,0,tag_lost_countdown,46.17,-5.71,,,,,,,,,,,,,2.04
131.898,2541,0,tag_lost_countdown,46.17,-5.71,,,,,,,,,,,,,2.09
131.942,2542,0,tag_lost_countdown,46.17,-5.71,,,,,,,,,,,,,2.13
131.981,2543,0,tag_lost_countdown,46.17,-5.71,,,,,,,,,,,,,2.17
132.027,2544,0,tag_lost_countdown,46.17,-5.71,,,,,,,,,,,,,2.21
132.068,2545,0,tag_lost_countdown,46.17,-5.71,,,,,,,,,,,,,2.26
132.113,2546,0,tag_lost_countdown,46.17,-5.71,,,,,,,,,,,,,2.3
132.151,2547,0,tag_lost_countdown,46.17,-5.71,,,,,,,,,,,,,2.34
132.197,2548,0,tag_lost_countdown,46.17,-5.71,,,,,,,,,,,,,2.38
132.241,2549,0,tag_lost_countdown,46.17,-5.71,,,,,,,,,,,,,2.43
132.286,2550,0,tag_lost_countdown,46.17,-5.71,,,,,,,,,,,,,2.47
132.330,2551,0,tag_lost_countdown,46.17,-5.71,,,,,,,,,,,,,2.52
132.380,2552,0,tag_lost_countdown,46.17,-5.71,,,,,,,,,,,,,2.56
132.423,2553,0,tag_lost_countdown,46.17,-5.71,,,,,,,,,,,,,2.61
132.470,2554,0,tag_lost_countdown,46.17,-5.71,,,,,,,,,,,,,2.66
132.511,2555,0,tag_lost_countdown,46.17,-5.71,,,,,,,,,,,,,2.7
132.556,2556,0,tag_lost_countdown,46.17,-5.71,,,,,,,,,,,,,2.74
132.599,2557,0,tag_lost_countdown,46.17,-5.71,,,,,,,,,,,,,2.79
132.648,2558,0,tag_lost_countdown,46.17,-5.71,,,,,,,,,,,,,2.83
132.694,2559,0,tag_lost_countdown,46.17,-5.71,,,,,,,,,,,,,2.89
132.741,2560,0,tag_lost_countdown,46.17,-5.71,,,,,,,,,,,,,2.93
132.785,2561,0,tag_lost_countdown,46.17,-5.71,,,,,,,,,,,,,2.97
132.834,2562,0,tag_lost_countdown,46.17,-5.71,,,,,,,,,,,,,3.02
132.875,2563,0,tag_lost_countdown,46.17,-5.71,,,,,,,,,,,,,3.07
132.927,2564,0,tag_lost_countdown,46.17,-5.71,,,,,,,,,,,,,3.11
132.972,2565,0,tag_lost_countdown,46.17,-5.71,,,,,,,,,,,,,3.16
133.022,2566,0,tag_lost_countdown,46.17,-5.71,,,,,,,,,,,,,3.2
133.064,2567,0,tag_lost_countdown,46.17,-5.71,,,,,,,,,,,,,3.25
133.114,2568,0,tag_lost_countdown,46.17,-5.71,,,,,,,,,,,,,3.3
133.155,2569,0,tag_lost_countdown,46.17,-5.71,,,,,,,,,,,,,3.35
133.207,2570,0,tag_lost_countdown,46.17,-5.71,,,,,,,,,,,,,3.39
133.250,2571,0,tag_lost_countdown,46.17,-5.71,,,,,,,,,,,,,3.44
133.303,2572,0,tag_lost_countdown,46.17,-5.71,,,,,,,,,,,,,3.48
133.346,2573,0,tag_lost_countdown,46.17,-5.71,,,,,,,,,,,,,3.54
133.395,2574,0,tag_lost_countdown,46.17,-5.71,,,,,,,,,,,,,3.58
133.438,2575,0,tag_lost_countdown,46.17,-5.71,,,,,,,,,,,,,3.63
133.487,2576,0,tag_lost_countdown,46.17,-5.71,,,,,,,,,,,,,3.67
133.527,2577,0,tag_lost_countdown,46.17,-5.71,,,,,,,,,,,,,3.72
133.575,2578,0,tag_lost_countdown,46.17,-5.71,,,,,,,,,,,,,3.76
133.616,2579,0,tag_lost_countdown,46.17,-5.71,,,,,,,,,,,,,3.81
133.662,2580,0,tag_lost_countdown,46.17,-5.71,,,,,,,,,,,,,3.85
133.703,2581,0,tag_lost_countdown,46.17,-5.71,,,,,,,,,,,,,3.89
133.750,2582,0,tag_lost_countdown,46.17,-5.71,,,,,,,,,,,,,3.94
133.795,2583,0,tag_lost_countdown,46.17,-5.71,,,,,,,,,,,,,3.98
133.840,2584,0,tag_lost_countdown,46.17,-5.71,,,,,,,,,,,,,4.03
133.881,2585,0,tag_lost_countdown,46.17,-5.71,,,,,,,,,,,,,4.07
133.932,2586,0,tag_lost_countdown,46.17,-5.71,,,,,,,,,,,,,4.11
133.983,2587,0,tag_lost_countdown,46.17,-5.71,,,,,,,,,,,,,4.17
134.033,2588,0,tag_lost_countdown,46.17,-5.71,,,,,,,,,,,,,4.22
134.073,2589,0,tag_lost_countdown,46.17,-5.71,,,,,,,,,,,,,4.26
134.121,2590,0,tag_lost_countdown,46.17,-5.71,,,,,,,,,,,,,4.31
134.167,2591,0,tag_lost_countdown,46.17,-5.71,,,,,,,,,,,,,4.35
134.250,2592,0,tag_lost_countdown,46.17,-5.71,,,,,,,,,,,,,4.43
134.296,2593,1,ibvs_active,45.23,-5.03,-8.1,-21.2,-22.0,-15.7,22.7,-0.94,0.672,0,0,0,1,36.1,
134.349,2594,1,ibvs_active,44.33,-3.98,-18.1,-23.7,-18.9,-22.1,29.8,-0.9,1.053,0,0,0,1,36.6,
134.397,2595,1,ibvs_active,43.3,-2.81,-20.9,-23.7,-20.5,-23.4,31.5,-1.023,1.168,0,0,0,1,36.9,
134.487,2596,1,ibvs_active,43.15,-2.21,-1.6,-20.3,-5.4,-20.9,20.3,-0.155,0.604,0,0,0,1,36.2,
134.544,2597,1,ibvs_active,43.37,-1.58,10.8,-20.7,7.5,-20.7,23.3,0.227,0.626,0,0,0,1,23.3,
134.595,2598,1,ibvs_active,43.65,-1.46,17.6,-3.7,15.6,-7.1,18.0,0.28,0.128,0,0,0,1,36.4,
134.640,2599,1,ibvs_active,44.06,-1.29,18.3,-7.2,17.8,-7.2,19.6,0.406,0.164,0,0,0,1,32.4,
134.690,2600,1,ibvs_active,44.41,-1.3,17.8,2.2,17.8,0.3,18.0,0.348,-0.007,0,0,0,1,36.6,
134.751,2601,1,ibvs_active,44.7,-1.39,16.0,6.4,16.3,5.2,17.2,0.292,-0.093,0,0,0,1,36.3,
134.824,2602,1,ibvs_active,44.89,-1.48,13.4,6.7,14.0,6.4,15.0,0.187,-0.086,0,0,0,1,35.8,
134.870,2603,1,deadband,44.89,-1.48,5.1,7.0,6.8,6.9,8.7,0.0,0.0,1,0,0,0,36.2,
134.919,2604,1,deadband,44.89,-1.48,0.3,8.0,1.6,7.8,8.0,0.0,0.0,1,0,0,0,36.6,
134.961,2605,0,tag_lost_countdown,44.89,-1.48,,,,,,,,,,,,,0.0
135.043,2606,1,ibvs_active,44.13,-1.86,-27.3,11.5,-21.5,10.8,29.7,-0.759,-0.38,0,0,0,1,35.8,
135.097,2607,1,ibvs_active,42.49,-2.53,-35.4,14.2,-32.7,13.5,38.2,-1.633,-0.674,0,0,0,1,36.3,
135.149,2608,1,ibvs_active,40.49,-3.3,-41.8,15.7,-40.0,15.3,44.7,-2.0,-0.763,0,0,0,1,35.7,
135.196,2609,1,ibvs_active,38.49,-4.07,-44.9,15.6,-43.9,15.5,47.5,-2.0,-0.776,0,0,0,1,36.2,
135.245,2610,1,ibvs_active,36.85,-4.62,-30.0,9.8,-32.8,10.9,31.5,-1.639,-0.546,0,0,0,1,23.2,
135.318,2611,1,ibvs_active,36.48,-4.71,-14.2,2.8,-17.9,4.4,14.5,-0.379,-0.094,0,0,0,1,34.6,
135.379,2612,0,tag_lost_countdown,36.48,-4.71,,,,,,,,,,,,,0.0
135.425,2613,1,deadband,36.48,-4.71,16.3,-8.8,9.4,-6.1,18.5,0.0,0.0,1,0,0,0,36.0,
135.478,2614,1,ibvs_active,36.65,-4.6,13.7,-9.2,12.8,-8.6,16.5,0.175,0.117,0,0,0,1,35.0,
135.524,2615,1,ibvs_active,36.77,-4.51,10.8,-8.5,11.2,-8.5,13.8,0.115,0.087,0,0,0,1,35.4,
135.599,2616,1,deadband,36.77,-4.51,3.8,-9.5,5.3,-9.3,10.2,0.0,0.0,1,0,0,0,35.4,
135.652,2617,1,deadband,36.77,-4.51,-6.0,-9.9,-3.7,-9.8,11.5,0.0,0.0,1,0,0,0,25.1,
135.702,2618,0,tag_lost_countdown,36.77,-4.51,,,,,,,,,,,,,0.0
135.746,2619,0,tag_lost_countdown,36.77,-4.51,,,,,,,,,,,,,0.05
135.792,2620,0,tag_lost_countdown,36.77,-4.51,,,,,,,,,,,,,0.09
135.836,2621,0,tag_lost_countdown,36.77,-4.51,,,,,,,,,,,,,0.14
135.888,2622,0,tag_lost_countdown,36.77,-4.51,,,,,,,,,,,,,0.18
135.930,2623,0,tag_lost_countdown,36.77,-4.51,,,,,,,,,,,,,0.23
135.982,2624,1,ibvs_active,34.77,-3.57,-218.5,-21.1,-175.6,-18.8,219.6,-2.0,0.942,0,0,0,1,25.0,
136.026,2625,1,ibvs_active,32.77,-2.66,-231.1,-18.0,-220.0,-18.1,231.8,-2.0,0.907,0,0,0,1,30.1,
136.081,2626,1,ibvs_active,30.77,-1.76,-252.0,-17.9,-245.6,-18.0,252.6,-2.0,0.898,0,0,0,1,34.2,
136.129,2627,1,ibvs_active,28.77,-0.86,-238.7,-18.0,-240.1,-18.0,239.4,-2.0,0.898,0,0,0,1,28.0,
136.181,2628,1,ibvs_active,26.77,-0.36,-228.7,-8.0,-231.0,-10.0,228.8,-2.0,0.501,0,0,0,1,34.6,
136.229,2629,1,ibvs_active,24.77,-0.49,-208.6,5.7,-213.1,2.6,208.7,-2.0,-0.129,0,0,0,1,21.6,
136.281,2630,1,ibvs_active,22.77,-1.02,-191.6,12.5,-195.9,10.6,192.0,-2.0,-0.528,0,0,0,1,29.7,
136.328,2631,1,ibvs_active,20.77,-1.42,-178.7,7.4,-182.1,8.0,178.8,-2.0,-0.402,0,0,0,1,33.9,
136.380,2632,1,ibvs_active,18.77,-1.91,-166.6,10.3,-169.7,9.8,166.9,-2.0,-0.491,0,0,0,1,33.9,
136.424,2633,1,ibvs_active,16.77,-2.51,-154.7,12.6,-157.7,12.1,155.2,-2.0,-0.603,0,0,0,1,31.8,
136.476,2634,1,ibvs_active,14.77,-2.92,-151.0,7.2,-152.4,8.2,151.2,-2.0,-0.408,0,0,0,1,33.2,
136.522,2635,1,ibvs_active,12.77,-3.28,-142.1,6.9,-144.2,7.2,142.3,-2.0,-0.359,0,0,0,1,31.1,
136.572,2636,0,tag_lost_countdown,12.77,-3.28,,,,,,,,,,,,,0.0
136.616,2637,1,ibvs_active,10.77,-3.38,-115.8,0.7,-121.5,2.0,115.8,-2.0,-0.101,0,0,0,1,34.6,
136.666,2638,1,ibvs_active,8.77,-3.36,-110.2,-1.1,-112.4,-0.5,110.2,-2.0,0.026,0,0,0,1,22.4,
136.721,2639,1,ibvs_active,6.77,-3.23,-118.5,-3.1,-117.3,-2.6,118.6,-2.0,0.129,0,0,0,1,35.8,
136.770,2640,0,tag_lost_countdown,6.77,-3.23,,,,,,,,,,,,,0.0
136.816,2641,1,ibvs_active,4.77,-3.26,-100.4,1.5,-103.8,0.7,100.4,-2.0,-0.035,0,0,0,1,35.8,
136.866,2642,1,ibvs_active,2.77,-3.42,-96.6,3.8,-98.0,3.2,96.7,-2.0,-0.159,0,0,0,1,24.8,
136.912,2643,1,ibvs_active,0.77,-4.11,-112.8,16.4,-109.9,13.7,114.0,-2.0,-0.686,0,0,0,1,21.6,
136.960,2644,0,tag_lost_countdown,0.77,-4.11,,,,,,,,,,,,,0.0
137.006,2645,1,ibvs_active,-1.23,-4.66,-115.7,10.3,-114.6,11.0,116.2,-2.0,-0.551,0,0,0,1,25.7,
137.055,2646,1,ibvs_active,-3.23,-5.25,-115.2,11.9,-115.0,11.8,115.8,-2.0,-0.588,0,0,0,1,26.0,
137.108,2647,1,ibvs_active,-5.23,-5.37,-133.2,0.2,-129.6,2.5,133.2,-2.0,-0.126,0,0,0,1,28.9,
137.160,2648,1,ibvs_active,-7.23,-5.28,-123.9,-2.9,-125.0,-1.8,123.9,-2.0,0.09,0,0,0,1,30.5,
137.207,2649,1,ibvs_active,-9.23,-4.52,-110.3,-18.7,-113.2,-15.3,111.9,-2.0,0.764,0,0,0,1,24.5,
137.257,2650,1,ibvs_active,-11.23,-3.49,-99.8,-22.0,-102.5,-20.6,102.2,-2.0,1.031,0,0,0,1,36.3,
137.301,2651,1,ibvs_active,-13.23,-2.25,-102.7,-25.7,-102.6,-24.7,105.8,-2.0,1.233,0,0,0,1,33.6,
137.352,2652,0,tag_lost_countdown,-13.23,-2.25,,,,,,,,,,,,,0.0
137.393,2653,0,tag_lost_countdown,-13.23,-2.25,,,,,,,,,,,,,0.05
137.440,2654,0,tag_lost_countdown,-13.23,-2.25,,,,,,,,,,,,,0.09
137.488,2655,1,ibvs_active,-15.23,-2.35,-142.3,8.6,-134.4,2.0,142.6,-2.0,-0.099,0,0,0,1,28.3,
137.566,2656,0,tag_lost_countdown,-15.23,-2.35,,,,,,,,,,,,,0.0
137.634,2657,1,ibvs_active,-17.23,-2.7,-191.6,8.2,-180.2,7.0,191.8,-2.0,-0.349,0,0,0,1,36.9,
137.685,2658,1,ibvs_active,-19.23,-3.08,-219.4,7.8,-211.6,7.6,219.6,-2.0,-0.38,0,0,0,1,24.9,
137.730,2659,1,ibvs_active,-21.23,-3.43,-232.0,6.8,-227.9,7.0,232.1,-2.0,-0.349,0,0,0,1,28.8,
137.780,2660,1,ibvs_active,-23.23,-3.89,-246.7,9.8,-242.9,9.2,246.9,-2.0,-0.462,0,0,0,1,25.0,
137.845,2661,1,ibvs_active,-25.23,-4.53,-251.9,13.5,-250.1,12.7,252.3,-2.0,-0.634,0,0,0,1,36.4,
137.920,2662,1,ibvs_active,-27.23,-5.3,-251.8,16.2,-251.5,15.5,252.3,-2.0,-0.775,0,0,0,1,28.4,
137.964,2663,1,ibvs_active,-29.23,-6.32,-241.4,21.6,-243.4,20.4,242.3,-2.0,-1.021,0,0,0,1,37.0,
138.016,2664,1,ibvs_active,-31.23,-7.45,-247.4,23.0,-246.6,22.5,248.4,-2.0,-1.125,0,0,0,1,27.7,
138.058,2665,0,tag_lost_countdown,-31.23,-7.45,,,,,,,,,,,,,0.0
138.142,2666,1,ibvs_active,-33.23,-8.03,-213.4,9.0,-220.0,11.7,213.6,-2.0,-0.585,0,0,0,1,24.2,
138.197,2667,1,ibvs_active,-35.23,-8.14,-206.8,-0.3,-209.4,2.1,206.8,-2.0,-0.105,0,0,0,1,39.4,
138.250,2668,1,ibvs_active,-37.23,-8.01,-193.8,-3.8,-196.9,-2.6,193.8,-2.0,0.129,0,0,0,1,38.7,
138.296,2669,1,ibvs_active,-39.23,-7.77,-198.6,-5.3,-198.2,-4.8,198.6,-2.0,0.238,0,0,0,1,39.9,
138.346,2670,1,ibvs_active,-41.23,-7.47,-185.0,-6.3,-187.7,-6.0,185.1,-2.0,0.301,0,0,0,1,30.6,
138.405,2671,1,ibvs_active,-43.23,-7.12,-167.0,-7.1,-171.2,-6.9,167.2,-2.0,0.346,0,0,0,1,37.9,
138.479,2672,1,ibvs_active,-45.23,-6.8,-141.3,-6.4,-147.3,-6.5,141.5,-2.0,0.327,0,0,0,1,34.0,
138.526,2673,1,ibvs_active,-47.23,-6.57,-126.9,-4.2,-131.0,-4.6,126.9,-2.0,0.232,0,0,0,1,29.8,
138.578,2674,1,ibvs_active,-49.23,-6.4,-110.1,-3.0,-114.2,-3.3,110.1,-2.0,0.167,0,0,0,1,24.9,
138.625,2675,1,ibvs_active,-51.23,-6.28,-95.5,-2.0,-99.2,-2.3,95.5,-2.0,0.114,0,0,0,1,39.6,
138.708,2676,1,ibvs_active,-53.23,-6.09,-66.1,-4.3,-72.7,-3.9,66.2,-2.0,0.195,0,0,0,1,35.6,
138.751,2677,0,tag_lost_countdown,-53.23,-6.09,,,,,,,,,,,,,0.0
138.802,2678,1,ibvs_active,-55.23,-5.98,-38.5,-1.7,-45.4,-2.2,38.6,-2.0,0.108,0,0,0,1,40.7,
138.847,2679,1,ibvs_active,-55.98,-5.84,-17.0,-5.0,-22.7,-4.4,17.7,-0.742,0.145,0,0,0,1,41.3,
138.899,2680,1,ibvs_active,-56.78,-5.62,-23.2,-6.6,-23.1,-6.1,24.1,-0.805,0.213,0,0,0,1,39.7,
138.972,2681,1,ibvs_active,-57.74,-5.23,-24.3,-10.9,-24.0,-9.9,26.6,-0.962,0.398,0,0,0,1,41.2,
139.033,2682,1,ibvs_active,-58.82,-4.51,-23.5,-17.1,-23.6,-15.7,29.1,-1.081,0.718,0,0,0,1,38.4,
139.076,2683,1,ibvs_active,-60.02,-3.58,-24.0,-19.2,-23.9,-18.5,30.7,-1.197,0.924,0,0,0,1,36.4,
139.128,2684,1,ibvs_active,-61.48,-2.86,-30.4,-13.5,-29.1,-14.5,33.3,-1.455,0.727,0,0,0,1,38.0,
139.172,2685,1,ibvs_active,-63.24,-2.25,-36.8,-11.4,-35.3,-12.0,38.6,-1.764,0.602,0,0,0,1,34.2,
139.253,2686,1,ibvs_active,-64.81,-1.54,-30.4,-14.8,-31.4,-14.2,33.8,-1.569,0.712,0,0,0,1,39.2,
139.307,2687,1,ibvs_active,-66.34,-1.22,-30.4,-4.6,-30.6,-6.5,30.7,-1.529,0.327,0,0,0,1,32.4,
139.354,2688,0,tag_lost_countdown,-66.34,-1.22,,,,,,,,,,,,,0.0
139.401,2689,1,ibvs_active,-66.94,-1.23,-18.9,2.4,-21.3,0.6,19.1,-0.599,-0.017,0,0,0,1,40.8,
139.451,2690,1,ibvs_active,-67.0,-1.25,-9.3,3.2,-11.7,2.7,9.8,-0.058,-0.013,0,0,0,1,33.4,
139.510,2691,1,ibvs_active,-67.28,-1.26,-18.0,0.6,-16.8,1.0,18.0,-0.284,-0.017,0,0,0,1,40.9,
139.586,2692,1,ibvs_active,-67.58,-1.25,-17.2,-1.0,-17.1,-0.6,17.2,-0.305,0.011,0,0,0,1,39.9,
139.633,2693,1,ibvs_active,-69.09,-0.88,-33.3,-9.1,-30.0,-7.4,34.5,-1.502,0.368,0,0,0,1,40.7,
139.684,2694,1,ibvs_active,-70.92,-0.29,-38.3,-13.0,-36.6,-11.9,40.4,-1.832,0.595,0,0,0,1,40.3,
139.727,2695,0,tag_lost_countdown,-70.92,-0.29,,,,,,,,,,,,,0.0
139.809,2696,1,ibvs_active,-72.26,0.44,-24.5,-15.2,-26.9,-14.5,28.8,-1.345,0.726,0,0,0,1,40.1,
139.860,2697,0,tag_lost_countdown,-72.26,0.44,,,,,,,,,,,,,0.0
139.908,2698,0,tag_lost_countdown,-72.26,0.44,,,,,,,,,,,,,0.04
139.955,2699,1,ibvs_active,-72.07,0.52,24.8,-3.3,14.4,-5.6,25.0,0.197,0.076,0,0,0,1,39.6,
140.004,2700,1,ibvs_active,-70.39,0.61,38.4,-0.9,33.6,-1.8,38.4,1.679,0.091,0,0,0,1,39.3,
140.086,2701,1,ibvs_active,-68.39,0.56,45.1,1.5,42.8,0.9,45.1,2.0,-0.043,0,0,0,1,37.8,
140.147,2702,1,ibvs_active,-66.39,0.45,62.6,2.5,58.7,2.2,62.7,2.0,-0.109,0,0,0,1,28.8,
140.193,2703,1,ibvs_active,-64.39,0.45,81.0,-0.5,76.5,0.0,81.0,2.0,-0.0,0,0,0,1,35.5,
140.242,2704,1,ibvs_active,-62.39,0.21,80.5,6.0,79.7,4.8,80.7,2.0,-0.24,0,0,0,1,36.0,
140.293,2705,1,ibvs_active,-60.39,-0.2,84.5,9.2,83.6,8.3,85.0,2.0,-0.414,0,0,0,1,38.4,
140.381,2706,0,tag_lost_countdown,-60.39,-0.2,,,,,,,,,,,,,0.0
140.424,2707,0,tag_lost_countdown,-60.39,-0.2,,,,,,,,,,,,,0.07
140.474,2708,1,ibvs_active,-58.39,-0.4,63.5,2.9,67.5,4.0,63.6,2.0,-0.198,0,0,0,1,38.8,
140.520,2709,1,ibvs_active,-56.39,-0.54,65.5,2.6,65.9,2.9,65.6,2.0,-0.144,0,0,0,1,38.2,
140.572,2710,1,ibvs_active,-54.39,-0.64,68.8,1.8,68.3,2.0,68.9,2.0,-0.1,0,0,0,1,28.3,
140.654,2711,1,ibvs_active,-52.39,-0.62,56.3,-1.0,58.7,-0.4,56.3,2.0,0.021,0,0,0,1,38.6,
140.704,2712,1,ibvs_active,-50.39,-0.14,43.3,-12.0,46.4,-9.7,45.0,2.0,0.486,0,0,0,1,21.1,
140.747,2713,1,ibvs_active,-48.39,0.46,56.6,-12.4,54.6,-11.9,58.0,2.0,0.595,0,0,0,1,33.5,
140.796,2714,1,ibvs_active,-46.39,1.17,52.5,-14.9,52.9,-14.3,54.6,2.0,0.714,0,0,0,1,29.7,
140.842,2715,1,ibvs_active,-44.39,2.11,48.7,-19.9,49.6,-18.7,52.6,2.0,0.937,0,0,0,1,37.0,
140.920,2716,0,tag_lost_countdown,-44.39,2.11,,,,,,,,,,,,,0.0
140.974,2717,1,ibvs_active,-42.68,2.69,30.4,-9.9,34.2,-11.7,31.9,1.71,0.584,0,0,0,1,28.8,
141.025,2718,1,ibvs_active,-41.36,3.11,26.1,-8.1,27.7,-8.8,27.3,1.319,0.42,0,0,0,1,37.2,
141.070,2719,1,ibvs_active,-39.49,3.68,39.7,-12.0,37.3,-11.4,41.5,1.866,0.569,0,0,0,1,31.8,
141.121,2720,1,ibvs_active,-37.77,4.36,33.7,-14.0,34.4,-13.5,36.5,1.72,0.674,0,0,0,1,36.9,
141.184,2721,1,ibvs_active,-35.82,4.85,40.3,-9.0,39.1,-9.9,41.3,1.954,0.495,0,0,0,1,33.3,
141.258,2722,1,ibvs_active,-33.99,4.93,36.0,0.5,36.6,-1.6,36.0,1.831,0.078,0,0,0,1,36.2,
141.301,2723,1,ibvs_active,-32.15,4.82,36.7,3.2,36.7,2.3,36.9,1.836,-0.114,0,0,0,1,36.2,
141.349,2724,1,ibvs_active,-30.15,4.37,43.8,10.6,42.4,8.9,45.0,2.0,-0.447,0,0,0,1,32.1,
141.395,2725,1,ibvs_active,-28.15,3.88,45.7,10.1,45.0,9.8,46.8,2.0,-0.492,0,0,0,1,31.6,
141.486,2726,1,ibvs_active,-26.15,3.43,41.6,8.6,42.3,8.9,42.5,2.0,-0.444,0,0,0,1,31.9,
141.531,2727,1,ibvs_active,-24.45,3.04,31.9,7.7,34.0,8.0,32.8,1.699,-0.398,0,0,0,1,29.6,
141.581,2728,1,ibvs_active,-22.97,2.78,28.6,4.4,29.7,5.1,28.9,1.483,-0.255,0,0,0,1,21.7,
141.625,2729,1,ibvs_active,-21.19,2.7,37.0,0.6,35.5,1.5,37.0,1.776,-0.076,0,0,0,1,33.2,
141.676,2730,1,ibvs_active,-19.26,2.64,39.5,1.2,38.7,1.2,39.5,1.936,-0.061,0,0,0,1,34.4,
141.722,2731,1,ibvs_active,-17.6,2.52,31.8,2.7,33.2,2.4,31.9,1.658,-0.122,0,0,0,1,34.8,
141.772,2732,1,ibvs_active,-15.98,2.63,32.1,-3.5,32.3,-2.3,32.3,1.617,0.114,0,0,0,1,23.5,
141.820,2733,1,ibvs_active,-15.31,2.75,19.4,-4.1,22.0,-3.7,19.8,0.674,0.115,0,0,0,1,35.6,
141.869,2734,1,ibvs_active,-14.54,2.82,23.4,-1.9,23.1,-2.3,23.5,0.766,0.075,0,0,0,1,33.3,
141.917,2735,1,ibvs_active,-13.92,2.84,21.1,0.1,21.5,-0.4,21.1,0.621,0.011,0,0,0,1,26.6,
141.968,2736,1,ibvs_active,-11.92,2.69,47.8,3.7,42.6,2.9,48.0,2.0,-0.145,0,0,0,1,35.0,
142.007,2737,0,tag_lost_countdown,-11.92,2.69,,,,,,,,,,,,,0.0
142.053,2738,1,ibvs_active,-9.92,2.01,66.9,16.2,62.0,13.6,68.8,2.0,-0.678,0,0,0,1,29.4,
142.094,2739,1,ibvs_active,-7.92,1.15,73.7,18.3,71.4,17.4,76.0,2.0,-0.868,0,0,0,1,34.9,
142.142,2740,1,ibvs_active,-5.92,0.2,82.7,19.4,80.4,19.0,84.9,2.0,-0.949,0,0,0,1,34.0,
142.187,2741,1,ibvs_active,-3.92,-0.86,73.1,21.6,74.5,21.1,76.2,2.0,-1.053,0,0,0,1,25.4,
142.237,2742,1,ibvs_active,-1.92,-1.6,76.9,13.2,76.4,14.8,78.0,2.0,-0.74,0,0,0,1,22.5,
142.282,2743,1,ibvs_active,0.08,-2.04,68.1,7.3,69.8,8.8,68.5,2.0,-0.441,0,0,0,1,25.6,
142.330,2744,0,tag_lost_countdown,0.08,-2.04,,,,,,,,,,,,,0.0
142.379,2745,1,ibvs_active,2.08,-1.75,64.1,-9.4,65.2,-5.8,64.8,2.0,0.288,0,0,0,1,34.7,
142.427,2746,0,tag_lost_countdown,2.08,-1.75,,,,,,,,,,,,,0.0
142.472,2747,1,ibvs_active,4.08,-1.38,65.4,-7.9,65.4,-7.5,65.9,2.0,0.373,0,0,0,1,34.8,
142.522,2748,1,ibvs_active,6.08,-1.06,61.8,-5.9,62.5,-6.2,62.1,2.0,0.312,0,0,0,1,30.8,
142.565,2749,1,ibvs_active,8.08,-0.99,89.9,-0.2,84.4,-1.4,89.9,2.0,0.07,0,0,0,1,32.0,
142.612,2750,0,tag_lost_countdown,8.08,-0.99,,,,,,,,,,,,,0.0
142.657,2751,1,ibvs_active,10.08,-0.98,92.3,0.0,90.7,-0.3,92.3,2.0,0.013,0,0,0,1,29.5,
142.707,2752,1,ibvs_active,12.08,-1.11,96.6,3.3,95.4,2.6,96.7,2.0,-0.128,0,0,0,1,25.1,
142.751,2753,0,tag_lost_countdown,12.08,-1.11,,,,,,,,,,,,,0.0
142.800,2754,1,ibvs_active,14.08,-1.43,106.2,7.4,104.0,6.5,106.4,2.0,-0.323,0,0,0,1,25.4,
142.845,2755,1,ibvs_active,16.08,-1.81,107.6,7.8,106.9,7.6,107.9,2.0,-0.378,0,0,0,1,28.4,
142.894,2756,1,ibvs_active,18.08,-2.23,109.2,8.5,108.7,8.3,109.5,2.0,-0.417,0,0,0,1,21.0,
142.938,2757,0,tag_lost_countdown,18.08,-2.23,,,,,,,,,,,,,0.0
142.992,2758,1,ibvs_active,20.08,-2.7,124.1,9.6,121.0,9.4,124.5,2.0,-0.468,0,0,0,1,33.6,
143.036,2759,1,ibvs_active,22.08,-3.19,132.5,9.9,130.2,9.8,132.9,2.0,-0.489,0,0,0,1,27.1,
143.083,2760,0,tag_lost_countdown,22.08,-3.19,,,,,,,,,,,,,0.0
143.128,2761,1,ibvs_active,24.08,-3.87,148.9,14.7,145.1,13.7,149.6,2.0,-0.684,0,0,0,1,31.8,
143.175,2762,0,tag_lost_countdown,24.08,-3.87,,,,,,,,,,,,,0.0
143.219,2763,0,tag_lost_countdown,24.08,-3.87,,,,,,,,,,,,,0.05
143.303,2764,1,ibvs_active,26.08,-4.33,172.3,8.2,166.8,9.3,172.5,2.0,-0.465,0,0,0,1,27.2,
143.350,2765,1,ibvs_active,28.08,-4.21,189.0,-5.4,184.6,-2.5,189.1,2.0,0.125,0,0,0,1,27.0,
143.398,2766,0,tag_lost_countdown,28.08,-4.21,,,,,,,,,,,,,0.0
143.441,2767,1,ibvs_active,30.08,-3.88,188.4,-7.7,187.6,-6.7,188.5,2.0,0.334,0,0,0,1,32.6,
143.528,2768,0,tag_lost_countdown,30.08,-3.88,,,,,,,,,,,,,0.0
143.581,2769,0,tag_lost_countdown,30.08,-3.88,,,,,,,,,,,,,0.1
143.629,2770,1,ibvs_active,32.08,-3.1,195.8,-17.7,194.2,-15.5,196.6,2.0,0.774,0,0,0,1,22.8,
143.675,2771,1,ibvs_active,34.08,-2.08,222.5,-21.7,216.9,-20.4,223.6,2.0,1.022,0,0,0,1,24.0,
143.723,2772,0,tag_lost_countdown,34.08,-2.08,,,,,,,,,,,,,0.0
143.786,2773,1,ibvs_active,36.08,-1.07,238.4,-20.2,234.1,-20.2,239.3,2.0,1.011,0,0,0,1,32.3,
143.866,2774,1,ibvs_active,38.08,-0.5,243.5,-9.3,241.6,-11.5,243.7,2.0,0.574,0,0,0,1,26.7,
143.910,2775,0,tag_lost_countdown,38.08,-0.5,,,,,,,,,,,,,0.0
143.963,2776,1,ibvs_active,40.08,-0.24,253.5,-3.5,251.2,-5.1,253.6,2.0,0.256,0,0,0,1,29.8,
144.007,2777,1,ibvs_active,42.08,-0.09,252.8,-2.4,252.5,-2.9,252.8,2.0,0.146,0,0,0,1,28.1,
144.095,2778,1,ibvs_active,44.08,0.02,264.4,-2.1,262.0,-2.2,264.5,2.0,0.112,0,0,0,1,28.6,
144.140,2779,1,ibvs_active,46.08,-0.1,241.3,3.5,245.4,2.3,241.3,2.0,-0.116,0,0,0,1,25.0,
144.190,2780,1,ibvs_active,48.08,-0.18,247.4,1.5,247.0,1.7,247.4,2.0,-0.083,0,0,0,1,32.5,
144.237,2781,1,ibvs_active,50.08,-0.02,235.2,-4.5,237.5,-3.3,235.2,2.0,0.164,0,0,0,1,26.9,
144.290,2782,1,ibvs_active,52.08,0.46,220.1,-11.1,223.6,-9.5,220.4,2.0,0.476,0,0,0,1,30.6,
144.348,2783,1,ibvs_active,54.08,1.3,200.3,-18.7,205.0,-16.8,201.2,2.0,0.842,0,0,0,1,21.1,
144.423,2784,1,ibvs_active,56.08,2.35,190.2,-22.0,193.1,-21.0,191.4,2.0,1.05,0,0,0,1,33.2,
144.467,2785,0,tag_lost_countdown,56.08,2.35,,,,,,,,,,,,,0.0
144.519,2786,1,ibvs_active,58.08,3.8,156.5,-31.0,163.8,-29.0,159.5,2.0,1.448,0,0,0,1,33.7,
144.565,2787,1,ibvs_active,60.08,5.36,160.8,-31.8,161.4,-31.2,163.9,2.0,1.561,0,0,0,1,31.9,
144.641,2788,1,ibvs_active,62.08,7.06,166.5,-34.7,165.5,-34.0,170.1,2.0,1.702,0,0,0,1,33.5,
144.696,2789,1,ibvs_active,64.08,8.01,148.0,-15.3,151.5,-19.0,148.8,2.0,0.951,0,0,0,1,31.0,
144.747,2790,0,tag_lost_countdown,64.08,8.01,,,,,,,,,,,,,0.0
144.789,2791,0,tag_lost_countdown,64.08,8.01,,,,,,,,,,,,,0.05
144.839,2792,1,ibvs_active,66.08,7.31,107.1,22.3,116.0,14.0,109.4,2.0,-0.701,0,0,0,1,33.2,
144.904,2793,1,ibvs_active,68.08,6.34,114.6,20.7,114.9,19.4,116.5,2.0,-0.97,0,0,0,1,34.8,
144.977,2794,1,ibvs_active,70.08,5.35,129.6,19.9,126.6,19.8,131.1,2.0,-0.99,0,0,0,1,27.3,
145.020,2795,0,tag_lost_countdown,70.08,5.35,,,,,,,,,,,,,0.0
145.072,2796,1,ibvs_active,72.08,4.48,100.0,16.8,105.3,17.4,101.4,2.0,-0.871,0,0,0,1,33.5,
145.117,2797,1,ibvs_active,74.08,3.92,75.2,9.7,81.2,11.3,75.8,2.0,-0.563,0,0,0,1,20.3,
145.207,2798,1,ibvs_active,76.08,3.36,81.1,11.2,81.1,11.2,81.9,2.0,-0.56,0,0,0,1,35.0,
145.251,2799,0,tag_lost_countdown,76.08,3.36,,,,,,,,,,,,,0.0
145.302,2800,1,ibvs_active,78.08,3.19,69.7,1.5,72.0,3.4,69.7,2.0,-0.171,0,0,0,1,35.4,
145.346,2801,1,ibvs_active,80.08,3.12,71.6,0.9,71.7,1.4,71.6,2.0,-0.07,0,0,0,1,35.3,
145.399,2802,1,ibvs_active,82.08,3.35,73.0,-6.2,72.7,-4.7,73.3,2.0,0.235,0,0,0,1,35.0,
145.461,2803,1,ibvs_active,84.08,3.64,73.6,-5.9,73.4,-5.6,73.8,2.0,0.282,0,0,0,1,35.0,
145.537,2804,1,ibvs_active,86.08,3.89,74.4,-5.1,74.2,-5.2,74.6,2.0,0.26,0,0,0,1,35.8,
145.582,2805,1,ibvs_active,88.08,4.19,74.3,-6.0,74.3,-5.8,74.6,2.0,0.292,0,0,0,1,35.3,
145.633,2806,1,ibvs_active,90.0,4.58,73.2,-8.4,73.4,-7.9,73.7,2.0,0.393,0,1,0,1,35.8,
145.680,2807,1,ibvs_active,90.0,4.96,72.8,-7.5,72.9,-7.6,73.2,2.0,0.379,0,1,0,1,34.9,
145.729,2808,1,ibvs_active,90.0,5.05,70.2,-0.3,70.7,-1.7,70.2,2.0,0.086,0,1,0,1,35.4,
145.775,2809,1,ibvs_active,90.0,4.79,69.7,6.9,69.9,5.2,70.0,2.0,-0.26,0,1,0,1,28.8,
145.827,2810,1,ibvs_active,90.0,4.41,68.6,8.2,68.8,7.6,69.1,2.0,-0.379,0,1,0,1,34.8,
145.871,2811,1,ibvs_active,90.0,3.84,63.1,12.2,64.2,11.3,64.3,2.0,-0.565,0,1,0,1,36.2,
145.947,2812,1,ibvs_active,90.0,3.09,57.8,16.0,59.0,15.1,59.9,2.0,-0.755,0,1,0,1,35.2,
146.012,2813,0,tag_lost_countdown,90.0,3.09,,,,,,,,,,,,,0.0
146.060,2814,0,tag_lost_countdown,90.0,3.09,,,,,,,,,,,,,0.04
146.103,2815,0,tag_lost_countdown,90.0,3.09,,,,,,,,,,,,,0.09
146.148,2816,0,tag_lost_countdown,90.0,3.09,,,,,,,,,,,,,0.13
146.195,2817,0,tag_lost_countdown,90.0,3.09,,,,,,,,,,,,,0.18
146.286,2818,0,tag_lost_countdown,90.0,3.09,,,,,,,,,,,,,0.27
146.330,2819,0,tag_lost_countdown,90.0,3.09,,,,,,,,,,,,,0.31
146.379,2820,0,tag_lost_countdown,90.0,3.09,,,,,,,,,,,,,0.36
146.423,2821,0,tag_lost_countdown,90.0,3.09,,,,,,,,,,,,,0.41
146.502,2822,0,tag_lost_countdown,90.0,3.09,,,,,,,,,,,,,0.45
146.573,2823,0,tag_lost_countdown,90.0,3.09,,,,,,,,,,,,,0.56
146.620,2824,0,tag_lost_countdown,90.0,3.09,,,,,,,,,,,,,0.6
146.659,2825,0,tag_lost_countdown,90.0,3.09,,,,,,,,,,,,,0.65
146.704,2826,0,tag_lost_countdown,90.0,3.09,,,,,,,,,,,,,0.69
146.755,2827,0,tag_lost_countdown,90.0,3.09,,,,,,,,,,,,,0.73
146.838,2828,0,tag_lost_countdown,90.0,3.09,,,,,,,,,,,,,0.82
146.878,2829,0,tag_lost_countdown,90.0,3.09,,,,,,,,,,,,,0.87
146.925,2830,0,tag_lost_countdown,90.0,3.09,,,,,,,,,,,,,0.91
146.969,2831,0,tag_lost_countdown,90.0,3.09,,,,,,,,,,,,,0.95
147.014,2832,0,tag_lost_countdown,90.0,3.09,,,,,,,,,,,,,1.0
147.059,2833,0,tag_lost_countdown,90.0,3.09,,,,,,,,,,,,,1.05
147.107,2834,0,tag_lost_countdown,90.0,3.09,,,,,,,,,,,,,1.09
147.151,2835,0,tag_lost_countdown,90.0,3.09,,,,,,,,,,,,,1.14
147.197,2836,0,tag_lost_countdown,90.0,3.09,,,,,,,,,,,,,1.18
147.240,2837,0,tag_lost_countdown,90.0,3.09,,,,,,,,,,,,,1.23
147.289,2838,0,tag_lost_countdown,90.0,3.09,,,,,,,,,,,,,1.27
147.332,2839,0,tag_lost_countdown,90.0,3.09,,,,,,,,,,,,,1.32
147.378,2840,0,tag_lost_countdown,90.0,3.09,,,,,,,,,,,,,1.36
147.419,2841,0,tag_lost_countdown,90.0,3.09,,,,,,,,,,,,,1.41
147.471,2842,0,tag_lost_countdown,90.0,3.09,,,,,,,,,,,,,1.45
147.514,2843,0,tag_lost_countdown,90.0,3.09,,,,,,,,,,,,,1.5
147.564,2844,0,tag_lost_countdown,90.0,3.09,,,,,,,,,,,,,1.54
147.607,2845,0,tag_lost_countdown,90.0,3.09,,,,,,,,,,,,,1.59
147.655,2846,0,tag_lost_countdown,90.0,3.09,,,,,,,,,,,,,1.64
147.721,2847,0,tag_lost_countdown,90.0,3.09,,,,,,,,,,,,,1.7
147.777,2848,0,tag_lost_countdown,90.0,3.09,,,,,,,,,,,,,1.76
147.816,2849,0,tag_lost_countdown,90.0,3.09,,,,,,,,,,,,,1.81
147.862,2850,0,tag_lost_countdown,90.0,3.09,,,,,,,,,,,,,1.85
147.905,2851,0,tag_lost_countdown,90.0,3.09,,,,,,,,,,,,,1.89
147.978,2852,0,tag_lost_countdown,90.0,3.09,,,,,,,,,,,,,1.93
148.046,2853,0,tag_lost_countdown,90.0,3.09,,,,,,,,,,,,,2.03
148.097,2854,0,tag_lost_countdown,90.0,3.09,,,,,,,,,,,,,2.08
148.142,2855,0,tag_lost_countdown,90.0,3.09,,,,,,,,,,,,,2.13
148.188,2856,0,tag_lost_countdown,90.0,3.09,,,,,,,,,,,,,2.17
148.258,2857,1,ibvs_active,88.0,1.17,-136.0,44.1,-97.0,38.3,143.0,-2.0,-1.916,0,0,0,1,29.9,
148.343,2858,1,ibvs_active,86.0,-0.83,-122.0,48.0,-117.0,46.1,131.1,-2.0,-2.0,0,0,0,1,34.6,
148.386,2859,0,tag_lost_countdown,86.0,-0.83,,,,,,,,,,,,,0.0
148.441,2860,1,ibvs_active,84.0,-2.21,-116.4,22.9,-116.6,27.6,118.7,-2.0,-1.378,0,0,0,1,34.1,
148.482,2861,0,tag_lost_countdown,84.0,-2.21,,,,,,,,,,,,,0.0
148.556,2862,1,ibvs_active,82.0,-2.63,-126.8,3.8,-124.7,8.5,126.8,-2.0,-0.426,0,0,0,1,33.0,
148.637,2863,1,ibvs_active,80.0,-2.08,-145.8,-15.9,-141.6,-11.0,146.7,-2.0,0.55,0,0,0,1,23.0,
148.689,2864,1,ibvs_active,78.0,-1.36,-169.1,-15.4,-163.6,-14.5,169.8,-2.0,0.724,0,0,0,1,34.7,
148.738,2865,1,ibvs_active,76.0,-0.73,-181.1,-12.0,-177.6,-12.5,181.5,-2.0,0.625,0,0,0,1,34.1,
148.792,2866,1,ibvs_active,74.0,-0.1,-183.6,-12.7,-182.4,-12.7,184.0,-2.0,0.633,0,0,0,1,34.6,
148.858,2867,1,ibvs_active,72.0,0.28,-186.2,-6.3,-185.4,-7.6,186.3,-2.0,0.379,0,0,0,1,34.0,
148.933,2868,1,ibvs_active,70.0,0.37,-192.7,-0.4,-191.2,-1.9,192.7,-2.0,0.093,0,0,0,1,34.8,
148.981,2869,1,ibvs_active,68.0,0.3,-208.6,2.3,-205.1,1.4,208.6,-2.0,-0.072,0,0,0,1,34.4,
149.033,2870,1,ibvs_active,66.0,0.06,-204.0,5.6,-204.2,4.8,204.1,-2.0,-0.24,0,0,0,1,34.7,
149.082,2871,1,ibvs_active,64.0,-0.32,-183.8,8.3,-187.9,7.6,184.0,-2.0,-0.381,0,0,0,1,20.7,
149.156,2872,1,ibvs_active,62.0,-0.77,-170.7,9.2,-174.1,8.9,170.9,-2.0,-0.443,0,0,0,1,33.7,
149.209,2873,0,tag_lost_countdown,62.0,-0.77,,,,,,,,,,,,,0.0
149.262,2874,1,ibvs_active,60.0,-1.47,-125.4,15.5,-135.2,14.2,126.4,-2.0,-0.709,0,0,0,1,34.5,
149.311,2875,1,ibvs_active,58.0,-2.17,-117.8,13.8,-121.3,13.9,118.6,-2.0,-0.695,0,0,0,1,34.9,
149.358,2876,0,tag_lost_countdown,58.0,-2.17,,,,,,,,,,,,,0.0
149.430,2877,1,ibvs_active,56.0,-2.75,-103.0,11.1,-106.7,11.6,103.6,-2.0,-0.581,0,0,0,1,29.3,
149.494,2878,1,ibvs_active,54.0,-3.15,-95.3,7.1,-97.6,8.0,95.6,-2.0,-0.399,0,0,0,1,35.0,
149.540,2879,0,tag_lost_countdown,54.0,-3.15,,,,,,,,,,,,,0.0
149.592,2880,1,ibvs_active,52.0,-3.48,-90.3,6.3,-91.8,6.7,90.6,-2.0,-0.334,0,0,0,1,34.3,
149.638,2881,1,ibvs_active,50.0,-3.44,-87.8,-2.7,-88.6,-0.9,87.8,-2.0,0.043,0,0,0,1,27.1,
149.722,2882,1,ibvs_active,48.0,-3.39,-96.3,-1.1,-94.8,-1.1,96.4,-2.0,0.054,0,0,0,1,29.5,
149.770,2883,1,ibvs_active,46.0,-3.13,-86.1,-6.1,-87.8,-5.1,86.3,-2.0,0.256,0,0,0,1,22.3,
149.822,2884,1,ibvs_active,44.0,-2.64,-86.0,-11.1,-86.4,-9.9,86.7,-2.0,0.493,0,0,0,1,30.8,
149.869,2885,1,ibvs_active,42.0,-1.94,-88.3,-15.0,-87.9,-13.9,89.5,-2.0,0.697,0,0,0,1,32.3,
149.921,2886,1,ibvs_active,40.0,-1.17,-83.6,-15.7,-84.4,-15.4,85.0,-2.0,0.769,0,0,0,1,27.2,
149.996,2887,1,ibvs_active,38.0,-0.39,-76.1,-15.6,-77.8,-15.5,77.7,-2.0,0.777,0,0,0,1,35.4,
150.048,2888,0,tag_lost_countdown,38.0,-0.39,,,,,,,,,,,,,0.0
150.093,2889,1,ibvs_active,36.0,-0.34,-87.2,2.6,-85.3,-1.0,87.2,-2.0,0.051,0,0,0,1,31.6,
150.147,2890,1,ibvs_active,34.0,-0.49,-79.1,4.0,-80.3,3.0,79.2,-2.0,-0.149,0,0,0,1,35.2,
150.193,2891,1,ibvs_active,32.0,-0.88,-96.5,9.1,-93.3,7.8,97.0,-2.0,-0.392,0,0,0,1,34.2,
150.243,2892,1,ibvs_active,30.0,-1.4,-87.3,10.9,-88.5,10.3,88.0,-2.0,-0.515,0,0,0,1,32.3,
150.289,2893,1,ibvs_active,28.0,-1.87,-93.6,9.2,-92.6,9.5,94.0,-2.0,-0.473,0,0,0,1,26.7,
150.340,2894,1,ibvs_active,26.0,-2.32,-90.2,8.8,-90.7,8.9,90.6,-2.0,-0.447,0,0,0,1,34.7,
150.385,2895,1,ibvs_active,24.0,-2.78,-84.9,9.3,-86.1,9.2,85.4,-2.0,-0.462,0,0,0,1,35.1,
150.436,2896,1,ibvs_active,22.0,-2.97,-87.7,2.5,-87.4,3.8,87.7,-2.0,-0.192,0,0,0,1,21.1,
150.480,2897,1,ibvs_active,20.0,-3.1,-87.5,2.2,-87.5,2.5,87.6,-2.0,-0.125,0,0,0,1,32.4,
150.529,2898,0,tag_lost_countdown,20.0,-3.1,,,,,,,,,,,,,0.0
150.573,2899,0,tag_lost_countdown,20.0,-3.1,,,,,,,,,,,,,0.05
150.620,2900,0,tag_lost_countdown,20.0,-3.1,,,,,,,,,,,,,0.09
150.668,2901,1,ibvs_active,18.0,-2.72,-89.7,-10.0,-89.2,-7.5,90.2,-2.0,0.376,0,0,0,1,21.2,
150.718,2902,0,tag_lost_countdown,18.0,-2.72,,,,,,,,,,,,,0.0
150.762,2903,1,ibvs_active,16.0,-2.34,-130.6,-7.6,-122.3,-7.5,130.8,-2.0,0.377,0,0,0,1,32.9,
150.815,2904,1,ibvs_active,14.0,-1.98,-128.0,-7.3,-126.9,-7.3,128.2,-2.0,0.366,0,0,0,1,20.6,
150.860,2905,1,ibvs_active,12.0,-1.6,-157.0,-7.5,-151.0,-7.5,157.2,-2.0,0.375,0,0,0,1,32.9,
150.912,2906,1,ibvs_active,10.0,-1.28,-150.9,-6.2,-150.9,-6.4,151.0,-2.0,0.322,0,0,0,1,33.2,
150.960,2907,1,ibvs_active,8.0,-1.29,-159.8,1.9,-158.0,0.2,159.8,-2.0,-0.011,0,0,0,1,29.3,
151.009,2908,1,ibvs_active,6.0,-1.51,-156.2,5.5,-156.6,4.4,156.3,-2.0,-0.221,0,0,0,1,26.7,
151.054,2909,1,ibvs_active,4.0,-1.74,-159.7,4.5,-159.1,4.5,159.8,-2.0,-0.224,0,0,0,1,31.6,
151.113,2910,1,ibvs_active,2.0,-1.98,-151.0,4.9,-152.6,4.8,151.0,-2.0,-0.239,0,0,0,1,34.6,
151.161,2911,1,ibvs_active,0.0,-2.28,-141.4,6.4,-143.7,6.0,141.6,-2.0,-0.302,0,0,0,1,33.8,
151.212,2912,1,ibvs_active,-2.0,-2.5,-137.9,4.0,-139.0,4.4,137.9,-2.0,-0.22,0,0,0,1,33.9,
151.257,2913,1,ibvs_active,-4.0,-2.59,-139.5,1.2,-139.4,1.9,139.5,-2.0,-0.093,0,0,0,1,34.9,
151.334,2914,1,ibvs_active,-6.0,-2.59,-140.8,-0.6,-140.5,-0.1,140.8,-2.0,0.007,0,0,0,1,33.2,
151.393,2915,1,ibvs_active,-8.0,-2.67,-132.3,2.1,-133.9,1.7,132.3,-2.0,-0.083,0,0,0,1,27.9,
151.443,2916,1,ibvs_active,-10.0,-2.74,-123.3,1.5,-125.5,1.5,123.4,-2.0,-0.075,0,0,0,1,25.4,
151.489,2917,1,ibvs_active,-12.0,-2.82,-130.8,1.6,-129.8,1.6,130.8,-2.0,-0.079,0,0,0,1,33.1,
151.540,2918,1,ibvs_active,-14.0,-3.06,-121.8,5.6,-123.4,4.8,121.9,-2.0,-0.24,0,0,0,1,32.7,
151.613,2919,1,ibvs_active,-16.0,-3.4,-113.7,7.2,-115.6,6.8,113.9,-2.0,-0.338,0,0,0,1,32.4,
151.669,2920,0,tag_lost_countdown,-16.0,-3.4,,,,,,,,,,,,,0.0
151.713,2921,1,ibvs_active,-18.0,-3.81,-136.4,8.7,-132.2,8.3,136.7,-2.0,-0.414,0,0,0,1,28.4,
151.763,2922,1,ibvs_active,-20.0,-3.82,-138.8,-1.9,-137.5,0.1,138.8,-2.0,-0.005,0,0,0,1,27.7,
151.809,2923,1,ibvs_active,-22.0,-3.68,-151.5,-3.4,-148.7,-2.7,151.6,-2.0,0.136,0,0,0,1,24.7,
151.899,2924,1,ibvs_active,-24.0,-3.71,-162.2,1.4,-159.5,0.5,162.3,-2.0,-0.027,0,0,0,1,34.5,
151.946,2925,1,ibvs_active,-26.0,-4.01,-151.9,7.4,-153.4,6.1,152.0,-2.0,-0.303,0,0,0,1,31.3,
151.995,2926,1,ibvs_active,-28.0,-4.51,-148.3,10.8,-149.3,9.9,148.7,-2.0,-0.494,0,0,0,1,28.8,
152.041,2927,1,ibvs_active,-30.0,-5.06,-163.1,11.2,-160.3,10.9,163.5,-2.0,-0.547,0,0,0,1,20.2,
152.094,2928,1,ibvs_active,-32.0,-5.69,-164.0,13.1,-163.2,12.7,164.5,-2.0,-0.634,0,0,0,1,34.0,
152.158,2929,1,ibvs_active,-34.0,-6.16,-159.1,8.5,-159.9,9.3,159.3,-2.0,-0.467,0,0,0,1,32.0,
152.222,2930,0,tag_lost_countdown,-34.0,-6.16,,,,,,,,,,,,,0.0
152.270,2931,1,ibvs_active,-36.0,-6.33,-134.4,2.1,-139.5,3.5,134.4,-2.0,-0.176,0,0,0,1,20.8,
152.320,2932,1,ibvs_active,-38.0,-6.53,-141.5,4.1,-141.1,4.0,141.5,-2.0,-0.201,0,0,0,1,30.5,
152.365,2933,1,ibvs_active,-40.0,-7.09,-162.7,12.9,-158.4,11.2,163.2,-2.0,-0.558,0,0,0,1,30.9,
152.445,2934,1,ibvs_active,-42.0,-7.88,-153.5,16.9,-154.5,15.7,154.5,-2.0,-0.786,0,0,0,1,35.3,
152.498,2935,1,ibvs_active,-44.0,-8.84,-151.2,20.2,-151.9,19.3,152.6,-2.0,-0.966,0,0,0,1,34.5,
152.547,2936,0,tag_lost_countdown,-44.0,-8.84,,,,,,,,,,,,,0.0
152.593,2937,1,ibvs_active,-46.0,-9.53,-121.9,12.4,-127.9,13.8,122.6,-2.0,-0.69,0,0,0,1,35.4,
152.647,2938,1,ibvs_active,-48.0,-10.08,-100.0,10.1,-105.6,10.8,100.5,-2.0,-0.542,0,0,0,1,23.6,
152.707,2939,1,ibvs_active,-50.0,-10.26,-102.3,2.0,-102.9,3.8,102.3,-2.0,-0.189,0,0,0,1,37.1,
152.783,2940,1,ibvs_active,-52.0,-10.32,-84.4,0.4,-88.1,1.1,84.4,-2.0,-0.053,0,0,0,1,21.3,
152.826,2941,1,ibvs_active,-54.0,-9.74,-60.1,-14.8,-65.7,-11.6,61.9,-2.0,0.581,0,0,0,1,27.0,
152.876,2942,1,ibvs_active,-56.0,-9.02,-65.8,-15.1,-65.8,-14.4,67.5,-2.0,0.719,0,0,0,1,36.4,
152.922,2943,1,ibvs_active,-58.0,-8.43,-56.8,-11.1,-58.6,-11.8,57.9,-2.0,0.59,0,0,0,1,32.4,
153.000,2944,1,ibvs_active,-60.0,-7.93,-47.5,-9.4,-49.8,-9.8,48.5,-2.0,0.492,0,0,0,1,35.1,
153.055,2945,1,ibvs_active,-62.0,-7.83,-49.3,-0.1,-49.4,-2.1,49.3,-2.0,0.103,0,0,0,1,32.6,
153.103,2946,0,tag_lost_countdown,-62.0,-7.83,,,,,,,,,,,,,0.0
153.150,2947,1,ibvs_active,-63.7,-7.97,-30.2,4.0,-34.0,2.8,30.5,-1.701,-0.141,0,0,0,1,35.8,
153.197,2948,1,ibvs_active,-65.45,-7.98,-35.3,-0.6,-35.0,0.1,35.3,-1.751,-0.004,0,0,0,1,39.0,
153.257,2949,1,ibvs_active,-67.45,-7.9,-44.0,-2.0,-42.2,-1.6,44.1,-2.0,0.079,0,0,0,1,23.7,
153.337,2950,1,ibvs_active,-69.45,-7.91,-55.1,0.8,-52.5,0.3,55.1,-2.0,-0.015,0,0,0,1,38.2,
153.382,2951,1,ibvs_active,-71.45,-8.03,-55.6,2.8,-55.0,2.3,55.7,-2.0,-0.116,0,0,0,1,25.3,
153.434,2952,1,ibvs_active,-73.45,-8.36,-60.0,7.7,-59.0,6.7,60.5,-2.0,-0.333,0,0,0,1,34.8,
153.480,2953,1,ibvs_active,-75.45,-8.74,-55.6,7.7,-56.3,7.5,56.1,-2.0,-0.375,0,0,0,1,38.6,
153.529,2954,0,tag_lost_countdown,-75.45,-8.74,,,,,,,,,,,,,0.0
153.577,2955,1,ibvs_active,-77.33,-9.28,-32.8,11.7,-37.5,10.8,34.9,-1.877,-0.542,0,0,0,1,39.1,
153.627,2956,1,ibvs_active,-78.29,-9.74,-20.3,11.3,-23.8,11.2,23.2,-0.965,-0.455,0,0,0,1,40.5,
153.674,2957,1,ibvs_active,-79.24,-10.14,-23.8,9.9,-23.8,10.1,25.7,-0.942,-0.401,0,0,0,1,39.2,
153.740,2958,1,ibvs_active,-79.86,-10.17,-21.0,-1.1,-21.6,1.1,21.0,-0.624,-0.033,0,0,0,1,36.2,
153.784,2959,1,deadband,-79.86,-10.17,5.3,-2.4,-0.1,-1.7,5.8,0.0,0.0,1,0,0,0,34.2,
153.836,2960,1,deadband,-79.86,-10.17,7.6,-3.4,6.1,-3.0,8.3,0.0,0.0,1,0,0,0,39.9,
153.882,2961,1,deadband,-79.86,-10.17,6.1,-3.9,6.1,-3.7,7.2,0.0,0.0,1,0,0,0,39.1,
153.932,2962,1,deadband,-79.86,-10.17,7.2,-4.8,7.0,-4.6,8.6,0.0,0.0,1,0,0,0,39.9,
153.993,2963,1,deadband,-79.86,-10.17,7.3,-5.5,7.2,-5.3,9.1,0.0,0.0,1,0,0,0,38.8,
154.044,2964,1,deadband,-79.86,-10.17,5.1,-9.5,5.5,-8.6,10.8,0.0,0.0,1,0,0,0,38.9,
154.090,2965,1,ibvs_active,-79.82,-10.09,5.7,-12.2,5.7,-11.5,13.5,0.04,0.082,0,0,0,1,39.6,
154.140,2966,1,ibvs_active,-79.73,-9.92,7.6,-13.8,7.2,-13.3,15.7,0.093,0.172,0,0,0,1,38.7,
154.183,2967,1,ibvs_active,-79.45,-9.69,15.6,-11.0,13.9,-11.5,19.1,0.279,0.231,0,0,0,1,39.7,
154.235,2968,1,ibvs_active,-78.95,-9.39,19.1,-10.6,18.1,-10.8,21.9,0.5,0.299,0,0,0,1,38.5,
154.282,2969,1,ibvs_active,-78.28,-8.95,20.1,-13.4,19.7,-12.9,24.2,0.666,0.436,0,0,0,1,39.7,
154.333,2970,1,ibvs_active,-77.7,-8.34,15.8,-18.6,16.5,-17.4,24.4,0.58,0.612,0,0,0,1,38.8,
154.382,2971,1,ibvs_active,-77.22,-7.71,13.6,-19.0,14.2,-18.7,23.3,0.477,0.627,0,0,0,1,38.9,
154.447,2972,1,ibvs_active,-76.91,-7.29,11.5,-15.7,12.0,-16.3,19.5,0.309,0.419,0,0,0,1,38.8,
154.494,2973,1,ibvs_active,-76.78,-6.99,5.8,-16.0,7.0,-16.0,17.0,0.132,0.301,0,0,0,1,39.5,
154.544,2974,1,ibvs_active,-76.76,-6.84,0.6,-13.7,1.9,-14.2,13.7,0.02,0.153,0,0,0,1,36.6,
154.590,2975,1,ibvs_active,-76.72,-5.67,0.8,-30.4,1.0,-27.2,30.4,0.043,1.167,0,0,0,1,33.8,
154.641,2976,1,ibvs_active,-76.53,-3.72,4.6,-42.0,3.9,-39.0,42.2,0.194,1.951,0,0,0,1,30.7,
154.688,2977,1,ibvs_active,-75.93,-1.72,14.0,-55.9,12.0,-52.5,57.6,0.598,2.0,0,0,0,1,38.3,
154.740,2978,1,ibvs_active,-75.01,0.28,20.0,-56.4,18.4,-55.6,59.8,0.919,2.0,0,0,0,1,34.1,
154.784,2979,1,ibvs_active,-73.72,2.28,27.6,-55.1,25.8,-55.2,61.7,1.288,2.0,0,0,0,1,29.0,
154.872,2980,1,ibvs_active,-72.58,4.28,22.0,-51.7,22.7,-52.4,56.2,1.136,2.0,0,0,0,1,35.7,
154.946,2981,1,ibvs_active,-72.0,6.18,9.0,-34.4,11.7,-38.0,35.6,0.585,1.902,0,0,0,1,28.1,
154.997,2982,1,ibvs_active,-71.79,7.47,2.6,-25.5,4.4,-28.0,25.6,0.204,1.284,0,0,0,1,34.2,
155.042,2983,1,ibvs_active,-71.72,9.04,0.7,-32.5,1.4,-31.6,32.5,0.072,1.578,0,0,0,1,37.6,
155.092,2984,1,ibvs_active,-71.71,9.83,-0.1,-21.4,0.2,-23.4,21.4,0.008,0.788,0,0,0,1,30.0,
155.156,2985,1,ibvs_active,-71.68,9.95,4.9,-10.6,4.0,-13.1,11.7,0.037,0.123,0,0,0,1,39.0,
155.229,2986,1,ibvs_active,-71.53,10.03,15.2,-5.0,12.9,-6.6,16.0,0.147,0.075,0,0,0,1,33.8,
155.275,2987,1,ibvs_active,-69.91,10.48,37.3,-9.7,32.4,-9.1,38.5,1.622,0.455,0,0,0,1,28.5,
155.328,2988,1,ibvs_active,-67.91,11.46,56.9,-22.1,52.0,-19.5,61.1,2.0,0.977,0,0,0,1,32.8,
155.374,2989,1,ibvs_active,-65.91,12.8,66.8,-28.5,63.8,-26.7,72.6,2.0,1.337,0,0,0,1,33.6,
155.467,2990,1,ibvs_active,-63.91,14.73,61.5,-41.6,61.9,-38.6,74.2,2.0,1.93,0,0,0,1,36.8,
155.515,2991,1,ibvs_active,-61.91,15.96,41.9,-21.2,45.9,-24.7,46.9,2.0,1.233,0,0,0,1,29.7,
155.564,2992,0,tag_lost_countdown,-61.91,15.96,,,,,,,,,,,,,0.0
155.614,2993,1,ibvs_active,-60.62,17.51,20.8,-32.6,25.8,-31.0,38.7,1.292,1.55,0,0,0,1,38.2,
155.682,2994,1,ibvs_active,-60.39,19.51,-0.7,-47.5,4.6,-44.2,47.5,0.232,2.0,0,0,0,1,37.5,
155.727,2995,0,tag_lost_countdown,-60.39,19.51,,,,,,,,,,,,,0.0
155.776,2996,0,tag_lost_countdown,-60.39,19.51,,,,,,,,,,,,,0.04
155.824,2997,1,ibvs_active,-61.28,21.51,-23.4,-56.8,-17.8,-54.3,61.5,-0.891,2.0,0,0,0,1,36.8,
155.877,2998,1,ibvs_active,-62.52,23.51,-26.7,-60.0,-24.9,-58.9,65.7,-1.245,2.0,0,0,0,1,37.6,
155.926,2999,1,ibvs_active,-63.76,25.51,-24.7,-62.0,-24.7,-61.3,66.7,-1.237,2.0,0,0,0,1,35.0,
155.979,3000,1,ibvs_active,-64.78,27.51,-19.5,-51.0,-20.5,-53.1,54.6,-1.026,2.0,0,0,0,1,35.9,
156.026,3001,1,ibvs_active,-65.1,29.44,-2.9,-35.0,-6.4,-38.6,35.1,-0.32,1.93,0,0,0,1,31.9,
156.075,3002,1,ibvs_active,-64.97,29.96,7.8,-15.1,5.0,-19.8,17.0,0.13,0.517,0,0,0,1,24.9,
156.130,3003,1,ibvs_active,-64.22,30.13,27.1,-1.6,22.7,-5.3,27.2,0.753,0.175,0,0,0,1,38.1,
156.178,3004,1,ibvs_active,-63.01,29.91,28.4,7.5,27.3,4.9,29.4,1.207,-0.219,0,0,0,1,34.9,
156.223,3005,1,ibvs_active,-62.27,29.99,21.9,-4.1,22.9,-2.3,22.2,0.749,0.074,0,0,0,1,38.5,
156.273,3006,1,ibvs_active,-61.65,30.11,20.7,-4.9,21.1,-4.3,21.2,0.611,0.126,0,0,0,1,37.1,
156.318,3007,1,ibvs_active,-61.41,30.21,14.0,-6.2,15.4,-5.8,15.3,0.25,0.094,0,0,0,1,37.2,
156.368,3008,1,ibvs_active,-61.35,30.24,9.2,-6.6,10.4,-6.4,11.3,0.059,0.036,0,0,0,1,36.3,
156.410,3009,1,deadband,-61.35,30.24,9.8,-9.3,9.9,-8.7,13.5,0.0,0.0,1,0,0,0,38.0,
156.462,3010,1,ibvs_active,-61.0,31.09,9.3,-26.5,9.4,-22.9,28.0,0.347,0.845,0,0,0,1,30.3,
156.508,3011,1,ibvs_active,-60.47,32.83,11.0,-37.8,10.7,-34.8,39.4,0.534,1.742,0,0,0,1,29.1,
156.574,3012,1,ibvs_active,-59.67,34.83,17.1,-55.9,15.8,-51.7,58.5,0.792,2.0,0,0,0,1,37.7,
156.622,3013,1,ibvs_active,-58.61,35.0,22.5,-52.6,21.2,-52.4,57.2,1.06,2.0,0,0,1,1,36.7,
156.668,3014,0,tag_lost_countdown,-58.61,35.0,,,,,,,,,,,,,0.0
156.714,3015,1,ibvs_active,-57.38,35.0,25.6,-25.1,24.8,-30.5,35.9,1.238,1.527,0,0,1,1,37.9,
156.765,3016,1,ibvs_active,-56.36,35.0,19.3,-29.3,20.4,-29.5,35.1,1.02,1.477,0,0,1,1,36.1,
156.811,3017,1,ibvs_active,-55.56,35.0,14.8,-33.1,15.9,-32.4,36.3,0.796,1.619,0,0,1,1,38.5,
156.863,3018,1,ibvs_active,-55.26,35.0,3.4,-41.8,5.9,-39.9,42.0,0.296,1.997,0,0,1,1,37.6,
156.909,3019,1,ibvs_active,-55.31,35.0,-2.5,-42.8,-0.8,-42.2,42.9,-0.041,2.0,0,0,1,1,30.9,
156.962,3020,1,ibvs_active,-55.89,35.0,-14.4,-38.6,-11.7,-39.3,41.2,-0.583,1.966,0,0,1,1,38.0,
157.021,3021,1,ibvs_active,-56.72,35.0,-17.8,-36.0,-16.5,-36.7,40.2,-0.827,1.834,0,0,1,1,37.7,
157.074,3022,1,ibvs_active,-57.81,35.0,-23.1,-28.4,-21.8,-30.0,36.6,-1.09,1.502,0,0,1,1,38.4,
157.124,3023,1,ibvs_active,-59.07,35.0,-26.2,-16.0,-25.4,-18.8,30.7,-1.268,0.94,0,0,1,1,35.9,
157.173,3024,1,ibvs_active,-60.05,35.0,-23.9,-7.8,-24.2,-10.0,25.2,-0.981,0.405,0,0,1,1,24.5,
157.213,3025,1,deadband,-60.05,35.0,-3.2,9.4,-7.4,5.5,9.9,0.0,0.0,1,0,0,0,31.2,
157.288,3026,0,tag_lost_countdown,-60.05,35.0,,,,,,,,,,,,,0.0
157.340,3027,1,ibvs_active,-58.76,33.51,34.3,36.0,26.0,29.9,49.7,1.299,-1.494,0,0,0,1,37.5,
157.387,3028,1,ibvs_active,-56.85,31.51,41.3,49.1,38.2,45.2,64.1,1.91,-2.0,0,0,0,1,37.7,
157.430,3029,1,ibvs_active,-54.85,29.51,44.4,52.4,43.2,51.0,68.7,2.0,-2.0,0,0,0,1,36.7,
157.479,3030,1,ibvs_active,-52.85,27.51,48.1,52.9,47.1,52.5,71.5,2.0,-2.0,0,0,0,1,37.4,
157.544,3031,1,ibvs_active,-51.17,25.51,30.1,46.0,33.5,47.3,55.0,1.675,-2.0,0,0,0,1,24.6,
157.620,3032,1,ibvs_active,-50.57,23.87,6.7,29.1,12.0,32.7,29.8,0.601,-1.636,0,0,0,1,21.2,
157.662,3033,0,tag_lost_countdown,-50.57,23.87,,,,,,,,,,,,,0.0
157.710,3034,0,tag_lost_countdown,-50.57,23.87,,,,,,,,,,,,,0.04
157.755,3035,1,ibvs_active,-52.41,21.87,-49.1,69.9,-36.9,62.5,85.4,-1.844,-2.0,0,0,0,1,24.3,
157.823,3036,1,ibvs_active,-54.41,19.87,-45.0,80.4,-43.4,76.8,92.1,-2.0,-2.0,0,0,0,1,36.0,
157.889,3037,0,tag_lost_countdown,-54.41,19.87,,,,,,,,,,,,,0.0
157.936,3038,0,tag_lost_countdown,-54.41,19.87,,,,,,,,,,,,,0.04
157.978,3039,1,ibvs_active,-55.3,17.87,-11.4,60.7,-17.8,63.9,61.7,-0.889,-2.0,0,0,0,1,37.8,
158.027,3040,1,ibvs_active,-55.93,15.87,-11.4,65.7,-12.6,65.3,66.7,-0.632,-2.0,0,0,0,1,37.4,
158.087,3041,1,ibvs_active,-56.51,13.87,-11.3,72.3,-11.6,70.9,73.2,-0.579,-2.0,0,0,0,1,36.8,
158.173,3042,1,ibvs_active,-56.51,11.87,2.9,77.3,0.0,76.0,77.3,0.001,-2.0,0,0,0,1,36.1,
158.215,3043,1,ibvs_active,-55.3,9.87,30.4,48.1,24.3,53.6,56.9,1.215,-2.0,0,0,0,1,34.8,
158.263,3044,1,ibvs_active,-53.6,7.87,36.3,52.4,33.9,52.6,63.7,1.693,-2.0,0,0,0,1,37.6,
158.304,3045,0,tag_lost_countdown,-53.6,7.87,,,,,,,,,,,,,0.0
158.358,3046,0,tag_lost_countdown,-53.6,7.87,,,,,,,,,,,,,0.04
158.436,3047,1,ibvs_active,-51.9,6.63,34.1,17.7,34.0,24.7,38.4,1.702,-1.235,0,0,0,1,23.4,
158.484,3048,1,ibvs_active,-49.92,4.91,40.9,36.9,39.5,34.5,55.1,1.977,-1.725,0,0,0,1,35.7,
158.526,3049,1,ibvs_active,-47.92,2.91,44.1,44.0,43.2,42.1,62.3,2.0,-2.0,0,0,0,1,36.5,
158.573,3050,1,ibvs_active,-46.14,0.91,33.8,42.8,35.7,42.7,54.6,1.785,-2.0,0,0,0,1,24.7,
158.636,3051,1,ibvs_active,-44.96,-1.07,20.6,38.9,23.6,39.7,44.0,1.179,-1.983,0,0,0,1,35.9,
158.719,3052,1,ibvs_active,-44.67,-2.83,1.2,34.0,5.7,35.1,34.0,0.286,-1.757,0,0,0,1,27.1,
158.765,3053,1,ibvs_active,-45.22,-3.5,-20.6,14.7,-15.4,18.8,25.3,-0.548,-0.672,0,0,0,1,30.5,
158.816,3054,1,ibvs_active,-46.09,-4.43,-20.1,21.0,-19.1,20.5,29.0,-0.864,-0.928,0,0,0,1,36.5,
158.861,3055,1,ibvs_active,-46.53,-4.72,-16.6,8.8,-17.1,11.1,18.8,-0.445,-0.289,0,0,0,1,36.7,
158.935,3056,1,ibvs_active,-46.82,-4.9,-14.4,9.0,-15.0,9.4,17.0,-0.288,-0.182,0,0,0,1,36.7,
159.010,3057,1,deadband,-46.82,-4.9,-8.4,6.6,-9.7,7.2,10.7,0.0,0.0,1,0,0,0,34.5,
159.059,3058,1,ibvs_active,-46.63,-5.64,9.5,26.3,5.6,22.5,27.9,0.185,-0.739,0,0,0,1,30.0,
159.105,3059,1,ibvs_active,-46.04,-7.16,13.4,32.4,11.8,30.4,35.1,0.592,-1.522,0,0,0,1,36.2,
159.154,3060,1,ibvs_active,-45.07,-9.16,21.3,47.5,19.4,44.1,52.1,0.97,-2.0,0,0,0,1,32.7,
159.212,3061,1,ibvs_active,-43.77,-11.16,27.7,55.6,26.0,53.3,62.1,1.301,-2.0,0,0,0,1,28.9,
159.286,3062,1,ibvs_active,-42.2,-13.16,32.8,61.0,31.4,59.5,69.2,1.571,-2.0,0,0,0,1,35.9,
159.327,3063,0,tag_lost_countdown,-42.2,-13.16,,,,,,,,,,,,,0.0
159.378,3064,1,ibvs_active,-41.06,-14.86,20.7,27.6,22.9,33.9,34.5,1.143,-1.697,0,0,0,1,36.1,
159.424,3065,1,ibvs_active,-40.69,-15.69,6.8,19.8,10.0,22.7,21.0,0.371,-0.837,0,0,0,1,36.1,
159.511,3066,1,ibvs_active,-40.49,-15.92,11.3,10.4,11.1,12.9,15.4,0.193,-0.225,0,0,0,1,29.0,
159.562,3067,0,tag_lost_countdown,-40.49,-15.92,,,,,,,,,,,,,0.0
159.614,3068,1,ibvs_active,-40.14,-16.04,18.9,3.8,17.3,5.6,19.3,0.357,-0.116,0,0,0,1,36.2,
159.659,3069,1,ibvs_active,-39.2,-16.6,24.1,15.6,22.8,13.6,28.7,0.939,-0.561,0,0,0,1,31.5,
159.708,3070,1,ibvs_active,-37.92,-17.83,26.1,27.6,25.4,24.8,38.0,1.272,-1.239,0,0,0,1,33.5,
159.769,3071,1,ibvs_active,-36.68,-19.77,24.7,42.1,24.9,38.7,48.9,1.243,-1.934,0,0,0,1,30.4,
159.845,3072,0,tag_lost_countdown,-36.68,-19.77,,,,,,,,,,,,,0.0
159.890,3073,0,tag_lost_countdown,-36.68,-19.77,,,,,,,,,,,,,0.05
159.940,3074,1,ibvs_active,-37.68,-21.3,-31.3,28.6,-20.1,30.6,42.4,-1.003,-1.53,0,0,0,1,36.4,
159.986,3075,1,ibvs_active,-39.37,-22.76,-37.1,29.0,-33.7,29.3,47.1,-1.685,-1.465,0,0,0,1,36.3,
160.066,3076,1,ibvs_active,-41.24,-24.14,-38.4,27.2,-37.5,27.6,47.1,-1.875,-1.38,0,0,0,1,35.9,
160.122,3077,1,ibvs_active,-43.08,-25.17,-36.6,18.8,-36.8,20.5,41.2,-1.84,-1.027,0,0,0,1,26.9,
160.179,3078,0,tag_lost_countdown,-43.08,-25.17,,,,,,,,,,,,,0.0
160.222,3079,0,tag_lost_countdown,-43.08,-25.17,,,,,,,,,,,,,0.06
160.269,3080,0,tag_lost_countdown,-43.08,-25.17,,,,,,,,,,,,,0.1
160.318,3081,0,tag_lost_countdown,-43.08,-25.17,,,,,,,,,,,,,0.15
160.404,3082,0,tag_lost_countdown,-43.08,-25.17,,,,,,,,,,,,,0.23
160.448,3083,0,tag_lost_countdown,-43.08,-25.17,,,,,,,,,,,,,0.28
160.509,3084,0,tag_lost_countdown,-43.08,-25.17,,,,,,,,,,,,,0.33
160.572,3085,0,tag_lost_countdown,-43.08,-25.17,,,,,,,,,,,,,0.39
160.624,3086,0,tag_lost_countdown,-43.08,-25.17,,,,,,,,,,,,,0.45
160.667,3087,0,tag_lost_countdown,-43.08,-25.17,,,,,,,,,,,,,0.5
160.719,3088,0,tag_lost_countdown,-43.08,-25.17,,,,,,,,,,,,,0.54
160.766,3089,0,tag_lost_countdown,-43.08,-25.17,,,,,,,,,,,,,0.6
160.816,3090,0,tag_lost_countdown,-43.08,-25.17,,,,,,,,,,,,,0.64
160.863,3091,0,tag_lost_countdown,-43.08,-25.17,,,,,,,,,,,,,0.69
160.910,3092,0,tag_lost_countdown,-43.08,-25.17,,,,,,,,,,,,,0.74
160.954,3093,0,tag_lost_countdown,-43.08,-25.17,,,,,,,,,,,,,0.79
161.007,3094,0,tag_lost_countdown,-43.08,-25.17,,,,,,,,,,,,,0.83
161.050,3095,0,tag_lost_countdown,-43.08,-25.17,,,,,,,,,,,,,0.88
161.100,3096,0,tag_lost_countdown,-43.08,-25.17,,,,,,,,,,,,,0.93
161.146,3097,0,tag_lost_countdown,-43.08,-25.17,,,,,,,,,,,,,0.98
161.194,3098,0,tag_lost_countdown,-43.08,-25.17,,,,,,,,,,,,,1.02
161.239,3099,0,tag_lost_countdown,-43.08,-25.17,,,,,,,,,,,,,1.07
161.288,3100,0,tag_lost_countdown,-43.08,-25.17,,,,,,,,,,,,,1.12
161.332,3101,0,tag_lost_countdown,-43.08,-25.17,,,,,,,,,,,,,1.17
161.384,3102,0,tag_lost_countdown,-43.08,-25.17,,,,,,,,,,,,,1.21
161.431,3103,0,tag_lost_countdown,-43.08,-25.17,,,,,,,,,,,,,1.26
161.479,3104,0,tag_lost_countdown,-43.08,-25.17,,,,,,,,,,,,,1.31
161.525,3105,0,tag_lost_countdown,-43.08,-25.17,,,,,,,,,,,,,1.36
161.576,3106,0,tag_lost_countdown,-43.08,-25.17,,,,,,,,,,,,,1.4
161.622,3107,0,tag_lost_countdown,-43.08,-25.17,,,,,,,,,,,,,1.45
161.672,3108,0,tag_lost_countdown,-43.08,-25.17,,,,,,,,,,,,,1.5
161.716,3109,0,tag_lost_countdown,-43.08,-25.17,,,,,,,,,,,,,1.55
161.766,3110,0,tag_lost_countdown,-43.08,-25.17,,,,,,,,,,,,,1.59
161.811,3111,0,tag_lost_countdown,-43.08,-25.17,,,,,,,,,,,,,1.64
161.863,3112,0,tag_lost_countdown,-43.08,-25.17,,,,,,,,,,,,,1.69
161.909,3113,0,tag_lost_countdown,-43.08,-25.17,,,,,,,,,,,,,1.74
161.958,3114,0,tag_lost_countdown,-43.08,-25.17,,,,,,,,,,,,,1.79
162.004,3115,0,tag_lost_countdown,-43.08,-25.17,,,,,,,,,,,,,1.84
162.053,3116,0,tag_lost_countdown,-43.08,-25.17,,,,,,,,,,,,,1.88
162.103,3117,0,tag_lost_countdown,-43.08,-25.17,,,,,,,,,,,,,1.93
162.182,3118,0,tag_lost_countdown,-43.08,-25.17,,,,,,,,,,,,,2.01
162.229,3119,1,ibvs_active,-41.08,-23.17,248.3,-85.7,191.3,-64.4,262.6,2.0,2.0,0,0,0,1,31.5,
162.283,3120,1,ibvs_active,-39.08,-21.17,239.1,-85.4,229.6,-81.2,253.9,2.0,2.0,0,0,0,1,30.9,
162.333,3121,1,ibvs_active,-37.08,-19.17,226.4,-91.7,227.0,-89.6,244.2,2.0,2.0,0,0,0,1,31.7,
162.414,3122,0,tag_lost_countdown,-37.08,-19.17,,,,,,,,,,,,,0.0
162.457,3123,0,tag_lost_countdown,-37.08,-19.17,,,,,,,,,,,,,0.08
162.508,3124,1,ibvs_active,-35.08,-17.17,183.6,-31.2,192.3,-42.9,186.2,2.0,2.0,0,0,0,1,32.6,
162.555,3125,1,ibvs_active,-33.08,-15.31,188.9,-35.7,189.6,-37.1,192.3,2.0,1.856,0,0,0,1,32.5,
162.606,3126,1,ibvs_active,-31.08,-13.45,191.4,-37.3,191.0,-37.3,195.0,2.0,1.864,0,0,0,1,32.5,
162.649,3127,1,ibvs_active,-29.08,-12.14,177.5,-23.5,180.2,-26.3,179.1,2.0,1.313,0,0,0,1,30.3,
162.701,3128,1,ibvs_active,-27.08,-11.57,164.7,-7.6,167.8,-11.3,164.9,2.0,0.566,0,0,0,1,28.3,
162.743,3129,1,ibvs_active,-25.08,-12.33,154.3,21.8,157.0,15.1,155.8,2.0,-0.757,0,0,0,1,33.3,
162.791,3130,0,tag_lost_countdown,-25.08,-12.33,,,,,,,,,,,,,0.0
162.834,3131,0,tag_lost_countdown,-25.08,-12.33,,,,,,,,,,,,,0.05
162.894,3132,1,ibvs_active,-23.08,-14.25,120.5,44.4,127.8,38.5,128.4,2.0,-1.927,0,0,0,1,27.7,
162.935,3133,0,tag_lost_countdown,-23.08,-14.25,,,,,,,,,,,,,0.0
162.980,3134,0,tag_lost_countdown,-23.08,-14.25,,,,,,,,,,,,,0.04
163.022,3135,0,tag_lost_countdown,-23.08,-14.25,,,,,,,,,,,,,0.09
163.071,3136,1,ibvs_active,-21.08,-15.44,169.8,20.0,161.4,23.7,171.0,2.0,-1.186,0,0,0,1,30.9,
163.117,3137,1,ibvs_active,-19.08,-16.35,186.5,16.7,181.5,18.1,187.3,2.0,-0.907,0,0,0,1,32.7,
163.167,3138,1,ibvs_active,-17.08,-17.23,193.0,17.5,190.7,17.6,193.8,2.0,-0.881,0,0,0,1,33.1,
163.211,3139,1,ibvs_active,-15.08,-17.4,188.7,-0.0,189.1,3.5,188.7,2.0,-0.176,0,0,0,1,24.1,
163.259,3140,0,tag_lost_countdown,-15.08,-17.4,,,,,,,,,,,,,0.0
163.311,3141,1,ibvs_active,-13.08,-16.77,167.7,-16.8,171.9,-12.7,168.5,2.0,0.636,0,0,0,1,32.7,
163.362,3142,1,ibvs_active,-11.08,-15.92,173.1,-18.1,172.9,-17.0,174.1,2.0,0.851,0,0,0,1,29.0,
163.407,3143,1,ibvs_active,-9.08,-14.95,183.2,-20.1,181.1,-19.4,184.3,2.0,0.972,0,0,0,1,30.8,
163.459,3144,1,ibvs_active,-7.08,-13.73,186.7,-25.6,185.6,-24.4,188.4,2.0,1.219,0,0,0,1,29.3,
163.507,3145,1,ibvs_active,-5.08,-12.36,182.3,-28.0,183.0,-27.3,184.5,2.0,1.365,0,0,0,1,32.6,
163.557,3146,1,ibvs_active,-3.08,-11.27,183.0,-20.4,183.0,-21.8,184.2,2.0,1.088,0,0,0,1,23.6,
163.602,3147,1,ibvs_active,-1.08,-10.65,177.9,-10.2,179.0,-12.5,178.2,2.0,0.624,0,0,0,1,32.9,
163.651,3148,0,tag_lost_countdown,-1.08,-10.65,,,,,,,,,,,,,0.0
163.701,3149,1,ibvs_active,0.92,-11.62,146.2,27.5,152.7,19.5,148.7,2.0,-0.975,0,0,0,1,30.6,
163.751,3150,1,ibvs_active,2.92,-13.0,146.8,29.6,148.0,27.6,149.7,2.0,-1.38,0,0,0,1,22.8,
163.797,3151,1,ibvs_active,4.92,-14.38,161.1,27.5,158.4,27.5,163.4,2.0,-1.377,0,0,0,1,21.0,
163.844,3152,0,tag_lost_countdown,4.92,-14.38,,,,,,,,,,,,,0.0
163.889,3153,1,ibvs_active,6.92,-15.17,152.1,12.8,153.4,15.8,152.6,2.0,-0.788,0,0,0,1,22.1,
163.940,3154,0,tag_lost_countdown,6.92,-15.17,,,,,,,,,,,,,0.0
163.989,3155,1,ibvs_active,8.92,-14.67,174.5,-16.4,170.3,-10.0,175.3,2.0,0.498,0,0,0,1,25.8,
164.038,3156,1,ibvs_active,10.92,-13.85,174.3,-18.1,173.5,-16.5,175.3,2.0,0.823,0,0,0,1,29.9,
164.083,3157,0,tag_lost_countdown,10.92,-13.85,,,,,,,,,,,,,0.0
164.161,3158,1,ibvs_active,12.92,-13.24,189.0,-11.0,185.9,-12.1,189.3,2.0,0.606,0,0,0,1,20.7,
164.228,3159,1,ibvs_active,14.92,-13.0,189.9,-3.1,189.1,-4.9,190.0,2.0,0.246,0,0,0,1,28.4,
164.275,3160,0,tag_lost_countdown,14.92,-13.0,,,,,,,,,,,,,0.0
164.318,3161,1,ibvs_active,16.92,-13.41,193.4,11.6,192.5,8.3,193.7,2.0,-0.416,0,0,0,1,32.6,
164.365,3162,0,tag_lost_countdown,16.92,-13.41,,,,,,,,,,,,,0.0
164.424,3163,1,ibvs_active,18.92,-13.95,185.3,11.3,186.7,10.7,185.6,2.0,-0.537,0,0,0,1,33.0,
164.508,3164,1,ibvs_active,20.92,-14.57,187.5,12.8,187.4,12.4,188.0,2.0,-0.62,0,0,0,1,28.4,
164.552,3165,1,ibvs_active,22.92,-15.34,201.0,16.3,198.3,15.5,201.7,2.0,-0.774,0,0,0,1,31.0,
164.607,3166,1,ibvs_active,24.92,-15.98,213.0,12.1,210.1,12.8,213.4,2.0,-0.641,0,0,0,1,24.9,
164.650,3167,1,ibvs_active,26.92,-16.17,213.6,1.4,212.9,3.7,213.6,2.0,-0.186,0,0,0,1,27.7,
164.738,3168,1,ibvs_active,28.92,-16.03,204.6,-4.5,206.2,-2.8,204.6,2.0,0.142,0,0,0,1,25.7,
164.789,3169,1,ibvs_active,30.92,-15.65,208.0,-8.6,207.7,-7.5,208.2,2.0,0.373,0,0,0,1,26.8,
164.839,3170,1,ibvs_active,32.92,-14.91,195.0,-16.7,197.5,-14.8,195.7,2.0,0.742,0,0,0,1,32.5,
164.883,3171,1,ibvs_active,34.92,-13.96,195.6,-20.0,196.0,-19.0,196.6,2.0,0.949,0,0,0,1,31.3,
164.934,3172,1,ibvs_active,36.92,-12.96,192.3,-20.4,193.0,-20.1,193.3,2.0,1.004,0,0,0,1,23.1,
164.995,3173,0,tag_lost_countdown,36.92,-12.96,,,,,,,,,,,,,0.0
165.069,3174,1,ibvs_active,38.92,-12.21,161.9,-13.6,168.1,-14.9,162.4,2.0,0.746,0,0,0,1,29.7,
165.113,3175,1,ibvs_active,40.92,-12.4,173.8,8.4,172.6,3.7,174.0,2.0,-0.187,0,0,0,1,22.4,
165.163,3176,1,ibvs_active,42.92,-12.69,189.6,6.3,186.2,5.8,189.7,2.0,-0.29,0,0,0,1,22.1,
165.207,3177,1,ibvs_active,44.92,-12.6,194.4,-3.7,192.7,-1.8,194.4,2.0,0.088,0,0,0,1,29.3,
165.294,3178,1,ibvs_active,46.92,-12.31,177.5,-6.9,180.6,-5.9,177.7,2.0,0.293,0,0,0,1,30.5,
165.345,3179,0,tag_lost_countdown,46.92,-12.31,,,,,,,,,,,,,0.0
165.393,3180,1,ibvs_active,48.92,-12.74,157.6,12.3,162.2,8.6,158.0,2.0,-0.432,0,0,0,1,24.5,
165.436,3181,1,ibvs_active,50.92,-13.14,163.6,7.9,163.3,8.0,163.7,2.0,-0.402,0,0,0,1,33.4,
165.485,3182,0,tag_lost_countdown,50.92,-13.14,,,,,,,,,,,,,0.0
165.551,3183,1,ibvs_active,52.92,-13.05,151.3,-4.5,153.7,-2.0,151.4,2.0,0.098,0,0,0,1,33.3,
165.627,3184,1,ibvs_active,54.92,-12.66,145.1,-9.2,146.8,-7.8,145.4,2.0,0.388,0,0,0,1,32.1,
165.671,3185,0,tag_lost_countdown,54.92,-12.66,,,,,,,,,,,,,0.0
165.721,3186,1,ibvs_active,56.92,-11.63,146.5,-23.8,146.6,-20.6,148.4,2.0,1.028,0,0,0,1,31.3,
165.764,3187,0,tag_lost_countdown,56.92,-11.63,,,,,,,,,,,,,0.0
165.850,3188,1,ibvs_active,58.92,-9.83,129.4,-39.8,132.8,-36.0,135.4,2.0,1.799,0,0,0,1,33.5,
165.905,3189,1,ibvs_active,60.92,-8.25,112.7,-30.5,116.8,-31.6,116.8,2.0,1.579,0,0,0,1,33.2,
165.955,3190,0,tag_lost_countdown,60.92,-8.25,,,,,,,,,,,,,0.0
166.001,3191,1,ibvs_active,62.92,-7.21,95.0,-18.2,99.4,-20.8,96.7,2.0,1.042,0,0,0,1,33.8,
166.050,3192,1,ibvs_active,64.92,-6.68,84.2,-8.1,87.2,-10.6,84.6,2.0,0.531,0,0,0,1,33.6,
166.107,3193,1,ibvs_active,66.92,-6.25,91.3,-8.2,90.5,-8.7,91.7,2.0,0.433,0,0,0,1,34.5,
166.188,3194,0,tag_lost_countdown,66.92,-6.25,,,,,,,,,,,,,0.0
166.230,3195,0,tag_lost_countdown,66.92,-6.25,,,,,,,,,,,,,0.05
166.284,3196,1,ibvs_active,68.92,-6.77,41.9,15.2,51.6,10.4,44.6,2.0,-0.522,0,0,0,1,34.9,
166.330,3197,1,ibvs_active,70.92,-7.44,43.7,14.2,45.3,13.5,45.9,2.0,-0.673,0,0,0,1,34.8,
166.417,3198,1,ibvs_active,72.92,-8.09,46.4,12.9,46.2,13.0,48.2,2.0,-0.65,0,0,0,1,24.3,
166.466,3199,0,tag_lost_countdown,72.92,-8.09,,,,,,,,,,,,,0.0
166.519,3200,1,ibvs_active,73.08,-8.1,6.5,-2.2,14.4,0.9,6.9,0.161,-0.01,0,0,0,1,35.6,
166.565,3201,1,deadband,73.08,-8.1,6.0,-1.8,7.7,-1.2,6.2,0.0,0.0,1,0,0,0,35.3,
166.618,3202,1,ibvs_active,73.11,-8.09,11.9,-2.3,11.0,-2.1,12.1,0.033,0.006,0,0,0,1,34.9,
166.696,3203,1,ibvs_active,73.25,-8.06,14.3,-4.2,13.6,-3.8,14.9,0.14,0.039,0,0,0,1,35.7,
166.750,3204,1,ibvs_active,73.63,-7.91,18.4,-7.2,17.5,-6.5,19.8,0.377,0.141,0,0,0,1,35.6,
166.797,3205,1,ibvs_active,74.37,-7.64,23.1,-8.5,22.0,-8.1,24.6,0.739,0.272,0,0,0,1,34.9,
166.851,3206,1,ibvs_active,75.51,-7.2,26.8,-10.5,25.8,-10.0,28.8,1.143,0.444,0,0,0,1,35.5,
166.897,3207,1,ibvs_active,76.87,-6.63,27.9,-11.9,27.5,-11.5,30.3,1.358,0.57,0,0,0,1,35.1,
166.975,3208,1,ibvs_active,78.34,-6.0,29.9,-12.7,29.4,-12.5,32.5,1.472,0.624,0,0,0,1,34.6,
167.026,3209,1,ibvs_active,79.87,-5.31,30.9,-14.4,30.6,-14.0,34.1,1.532,0.699,0,0,0,1,35.9,
167.081,3210,1,ibvs_active,81.39,-4.58,30.3,-14.7,30.3,-14.5,33.6,1.517,0.726,0,0,0,1,35.1,
167.128,3211,1,ibvs_active,82.9,-4.01,30.2,-10.6,30.2,-11.4,32.0,1.51,0.569,0,0,0,1,35.8,
167.199,3212,1,ibvs_active,84.35,-3.28,28.6,-15.4,28.9,-14.6,32.5,1.446,0.728,0,0,0,1,32.2,
167.282,3213,1,ibvs_active,85.61,-2.88,26.8,-7.1,27.2,-8.6,27.8,1.265,0.399,0,0,0,1,34.8,
167.333,3214,1,ibvs_active,86.31,-2.91,21.2,3.2,22.4,0.8,21.5,0.698,-0.026,0,0,0,1,34.8,
167.380,3215,1,ibvs_active,86.69,-3.05,16.4,7.9,17.6,6.5,18.2,0.385,-0.142,0,0,0,1,34.8,
167.431,3216,1,ibvs_active,86.97,-3.22,14.3,9.8,14.9,9.2,17.3,0.28,-0.172,0,0,0,1,36.1,
167.498,3217,1,ibvs_active,87.22,-3.49,11.6,14.4,12.3,13.3,18.5,0.249,-0.27,0,0,0,1,34.8,
167.576,3218,1,ibvs_active,87.44,-3.75,11.0,13.6,11.3,13.6,17.5,0.216,-0.259,0,0,0,1,35.8,
167.625,3219,1,ibvs_active,87.63,-4.03,9.5,14.8,9.9,14.6,17.6,0.187,-0.277,0,0,0,1,35.3,
167.679,3220,1,ibvs_active,87.79,-4.29,8.9,14.6,9.1,14.6,17.2,0.165,-0.265,0,0,0,1,35.4,
167.728,3221,1,ibvs_active,87.94,-4.54,8.5,14.3,8.6,14.4,16.7,0.146,-0.243,0,0,0,1,34.9,
167.808,3222,1,deadband,87.94,-4.54,8.2,8.0,8.3,9.3,11.4,0.0,0.0,1,0,0,0,35.1,
167.856,3223,1,ibvs_active,87.97,-4.6,5.4,11.1,6.0,10.7,12.3,0.034,-0.061,0,0,0,1,35.2,
167.905,3224,1,ibvs_active,87.99,-4.71,1.6,13.6,2.5,13.0,13.7,0.02,-0.107,0,0,0,1,35.3,
167.952,3225,1,ibvs_active,87.66,-5.21,-15.3,18.9,-11.8,17.7,24.4,-0.332,-0.501,0,0,0,1,23.7,
168.000,3226,0,tag_lost_countdown,87.66,-5.21,,,,,,,,,,,,,0.0
168.053,3227,0,tag_lost_countdown,87.66,-5.21,,,,,,,,,,,,,0.05
168.129,3228,0,tag_lost_countdown,87.66,-5.21,,,,,,,,,,,,,0.13
168.173,3229,0,tag_lost_countdown,87.66,-5.21,,,,,,,,,,,,,0.18
168.223,3230,0,tag_lost_countdown,87.66,-5.21,,,,,,,,,,,,,0.22
168.269,3231,1,ibvs_active,85.66,-7.21,-185.3,50.7,-150.6,44.1,192.1,-2.0,-2.0,0,0,0,1,20.7,
168.354,3232,1,ibvs_active,83.66,-9.21,-207.3,53.0,-195.9,51.2,214.0,-2.0,-2.0,0,0,0,1,33.2,
168.406,3233,0,tag_lost_countdown,83.66,-9.21,,,,,,,,,,,,,0.0
168.452,3234,0,tag_lost_countdown,83.66,-9.21,,,,,,,,,,,,,0.04
168.499,3235,1,ibvs_active,81.66,-10.25,-232.4,13.3,-225.1,20.9,232.7,-2.0,-1.045,0,0,0,1,22.9,
168.548,3236,1,ibvs_active,79.66,-10.24,-231.0,-5.6,-229.8,-0.3,231.1,-2.0,0.014,0,0,0,1,33.9,
168.611,3237,1,ibvs_active,77.66,-9.63,-228.4,-15.2,-228.7,-12.2,228.9,-2.0,0.609,0,0,0,1,31.8,
168.691,3238,1,ibvs_active,75.66,-7.85,-213.2,-41.4,-216.3,-35.6,217.2,-2.0,1.778,0,0,0,1,34.8,
168.739,3239,1,ibvs_active,73.66,-5.85,-194.4,-51.0,-198.8,-47.9,201.0,-2.0,2.0,0,0,0,1,32.7,
168.793,3240,1,ibvs_active,71.66,-3.85,-177.7,-61.2,-181.9,-58.5,187.9,-2.0,2.0,0,0,0,1,34.0,
168.840,3241,1,ibvs_active,69.66,-1.85,-168.6,-52.8,-171.3,-54.0,176.7,-2.0,2.0,0,0,0,1,21.3,
168.926,3242,1,ibvs_active,67.66,-0.09,-167.9,-30.4,-168.6,-35.1,170.6,-2.0,1.757,0,0,0,1,33.7,
168.971,3243,1,ibvs_active,65.66,0.23,-136.6,0.8,-143.0,-6.4,136.6,-2.0,0.32,0,0,0,1,25.1,
169.019,3244,0,tag_lost_countdown,65.66,0.23,,,,,,,,,,,,,0.0
169.069,3245,1,ibvs_active,63.66,-0.41,-134.1,17.4,-135.9,12.7,135.3,-2.0,-0.634,0,0,0,1,33.7,
169.118,3246,1,ibvs_active,61.66,-1.78,-123.2,31.3,-125.8,27.5,127.1,-2.0,-1.377,0,0,0,1,33.8,
169.198,3247,1,ibvs_active,59.66,-3.44,-128.9,34.5,-128.3,33.1,133.5,-2.0,-1.657,0,0,0,1,35.0,
169.249,3248,0,tag_lost_countdown,59.66,-3.44,,,,,,,,,,,,,0.0
169.299,3249,1,ibvs_active,57.66,-4.78,-114.6,25.2,-117.4,26.8,117.4,-2.0,-1.339,0,0,0,1,33.6,
169.350,3250,1,ibvs_active,55.66,-5.63,-115.0,14.5,-115.5,16.9,115.9,-2.0,-0.847,0,0,0,1,28.8,
169.394,3251,1,ibvs_active,53.66,-6.39,-126.1,14.8,-124.0,15.2,127.0,-2.0,-0.759,0,0,0,1,27.3,
169.475,3252,1,ibvs_active,51.66,-6.48,-123.8,-1.4,-123.8,1.9,123.8,-2.0,-0.097,0,0,0,1,23.9,
169.522,3253,0,tag_lost_countdown,51.66,-6.48,,,,,,,,,,,,,0.0
169.572,3254,1,ibvs_active,49.66,-6.15,-100.6,-8.8,-105.3,-6.6,101.0,-2.0,0.332,0,0,0,1,31.5,
169.619,3255,1,ibvs_active,47.66,-5.39,-102.6,-17.5,-103.2,-15.3,104.1,-2.0,0.766,0,0,0,1,25.7,
169.670,3256,1,ibvs_active,45.66,-4.47,-114.7,-19.0,-112.4,-18.3,116.3,-2.0,0.913,0,0,0,1,26.1,
169.741,3257,1,ibvs_active,43.66,-3.81,-111.2,-12.0,-111.4,-13.2,111.8,-2.0,0.661,0,0,0,1,29.2,
169.802,3258,1,ibvs_active,41.66,-3.51,-106.5,-4.2,-107.5,-6.0,106.6,-2.0,0.3,0,0,0,1,23.1,
169.850,3259,1,ibvs_active,39.66,-3.6,-98.9,3.8,-100.6,1.8,99.0,-2.0,-0.091,0,0,0,1,34.6,
169.900,3260,1,ibvs_active,37.66,-3.85,-103.5,5.8,-102.9,5.0,103.6,-2.0,-0.25,0,0,0,1,33.4,
169.947,3261,1,ibvs_active,35.66,-4.19,-95.6,7.1,-97.0,6.7,95.8,-2.0,-0.334,0,0,0,1,26.2,
170.000,3262,1,ibvs_active,33.66,-4.55,-94.2,7.5,-94.7,7.3,94.5,-2.0,-0.366,0,0,0,1,27.1,
170.047,3263,1,ibvs_active,31.66,-4.79,-90.7,4.1,-91.5,4.8,90.8,-2.0,-0.239,0,0,0,1,35.1,
170.100,3264,1,ibvs_active,29.66,-4.88,-89.9,1.1,-90.2,1.9,89.9,-2.0,-0.093,0,0,0,1,26.4,
170.145,3265,0,tag_lost_countdown,29.66,-4.88,,,,,,,,,,,,,0.0
170.194,3266,0,tag_lost_countdown,29.66,-4.88,,,,,,,,,,,,,0.05
170.241,3267,1,ibvs_active,27.66,-4.01,-69.3,-22.2,-73.5,-17.4,72.8,-2.0,0.87,0,0,0,1,34.7,
170.291,3268,1,ibvs_active,25.66,-2.95,-73.9,-22.2,-73.8,-21.2,77.2,-2.0,1.061,0,0,0,1,35.0,
170.337,3269,1,ibvs_active,23.66,-1.53,-83.9,-30.4,-81.9,-28.6,89.3,-2.0,1.428,0,0,0,1,29.7,
170.398,3270,1,ibvs_active,21.66,0.11,-70.8,-33.8,-73.0,-32.8,78.5,-2.0,1.638,0,0,0,1,34.5,
170.444,3271,1,ibvs_active,19.66,1.39,-60.9,-23.7,-63.4,-25.5,65.4,-2.0,1.276,0,0,0,1,29.0,
170.497,3272,1,ibvs_active,17.66,1.9,-43.4,-6.4,-47.4,-10.2,43.9,-2.0,0.511,0,0,0,1,31.6,
170.543,3273,1,ibvs_active,15.66,1.91,-41.0,2.2,-42.3,-0.3,41.1,-2.0,0.014,0,0,0,1,30.4,
170.604,3274,0,tag_lost_countdown,15.66,1.91,,,,,,,,,,,,,0.0
170.666,3275,1,ibvs_active,13.66,1.27,-56.3,16.3,-53.5,13.0,58.6,-2.0,-0.648,0,0,0,1,28.3,
170.719,3276,1,ibvs_active,11.66,0.88,-40.8,6.4,-43.3,7.7,41.3,-2.0,-0.386,0,0,0,1,36.0,
170.766,3277,1,ibvs_active,9.66,0.59,-46.2,5.2,-45.6,5.7,46.5,-2.0,-0.287,0,0,0,1,36.3,
170.816,3278,0,tag_lost_countdown,9.66,0.59,,,,,,,,,,,,,0.0
170.859,3279,1,ibvs_active,8.25,1.28,-23.8,-18.5,-28.1,-13.7,30.1,-1.407,0.684,0,0,0,1,32.9,
170.909,3280,1,ibvs_active,6.89,2.85,-27.1,-35.9,-27.3,-31.5,45.0,-1.366,1.573,0,0,0,1,39.4,
170.953,3281,1,ibvs_active,5.11,4.85,-37.5,-45.4,-35.5,-42.6,58.9,-1.773,2.0,0,0,0,1,31.2,
170.999,3282,0,tag_lost_countdown,5.11,4.85,,,,,,,,,,,,,0.0
171.044,3283,1,ibvs_active,3.39,6.85,-34.3,-90.8,-34.5,-81.2,97.1,-1.727,2.0,0,0,0,1,23.1,
171.097,3284,1,ibvs_active,2.4,8.85,-15.9,-78.7,-19.6,-79.2,80.2,-0.982,2.0,0,0,0,1,36.3,
171.145,3285,1,ibvs_active,1.55,10.85,-16.4,-97.3,-17.0,-93.6,98.6,-0.851,2.0,0,0,0,1,39.5,
171.198,3286,1,ibvs_active,1.37,12.85,-0.4,-89.1,-3.7,-90.0,89.1,-0.187,2.0,0,0,0,1,32.2,
171.242,3287,1,ibvs_active,1.33,14.85,0.1,-89.7,-0.7,-89.7,89.7,-0.035,2.0,0,0,0,1,37.6,
171.296,3288,1,ibvs_active,1.23,16.85,-2.4,-83.3,-2.0,-84.5,83.3,-0.101,2.0,0,0,0,1,39.7,
171.344,3289,1,ibvs_active,1.03,18.85,-4.5,-90.8,-4.0,-89.6,90.9,-0.199,2.0,0,0,0,1,24.4,
171.396,3290,1,ibvs_active,0.76,20.85,-5.8,-91.3,-5.4,-90.9,91.5,-0.272,2.0,0,0,0,1,38.0,
171.442,3291,1,ibvs_active,0.34,22.85,-9.1,-99.0,-8.4,-97.4,99.4,-0.418,2.0,0,0,0,1,36.7,
171.497,3292,1,ibvs_active,0.03,24.85,-5.6,-95.3,-6.2,-95.7,95.5,-0.309,2.0,0,0,0,1,21.3,
171.545,3293,0,tag_lost_countdown,0.03,24.85,,,,,,,,,,,,,0.0
171.600,3294,1,ibvs_active,0.03,26.85,1.5,-146.0,-0.0,-136.0,146.1,-0.001,2.0,0,0,0,1,36.0,
171.649,3295,1,ibvs_active,-0.07,28.85,-2.6,-161.7,-2.1,-156.5,161.7,-0.104,2.0,0,0,0,1,31.5,
171.706,3296,1,ibvs_active,-0.41,30.85,-7.9,-171.3,-6.7,-168.3,171.5,-0.337,2.0,0,0,0,1,34.5,
171.757,3297,0,tag_lost_countdown,-0.41,30.85,,,,,,,,,,,,,0.0
171.810,3298,1,ibvs_active,-1.01,32.85,-13.3,-176.1,-12.0,-174.5,176.6,-0.599,2.0,0,0,0,1,27.7,
171.858,3299,0,tag_lost_countdown,-1.01,32.85,,,,,,,,,,,,,0.0
171.914,3300,0,tag_lost_countdown,-1.01,32.85,,,,,,,,,,,,,0.05
171.961,3301,0,tag_lost_countdown,-1.01,32.85,,,,,,,,,,,,,0.1
172.020,3302,0,tag_lost_countdown,-1.01,32.85,,,,,,,,,,,,,0.15
172.074,3303,0,tag_lost_countdown,-1.01,32.85,,,,,,,,,,,,,0.21
172.141,3304,0,tag_lost_countdown,-1.01,32.85,,,,,,,,,,,,,0.27
172.193,3305,0,tag_lost_countdown,-1.01,32.85,,,,,,,,,,,,,0.33
172.258,3306,0,tag_lost_countdown,-1.01,32.85,,,,,,,,,,,,,0.38
172.316,3307,0,tag_lost_countdown,-1.01,32.85,,,,,,,,,,,,,0.45
172.377,3308,0,tag_lost_countdown,-1.01,32.85,,,,,,,,,,,,,0.51
172.433,3309,0,tag_lost_countdown,-1.01,32.85,,,,,,,,,,,,,0.57
172.485,3310,0,tag_lost_countdown,-1.01,32.85,,,,,,,,,,,,,0.62
172.538,3311,0,tag_lost_countdown,-1.01,32.85,,,,,,,,,,,,,0.68
172.597,3312,0,tag_lost_countdown,-1.01,32.85,,,,,,,,,,,,,0.73
172.653,3313,0,tag_lost_countdown,-1.01,32.85,,,,,,,,,,,,,0.79
172.704,3314,0,tag_lost_countdown,-1.01,32.85,,,,,,,,,,,,,0.84
172.760,3315,1,ibvs_active,-1.35,34.85,-5.4,-177.0,-6.7,-176.5,177.1,-0.337,2.0,0,0,0,1,27.0,
172.818,3316,1,ibvs_active,-1.84,35.0,-10.7,-173.6,-9.9,-174.1,173.9,-0.496,2.0,0,0,1,1,34.4,
172.869,3317,1,ibvs_active,-2.51,35.0,-14.2,-172.3,-13.3,-172.6,172.8,-0.666,2.0,0,0,1,1,35.2,
172.926,3318,1,ibvs_active,-3.41,35.0,-19.3,-148.4,-18.1,-153.2,149.6,-0.904,2.0,0,0,1,1,34.7,
172.977,3319,1,ibvs_active,-4.31,35.0,-17.9,-137.6,-17.9,-140.7,138.7,-0.896,2.0,0,0,1,1,35.9,
173.031,3320,1,ibvs_active,-5.06,35.0,-14.3,-132.4,-15.0,-134.1,133.2,-0.751,2.0,0,0,1,1,35.2,
173.076,3321,1,ibvs_active,-5.57,35.0,-9.0,-111.9,-10.2,-116.4,112.3,-0.512,2.0,0,0,1,1,36.1,
173.164,3322,1,ibvs_active,-5.76,35.0,-2.3,-109.5,-3.9,-110.8,109.5,-0.194,2.0,0,0,1,1,35.9,
173.238,3323,1,ibvs_active,-5.64,35.0,4.1,-106.8,2.5,-107.6,106.9,0.126,2.0,0,0,1,1,36.0,
173.293,3324,1,ibvs_active,-5.34,35.0,6.9,-109.5,6.0,-109.1,109.7,0.3,2.0,0,0,1,1,35.7,
173.343,3325,1,ibvs_active,-4.93,35.0,8.7,-106.7,8.2,-107.2,107.0,0.408,2.0,0,0,1,1,35.6,
173.398,3326,1,ibvs_active,-4.49,35.0,8.9,-107.0,8.8,-107.1,107.4,0.439,2.0,0,0,1,1,35.5,
173.447,3327,1,ibvs_active,-4.0,35.0,10.0,-107.7,9.7,-107.6,108.2,0.487,2.0,0,0,1,1,35.4,
173.504,3328,1,ibvs_active,-3.45,35.0,11.3,-106.8,11.0,-106.9,107.4,0.551,2.0,0,0,1,1,36.0,
173.551,3329,1,ibvs_active,-2.85,35.0,12.2,-105.9,12.0,-106.1,106.7,0.6,2.0,0,0,1,1,35.2,
173.605,3330,1,ibvs_active,-2.23,35.0,12.5,-105.8,12.4,-105.9,106.6,0.621,2.0,0,0,1,1,35.2,
173.656,3331,1,ibvs_active,-2.01,35.0,2.5,-103.3,4.5,-103.8,103.3,0.223,2.0,0,0,1,1,35.4,
173.710,3332,1,ibvs_active,-1.83,35.0,3.3,-101.5,3.6,-102.0,101.6,0.178,2.0,0,0,1,1,35.4,
173.758,3333,1,ibvs_active,-1.95,35.0,-3.8,-102.1,-2.3,-102.0,102.1,-0.114,2.0,0,0,1,1,34.9,
173.813,3334,1,ibvs_active,-2.11,35.0,-3.6,-96.4,-3.4,-97.6,96.5,-0.168,2.0,0,0,1,1,34.8,
173.893,3335,1,ibvs_active,-2.24,35.0,-2.3,-95.5,-2.5,-95.9,95.5,-0.127,2.0,0,0,1,1,35.5,
173.948,3336,1,ibvs_active,-2.19,35.0,1.9,-97.6,1.0,-97.2,97.6,0.051,2.0,0,0,1,1,35.3,
173.996,3337,1,ibvs_active,-2.12,35.0,1.5,-97.9,1.4,-97.7,97.9,0.071,2.0,0,0,1,1,34.9,
174.050,3338,1,ibvs_active,-2.04,35.0,1.7,-95.5,1.6,-95.9,95.5,0.082,2.0,0,0,1,1,35.2,
174.114,3339,1,ibvs_active,-1.99,35.0,0.9,-95.5,1.0,-95.6,95.5,0.051,2.0,0,0,1,1,34.8,
174.204,3340,1,ibvs_active,-1.97,35.0,0.2,-93.3,0.4,-93.7,93.3,0.018,2.0,0,0,1,1,34.9,
174.254,3341,1,ibvs_active,-2.05,35.0,-2.2,-96.2,-1.7,-95.7,96.2,-0.084,2.0,0,0,1,1,35.1,
174.307,3342,1,ibvs_active,-2.17,35.0,-2.5,-95.8,-2.3,-95.8,95.9,-0.116,2.0,0,0,1,1,35.1,
174.356,3343,1,ibvs_active,-2.41,35.0,-5.4,-93.5,-4.8,-93.9,93.6,-0.24,2.0,0,0,1,1,35.4,
174.449,3344,1,ibvs_active,-2.82,35.0,-9.1,-91.5,-8.3,-92.0,91.9,-0.413,2.0,0,0,1,1,35.4,
174.499,3345,1,ibvs_active,-3.43,35.0,-13.2,-89.2,-12.2,-89.7,90.1,-0.609,2.0,0,0,1,1,35.3,
174.552,3346,1,ibvs_active,-4.18,35.0,-15.7,-93.8,-15.0,-93.0,95.1,-0.751,2.0,0,0,1,1,35.7,
174.605,3347,1,ibvs_active,-5.0,35.0,-16.7,-96.0,-16.4,-95.4,97.5,-0.819,2.0,0,0,1,1,35.4,
174.675,3348,1,ibvs_active,-5.86,35.0,-17.4,-102.2,-17.2,-100.9,103.7,-0.858,2.0,0,0,1,1,34.3,
174.763,3349,1,ibvs_active,-6.56,35.0,-13.2,-107.4,-14.0,-106.1,108.2,-0.701,2.0,0,0,1,1,34.2,
174.817,3350,1,ibvs_active,-6.75,35.0,-1.1,-112.1,-3.7,-110.9,112.1,-0.186,2.0,0,0,1,1,34.2,
174.864,3351,1,ibvs_active,-6.8,35.0,-0.5,-114.5,-1.1,-113.8,114.5,-0.056,2.0,0,0,1,1,33.9,
174.919,3352,1,ibvs_active,-6.86,35.0,-1.2,-116.2,-1.2,-115.7,116.2,-0.058,2.0,0,0,1,1,33.9,
175.001,3353,1,ibvs_active,-6.83,35.0,1.0,-113.8,0.6,-114.1,113.8,0.029,2.0,0,0,1,1,33.6,
175.061,3354,1,ibvs_active,-6.89,35.0,-1.5,-104.7,-1.1,-106.6,104.7,-0.055,2.0,0,0,1,1,34.4,
175.108,3355,1,ibvs_active,-7.03,35.0,-3.3,-94.3,-2.9,-96.7,94.3,-0.144,2.0,0,0,1,1,33.7,
175.163,3356,1,ibvs_active,-7.24,35.0,-4.5,-89.3,-4.1,-90.8,89.4,-0.207,2.0,0,0,1,1,33.7,
175.231,3357,1,ibvs_active,-7.59,35.0,-7.9,-84.0,-7.1,-85.4,84.4,-0.356,2.0,0,0,1,1,34.8,
175.319,3358,1,ibvs_active,-8.15,35.0,-12.0,-84.4,-11.1,-84.6,85.2,-0.553,2.0,0,0,1,1,34.2,
175.371,3359,1,ibvs_active,-9.09,35.0,-20.9,-99.3,-18.9,-96.4,101.5,-0.947,2.0,0,0,1,1,34.4,
175.423,3360,1,ibvs_active,-9.73,35.0,-11.2,-93.6,-12.8,-94.1,94.2,-0.639,2.0,0,0,1,1,34.0,
175.473,3361,1,ibvs_active,-10.22,35.0,-9.1,-94.1,-9.8,-94.1,94.5,-0.492,2.0,0,0,1,1,34.1,
175.563,3362,1,ibvs_active,-10.35,35.0,-0.7,-94.3,-2.5,-94.2,94.3,-0.127,2.0,0,0,1,1,33.6,
175.615,3363,1,ibvs_active,-10.03,35.0,8.6,-85.0,6.4,-86.8,85.4,0.319,2.0,0,0,1,1,34.4,
175.669,3364,1,ibvs_active,-9.68,35.0,7.2,-84.5,7.0,-85.0,84.8,0.352,2.0,0,0,1,1,34.6,
175.720,3365,1,ibvs_active,-9.36,35.0,6.3,-77.0,6.4,-78.6,77.3,0.322,2.0,0,0,1,1,34.5,
175.781,3366,1,ibvs_active,-9.12,35.0,4.3,-66.3,4.8,-68.7,66.4,0.238,2.0,0,0,1,1,34.9,
175.830,3367,1,ibvs_active,-9.01,35.0,1.6,-64.1,2.2,-65.0,64.1,0.112,2.0,0,0,1,1,35.0,
175.883,3368,1,ibvs_active,-9.13,35.0,-3.6,-49.1,-2.4,-52.3,49.2,-0.121,2.0,0,0,1,1,35.3,
175.932,3369,1,ibvs_active,-9.37,35.0,-5.5,-49.4,-4.9,-50.0,49.7,-0.243,2.0,0,0,1,1,35.9,
175.988,3370,1,ibvs_active,-9.93,35.0,-12.8,-68.2,-11.2,-64.6,69.4,-0.562,2.0,0,0,1,1,34.6,
176.039,3371,1,ibvs_active,-10.55,35.0,-12.6,-74.5,-12.3,-72.5,75.5,-0.615,2.0,0,0,1,1,34.0,
176.095,3372,1,ibvs_active,-11.19,35.0,-12.8,-71.3,-12.7,-71.5,72.4,-0.637,2.0,0,0,1,1,35.6,
176.145,3373,1,ibvs_active,-11.96,35.0,-16.2,-76.0,-15.5,-75.1,77.7,-0.774,2.0,0,0,1,1,34.6,
176.209,3374,1,ibvs_active,-12.75,35.0,-15.8,-73.6,-15.8,-73.9,75.2,-0.788,2.0,0,0,1,1,34.3,
176.256,3375,1,ibvs_active,-13.22,35.0,-7.8,-74.9,-9.4,-74.7,75.3,-0.468,2.0,0,0,1,1,34.1,
176.311,3376,1,ibvs_active,-13.34,35.0,-0.7,-72.1,-2.5,-72.6,72.1,-0.123,2.0,0,0,1,1,34.6,
176.362,3377,1,ibvs_active,-13.29,35.0,1.9,-69.1,1.0,-69.8,69.1,0.051,2.0,0,0,1,1,34.1,
176.421,3378,1,ibvs_active,-13.18,35.0,2.5,-61.7,2.2,-63.3,61.8,0.11,2.0,0,0,1,1,34.7,
176.471,3379,1,ibvs_active,-13.13,35.0,0.7,-65.1,1.0,-64.8,65.1,0.049,2.0,0,0,1,1,34.7,
176.527,3380,1,ibvs_active,-13.22,35.0,-2.7,-71.6,-1.9,-70.2,71.6,-0.096,2.0,0,0,1,1,34.6,
176.576,3381,1,ibvs_active,-13.48,35.0,-5.8,-84.5,-5.0,-81.6,84.7,-0.252,2.0,0,0,1,1,34.3,
176.630,3382,1,ibvs_active,-13.84,35.0,-7.8,-91.5,-7.2,-89.5,91.8,-0.361,2.0,0,0,1,1,33.8,
176.680,3383,1,ibvs_active,-14.3,35.0,-9.9,-106.9,-9.3,-103.4,107.4,-0.467,2.0,0,0,1,1,33.4,
176.739,3384,1,ibvs_active,-14.75,35.0,-8.9,-108.1,-9.0,-107.2,108.5,-0.45,2.0,0,0,1,1,33.8,
176.791,3385,1,ibvs_active,-15.02,35.0,-4.3,-106.5,-5.3,-106.7,106.6,-0.263,2.0,0,0,1,1,33.6,
176.848,3386,1,ibvs_active,-14.96,35.0,2.7,-105.5,1.1,-105.8,105.6,0.056,2.0,0,0,1,1,33.5,
176.898,3387,1,ibvs_active,-14.48,35.0,11.8,-107.5,9.6,-107.2,108.2,0.482,2.0,0,0,1,1,33.6,
176.952,3388,1,ibvs_active,-13.86,35.0,13.1,-100.3,12.4,-101.7,101.2,0.62,2.0,0,0,1,1,33.6,
177.004,3389,1,ibvs_active,-13.35,35.0,9.6,-97.3,10.2,-98.2,97.7,0.51,2.0,0,0,1,1,34.3,
177.062,3390,1,ibvs_active,-13.03,35.0,5.5,-96.5,6.5,-96.8,96.7,0.323,2.0,0,0,1,1,34.0,
177.112,3391,1,ibvs_active,-12.86,35.0,2.6,-98.1,3.4,-97.8,98.1,0.169,2.0,0,0,1,1,34.2,
177.170,3392,1,ibvs_active,-12.78,35.0,1.2,-98.4,1.6,-98.2,98.4,0.08,2.0,0,0,1,1,33.9,
177.223,3393,1,ibvs_active,-12.76,35.0,0.1,-91.9,0.4,-93.1,91.9,0.019,2.0,0,0,1,1,34.2,
177.281,3394,1,ibvs_active,-12.83,35.0,-1.8,-93.6,-1.3,-93.5,93.6,-0.067,2.0,0,0,1,1,33.9,
177.331,3395,1,ibvs_active,-13.13,35.0,-7.2,-95.5,-6.0,-95.1,95.8,-0.301,2.0,0,0,1,1,34.1,
177.386,3396,1,ibvs_active,-13.59,35.0,-10.1,-91.0,-9.3,-91.8,91.5,-0.465,2.0,0,0,1,1,34.2,
177.436,3397,1,ibvs_active,-14.26,35.0,-14.5,-88.0,-13.5,-88.8,89.2,-0.673,2.0,0,0,1,1,33.8,
177.495,3398,1,ibvs_active,-14.99,35.0,-14.9,-86.7,-14.6,-87.1,87.9,-0.729,2.0,0,0,1,1,33.7,
177.545,3399,1,ibvs_active,-15.65,35.0,-12.9,-76.7,-13.2,-78.8,77.8,-0.662,2.0,0,0,1,1,35.0,
177.600,3400,1,ibvs_active,-16.16,35.0,-9.3,-64.0,-10.1,-66.9,64.6,-0.505,2.0,0,0,1,1,29.2,
177.642,3401,0,tag_lost_countdown,-16.16,35.0,,,,,,,,,,,,,0.0
177.691,3402,0,tag_lost_countdown,-16.16,35.0,,,,,,,,,,,,,0.04
177.733,3403,0,tag_lost_countdown,-16.16,35.0,,,,,,,,,,,,,0.09
177.781,3404,0,tag_lost_countdown,-16.16,35.0,,,,,,,,,,,,,0.13
177.824,3405,1,ibvs_active,-15.43,33.0,20.7,67.0,14.6,40.2,70.1,0.728,-2.0,0,0,0,1,31.2,
177.870,3406,0,tag_lost_countdown,-15.43,33.0,,,,,,,,,,,,,0.0
177.917,3407,0,tag_lost_countdown,-15.43,33.0,,,,,,,,,,,,,0.05
177.967,3408,1,ibvs_active,-13.78,31.0,37.8,133.5,33.1,114.8,138.7,1.656,-2.0,0,0,0,1,32.6,
178.008,3409,1,ibvs_active,-11.78,29.0,47.2,148.6,44.3,141.9,155.9,2.0,-2.0,0,0,0,1,32.6,
178.059,3410,1,ibvs_active,-9.78,27.0,50.5,158.0,49.3,154.7,165.8,2.0,-2.0,0,0,0,1,32.9,
178.102,3411,1,ibvs_active,-7.78,25.0,46.1,141.6,46.7,144.3,149.0,2.0,-2.0,0,0,0,1,25.0,
178.153,3412,1,ibvs_active,-6.31,23.0,25.0,103.4,29.4,111.6,106.4,1.468,-2.0,0,0,0,1,22.9,
178.198,3413,0,tag_lost_countdown,-6.31,23.0,,,,,,,,,,,,,0.0
178.248,3414,1,ibvs_active,-6.22,21.0,-5.2,74.8,1.7,82.1,74.9,0.086,-2.0,0,0,0,1,34.9,
178.290,3415,0,tag_lost_countdown,-6.22,21.0,,,,,,,,,,,,,0.0
178.340,3416,1,ibvs_active,-7.27,19.0,-26.5,66.0,-20.9,69.2,71.2,-1.044,-2.0,0,0,0,1,28.4,
178.386,3417,1,ibvs_active,-8.57,17.0,-27.3,50.5,-26.0,54.2,57.4,-1.299,-2.0,0,0,0,1,35.8,
178.437,3418,1,ibvs_active,-10.12,15.0,-32.4,57.9,-31.1,57.2,66.4,-1.556,-2.0,0,0,0,1,24.1,
178.486,3419,1,ibvs_active,-11.83,13.0,-35.0,39.2,-34.2,42.8,52.6,-1.711,-2.0,0,0,0,1,35.7,
178.536,3420,1,ibvs_active,-13.38,11.55,-30.2,25.6,-31.0,29.0,39.6,-1.552,-1.452,0,0,0,1,23.5,
178.582,3421,1,ibvs_active,-14.19,11.0,-18.4,10.6,-20.9,14.3,21.2,-0.801,-0.546,0,0,0,1,35.8,
178.632,3422,0,tag_lost_countdown,-14.19,11.0,,,,,,,,,,,,,0.0
178.675,3423,1,deadband,-14.19,11.0,5.0,0.7,-0.2,3.4,5.0,0.0,0.0,1,0,0,0,35.2,
178.731,3424,1,ibvs_active,-14.0,10.84,15.3,12.2,12.2,10.4,19.6,0.185,-0.158,0,0,0,1,35.5,
178.777,3425,1,ibvs_active,-13.57,10.13,12.5,23.0,12.4,20.5,26.2,0.435,-0.716,0,0,0,1,35.5,
178.828,3426,1,ibvs_active,-13.02,8.58,10.5,33.5,10.9,30.9,35.1,0.545,-1.545,0,0,0,1,35.8,
178.869,3427,1,ibvs_active,-12.45,6.58,11.4,55.1,11.3,50.2,56.2,0.566,-2.0,0,0,0,1,35.5,
178.920,3428,1,ibvs_active,-11.77,4.58,14.4,64.5,13.8,61.6,66.1,0.689,-2.0,0,0,0,1,35.2,
178.967,3429,1,ibvs_active,-10.84,2.58,19.8,59.9,18.6,60.3,63.1,0.93,-2.0,0,0,0,1,28.5,
179.017,3430,1,ibvs_active,-9.64,0.58,25.3,51.2,24.0,53.0,57.1,1.198,-2.0,0,0,0,1,35.1,
179.060,3431,1,ibvs_active,-8.48,-1.42,23.0,53.2,23.2,53.1,57.9,1.159,-2.0,0,0,0,1,35.3,
179.108,3432,1,ibvs_active,-7.47,-3.42,19.5,43.7,20.2,45.6,47.8,1.01,-2.0,0,0,0,1,30.0,
179.156,3433,1,ibvs_active,-6.64,-5.27,15.6,34.9,16.5,37.1,38.3,0.827,-1.853,0,0,0,1,35.5,
179.207,3434,1,ibvs_active,-6.3,-5.8,10.5,13.5,11.7,18.2,17.0,0.339,-0.528,0,0,0,1,25.5,
179.253,3435,1,ibvs_active,-6.3,-5.82,-2.9,8.8,0.0,10.7,9.3,0.0,-0.018,0,0,0,1,35.3,
179.303,3436,1,deadband,-6.3,-5.82,-4.0,-11.9,-3.2,-7.3,12.5,0.0,0.0,1,0,0,0,34.8,
179.351,3437,1,ibvs_active,-6.59,-5.43,-13.8,-18.1,-11.7,-15.9,22.8,-0.285,0.389,0,0,0,1,35.4,
179.407,3438,1,ibvs_active,-6.99,-4.98,-14.8,-15.9,-14.2,-15.9,21.8,-0.402,0.452,0,0,0,1,35.6,
179.455,3439,1,ibvs_active,-7.24,-4.76,-13.1,-10.1,-13.3,-11.3,16.6,-0.248,0.211,0,0,0,1,34.4,
179.504,3440,1,deadband,-7.24,-4.76,-8.8,-2.5,-9.7,-4.3,9.2,0.0,0.0,1,0,0,0,35.6,
179.549,3441,1,deadband,-7.24,-4.76,-5.5,4.5,-6.4,2.7,7.1,0.0,0.0,1,0,0,0,35.9,
179.599,3442,1,ibvs_active,-7.25,-4.86,-1.1,15.2,-2.2,12.7,15.3,-0.016,-0.092,0,0,0,1,35.6,
179.641,3443,1,ibvs_active,-7.14,-6.0,3.8,30.4,2.6,26.9,30.7,0.112,-1.142,0,0,0,1,35.4,
179.692,3444,1,ibvs_active,-6.91,-7.95,5.2,42.1,4.7,39.0,42.4,0.234,-1.951,0,0,0,1,35.2,
179.735,3445,1,ibvs_active,-6.69,-9.95,4.2,49.6,4.3,47.5,49.8,0.214,-2.0,0,0,0,1,35.3,
179.791,3446,1,ibvs_active,-6.46,-11.95,4.8,43.4,4.7,44.2,43.7,0.233,-2.0,0,0,0,1,35.2,
179.835,3447,1,ibvs_active,-6.32,-12.28,7.6,9.7,7.0,16.6,12.3,0.141,-0.334,0,0,0,1,27.6,
179.884,3448,1,ibvs_active,-6.16,-12.08,11.0,-20.0,10.2,-12.7,22.9,0.162,0.201,0,0,0,1,22.0,
179.931,3449,1,ibvs_active,-5.42,-10.22,15.9,-43.4,14.8,-37.3,46.2,0.739,1.864,0,0,0,1,33.6,
179.987,3450,1,ibvs_active,-4.5,-8.22,19.3,-50.5,18.4,-47.9,54.1,0.921,2.0,0,0,0,1,27.3,
180.042,3451,1,ibvs_active,-3.37,-6.22,23.6,-63.2,22.5,-60.1,67.4,1.127,2.0,0,0,0,1,33.0,
180.097,3452,1,ibvs_active,-2.38,-4.22,19.2,-53.8,19.9,-55.1,57.1,0.995,2.0,0,0,0,1,33.4,
180.143,3453,1,ibvs_active,-1.89,-2.22,7.3,-39.2,9.8,-42.4,39.9,0.489,2.0,0,0,0,1,31.3,
180.193,3454,1,ibvs_active,-2.03,-1.83,-10.4,-11.4,-6.3,-17.6,15.4,-0.138,0.385,0,0,0,1,26.3,
180.239,3455,0,tag_lost_countdown,-2.03,-1.83,,,,,,,,,,,,,0.0
180.289,3456,1,ibvs_active,-3.13,-3.82,-25.9,54.1,-22.0,39.7,59.9,-1.099,-1.986,0,0,0,1,32.9,
180.335,3457,1,ibvs_active,-4.36,-5.74,-25.3,38.2,-24.6,38.5,45.8,-1.232,-1.925,0,0,0,1,32.8,
180.383,3458,1,ibvs_active,-5.63,-7.05,-25.5,22.9,-25.4,26.1,34.3,-1.268,-1.303,0,0,0,1,32.7,
180.428,3459,1,ibvs_active,-6.6,-7.2,-25.1,-1.5,-25.2,4.0,25.2,-0.974,-0.155,0,0,0,1,26.2,
180.477,3460,1,ibvs_active,-7.46,-5.92,-15.3,-33.0,-17.3,-25.6,36.4,-0.863,1.282,0,0,0,1,22.8,
180.526,3461,1,ibvs_active,-7.82,-4.19,-4.6,-36.7,-7.2,-34.5,37.0,-0.358,1.726,0,0,0,1,33.4,
180.607,3462,1,ibvs_active,-7.55,-2.31,8.5,-38.4,5.4,-37.7,39.4,0.269,1.883,0,0,0,1,32.9,
180.657,3463,1,ibvs_active,-6.66,-1.09,21.0,-21.1,17.9,-24.4,29.7,0.893,1.219,0,0,0,1,26.2,
180.707,3464,0,tag_lost_countdown,-6.66,-1.09,,,,,,,,,,,,,0.0
180.754,3465,1,ibvs_active,-6.18,-0.88,18.8,-4.1,18.6,-8.2,19.3,0.482,0.211,0,0,0,1,33.2,
180.807,3466,1,ibvs_active,-5.76,-1.01,18.3,9.0,18.4,5.6,20.4,0.423,-0.129,0,0,0,1,33.5,
180.857,3467,1,ibvs_active,-5.31,-1.19,18.3,8.0,18.3,7.5,20.0,0.448,-0.184,0,0,0,1,33.5,
180.908,3468,1,ibvs_active,-5.1,-1.31,12.7,7.9,13.9,7.8,15.0,0.205,-0.115,0,0,0,1,34.0,
180.955,3469,1,deadband,-5.1,-1.31,8.6,7.7,9.6,7.7,11.5,0.0,0.0,1,0,0,0,33.3,
181.006,3470,1,deadband,-5.1,-1.31,5.7,7.9,6.5,7.9,9.8,0.0,0.0,1,0,0,0,32.8,
181.058,3471,1,deadband,-5.1,-1.31,5.7,7.9,5.9,7.9,9.7,0.0,0.0,1,0,0,0,33.6,
181.109,3472,1,deadband,-5.1,-1.31,5.7,7.9,5.7,7.9,9.8,0.0,0.0,1,0,0,0,33.8,
181.155,3473,1,deadband,-5.1,-1.31,5.7,7.8,5.7,7.8,9.6,0.0,0.0,1,0,0,0,34.3,
181.206,3474,1,deadband,-5.1,-1.31,5.7,7.8,5.7,7.8,9.7,0.0,0.0,1,0,0,0,33.4,
181.252,3475,1,deadband,-5.1,-1.31,5.6,7.8,5.6,7.8,9.6,0.0,0.0,1,0,0,0,33.9,
181.302,3476,1,deadband,-5.1,-1.31,5.7,7.8,5.7,7.8,9.7,0.0,0.0,1,0,0,0,33.6,
181.349,3477,1,deadband,-5.1,-1.31,5.7,7.8,5.7,7.8,9.7,0.0,0.0,1,0,0,0,33.7,
181.399,3478,1,deadband,-5.1,-1.31,5.6,7.8,5.6,7.8,9.6,0.0,0.0,1,0,0,0,34.3,
181.444,3479,1,deadband,-5.1,-1.31,5.7,7.8,5.7,7.8,9.6,0.0,0.0,1,0,0,0,34.7,
181.495,3480,1,deadband,-5.1,-1.31,5.7,7.8,5.7,7.8,9.6,0.0,0.0,1,0,0,0,34.1,
181.542,3481,1,deadband,-5.1,-1.31,5.6,7.9,5.6,7.9,9.7,0.0,0.0,1,0,0,0,33.3,
181.591,3482,1,deadband,-5.1,-1.31,5.6,7.9,5.6,7.9,9.7,0.0,0.0,1,0,0,0,33.0,
181.635,3483,1,deadband,-5.1,-1.31,5.6,7.8,5.6,7.8,9.6,0.0,0.0,1,0,0,0,34.1,
181.685,3484,1,deadband,-5.1,-1.31,5.6,7.8,5.6,7.8,9.6,0.0,0.0,1,0,0,0,33.6,
181.740,3485,1,deadband,-5.1,-1.31,5.6,7.8,5.6,7.8,9.6,0.0,0.0,1,0,0,0,33.6,
181.791,3486,1,deadband,-5.1,-1.31,5.7,7.8,5.7,7.8,9.6,0.0,0.0,1,0,0,0,33.9,
181.834,3487,1,deadband,-5.1,-1.31,5.6,7.8,5.6,7.8,9.6,0.0,0.0,1,0,0,0,33.9,
181.884,3488,1,deadband,-5.1,-1.31,5.7,7.8,5.6,7.8,9.7,0.0,0.0,1,0,0,0,34.3,
181.929,3489,1,deadband,-5.1,-1.31,5.6,7.9,5.6,7.9,9.7,0.0,0.0,1,0,0,0,34.0,
181.979,3490,1,deadband,-5.1,-1.31,5.7,7.7,5.7,7.8,9.6,0.0,0.0,1,0,0,0,33.5,
182.027,3491,1,deadband,-5.1,-1.31,5.6,7.8,5.6,7.8,9.6,0.0,0.0,1,0,0,0,34.2,
182.077,3492,1,deadband,-5.1,-1.31,5.7,7.8,5.7,7.8,9.7,0.0,0.0,1,0,0,0,33.4,
182.123,3493,1,deadband,-5.1,-1.31,5.6,7.8,5.6,7.8,9.6,0.0,0.0,1,0,0,0,32.8,
182.173,3494,1,deadband,-5.1,-1.31,5.6,7.8,5.6,7.8,9.6,0.0,0.0,1,0,0,0,33.4,
182.218,3495,1,deadband,-5.1,-1.31,5.5,7.8,5.6,7.8,9.6,0.0,0.0,1,0,0,0,34.4,
182.269,3496,1,deadband,-5.1,-1.31,5.6,7.7,5.6,7.8,9.6,0.0,0.0,1,0,0,0,34.7,
182.314,3497,1,deadband,-5.1,-1.31,5.6,7.8,5.6,7.8,9.6,0.0,0.0,1,0,0,0,34.0,
182.366,3498,1,deadband,-5.1,-1.31,5.6,7.9,5.6,7.8,9.7,0.0,0.0,1,0,0,0,34.7,
182.411,3499,1,deadband,-5.1,-1.31,5.6,7.8,5.6,7.8,9.6,0.0,0.0,1,0,0,0,34.7,
182.462,3500,1,deadband,-5.1,-1.31,5.6,7.8,5.6,7.8,9.6,0.0,0.0,1,0,0,0,35.0,
182.509,3501,1,deadband,-5.1,-1.31,5.6,7.8,5.6,7.8,9.6,0.0,0.0,1,0,0,0,33.9,
182.560,3502,1,deadband,-5.1,-1.31,5.6,7.9,5.6,7.8,9.6,0.0,0.0,1,0,0,0,33.6,
182.607,3503,1,deadband,-5.1,-1.31,5.6,7.8,5.6,7.8,9.6,0.0,0.0,1,0,0,0,35.4,
182.657,3504,1,deadband,-5.1,-1.31,5.6,7.8,5.6,7.8,9.6,0.0,0.0,1,0,0,0,35.3,
182.702,3505,1,deadband,-5.1,-1.31,5.6,7.8,5.6,7.8,9.6,0.0,0.0,1,0,0,0,36.2,
182.756,3506,1,deadband,-5.1,-1.31,5.7,7.8,5.7,7.8,9.6,0.0,0.0,1,0,0,0,36.0,
182.802,3507,1,deadband,-5.1,-1.31,5.6,7.8,5.6,7.8,9.6,0.0,0.0,1,0,0,0,35.6,
182.853,3508,1,deadband,-5.1,-1.31,5.7,7.8,5.7,7.8,9.7,0.0,0.0,1,0,0,0,36.1,
182.897,3509,1,deadband,-5.1,-1.31,5.6,7.9,5.6,7.9,9.7,0.0,0.0,1,0,0,0,34.9,
182.949,3510,1,deadband,-5.1,-1.31,5.7,7.8,5.7,7.8,9.6,0.0,0.0,1,0,0,0,35.5,
182.995,3511,1,deadband,-5.1,-1.31,5.6,7.8,5.6,7.8,9.6,0.0,0.0,1,0,0,0,35.1,
183.046,3512,1,deadband,-5.1,-1.31,5.6,7.8,5.6,7.8,9.6,0.0,0.0,1,0,0,0,35.0,
183.090,3513,1,deadband,-5.1,-1.31,5.6,7.8,5.6,7.8,9.6,0.0,0.0,1,0,0,0,35.3,
183.141,3514,1,deadband,-5.1,-1.31,5.6,7.8,5.6,7.8,9.6,0.0,0.0,1,0,0,0,35.0,
183.189,3515,1,deadband,-5.1,-1.31,5.6,7.8,5.6,7.8,9.6,0.0,0.0,1,0,0,0,35.0,
183.238,3516,1,deadband,-5.1,-1.31,5.6,7.8,5.6,7.8,9.6,0.0,0.0,1,0,0,0,34.5,
183.283,3517,1,deadband,-5.1,-1.31,5.6,7.7,5.6,7.7,9.5,0.0,0.0,1,0,0,0,34.8,
183.336,3518,1,deadband,-5.1,-1.31,5.7,7.7,5.7,7.7,9.6,0.0,0.0,1,0,0,0,34.6,
183.380,3519,1,deadband,-5.1,-1.31,5.6,7.8,5.6,7.8,9.6,0.0,0.0,1,0,0,0,35.2,
183.437,3520,1,deadband,-5.1,-1.31,5.6,7.8,5.6,7.8,9.6,0.0,0.0,1,0,0,0,34.5,
183.483,3521,1,deadband,-5.1,-1.31,5.7,7.7,5.7,7.7,9.6,0.0,0.0,1,0,0,0,35.0,
183.534,3522,1,deadband,-5.1,-1.31,5.6,7.8,5.6,7.8,9.6,0.0,0.0,1,0,0,0,34.8,
183.581,3523,1,deadband,-5.1,-1.31,5.7,7.8,5.7,7.8,9.6,0.0,0.0,1,0,0,0,35.3,
183.632,3524,1,deadband,-5.1,-1.31,5.7,7.7,5.7,7.7,9.6,0.0,0.0,1,0,0,0,34.8,
183.678,3525,1,deadband,-5.1,-1.31,5.5,7.8,5.5,7.7,9.5,0.0,0.0,1,0,0,0,35.4,
183.727,3526,1,deadband,-5.1,-1.31,5.6,7.7,5.6,7.7,9.6,0.0,0.0,1,0,0,0,34.7,
183.773,3527,1,deadband,-5.1,-1.31,5.5,7.7,5.6,7.7,9.5,0.0,0.0,1,0,0,0,34.8,
183.825,3528,1,deadband,-5.1,-1.31,5.6,7.7,5.6,7.7,9.6,0.0,0.0,1,0,0,0,35.2,
183.870,3529,1,deadband,-5.1,-1.31,5.7,7.8,5.7,7.8,9.7,0.0,0.0,1,0,0,0,34.0,
183.922,3530,1,deadband,-5.1,-1.31,5.6,7.8,5.6,7.8,9.6,0.0,0.0,1,0,0,0,34.9,
183.966,3531,1,deadband,-5.1,-1.31,5.6,7.7,5.6,7.7,9.5,0.0,0.0,1,0,0,0,35.0,
184.018,3532,1,deadband,-5.1,-1.31,5.6,7.7,5.6,7.7,9.5,0.0,0.0,1,0,0,0,35.2,
184.070,3533,1,deadband,-5.1,-1.31,5.6,7.7,5.6,7.7,9.5,0.0,0.0,1,0,0,0,35.0,
184.121,3534,1,deadband,-5.1,-1.31,5.6,7.7,5.6,7.7,9.5,0.0,0.0,1,0,0,0,35.3,
184.168,3535,1,deadband,-5.1,-1.31,5.6,7.7,5.6,7.7,9.5,0.0,0.0,1,0,0,0,35.2,
184.220,3536,1,deadband,-5.1,-1.31,5.7,7.8,5.6,7.8,9.6,0.0,0.0,1,0,0,0,34.4,
184.267,3537,1,deadband,-5.1,-1.31,5.6,7.8,5.6,7.8,9.6,0.0,0.0,1,0,0,0,35.3,
184.317,3538,1,deadband,-5.1,-1.31,5.6,7.8,5.6,7.8,9.6,0.0,0.0,1,0,0,0,35.1,
184.363,3539,1,deadband,-5.1,-1.31,5.6,7.8,5.6,7.8,9.6,0.0,0.0,1,0,0,0,35.4,
184.411,3540,1,deadband,-5.1,-1.31,5.6,7.8,5.6,7.8,9.6,0.0,0.0,1,0,0,0,36.3,
184.457,3541,1,deadband,-5.1,-1.31,5.6,7.8,5.6,7.8,9.6,0.0,0.0,1,0,0,0,36.7,
184.508,3542,1,deadband,-5.1,-1.31,5.6,7.7,5.6,7.7,9.5,0.0,0.0,1,0,0,0,36.6,
184.553,3543,1,deadband,-5.1,-1.31,5.6,7.7,5.6,7.7,9.5,0.0,0.0,1,0,0,0,37.9,
184.602,3544,1,deadband,-5.1,-1.31,5.6,7.8,5.6,7.8,9.6,0.0,0.0,1,0,0,0,37.9,
184.647,3545,1,deadband,-5.1,-1.31,5.6,7.8,5.6,7.8,9.6,0.0,0.0,1,0,0,0,37.3,
184.698,3546,1,deadband,-5.1,-1.31,5.6,7.7,5.6,7.7,9.5,0.0,0.0,1,0,0,0,37.4,
184.744,3547,1,deadband,-5.1,-1.31,5.6,7.7,5.6,7.7,9.5,0.0,0.0,1,0,0,0,37.6,
184.794,3548,1,deadband,-5.1,-1.31,5.6,7.7,5.6,7.7,9.5,0.0,0.0,1,0,0,0,36.6,
184.842,3549,1,deadband,-5.1,-1.31,5.6,7.7,5.6,7.7,9.6,0.0,0.0,1,0,0,0,37.3,
184.894,3550,1,deadband,-5.1,-1.31,5.5,7.8,5.6,7.8,9.6,0.0,0.0,1,0,0,0,37.5,
184.939,3551,1,deadband,-5.1,-1.31,5.5,7.7,5.5,7.7,9.5,0.0,0.0,1,0,0,0,37.3,
184.989,3552,1,deadband,-5.1,-1.31,5.5,7.7,5.5,7.7,9.5,0.0,0.0,1,0,0,0,37.4,
185.036,3553,1,deadband,-5.1,-1.31,5.6,7.8,5.6,7.8,9.6,0.0,0.0,1,0,0,0,38.3,
185.092,3554,1,deadband,-5.1,-1.31,5.6,7.8,5.6,7.8,9.6,0.0,0.0,1,0,0,0,37.8,
185.137,3555,1,deadband,-5.1,-1.31,5.6,7.8,5.6,7.8,9.6,0.0,0.0,1,0,0,0,37.4,
185.186,3556,1,deadband,-5.1,-1.31,5.7,7.7,5.6,7.7,9.6,0.0,0.0,1,0,0,0,37.3,
185.232,3557,1,deadband,-5.1,-1.31,5.5,7.8,5.6,7.8,9.6,0.0,0.0,1,0,0,0,37.5,
185.284,3558,1,deadband,-5.1,-1.31,5.6,7.7,5.6,7.7,9.6,0.0,0.0,1,0,0,0,37.6,
185.330,3559,1,deadband,-5.1,-1.31,5.6,7.8,5.6,7.8,9.6,0.0,0.0,1,0,0,0,37.0,
185.378,3560,1,deadband,-5.1,-1.31,5.6,7.9,5.6,7.9,9.6,0.0,0.0,1,0,0,0,38.2,
185.423,3561,1,deadband,-5.1,-1.31,5.6,7.8,5.6,7.8,9.6,0.0,0.0,1,0,0,0,39.6,
185.472,3562,1,deadband,-5.1,-1.31,5.6,7.8,5.6,7.8,9.6,0.0,0.0,1,0,0,0,39.4,
185.519,3563,1,deadband,-5.1,-1.31,5.6,7.8,5.6,7.8,9.6,0.0,0.0,1,0,0,0,39.9,
185.575,3564,1,deadband,-5.1,-1.31,5.6,7.8,5.6,7.8,9.6,0.0,0.0,1,0,0,0,40.6,
185.622,3565,1,deadband,-5.1,-1.31,5.6,7.8,5.6,7.8,9.6,0.0,0.0,1,0,0,0,42.5,
185.672,3566,1,deadband,-5.1,-1.31,5.5,8.1,5.5,8.1,9.8,0.0,0.0,1,0,0,0,43.0,
185.717,3567,1,deadband,-5.1,-1.31,5.3,7.2,5.4,7.4,8.9,0.0,0.0,1,0,0,0,42.1,
185.835,3568,1,deadband,-5.1,-1.31,5.5,7.8,5.5,7.7,9.5,0.0,0.0,1,0,0,0,43.2,
185.882,3569,1,deadband,-5.1,-1.31,5.5,7.8,5.5,7.8,9.5,0.0,0.0,1,0,0,0,45.6,
185.932,3570,1,deadband,-5.1,-1.31,5.4,7.4,5.5,7.5,9.2,0.0,0.0,1,0,0,0,46.4,
185.986,3571,1,deadband,-5.1,-1.31,5.5,7.7,5.5,7.7,9.5,0.0,0.0,1,0,0,0,46.9,
186.038,3572,1,deadband,-5.1,-1.31,5.5,7.5,5.5,7.6,9.3,0.0,0.0,1,0,0,0,46.8,
186.083,3573,1,deadband,-5.1,-1.31,5.5,7.6,5.5,7.6,9.4,0.0,0.0,1,0,0,0,46.3,
186.134,3574,1,deadband,-5.1,-1.31,5.5,7.7,5.5,7.7,9.5,0.0,0.0,1,0,0,0,46.8,
186.181,3575,1,deadband,-5.1,-1.31,5.6,7.6,5.6,7.6,9.5,0.0,0.0,1,0,0,0,47.9,
186.231,3576,1,deadband,-5.1,-1.31,5.6,7.7,5.6,7.7,9.5,0.0,0.0,1,0,0,0,47.7,
186.275,3577,1,deadband,-5.1,-1.31,5.5,7.7,5.5,7.7,9.5,0.0,0.0,1,0,0,0,47.5,
186.327,3578,1,deadband,-5.1,-1.31,5.5,7.6,5.5,7.6,9.4,0.0,0.0,1,0,0,0,47.9,
186.372,3579,1,deadband,-5.1,-1.31,5.5,7.4,5.5,7.5,9.2,0.0,0.0,1,0,0,0,47.7,
186.421,3580,1,deadband,-5.1,-1.31,5.5,7.8,5.5,7.7,9.5,0.0,0.0,1,0,0,0,47.6,
186.466,3581,1,deadband,-5.1,-1.31,5.5,7.7,5.5,7.7,9.4,0.0,0.0,1,0,0,0,47.9,
186.515,3582,1,deadband,-5.1,-1.31,5.5,7.6,5.5,7.7,9.4,0.0,0.0,1,0,0,0,48.2,
186.561,3583,1,deadband,-5.1,-1.31,5.5,7.6,5.5,7.6,9.4,0.0,0.0,1,0,0,0,47.6,
186.611,3584,1,deadband,-5.1,-1.31,5.6,7.6,5.5,7.6,9.4,0.0,0.0,1,0,0,0,47.7,
186.655,3585,1,deadband,-5.1,-1.31,5.5,7.7,5.5,7.6,9.4,0.0,0.0,1,0,0,0,48.4,
186.705,3586,1,deadband,-5.1,-1.31,5.6,7.6,5.6,7.6,9.4,0.0,0.0,1,0,0,0,49.5,
186.751,3587,1,deadband,-5.1,-1.31,5.5,7.6,5.5,7.6,9.4,0.0,0.0,1,0,0,0,49.9,
186.802,3588,1,deadband,-5.1,-1.31,5.5,7.6,5.5,7.6,9.4,0.0,0.0,1,0,0,0,49.8,
186.846,3589,1,deadband,-5.1,-1.31,5.5,7.6,5.5,7.6,9.4,0.0,0.0,1,0,0,0,48.4,
186.894,3590,1,deadband,-5.1,-1.31,5.4,7.7,5.5,7.6,9.4,0.0,0.0,1,0,0,0,49.4,
186.938,3591,1,deadband,-5.1,-1.31,5.6,7.6,5.5,7.6,9.4,0.0,0.0,1,0,0,0,49.4,
186.988,3592,1,deadband,-5.1,-1.31,5.5,7.6,5.5,7.6,9.4,0.0,0.0,1,0,0,0,48.8,
187.038,3593,1,deadband,-5.1,-1.31,5.5,7.7,5.5,7.7,9.4,0.0,0.0,1,0,0,0,49.0,
187.086,3594,1,deadband,-5.1,-1.31,5.5,7.6,5.5,7.6,9.4,0.0,0.0,1,0,0,0,49.7,
187.130,3595,1,deadband,-5.1,-1.31,5.4,7.6,5.4,7.6,9.3,0.0,0.0,1,0,0,0,50.2,
187.177,3596,1,deadband,-5.1,-1.31,5.5,7.6,5.5,7.6,9.4,0.0,0.0,1,0,0,0,50.5,
187.222,3597,1,deadband,-5.1,-1.31,5.5,7.6,5.5,7.6,9.4,0.0,0.0,1,0,0,0,49.3,
187.273,3598,1,deadband,-5.1,-1.31,5.5,7.6,5.5,7.6,9.4,0.0,0.0,1,0,0,0,50.4,
187.318,3599,1,deadband,-5.1,-1.31,5.6,7.6,5.6,7.6,9.5,0.0,0.0,1,0,0,0,48.3,
187.366,3600,1,deadband,-5.1,-1.31,5.5,7.6,5.5,7.6,9.4,0.0,0.0,1,0,0,0,50.1,
187.412,3601,1,deadband,-5.1,-1.31,5.5,7.7,5.5,7.7,9.5,0.0,0.0,1,0,0,0,49.2,
187.467,3602,1,deadband,-5.1,-1.31,5.5,7.7,5.5,7.7,9.4,0.0,0.0,1,0,0,0,50.0,
187.514,3603,1,deadband,-5.1,-1.31,5.6,7.6,5.5,7.6,9.4,0.0,0.0,1,0,0,0,49.6,
187.564,3604,1,deadband,-5.1,-1.31,5.5,7.7,5.5,7.7,9.5,0.0,0.0,1,0,0,0,48.7,
187.609,3605,1,deadband,-5.1,-1.31,5.5,7.6,5.5,7.6,9.4,0.0,0.0,1,0,0,0,49.1,
187.661,3606,1,deadband,-5.1,-1.31,5.5,7.7,5.5,7.7,9.4,0.0,0.0,1,0,0,0,49.2,
187.704,3607,1,deadband,-5.1,-1.31,5.5,7.6,5.5,7.6,9.4,0.0,0.0,1,0,0,0,49.5,
187.751,3608,1,deadband,-5.1,-1.31,5.5,7.6,5.5,7.6,9.4,0.0,0.0,1,0,0,0,49.1,
187.795,3609,1,deadband,-5.1,-1.31,5.5,7.6,5.5,7.6,9.4,0.0,0.0,1,0,0,0,49.1,
187.842,3610,1,deadband,-5.1,-1.31,5.5,7.6,5.5,7.6,9.4,0.0,0.0,1,0,0,0,49.4,
187.896,3611,1,deadband,-5.1,-1.31,5.5,7.6,5.5,7.6,9.4,0.0,0.0,1,0,0,0,48.9,
187.943,3612,1,deadband,-5.1,-1.31,5.5,7.6,5.5,7.6,9.4,0.0,0.0,1,0,0,0,48.6,
187.987,3613,1,deadband,-5.1,-1.31,5.5,7.7,5.5,7.7,9.4,0.0,0.0,1,0,0,0,49.9,
188.036,3614,1,deadband,-5.1,-1.31,5.5,7.6,5.5,7.6,9.4,0.0,0.0,1,0,0,0,49.6,
188.081,3615,1,deadband,-5.1,-1.31,5.5,7.6,5.5,7.6,9.4,0.0,0.0,1,0,0,0,49.3,
188.128,3616,1,deadband,-5.1,-1.31,5.5,7.6,5.5,7.6,9.4,0.0,0.0,1,0,0,0,49.8,
188.173,3617,1,deadband,-5.1,-1.31,5.5,7.6,5.5,7.6,9.4,0.0,0.0,1,0,0,0,50.0,
188.223,3618,1,deadband,-5.1,-1.31,5.5,7.6,5.5,7.6,9.4,0.0,0.0,1,0,0,0,49.7,
188.273,3619,1,deadband,-5.1,-1.31,5.5,7.6,5.5,7.6,9.4,0.0,0.0,1,0,0,0,49.9,
188.325,3620,1,deadband,-5.1,-1.31,5.5,7.6,5.5,7.6,9.4,0.0,0.0,1,0,0,0,49.8,
188.370,3621,1,deadband,-5.1,-1.31,5.5,7.6,5.5,7.6,9.4,0.0,0.0,1,0,0,0,50.8,
188.420,3622,1,deadband,-5.1,-1.31,5.5,7.6,5.5,7.6,9.4,0.0,0.0,1,0,0,0,50.2,
188.466,3623,1,deadband,-5.1,-1.31,5.5,7.6,5.5,7.6,9.4,0.0,0.0,1,0,0,0,50.2,
188.516,3624,1,deadband,-5.1,-1.31,5.5,7.6,5.5,7.6,9.4,0.0,0.0,1,0,0,0,49.6,
188.561,3625,1,deadband,-5.1,-1.31,5.6,7.6,5.6,7.6,9.4,0.0,0.0,1,0,0,0,50.9,
SUMMARY,3625,2086,end,-5.1,-1.31,271.8,182.5,,,,,,648,,,,,
