2026-06-27 19:56:04.913 [INFO ] [marker_detector] chase_toggle_on cycle=0 mode=ibvs_test
2026-06-27 19:56:05.003 [INFO ] [marker_detector] ibvs_recording_start frames_dir=/home/jvpicar/picar_ros/logs/pi_session_20260627_195557/ibvs_frames_195604 csv=/home/jvpicar/picar_ros/logs/pi_session_20260627_195557/ibvs_log_195604.csv
2026-06-27 19:56:05.003 [DEBUG] [marker_detector] ibvs tag_lost timer start pan=0.0 tilt=0.0
2026-06-27 19:56:09.984 [INFO ] [marker_detector] ibvs servo_reset pan→0 tilt→0 lost=5.0s
2026-06-27 19:56:10.033 [DEBUG] [marker_detector] ibvs tag_lost timer start pan=0.0 tilt=0.0
2026-06-27 19:56:15.075 [INFO ] [marker_detector] ibvs servo_reset pan→0 tilt→0 lost=5.0s
2026-06-27 19:56:15.128 [DEBUG] [marker_detector] ibvs tag_lost timer start pan=0.0 tilt=0.0
2026-06-27 19:56:20.128 [INFO ] [marker_detector] ibvs servo_reset pan→0 tilt→0 lost=5.0s
2026-06-27 19:56:20.175 [DEBUG] [marker_detector] ibvs tag_lost timer start pan=0.0 tilt=0.0
2026-06-27 19:56:25.205 [INFO ] [marker_detector] ibvs servo_reset pan→0 tilt→0 lost=5.0s
2026-06-27 19:56:25.259 [DEBUG] [marker_detector] ibvs tag_lost timer start pan=0.0 tilt=0.0
2026-06-27 19:56:30.266 [INFO ] [marker_detector] ibvs servo_reset pan→0 tilt→0 lost=5.0s
2026-06-27 19:56:30.316 [DEBUG] [marker_detector] ibvs tag_lost timer start pan=0.0 tilt=0.0
2026-06-27 19:56:35.322 [INFO ] [marker_detector] ibvs servo_reset pan→0 tilt→0 lost=5.0s
2026-06-27 19:56:35.377 [DEBUG] [marker_detector] ibvs tag_lost timer start pan=0.0 tilt=0.0
2026-06-27 19:56:40.404 [INFO ] [marker_detector] ibvs servo_reset pan→0 tilt→0 lost=5.0s
2026-06-27 19:56:40.453 [DEBUG] [marker_detector] ibvs tag_lost timer start pan=0.0 tilt=0.0
2026-06-27 19:56:45.470 [INFO ] [marker_detector] ibvs servo_reset pan→0 tilt→0 lost=5.0s
2026-06-27 19:56:45.517 [DEBUG] [marker_detector] ibvs tag_lost timer start pan=0.0 tilt=0.0
2026-06-27 19:56:50.548 [INFO ] [marker_detector] ibvs servo_reset pan→0 tilt→0 lost=5.0s
2026-06-27 19:56:50.598 [DEBUG] [marker_detector] ibvs tag_lost timer start pan=0.0 tilt=0.0
2026-06-27 19:56:55.653 [INFO ] [marker_detector] ibvs servo_reset pan→0 tilt→0 lost=5.1s
2026-06-27 19:56:55.700 [DEBUG] [marker_detector] ibvs tag_lost timer start pan=0.0 tilt=0.0
2026-06-27 19:56:58.693 [DEBUG] [marker_detector] ibvs eu=-233 ev=+9 eu_s=-225.4 ev_s=+8.2 dpan=-2.00 dtilt=-0.41 pan=-4.0 tilt=-0.7 err=233px
2026-06-27 19:56:58.798 [DEBUG] [marker_detector] ibvs eu=-209 ev=+11 eu_s=-211.8 ev_s=+10.9 dpan=-2.00 dtilt=-0.54 pan=-8.0 tilt=-1.8 err=210px
2026-06-27 19:56:58.850 [DEBUG] [marker_detector] ibvs tag_lost timer start pan=-8.0 tilt=-1.8
2026-06-27 19:56:58.950 [DEBUG] [marker_detector] ibvs eu=-128 ev=-1 eu_s=-136.5 ev_s=-1.0 dpan=-2.00 dtilt=+0.05 pan=-12.0 tilt=-1.8 err=128px
2026-06-27 19:56:59.054 [DEBUG] [marker_detector] ibvs tag_lost timer start pan=-14.0 tilt=-1.7
2026-06-27 19:56:59.102 [DEBUG] [marker_detector] ibvs eu=-93 ev=-2 eu_s=-100.2 ev_s=-1.5 dpan=-2.00 dtilt=+0.07 pan=-16.0 tilt=-1.6 err=93px
2026-06-27 19:56:59.204 [DEBUG] [marker_detector] ibvs eu=-80 ev=-4 eu_s=-80.9 ev_s=-3.5 dpan=-2.00 dtilt=+0.18 pan=-20.0 tilt=-1.3 err=80px
2026-06-27 19:56:59.310 [DEBUG] [marker_detector] ibvs tag_lost timer start pan=-22.0 tilt=-1.1
2026-06-27 19:56:59.364 [DEBUG] [marker_detector] ibvs eu=-35 ev=-3 eu_s=-41.4 ev_s=-2.8 dpan=-2.00 dtilt=+0.14 pan=-24.0 tilt=-1.0 err=35px
2026-06-27 19:56:59.464 [DEBUG] [marker_detector] ibvs eu=-8 ev=-3 eu_s=-9.1 ev_s=-2.7 dpan=+0.00 dtilt=+0.00 pan=-24.2 tilt=-0.9 err=8px DB
2026-06-27 19:56:59.563 [DEBUG] [marker_detector] ibvs eu=+11 ev=-3 eu_s=+10.1 ev_s=-2.8 dpan=+0.01 dtilt=+0.00 pan=-24.2 tilt=-0.9 err=11px
2026-06-27 19:56:59.662 [DEBUG] [marker_detector] ibvs eu=+11 ev=-3 eu_s=+11.0 ev_s=-2.9 dpan=+0.04 dtilt=+0.01 pan=-24.1 tilt=-0.9 err=11px
2026-06-27 19:56:59.757 [DEBUG] [marker_detector] ibvs eu=+11 ev=-3 eu_s=+11.0 ev_s=-2.9 dpan=+0.04 dtilt=+0.01 pan=-24.1 tilt=-0.9 err=11px
2026-06-27 19:56:59.853 [DEBUG] [marker_detector] ibvs eu=+11 ev=-3 eu_s=+11.1 ev_s=-2.9 dpan=+0.04 dtilt=+0.01 pan=-24.0 tilt=-0.9 err=11px
2026-06-27 19:56:59.948 [DEBUG] [marker_detector] ibvs eu=+11 ev=-3 eu_s=+11.1 ev_s=-3.0 dpan=+0.04 dtilt=+0.01 pan=-23.9 tilt=-0.9 err=11px
2026-06-27 19:57:00.043 [DEBUG] [marker_detector] ibvs eu=+11 ev=-3 eu_s=+11.0 ev_s=-3.1 dpan=+0.04 dtilt=+0.01 pan=-23.8 tilt=-0.8 err=11px
2026-06-27 19:57:00.145 [DEBUG] [marker_detector] ibvs eu=+11 ev=-3 eu_s=+11.1 ev_s=-3.1 dpan=+0.04 dtilt=+0.01 pan=-23.7 tilt=-0.8 err=11px
2026-06-27 19:57:00.240 [DEBUG] [marker_detector] ibvs eu=+11 ev=-3 eu_s=+11.0 ev_s=-3.1 dpan=+0.04 dtilt=+0.01 pan=-23.7 tilt=-0.8 err=11px
2026-06-27 19:57:00.337 [DEBUG] [marker_detector] ibvs eu=+11 ev=-3 eu_s=+11.1 ev_s=-3.1 dpan=+0.04 dtilt=+0.01 pan=-23.6 tilt=-0.8 err=11px
2026-06-27 19:57:00.432 [DEBUG] [marker_detector] ibvs eu=+11 ev=-3 eu_s=+11.0 ev_s=-3.1 dpan=+0.04 dtilt=+0.01 pan=-23.5 tilt=-0.7 err=11px
2026-06-27 19:57:00.533 [DEBUG] [marker_detector] ibvs eu=+11 ev=-3 eu_s=+11.0 ev_s=-3.1 dpan=+0.04 dtilt=+0.01 pan=-23.4 tilt=-0.7 err=11px
2026-06-27 19:57:00.631 [DEBUG] [marker_detector] ibvs eu=+11 ev=-1 eu_s=+10.9 ev_s=-1.2 dpan=+0.03 dtilt=+0.00 pan=-23.4 tilt=-0.7 err=11px
2026-06-27 19:57:00.725 [DEBUG] [marker_detector] ibvs eu=+11 ev=-1 eu_s=+10.9 ev_s=-1.2 dpan=+0.03 dtilt=+0.00 pan=-23.3 tilt=-0.7 err=11px
2026-06-27 19:57:00.821 [DEBUG] [marker_detector] ibvs eu=+11 ev=-1 eu_s=+10.9 ev_s=-1.1 dpan=+0.03 dtilt=+0.00 pan=-23.2 tilt=-0.7 err=11px
2026-06-27 19:57:00.916 [DEBUG] [marker_detector] ibvs eu=+11 ev=-1 eu_s=+10.9 ev_s=-1.2 dpan=+0.03 dtilt=+0.00 pan=-23.2 tilt=-0.7 err=11px
2026-06-27 19:57:01.010 [DEBUG] [marker_detector] ibvs eu=+11 ev=-1 eu_s=+10.9 ev_s=-1.2 dpan=+0.03 dtilt=+0.00 pan=-23.1 tilt=-0.7 err=11px
2026-06-27 19:57:01.105 [DEBUG] [marker_detector] ibvs eu=+11 ev=-1 eu_s=+11.0 ev_s=-1.2 dpan=+0.03 dtilt=+0.00 pan=-23.1 tilt=-0.7 err=11px
2026-06-27 19:57:01.205 [DEBUG] [marker_detector] ibvs eu=+11 ev=-1 eu_s=+10.9 ev_s=-1.2 dpan=+0.03 dtilt=+0.00 pan=-23.0 tilt=-0.7 err=11px
2026-06-27 19:57:01.301 [DEBUG] [marker_detector] ibvs eu=+11 ev=-1 eu_s=+11.0 ev_s=-1.2 dpan=+0.03 dtilt=+0.00 pan=-23.0 tilt=-0.7 err=11px
2026-06-27 19:57:01.398 [DEBUG] [marker_detector] ibvs eu=+11 ev=-1 eu_s=+10.9 ev_s=-1.2 dpan=+0.03 dtilt=+0.00 pan=-22.9 tilt=-0.7 err=11px
2026-06-27 19:57:01.494 [DEBUG] [marker_detector] ibvs eu=+11 ev=-1 eu_s=+11.0 ev_s=-1.3 dpan=+0.03 dtilt=+0.00 pan=-22.9 tilt=-0.7 err=11px
2026-06-27 19:57:01.587 [DEBUG] [marker_detector] ibvs eu=+10 ev=-1 eu_s=+9.9 ev_s=-1.4 dpan=+0.00 dtilt=+0.00 pan=-22.8 tilt=-0.7 err=10px DB
2026-06-27 19:57:01.683 [DEBUG] [marker_detector] ibvs eu=+9 ev=-1 eu_s=+9.4 ev_s=-1.3 dpan=+0.00 dtilt=+0.00 pan=-22.8 tilt=-0.7 err=9px DB
2026-06-27 19:57:01.776 [DEBUG] [marker_detector] ibvs eu=+9 ev=-1 eu_s=+9.4 ev_s=-1.3 dpan=+0.00 dtilt=+0.00 pan=-22.8 tilt=-0.7 err=9px DB
2026-06-27 19:57:01.870 [DEBUG] [marker_detector] ibvs eu=+9 ev=-1 eu_s=+9.3 ev_s=-1.2 dpan=+0.00 dtilt=+0.00 pan=-22.8 tilt=-0.7 err=9px DB
2026-06-27 19:57:01.961 [DEBUG] [marker_detector] ibvs eu=+9 ev=-1 eu_s=+9.3 ev_s=-1.2 dpan=+0.00 dtilt=+0.00 pan=-22.8 tilt=-0.7 err=9px DB
2026-06-27 19:57:02.055 [DEBUG] [marker_detector] ibvs eu=+9 ev=-1 eu_s=+9.4 ev_s=-1.2 dpan=+0.00 dtilt=+0.00 pan=-22.8 tilt=-0.7 err=9px DB
2026-06-27 19:57:02.149 [DEBUG] [marker_detector] ibvs eu=+9 ev=-1 eu_s=+9.3 ev_s=-1.2 dpan=+0.00 dtilt=+0.00 pan=-22.8 tilt=-0.7 err=9px DB
2026-06-27 19:57:02.249 [DEBUG] [marker_detector] ibvs eu=+9 ev=-1 eu_s=+9.3 ev_s=-1.2 dpan=+0.00 dtilt=+0.00 pan=-22.8 tilt=-0.7 err=9px DB
2026-06-27 19:57:02.343 [DEBUG] [marker_detector] ibvs eu=+9 ev=-1 eu_s=+9.3 ev_s=-1.2 dpan=+0.00 dtilt=+0.00 pan=-22.8 tilt=-0.7 err=9px DB
2026-06-27 19:57:02.436 [DEBUG] [marker_detector] ibvs eu=+9 ev=-1 eu_s=+9.3 ev_s=-1.2 dpan=+0.00 dtilt=+0.00 pan=-22.8 tilt=-0.7 err=9px DB
2026-06-27 19:57:02.530 [DEBUG] [marker_detector] ibvs eu=+9 ev=-1 eu_s=+9.3 ev_s=-1.2 dpan=+0.00 dtilt=+0.00 pan=-22.8 tilt=-0.7 err=9px DB
2026-06-27 19:57:02.624 [DEBUG] [marker_detector] ibvs eu=+9 ev=-1 eu_s=+9.3 ev_s=-1.2 dpan=+0.00 dtilt=+0.00 pan=-22.8 tilt=-0.7 err=9px DB
2026-06-27 19:57:02.722 [DEBUG] [marker_detector] ibvs eu=+9 ev=-1 eu_s=+9.3 ev_s=-1.3 dpan=+0.00 dtilt=+0.00 pan=-22.8 tilt=-0.7 err=9px DB
2026-06-27 19:57:02.815 [DEBUG] [marker_detector] ibvs eu=+9 ev=-1 eu_s=+9.3 ev_s=-1.3 dpan=+0.00 dtilt=+0.00 pan=-22.8 tilt=-0.7 err=9px DB
2026-06-27 19:57:02.909 [DEBUG] [marker_detector] ibvs eu=+9 ev=-1 eu_s=+9.3 ev_s=-1.2 dpan=+0.00 dtilt=+0.00 pan=-22.8 tilt=-0.7 err=9px DB
2026-06-27 19:57:03.004 [DEBUG] [marker_detector] ibvs eu=+9 ev=-1 eu_s=+9.3 ev_s=-1.3 dpan=+0.00 dtilt=+0.00 pan=-22.8 tilt=-0.7 err=9px DB
2026-06-27 19:57:03.100 [DEBUG] [marker_detector] ibvs eu=+9 ev=-1 eu_s=+9.3 ev_s=-1.3 dpan=+0.00 dtilt=+0.00 pan=-22.8 tilt=-0.7 err=9px DB
2026-06-27 19:57:03.196 [DEBUG] [marker_detector] ibvs eu=+9 ev=-1 eu_s=+9.3 ev_s=-1.3 dpan=+0.00 dtilt=+0.00 pan=-22.8 tilt=-0.7 err=9px DB
2026-06-27 19:57:03.289 [DEBUG] [marker_detector] ibvs eu=+9 ev=-1 eu_s=+9.3 ev_s=-1.3 dpan=+0.00 dtilt=+0.00 pan=-22.8 tilt=-0.7 err=9px DB
2026-06-27 19:57:03.382 [DEBUG] [marker_detector] ibvs eu=+9 ev=-1 eu_s=+9.3 ev_s=-1.2 dpan=+0.00 dtilt=+0.00 pan=-22.8 tilt=-0.7 err=9px DB
2026-06-27 19:57:03.478 [DEBUG] [marker_detector] ibvs eu=+9 ev=-1 eu_s=+9.3 ev_s=-1.2 dpan=+0.00 dtilt=+0.00 pan=-22.8 tilt=-0.7 err=9px DB
2026-06-27 19:57:03.574 [DEBUG] [marker_detector] ibvs eu=+9 ev=-1 eu_s=+9.3 ev_s=-1.2 dpan=+0.00 dtilt=+0.00 pan=-22.8 tilt=-0.7 err=9px DB
2026-06-27 19:57:03.668 [DEBUG] [marker_detector] ibvs eu=+9 ev=-1 eu_s=+9.3 ev_s=-1.2 dpan=+0.00 dtilt=+0.00 pan=-22.8 tilt=-0.7 err=9px DB
2026-06-27 19:57:03.761 [DEBUG] [marker_detector] ibvs eu=+9 ev=-1 eu_s=+9.3 ev_s=-1.3 dpan=+0.00 dtilt=+0.00 pan=-22.8 tilt=-0.7 err=9px DB
2026-06-27 19:57:03.855 [DEBUG] [marker_detector] ibvs eu=+9 ev=-1 eu_s=+9.3 ev_s=-1.3 dpan=+0.00 dtilt=+0.00 pan=-22.8 tilt=-0.7 err=9px DB
2026-06-27 19:57:03.950 [DEBUG] [marker_detector] ibvs eu=+9 ev=-1 eu_s=+9.3 ev_s=-1.3 dpan=+0.00 dtilt=+0.00 pan=-22.8 tilt=-0.7 err=9px DB
2026-06-27 19:57:04.043 [DEBUG] [marker_detector] ibvs eu=+9 ev=-1 eu_s=+9.3 ev_s=-1.3 dpan=+0.00 dtilt=+0.00 pan=-22.8 tilt=-0.7 err=9px DB
2026-06-27 19:57:04.138 [DEBUG] [marker_detector] ibvs eu=+9 ev=-1 eu_s=+9.3 ev_s=-1.2 dpan=+0.00 dtilt=+0.00 pan=-22.8 tilt=-0.7 err=9px DB
2026-06-27 19:57:04.232 [DEBUG] [marker_detector] ibvs eu=+9 ev=-1 eu_s=+9.3 ev_s=-1.3 dpan=+0.00 dtilt=+0.00 pan=-22.8 tilt=-0.7 err=9px DB
2026-06-27 19:57:04.326 [DEBUG] [marker_detector] ibvs eu=+9 ev=-1 eu_s=+9.3 ev_s=-1.3 dpan=+0.00 dtilt=+0.00 pan=-22.8 tilt=-0.7 err=9px DB
2026-06-27 19:57:04.419 [DEBUG] [marker_detector] ibvs eu=+9 ev=-1 eu_s=+9.3 ev_s=-1.3 dpan=+0.00 dtilt=+0.00 pan=-22.8 tilt=-0.7 err=9px DB
2026-06-27 19:57:04.511 [DEBUG] [marker_detector] ibvs eu=+9 ev=-1 eu_s=+9.3 ev_s=-1.3 dpan=+0.00 dtilt=+0.00 pan=-22.8 tilt=-0.7 err=9px DB
2026-06-27 19:57:04.605 [DEBUG] [marker_detector] ibvs eu=+9 ev=-1 eu_s=+9.3 ev_s=-1.3 dpan=+0.00 dtilt=+0.00 pan=-22.8 tilt=-0.7 err=9px DB
2026-06-27 19:57:04.701 [DEBUG] [marker_detector] ibvs eu=+9 ev=-1 eu_s=+9.3 ev_s=-1.3 dpan=+0.00 dtilt=+0.00 pan=-22.8 tilt=-0.7 err=9px DB
2026-06-27 19:57:04.794 [DEBUG] [marker_detector] ibvs eu=+9 ev=-1 eu_s=+9.3 ev_s=-1.3 dpan=+0.00 dtilt=+0.00 pan=-22.8 tilt=-0.7 err=9px DB
2026-06-27 19:57:04.887 [DEBUG] [marker_detector] ibvs eu=+9 ev=-1 eu_s=+9.3 ev_s=-1.3 dpan=+0.00 dtilt=+0.00 pan=-22.8 tilt=-0.7 err=9px DB
2026-06-27 19:57:04.982 [DEBUG] [marker_detector] ibvs eu=+9 ev=-1 eu_s=+9.3 ev_s=-1.3 dpan=+0.00 dtilt=+0.00 pan=-22.8 tilt=-0.7 err=9px DB
2026-06-27 19:57:05.074 [DEBUG] [marker_detector] ibvs eu=+9 ev=-1 eu_s=+9.3 ev_s=-1.3 dpan=+0.00 dtilt=+0.00 pan=-22.8 tilt=-0.7 err=9px DB
2026-06-27 19:57:05.168 [DEBUG] [marker_detector] ibvs eu=+9 ev=-1 eu_s=+9.3 ev_s=-1.3 dpan=+0.00 dtilt=+0.00 pan=-22.8 tilt=-0.7 err=9px DB
2026-06-27 19:57:05.263 [DEBUG] [marker_detector] ibvs eu=+9 ev=-1 eu_s=+9.3 ev_s=-1.3 dpan=+0.00 dtilt=+0.00 pan=-22.8 tilt=-0.7 err=9px DB
2026-06-27 19:57:05.358 [DEBUG] [marker_detector] ibvs eu=+9 ev=-1 eu_s=+9.3 ev_s=-1.3 dpan=+0.00 dtilt=+0.00 pan=-22.8 tilt=-0.7 err=9px DB
2026-06-27 19:57:05.458 [DEBUG] [marker_detector] ibvs eu=+9 ev=-1 eu_s=+9.3 ev_s=-1.3 dpan=+0.00 dtilt=+0.00 pan=-22.8 tilt=-0.7 err=9px DB
2026-06-27 19:57:05.553 [DEBUG] [marker_detector] ibvs eu=+9 ev=-1 eu_s=+9.3 ev_s=-1.3 dpan=+0.00 dtilt=+0.00 pan=-22.8 tilt=-0.7 err=9px DB
2026-06-27 19:57:05.647 [DEBUG] [marker_detector] ibvs eu=+9 ev=-1 eu_s=+9.3 ev_s=-1.3 dpan=+0.00 dtilt=+0.00 pan=-22.8 tilt=-0.7 err=9px DB
2026-06-27 19:57:05.740 [DEBUG] [marker_detector] ibvs eu=+9 ev=-1 eu_s=+9.3 ev_s=-1.3 dpan=+0.00 dtilt=+0.00 pan=-22.8 tilt=-0.7 err=9px DB
2026-06-27 19:57:05.838 [DEBUG] [marker_detector] ibvs eu=+9 ev=-1 eu_s=+9.3 ev_s=-1.3 dpan=+0.00 dtilt=+0.00 pan=-22.8 tilt=-0.7 err=9px DB
2026-06-27 19:57:05.932 [DEBUG] [marker_detector] ibvs eu=+9 ev=-1 eu_s=+9.3 ev_s=-1.3 dpan=+0.00 dtilt=+0.00 pan=-22.8 tilt=-0.7 err=9px DB
2026-06-27 19:57:06.028 [DEBUG] [marker_detector] ibvs eu=+9 ev=-1 eu_s=+9.3 ev_s=-1.3 dpan=+0.00 dtilt=+0.00 pan=-22.8 tilt=-0.7 err=9px DB
2026-06-27 19:57:06.124 [DEBUG] [marker_detector] ibvs eu=+9 ev=-1 eu_s=+9.3 ev_s=-1.3 dpan=+0.00 dtilt=+0.00 pan=-22.8 tilt=-0.7 err=9px DB
2026-06-27 19:57:06.215 [DEBUG] [marker_detector] ibvs eu=+9 ev=-1 eu_s=+9.3 ev_s=-1.3 dpan=+0.00 dtilt=+0.00 pan=-22.8 tilt=-0.7 err=9px DB
2026-06-27 19:57:06.309 [DEBUG] [marker_detector] ibvs eu=+9 ev=-1 eu_s=+9.3 ev_s=-1.3 dpan=+0.00 dtilt=+0.00 pan=-22.8 tilt=-0.7 err=9px DB
2026-06-27 19:57:06.406 [DEBUG] [marker_detector] ibvs eu=+9 ev=-1 eu_s=+9.3 ev_s=-1.3 dpan=+0.00 dtilt=+0.00 pan=-22.8 tilt=-0.7 err=9px DB
2026-06-27 19:57:06.500 [DEBUG] [marker_detector] ibvs eu=+9 ev=-1 eu_s=+9.3 ev_s=-1.3 dpan=+0.00 dtilt=+0.00 pan=-22.8 tilt=-0.7 err=9px DB
2026-06-27 19:57:06.594 [DEBUG] [marker_detector] ibvs eu=+9 ev=-1 eu_s=+9.3 ev_s=-1.3 dpan=+0.00 dtilt=+0.00 pan=-22.8 tilt=-0.7 err=9px DB
2026-06-27 19:57:06.690 [DEBUG] [marker_detector] ibvs eu=+9 ev=-1 eu_s=+9.3 ev_s=-1.3 dpan=+0.00 dtilt=+0.00 pan=-22.8 tilt=-0.7 err=9px DB
2026-06-27 19:57:06.781 [DEBUG] [marker_detector] ibvs eu=+9 ev=-1 eu_s=+9.3 ev_s=-1.3 dpan=+0.00 dtilt=+0.00 pan=-22.8 tilt=-0.7 err=9px DB
2026-06-27 19:57:06.879 [DEBUG] [marker_detector] ibvs eu=+9 ev=-1 eu_s=+9.3 ev_s=-1.3 dpan=+0.00 dtilt=+0.00 pan=-22.8 tilt=-0.7 err=9px DB
2026-06-27 19:57:06.973 [DEBUG] [marker_detector] ibvs eu=+9 ev=-1 eu_s=+9.3 ev_s=-1.3 dpan=+0.00 dtilt=+0.00 pan=-22.8 tilt=-0.7 err=9px DB
2026-06-27 19:57:07.067 [DEBUG] [marker_detector] ibvs eu=+9 ev=-1 eu_s=+9.3 ev_s=-1.3 dpan=+0.00 dtilt=+0.00 pan=-22.8 tilt=-0.7 err=9px DB
2026-06-27 19:57:07.164 [DEBUG] [marker_detector] ibvs eu=+9 ev=-1 eu_s=+9.3 ev_s=-1.3 dpan=+0.00 dtilt=+0.00 pan=-22.8 tilt=-0.7 err=9px DB
2026-06-27 19:57:07.257 [DEBUG] [marker_detector] ibvs eu=+9 ev=-1 eu_s=+9.3 ev_s=-1.3 dpan=+0.00 dtilt=+0.00 pan=-22.8 tilt=-0.7 err=9px DB
2026-06-27 19:57:07.356 [DEBUG] [marker_detector] ibvs eu=+9 ev=-1 eu_s=+9.3 ev_s=-1.3 dpan=+0.00 dtilt=+0.00 pan=-22.8 tilt=-0.7 err=9px DB
2026-06-27 19:57:07.448 [DEBUG] [marker_detector] ibvs eu=+9 ev=-1 eu_s=+9.3 ev_s=-1.3 dpan=+0.00 dtilt=+0.00 pan=-22.8 tilt=-0.7 err=9px DB
2026-06-27 19:57:07.541 [DEBUG] [marker_detector] ibvs eu=+9 ev=-1 eu_s=+9.3 ev_s=-1.3 dpan=+0.00 dtilt=+0.00 pan=-22.8 tilt=-0.7 err=9px DB
2026-06-27 19:57:07.635 [DEBUG] [marker_detector] ibvs eu=+9 ev=-1 eu_s=+9.3 ev_s=-1.3 dpan=+0.00 dtilt=+0.00 pan=-22.8 tilt=-0.7 err=9px DB
2026-06-27 19:57:07.735 [DEBUG] [marker_detector] ibvs eu=+9 ev=-1 eu_s=+9.3 ev_s=-1.3 dpan=+0.00 dtilt=+0.00 pan=-22.8 tilt=-0.7 err=9px DB
2026-06-27 19:57:07.829 [DEBUG] [marker_detector] ibvs eu=+9 ev=-1 eu_s=+9.3 ev_s=-1.3 dpan=+0.00 dtilt=+0.00 pan=-22.8 tilt=-0.7 err=9px DB
2026-06-27 19:57:07.922 [DEBUG] [marker_detector] ibvs eu=+9 ev=-1 eu_s=+9.3 ev_s=-1.3 dpan=+0.00 dtilt=+0.00 pan=-22.8 tilt=-0.7 err=9px DB
2026-06-27 19:57:08.015 [DEBUG] [marker_detector] ibvs eu=+9 ev=-1 eu_s=+9.3 ev_s=-1.3 dpan=+0.00 dtilt=+0.00 pan=-22.8 tilt=-0.7 err=9px DB
2026-06-27 19:57:08.108 [DEBUG] [marker_detector] ibvs eu=+9 ev=-1 eu_s=+9.3 ev_s=-1.3 dpan=+0.00 dtilt=+0.00 pan=-22.8 tilt=-0.7 err=9px DB
2026-06-27 19:57:08.202 [DEBUG] [marker_detector] ibvs eu=+9 ev=-1 eu_s=+9.2 ev_s=-1.2 dpan=+0.00 dtilt=+0.00 pan=-22.8 tilt=-0.7 err=9px DB
2026-06-27 19:57:08.297 [DEBUG] [marker_detector] ibvs eu=+9 ev=-1 eu_s=+9.3 ev_s=-1.3 dpan=+0.00 dtilt=+0.00 pan=-22.8 tilt=-0.7 err=9px DB
2026-06-27 19:57:08.393 [DEBUG] [marker_detector] ibvs eu=+9 ev=-1 eu_s=+9.3 ev_s=-1.3 dpan=+0.00 dtilt=+0.00 pan=-22.8 tilt=-0.7 err=9px DB
2026-06-27 19:57:08.488 [DEBUG] [marker_detector] ibvs eu=+9 ev=-1 eu_s=+9.3 ev_s=-1.3 dpan=+0.00 dtilt=+0.00 pan=-22.8 tilt=-0.7 err=9px DB
2026-06-27 19:57:08.583 [DEBUG] [marker_detector] ibvs eu=+9 ev=-1 eu_s=+9.3 ev_s=-1.3 dpan=+0.00 dtilt=+0.00 pan=-22.8 tilt=-0.7 err=9px DB
2026-06-27 19:57:08.678 [DEBUG] [marker_detector] ibvs eu=+9 ev=-1 eu_s=+9.3 ev_s=-1.3 dpan=+0.00 dtilt=+0.00 pan=-22.8 tilt=-0.7 err=9px DB
2026-06-27 19:57:08.773 [DEBUG] [marker_detector] ibvs eu=+9 ev=-1 eu_s=+9.3 ev_s=-1.3 dpan=+0.00 dtilt=+0.00 pan=-22.8 tilt=-0.7 err=9px DB
2026-06-27 19:57:08.866 [DEBUG] [marker_detector] ibvs eu=+9 ev=-1 eu_s=+9.2 ev_s=-1.3 dpan=+0.00 dtilt=+0.00 pan=-22.8 tilt=-0.7 err=9px DB
2026-06-27 19:57:08.962 [DEBUG] [marker_detector] ibvs eu=+9 ev=-1 eu_s=+9.3 ev_s=-1.3 dpan=+0.00 dtilt=+0.00 pan=-22.8 tilt=-0.7 err=9px DB
2026-06-27 19:57:09.057 [DEBUG] [marker_detector] ibvs eu=+9 ev=-1 eu_s=+9.3 ev_s=-1.3 dpan=+0.00 dtilt=+0.00 pan=-22.8 tilt=-0.7 err=9px DB
2026-06-27 19:57:09.150 [DEBUG] [marker_detector] ibvs eu=+9 ev=-1 eu_s=+9.3 ev_s=-1.3 dpan=+0.00 dtilt=+0.00 pan=-22.8 tilt=-0.7 err=9px DB
2026-06-27 19:57:09.249 [DEBUG] [marker_detector] ibvs eu=+9 ev=-2 eu_s=+9.3 ev_s=-1.5 dpan=+0.00 dtilt=+0.00 pan=-22.8 tilt=-0.7 err=9px DB
2026-06-27 19:57:09.344 [DEBUG] [marker_detector] ibvs eu=+9 ev=-1 eu_s=+9.2 ev_s=-1.2 dpan=+0.00 dtilt=+0.00 pan=-22.8 tilt=-0.7 err=9px DB
2026-06-27 19:57:09.436 [DEBUG] [marker_detector] ibvs eu=+9 ev=-1 eu_s=+9.2 ev_s=-1.3 dpan=+0.00 dtilt=+0.00 pan=-22.8 tilt=-0.7 err=9px DB
2026-06-27 19:57:09.531 [DEBUG] [marker_detector] ibvs eu=+9 ev=-1 eu_s=+9.2 ev_s=-1.4 dpan=+0.00 dtilt=+0.00 pan=-22.8 tilt=-0.7 err=9px DB
2026-06-27 19:57:09.627 [DEBUG] [marker_detector] ibvs eu=+9 ev=-1 eu_s=+9.2 ev_s=-1.2 dpan=+0.00 dtilt=+0.00 pan=-22.8 tilt=-0.7 err=9px DB
2026-06-27 19:57:09.723 [DEBUG] [marker_detector] ibvs eu=+9 ev=-1 eu_s=+9.1 ev_s=-1.2 dpan=+0.00 dtilt=+0.00 pan=-22.8 tilt=-0.7 err=9px DB
2026-06-27 19:57:09.826 [DEBUG] [marker_detector] ibvs eu=+9 ev=-2 eu_s=+9.1 ev_s=-1.6 dpan=+0.00 dtilt=+0.00 pan=-22.8 tilt=-0.7 err=9px DB
2026-06-27 19:57:09.920 [DEBUG] [marker_detector] ibvs eu=+9 ev=-1 eu_s=+9.1 ev_s=-1.4 dpan=+0.00 dtilt=+0.00 pan=-22.8 tilt=-0.7 err=9px DB
2026-06-27 19:57:10.013 [DEBUG] [marker_detector] ibvs eu=+9 ev=-1 eu_s=+9.1 ev_s=-1.4 dpan=+0.00 dtilt=+0.00 pan=-22.8 tilt=-0.7 err=9px DB
2026-06-27 19:57:10.120 [DEBUG] [marker_detector] ibvs eu=+9 ev=-1 eu_s=+9.0 ev_s=-1.1 dpan=+0.00 dtilt=+0.00 pan=-22.8 tilt=-0.7 err=9px DB
2026-06-27 19:57:10.230 [DEBUG] [marker_detector] ibvs eu=+9 ev=-2 eu_s=+9.3 ev_s=-1.5 dpan=+0.00 dtilt=+0.00 pan=-22.8 tilt=-0.7 err=9px DB
2026-06-27 19:57:10.325 [DEBUG] [marker_detector] ibvs eu=+9 ev=-1 eu_s=+9.2 ev_s=-1.1 dpan=+0.00 dtilt=+0.00 pan=-22.8 tilt=-0.7 err=9px DB
2026-06-27 19:57:10.421 [DEBUG] [marker_detector] ibvs eu=+9 ev=-2 eu_s=+9.3 ev_s=-1.7 dpan=+0.00 dtilt=+0.00 pan=-22.8 tilt=-0.7 err=10px DB
2026-06-27 19:57:10.515 [DEBUG] [marker_detector] ibvs eu=+9 ev=-3 eu_s=+8.6 ev_s=-2.6 dpan=+0.00 dtilt=+0.00 pan=-22.8 tilt=-0.7 err=9px DB
2026-06-27 19:57:10.611 [DEBUG] [marker_detector] ibvs eu=+8 ev=-1 eu_s=+8.5 ev_s=-1.3 dpan=+0.00 dtilt=+0.00 pan=-22.8 tilt=-0.7 err=8px DB
2026-06-27 19:57:10.707 [DEBUG] [marker_detector] ibvs eu=+10 ev=-0 eu_s=+9.9 ev_s=-0.5 dpan=+0.00 dtilt=+0.00 pan=-22.8 tilt=-0.7 err=10px DB
2026-06-27 19:57:10.803 [DEBUG] [marker_detector] ibvs eu=+10 ev=-2 eu_s=+10.4 ev_s=-1.9 dpan=+0.01 dtilt=+0.00 pan=-22.8 tilt=-0.7 err=11px
2026-06-27 19:57:10.900 [DEBUG] [marker_detector] ibvs eu=+9 ev=-1 eu_s=+8.9 ev_s=-1.2 dpan=+0.00 dtilt=+0.00 pan=-22.8 tilt=-0.7 err=9px DB
2026-06-27 19:57:10.997 [DEBUG] [marker_detector] ibvs eu=+9 ev=+0 eu_s=+9.3 ev_s=-0.2 dpan=+0.00 dtilt=+0.00 pan=-22.8 tilt=-0.7 err=9px DB
2026-06-27 19:57:11.098 [DEBUG] [marker_detector] ibvs eu=+9 ev=-2 eu_s=+8.9 ev_s=-1.7 dpan=+0.00 dtilt=+0.00 pan=-22.8 tilt=-0.7 err=9px DB
2026-06-27 19:57:11.195 [DEBUG] [marker_detector] ibvs eu=+9 ev=-2 eu_s=+9.0 ev_s=-1.4 dpan=+0.00 dtilt=+0.00 pan=-22.8 tilt=-0.7 err=9px DB
2026-06-27 19:57:11.293 [DEBUG] [marker_detector] ibvs eu=+9 ev=-2 eu_s=+9.2 ev_s=-1.9 dpan=+0.00 dtilt=+0.00 pan=-22.8 tilt=-0.7 err=9px DB
2026-06-27 19:57:11.386 [DEBUG] [marker_detector] ibvs eu=+8 ev=-2 eu_s=+8.1 ev_s=-2.1 dpan=+0.00 dtilt=+0.00 pan=-22.8 tilt=-0.7 err=8px DB
2026-06-27 19:57:11.482 [DEBUG] [marker_detector] ibvs eu=+8 ev=-4 eu_s=+8.0 ev_s=-3.6 dpan=+0.00 dtilt=+0.00 pan=-22.8 tilt=-0.7 err=9px DB
2026-06-27 19:57:11.584 [DEBUG] [marker_detector] ibvs eu=+10 ev=-3 eu_s=+9.6 ev_s=-3.4 dpan=+0.00 dtilt=+0.00 pan=-22.8 tilt=-0.7 err=10px DB
2026-06-27 19:57:11.685 [DEBUG] [marker_detector] ibvs eu=+23 ev=-14 eu_s=+21.1 ev_s=-12.6 dpan=+0.77 dtilt=+0.46 pan=-21.8 tilt=-0.1 err=27px
2026-06-27 19:57:11.783 [DEBUG] [marker_detector] ibvs eu=+28 ev=-49 eu_s=+28.1 ev_s=-45.5 dpan=+1.41 dtilt=+2.00 pan=-18.9 tilt=3.5 err=56px
2026-06-27 19:57:11.881 [DEBUG] [marker_detector] ibvs eu=+2 ev=-45 eu_s=+6.6 ev_s=-47.1 dpan=+0.33 dtilt=+2.00 pan=-17.4 tilt=7.5 err=45px
2026-06-27 19:57:11.932 [DEBUG] [marker_detector] ibvs tag_lost timer start pan=-17.4 tilt=7.5
2026-06-27 19:57:12.031 [DEBUG] [marker_detector] ibvs eu=-57 ev=-19 eu_s=-51.1 ev_s=-22.1 dpan=-2.00 dtilt=+1.10 pan=-20.8 tilt=10.3 err=60px
2026-06-27 19:57:12.130 [DEBUG] [marker_detector] ibvs eu=-81 ev=-18 eu_s=-77.8 ev_s=-18.7 dpan=-2.00 dtilt=+0.94 pan=-24.8 tilt=12.3 err=83px
2026-06-27 19:57:12.229 [DEBUG] [marker_detector] ibvs tag_lost timer start pan=-26.8 tilt=13.3
2026-06-27 19:57:12.382 [DEBUG] [marker_detector] ibvs eu=-2 ev=-83 eu_s=-14.7 ev_s=-70.3 dpan=-0.73 dtilt=+2.00 pan=-27.5 tilt=15.3 err=83px
2026-06-27 19:57:12.490 [DEBUG] [marker_detector] ibvs eu=-10 ev=-104 eu_s=-9.5 ev_s=-100.8 dpan=-0.48 dtilt=+2.00 pan=-28.3 tilt=19.3 err=105px
2026-06-27 19:57:12.598 [DEBUG] [marker_detector] ibvs eu=-6 ev=-79 eu_s=-6.0 ev_s=-80.7 dpan=-0.30 dtilt=+2.00 pan=-28.9 tilt=23.3 err=79px
2026-06-27 19:57:12.702 [DEBUG] [marker_detector] ibvs eu=+1 ev=-43 eu_s=+0.0 ev_s=-47.4 dpan=+0.00 dtilt=+2.00 pan=-29.2 tilt=27.3 err=43px
2026-06-27 19:57:12.803 [DEBUG] [marker_detector] ibvs eu=-14 ev=-9 eu_s=-11.8 ev_s=-14.1 dpan=-0.25 dtilt=+0.29 pan=-29.5 tilt=29.2 err=17px
2026-06-27 19:57:12.904 [DEBUG] [marker_detector] ibvs eu=-23 ev=+11 eu_s=-21.5 ev_s=+8.7 dpan=-0.71 dtilt=-0.29 pan=-30.6 tilt=29.0 err=25px
2026-06-27 19:57:13.056 [DEBUG] [marker_detector] ibvs eu=-27 ev=+14 eu_s=-25.3 ev_s=+14.5 dpan=-1.21 dtilt=-0.69 pan=-32.5 tilt=27.7 err=30px
2026-06-27 19:57:13.155 [DEBUG] [marker_detector] ibvs eu=-25 ev=+2 eu_s=-25.1 ev_s=+2.8 dpan=-0.96 dtilt=-0.11 pan=-34.4 tilt=27.3 err=25px
2026-06-27 19:57:13.266 [DEBUG] [marker_detector] ibvs eu=-11 ev=-12 eu_s=-12.2 ev_s=-11.2 dpan=-0.20 dtilt=+0.18 pan=-35.0 tilt=27.7 err=16px
2026-06-27 19:57:13.392 [DEBUG] [marker_detector] ibvs tag_lost timer start pan=-35.0 tilt=27.7
2026-06-27 19:57:13.436 [DEBUG] [marker_detector] ibvs eu=+30 ev=-1 eu_s=+24.3 ev_s=-2.9 dpan=+0.88 dtilt=+0.11 pan=-34.1 tilt=27.8 err=30px
2026-06-27 19:57:13.559 [DEBUG] [marker_detector] ibvs eu=+59 ev=+7 eu_s=+54.5 ev_s=+6.0 dpan=+2.00 dtilt=-0.30 pan=-30.2 tilt=27.5 err=59px
2026-06-27 19:57:13.677 [DEBUG] [marker_detector] ibvs tag_lost timer start pan=-28.2 tilt=26.7
2026-06-27 19:57:13.729 [DEBUG] [marker_detector] ibvs eu=+45 ev=+55 eu_s=+47.4 ev_s=+47.6 dpan=+2.00 dtilt=-2.00 pan=-26.2 tilt=24.7 err=71px
2026-06-27 19:57:13.825 [DEBUG] [marker_detector] ibvs tag_lost timer start pan=-24.2 tilt=22.7
2026-06-27 19:57:13.953 [DEBUG] [marker_detector] ibvs eu=+22 ev=+63 eu_s=+25.4 ev_s=+60.9 dpan=+1.27 dtilt=-2.00 pan=-23.0 tilt=20.7 err=67px
2026-06-27 19:57:14.047 [DEBUG] [marker_detector] ibvs eu=+22 ev=+80 eu_s=+22.2 ev_s=+77.6 dpan=+1.11 dtilt=-2.00 pan=-20.8 tilt=16.7 err=83px
2026-06-27 19:57:14.090 [DEBUG] [marker_detector] ibvs tag_lost timer start pan=-20.8 tilt=16.7
2026-06-27 19:57:14.182 [DEBUG] [marker_detector] ibvs tag_lost timer start pan=-20.4 tilt=14.7
2026-06-27 19:57:14.237 [DEBUG] [marker_detector] ibvs eu=-10 ev=+27 eu_s=-6.6 ev_s=+34.0 dpan=-0.33 dtilt=-1.70 pan=-20.7 tilt=13.0 err=29px
2026-06-27 19:57:14.285 [DEBUG] [marker_detector] ibvs tag_lost timer start pan=-20.7 tilt=13.0
2026-06-27 19:57:14.392 [DEBUG] [marker_detector] ibvs eu=-5 ev=+6 eu_s=-5.2 ev_s=+8.1 dpan=+0.00 dtilt=+0.00 pan=-20.9 tilt=12.7 err=8px DB
2026-06-27 19:57:14.497 [DEBUG] [marker_detector] ibvs eu=-3 ev=+1 eu_s=-3.3 ev_s=+2.1 dpan=+0.00 dtilt=+0.00 pan=-20.9 tilt=12.7 err=3px DB
2026-06-27 19:57:14.604 [DEBUG] [marker_detector] ibvs eu=-3 ev=+11 eu_s=-2.9 ev_s=+10.2 dpan=-0.00 dtilt=-0.02 pan=-20.9 tilt=12.7 err=11px
2026-06-27 19:57:14.714 [DEBUG] [marker_detector] ibvs eu=+10 ev=+20 eu_s=+8.1 ev_s=+18.5 dpan=+0.21 dtilt=-0.47 pan=-20.6 tilt=12.2 err=22px
2026-06-27 19:57:14.814 [DEBUG] [marker_detector] ibvs eu=+15 ev=+28 eu_s=+14.3 ev_s=+26.9 dpan=+0.72 dtilt=-1.35 pan=-19.4 tilt=10.0 err=32px
2026-06-27 19:57:14.915 [DEBUG] [marker_detector] ibvs eu=+1 ev=+40 eu_s=+3.7 ev_s=+39.2 dpan=+0.19 dtilt=-1.96 pan=-18.6 tilt=6.2 err=40px
2026-06-27 19:57:14.967 [DEBUG] [marker_detector] ibvs tag_lost timer start pan=-18.6 tilt=6.2
2026-06-27 19:57:15.060 [DEBUG] [marker_detector] ibvs eu=-30 ev=-17 eu_s=-27.8 ev_s=-11.6 dpan=-1.39 dtilt=+0.58 pan=-20.5 tilt=6.5 err=34px
2026-06-27 19:57:15.190 [DEBUG] [marker_detector] ibvs eu=-35 ev=-13 eu_s=-33.7 ev_s=-13.6 dpan=-1.69 dtilt=+0.68 pan=-23.7 tilt=7.9 err=37px
2026-06-27 19:57:15.299 [DEBUG] [marker_detector] ibvs tag_lost timer start pan=-25.3 tilt=8.5
2026-06-27 19:57:15.347 [DEBUG] [marker_detector] ibvs eu=-2 ev=-9 eu_s=-8.2 ev_s=-9.3 dpan=+0.00 dtilt=+0.00 pan=-25.3 tilt=8.5 err=9px DB
2026-06-27 19:57:15.480 [DEBUG] [marker_detector] ibvs eu=+12 ev=+4 eu_s=+11.2 ev_s=+3.3 dpan=+0.05 dtilt=-0.01 pan=-25.2 tilt=8.5 err=13px
2026-06-27 19:57:15.586 [DEBUG] [marker_detector] ibvs eu=+12 ev=-0 eu_s=+11.9 ev_s=+0.5 dpan=+0.06 dtilt=-0.00 pan=-25.1 tilt=8.5 err=12px
2026-06-27 19:57:15.706 [DEBUG] [marker_detector] ibvs eu=+13 ev=-5 eu_s=+12.8 ev_s=-4.8 dpan=+0.12 dtilt=+0.04 pan=-24.8 tilt=8.6 err=13px
2026-06-27 19:57:15.848 [DEBUG] [marker_detector] ibvs eu=+7 ev=-4 eu_s=+7.2 ev_s=-3.1 dpan=+0.00 dtilt=+0.00 pan=-24.8 tilt=8.6 err=8px DB
2026-06-27 19:57:15.952 [DEBUG] [marker_detector] ibvs eu=+12 ev=-13 eu_s=+11.4 ev_s=-12.1 dpan=+0.19 dtilt=+0.20 pan=-24.5 tilt=8.9 err=17px
2026-06-27 19:57:16.132 [DEBUG] [marker_detector] ibvs eu=+8 ev=-14 eu_s=+8.1 ev_s=-13.8 dpan=+0.12 dtilt=+0.21 pan=-24.3 tilt=9.3 err=16px
2026-06-27 19:57:16.234 [DEBUG] [marker_detector] ibvs eu=+4 ev=-7 eu_s=+4.8 ev_s=-7.9 dpan=+0.00 dtilt=+0.00 pan=-24.2 tilt=9.4 err=8px DB
2026-06-27 19:57:16.346 [DEBUG] [marker_detector] ibvs eu=-4 ev=-4 eu_s=-2.3 ev_s=-4.9 dpan=+0.00 dtilt=+0.00 pan=-24.2 tilt=9.4 err=6px DB
2026-06-27 19:57:16.475 [DEBUG] [marker_detector] ibvs eu=-9 ev=-3 eu_s=-8.1 ev_s=-2.7 dpan=+0.00 dtilt=+0.00 pan=-24.2 tilt=9.4 err=9px DB
2026-06-27 19:57:16.578 [DEBUG] [marker_detector] ibvs eu=-14 ev=-5 eu_s=-13.1 ev_s=-5.0 dpan=-0.13 dtilt=+0.05 pan=-24.4 tilt=9.5 err=15px
2026-06-27 19:57:16.736 [DEBUG] [marker_detector] ibvs eu=-29 ev=-21 eu_s=-26.9 ev_s=-18.2 dpan=-1.34 dtilt=+0.91 pan=-26.3 tilt=10.6 err=35px
2026-06-27 19:57:16.839 [DEBUG] [marker_detector] ibvs eu=-45 ev=-35 eu_s=-42.2 ev_s=-33.2 dpan=-2.00 dtilt=+1.66 pan=-29.9 tilt=13.5 err=57px
2026-06-27 19:57:16.894 [DEBUG] [marker_detector] ibvs tag_lost timer start pan=-29.9 tilt=13.5
2026-06-27 19:57:17.029 [DEBUG] [marker_detector] ibvs eu=-29 ev=-2 eu_s=-29.9 ev_s=-3.9 dpan=-1.50 dtilt=+0.20 pan=-33.1 tilt=14.2 err=29px
2026-06-27 19:57:17.132 [DEBUG] [marker_detector] ibvs tag_lost timer start pan=-34.7 tilt=14.5
2026-06-27 19:57:17.213 [DEBUG] [marker_detector] ibvs eu=-18 ev=+0 eu_s=-20.9 ev_s=-0.5 dpan=-0.57 dtilt=+0.01 pan=-35.3 tilt=14.5 err=18px
2026-06-27 19:57:17.317 [DEBUG] [marker_detector] ibvs eu=-15 ev=-4 eu_s=-14.3 ev_s=-4.3 dpan=-0.17 dtilt=+0.05 pan=-35.5 tilt=14.6 err=15px
2026-06-27 19:57:17.438 [DEBUG] [marker_detector] ibvs eu=-18 ev=-16 eu_s=-17.7 ev_s=-14.2 dpan=-0.56 dtilt=+0.45 pan=-36.4 tilt=15.2 err=24px
2026-06-27 19:57:17.578 [DEBUG] [marker_detector] ibvs eu=-20 ev=-67 eu_s=-21.2 ev_s=-61.9 dpan=-1.06 dtilt=+2.00 pan=-38.7 tilt=19.2 err=70px
2026-06-27 19:57:17.678 [DEBUG] [marker_detector] ibvs tag_lost timer start pan=-39.5 tilt=21.2
2026-06-27 19:57:17.743 [DEBUG] [marker_detector] ibvs eu=+8 ev=-89 eu_s=+2.7 ev_s=-85.4 dpan=+0.14 dtilt=+2.00 pan=-39.4 tilt=23.2 err=89px
2026-06-27 19:57:17.806 [DEBUG] [marker_detector] ibvs tag_lost timer start pan=-39.4 tilt=23.2
2026-06-27 19:57:17.900 [DEBUG] [marker_detector] ibvs tag_lost timer start pan=-38.4 tilt=25.2
2026-06-27 19:57:17.953 [DEBUG] [marker_detector] ibvs eu=+21 ev=-162 eu_s=+20.5 ev_s=-156.8 dpan=+1.03 dtilt=+2.00 pan=-37.4 tilt=27.2 err=164px
2026-06-27 19:57:18.088 [DEBUG] [marker_detector] ibvs tag_lost timer start pan=-36.2 tilt=29.2
2026-06-27 19:57:18.137 [DEBUG] [marker_detector] ibvs eu=-10 ev=-154 eu_s=-3.3 ev_s=-154.3 dpan=-0.17 dtilt=+2.00 pan=-36.4 tilt=31.2 err=155px
2026-06-27 19:57:18.241 [DEBUG] [marker_detector] ibvs eu=-28 ev=-175 eu_s=-26.1 ev_s=-170.6 dpan=-1.30 dtilt=+2.00 pan=-38.6 tilt=35.0 err=178px CLAMP_TILT
2026-06-27 19:57:18.312 [DEBUG] [marker_detector] ibvs tag_lost timer start pan=-38.6 tilt=35.0
2026-06-27 19:57:18.426 [DEBUG] [marker_detector] ibvs eu=-41 ev=-111 eu_s=-39.0 ev_s=-116.0 dpan=-1.95 dtilt=+2.00 pan=-42.2 tilt=35.0 err=118px CLAMP_TILT
2026-06-27 19:57:18.548 [DEBUG] [marker_detector] ibvs eu=-29 ev=-111 eu_s=-31.6 ev_s=-111.6 dpan=-1.58 dtilt=+2.00 pan=-45.8 tilt=35.0 err=115px CLAMP_TILT
2026-06-27 19:57:18.680 [DEBUG] [marker_detector] ibvs tag_lost timer start pan=-47.0 tilt=35.0
2026-06-27 19:57:18.728 [DEBUG] [marker_detector] ibvs eu=+6 ev=-99 eu_s=-0.0 ev_s=-101.0 dpan=-0.00 dtilt=+2.00 pan=-47.0 tilt=35.0 err=100px CLAMP_TILT
2026-06-27 19:57:18.854 [DEBUG] [marker_detector] ibvs eu=+6 ev=-101 eu_s=+7.2 ev_s=-100.8 dpan=+0.36 dtilt=+2.00 pan=-46.1 tilt=35.0 err=101px CLAMP_TILT
2026-06-27 19:57:18.979 [DEBUG] [marker_detector] ibvs eu=+7 ev=-116 eu_s=+6.3 ev_s=-115.4 dpan=+0.31 dtilt=+2.00 pan=-45.6 tilt=35.0 err=117px CLAMP_TILT
2026-06-27 19:57:19.090 [DEBUG] [marker_detector] ibvs eu=-2 ev=-126 eu_s=-1.7 ev_s=-125.0 dpan=-0.08 dtilt=+2.00 pan=-45.7 tilt=35.0 err=126px CLAMP_TILT
2026-06-27 19:57:19.195 [DEBUG] [marker_detector] ibvs eu=-6 ev=-127 eu_s=-4.9 ev_s=-127.2 dpan=-0.24 dtilt=+2.00 pan=-46.0 tilt=35.0 err=127px CLAMP_TILT
2026-06-27 19:57:19.306 [DEBUG] [marker_detector] ibvs eu=-6 ev=-134 eu_s=-5.8 ev_s=-132.9 dpan=-0.29 dtilt=+2.00 pan=-46.6 tilt=35.0 err=134px CLAMP_TILT
2026-06-27 19:57:19.403 [DEBUG] [marker_detector] ibvs eu=+4 ev=-110 eu_s=+3.5 ev_s=-113.2 dpan=+0.18 dtilt=+2.00 pan=-46.4 tilt=35.0 err=110px CLAMP_TILT
2026-06-27 19:57:19.504 [DEBUG] [marker_detector] ibvs eu=+10 ev=-90 eu_s=+9.2 ev_s=-92.7 dpan=+0.46 dtilt=+2.00 pan=-45.7 tilt=35.0 err=90px CLAMP_TILT
2026-06-27 19:57:19.611 [DEBUG] [marker_detector] ibvs eu=+18 ev=-97 eu_s=+17.1 ev_s=-95.8 dpan=+0.86 dtilt=+2.00 pan=-44.2 tilt=35.0 err=99px CLAMP_TILT
2026-06-27 19:57:19.715 [DEBUG] [marker_detector] ibvs eu=+11 ev=-100 eu_s=+12.1 ev_s=-99.6 dpan=+0.61 dtilt=+2.00 pan=-42.9 tilt=35.0 err=101px CLAMP_TILT
2026-06-27 19:57:19.767 [DEBUG] [marker_detector] ibvs tag_lost timer start pan=-42.9 tilt=35.0
2026-06-27 19:57:19.913 [DEBUG] [marker_detector] ibvs eu=-16 ev=-134 eu_s=-15.0 ev_s=-134.4 dpan=-0.75 dtilt=+2.00 pan=-44.2 tilt=35.0 err=135px CLAMP_TILT
2026-06-27 19:57:20.014 [DEBUG] [marker_detector] ibvs eu=-27 ev=-125 eu_s=-26.2 ev_s=-124.7 dpan=-1.31 dtilt=+2.00 pan=-46.6 tilt=35.0 err=128px CLAMP_TILT
2026-06-27 19:57:20.112 [DEBUG] [marker_detector] ibvs eu=-17 ev=-145 eu_s=-18.1 ev_s=-143.4 dpan=-0.90 dtilt=+2.00 pan=-48.7 tilt=35.0 err=146px CLAMP_TILT
2026-06-27 19:57:20.259 [DEBUG] [marker_detector] ibvs eu=-4 ev=-140 eu_s=-5.3 ev_s=-140.6 dpan=-0.26 dtilt=+2.00 pan=-49.5 tilt=35.0 err=140px CLAMP_TILT
2026-06-27 19:57:20.362 [DEBUG] [marker_detector] ibvs eu=+1 ev=-174 eu_s=+0.7 ev_s=-169.4 dpan=+0.03 dtilt=+2.00 pan=-49.5 tilt=35.0 err=174px CLAMP_TILT
2026-06-27 19:57:20.469 [DEBUG] [marker_detector] ibvs eu=-3 ev=-182 eu_s=-2.1 ev_s=-181.7 dpan=-0.11 dtilt=+2.00 pan=-49.6 tilt=35.0 err=182px CLAMP_TILT
2026-06-27 19:57:20.573 [DEBUG] [marker_detector] ibvs eu=-7 ev=-172 eu_s=-6.5 ev_s=-172.8 dpan=-0.33 dtilt=+2.00 pan=-50.2 tilt=35.0 err=172px CLAMP_TILT
2026-06-27 19:57:20.716 [DEBUG] [marker_detector] ibvs eu=-15 ev=-171 eu_s=-13.9 ev_s=-171.6 dpan=-0.69 dtilt=+2.00 pan=-51.3 tilt=35.0 err=172px CLAMP_TILT
2026-06-27 19:57:20.827 [DEBUG] [marker_detector] ibvs eu=-20 ev=-160 eu_s=-20.1 ev_s=-160.9 dpan=-1.01 dtilt=+2.00 pan=-53.3 tilt=35.0 err=161px CLAMP_TILT
2026-06-27 19:57:20.935 [DEBUG] [marker_detector] ibvs eu=-18 ev=-160 eu_s=-18.9 ev_s=-160.1 dpan=-0.94 dtilt=+2.00 pan=-55.3 tilt=35.0 err=161px CLAMP_TILT
2026-06-27 19:57:21.043 [DEBUG] [marker_detector] ibvs eu=-8 ev=-156 eu_s=-8.8 ev_s=-156.6 dpan=-0.44 dtilt=+2.00 pan=-56.4 tilt=35.0 err=156px CLAMP_TILT
2026-06-27 19:57:21.151 [DEBUG] [marker_detector] ibvs eu=+1 ev=-149 eu_s=-0.0 ev_s=-149.5 dpan=-0.00 dtilt=+2.00 pan=-56.7 tilt=35.0 err=149px CLAMP_TILT
2026-06-27 19:57:21.258 [DEBUG] [marker_detector] ibvs eu=+4 ev=-137 eu_s=+3.4 ev_s=-137.9 dpan=+0.17 dtilt=+2.00 pan=-56.4 tilt=35.0 err=137px CLAMP_TILT
2026-06-27 19:57:21.381 [DEBUG] [marker_detector] ibvs eu=+7 ev=-123 eu_s=+6.1 ev_s=-124.4 dpan=+0.31 dtilt=+2.00 pan=-55.9 tilt=35.0 err=123px CLAMP_TILT
2026-06-27 19:57:21.496 [DEBUG] [marker_detector] ibvs eu=+21 ev=-102 eu_s=+18.8 ev_s=-104.8 dpan=+0.94 dtilt=+2.00 pan=-54.4 tilt=35.0 err=104px CLAMP_TILT
2026-06-27 19:57:21.593 [DEBUG] [marker_detector] ibvs eu=+38 ev=-74 eu_s=+35.6 ev_s=-78.2 dpan=+1.78 dtilt=+2.00 pan=-51.3 tilt=35.0 err=83px CLAMP_TILT
2026-06-27 19:57:21.724 [DEBUG] [marker_detector] ibvs tag_lost timer start pan=-49.3 tilt=35.0
2026-06-27 19:57:21.930 [DEBUG] [marker_detector] ibvs eu=+37 ev=+85 eu_s=+37.6 ev_s=+54.6 dpan=+1.88 dtilt=-2.00 pan=-47.5 tilt=33.0 err=93px
2026-06-27 19:57:22.051 [DEBUG] [marker_detector] ibvs eu=+43 ev=+126 eu_s=+42.7 ev_s=+120.4 dpan=+2.00 dtilt=-2.00 pan=-43.5 tilt=29.0 err=133px
2026-06-27 19:57:22.148 [DEBUG] [marker_detector] ibvs eu=+25 ev=+138 eu_s=+27.0 ev_s=+136.5 dpan=+1.35 dtilt=-2.00 pan=-40.4 tilt=25.0 err=140px
2026-06-27 19:57:22.279 [DEBUG] [marker_detector] ibvs tag_lost timer start pan=-40.2 tilt=23.0
2026-06-27 19:57:22.373 [DEBUG] [marker_detector] ibvs eu=-29 ev=+69 eu_s=-22.0 ev_s=+82.1 dpan=-1.10 dtilt=-2.00 pan=-41.3 tilt=21.0 err=75px
2026-06-27 19:57:22.486 [DEBUG] [marker_detector] ibvs eu=-30 ev=+53 eu_s=-29.7 ev_s=+54.5 dpan=-1.48 dtilt=-2.00 pan=-44.2 tilt=17.0 err=61px
2026-06-27 19:57:22.613 [DEBUG] [marker_detector] ibvs eu=-22 ev=+13 eu_s=-24.0 ev_s=+16.4 dpan=-1.14 dtilt=-0.78 pan=-46.8 tilt=14.7 err=26px
2026-06-27 19:57:22.712 [DEBUG] [marker_detector] ibvs tag_lost timer start pan=-46.9 tilt=14.7
2026-06-27 19:57:22.796 [DEBUG] [marker_detector] ibvs eu=+23 ev=-32 eu_s=+16.2 ev_s=-25.6 dpan=+0.81 dtilt=+1.28 pan=-46.1 tilt=16.0 err=39px
2026-06-27 19:57:22.899 [DEBUG] [marker_detector] ibvs eu=+27 ev=-25 eu_s=+26.2 ev_s=-25.9 dpan=+1.31 dtilt=+1.30 pan=-43.6 tilt=18.8 err=37px
2026-06-27 19:57:22.995 [DEBUG] [marker_detector] ibvs eu=+15 ev=+8 eu_s=+17.6 ev_s=+2.7 dpan=+0.34 dtilt=-0.05 pan=-42.0 tilt=19.6 err=17px
2026-06-27 19:57:23.120 [DEBUG] [marker_detector] ibvs eu=-19 ev=+72 eu_s=-14.4 ev_s=+62.3 dpan=-0.72 dtilt=-2.00 pan=-42.6 tilt=16.9 err=75px
2026-06-27 19:57:23.164 [DEBUG] [marker_detector] ibvs tag_lost timer start pan=-42.6 tilt=16.9
2026-06-27 19:57:23.258 [DEBUG] [marker_detector] ibvs eu=-20 ev=+97 eu_s=-19.8 ev_s=+96.7 dpan=-0.99 dtilt=-2.00 pan=-44.5 tilt=12.9 err=99px
2026-06-27 19:57:23.396 [DEBUG] [marker_detector] ibvs eu=-12 ev=+93 eu_s=-12.9 ev_s=+95.3 dpan=-0.65 dtilt=-2.00 pan=-46.1 tilt=8.9 err=94px
2026-06-27 19:57:23.443 [DEBUG] [marker_detector] ibvs tag_lost timer start pan=-46.1 tilt=8.9
2026-06-27 19:57:23.535 [DEBUG] [marker_detector] ibvs tag_lost timer start pan=-45.5 tilt=6.9
2026-06-27 19:57:23.605 [DEBUG] [marker_detector] ibvs eu=+24 ev=+54 eu_s=+21.8 ev_s=+58.9 dpan=+1.09 dtilt=-2.00 pan=-44.4 tilt=4.9 err=59px
2026-06-27 19:57:23.728 [DEBUG] [marker_detector] ibvs eu=+16 ev=+16 eu_s=+16.8 ev_s=+20.9 dpan=+0.71 dtilt=-0.88 pan=-42.8 tilt=2.1 err=23px
2026-06-27 19:57:23.826 [DEBUG] [marker_detector] ibvs eu=+1 ev=+30 eu_s=+3.4 ev_s=+28.9 dpan=+0.16 dtilt=-1.38 pan=-41.9 tilt=-0.4 err=30px
2026-06-27 19:57:23.954 [DEBUG] [marker_detector] ibvs eu=-24 ev=+7 eu_s=-21.2 ev_s=+9.8 dpan=-0.70 dtilt=-0.33 pan=-43.0 tilt=-1.6 err=25px
2026-06-27 19:57:24.049 [DEBUG] [marker_detector] ibvs eu=-11 ev=+3 eu_s=-11.8 ev_s=+1.2 dpan=-0.06 dtilt=-0.01 pan=-43.2 tilt=-1.5 err=12px
2026-06-27 19:57:24.174 [DEBUG] [marker_detector] ibvs eu=-15 ev=+19 eu_s=-14.9 ev_s=+17.7 dpan=-0.49 dtilt=-0.58 pan=-43.9 tilt=-2.3 err=25px
2026-06-27 19:57:24.280 [DEBUG] [marker_detector] ibvs eu=-9 ev=+26 eu_s=-9.3 ev_s=+25.3 dpan=-0.40 dtilt=-1.07 pan=-44.8 tilt=-4.2 err=27px
2026-06-27 19:57:24.376 [DEBUG] [marker_detector] ibvs eu=-0 ev=+41 eu_s=-1.4 ev_s=+40.8 dpan=-0.07 dtilt=-2.00 pan=-45.1 tilt=-8.1 err=41px
2026-06-27 19:57:24.512 [DEBUG] [marker_detector] ibvs eu=+5 ev=+28 eu_s=+4.7 ev_s=+30.5 dpan=+0.24 dtilt=-1.52 pan=-44.8 tilt=-11.6 err=28px
2026-06-27 19:57:24.608 [DEBUG] [marker_detector] ibvs eu=+15 ev=+22 eu_s=+14.3 ev_s=+25.1 dpan=+0.68 dtilt=-1.19 pan=-43.4 tilt=-14.6 err=27px
2026-06-27 19:57:24.717 [DEBUG] [marker_detector] ibvs eu=+2 ev=+36 eu_s=+3.2 ev_s=+35.5 dpan=+0.16 dtilt=-1.78 pan=-42.8 tilt=-18.1 err=36px
2026-06-27 19:57:24.785 [DEBUG] [marker_detector] ibvs tag_lost timer start pan=-42.8 tilt=-18.1
2026-06-27 19:57:24.928 [DEBUG] [marker_detector] ibvs eu=-27 ev=-6 eu_s=-25.2 ev_s=-6.0 dpan=-1.00 dtilt=+0.24 pan=-44.3 tilt=-17.8 err=28px
2026-06-27 19:57:25.066 [DEBUG] [marker_detector] ibvs eu=-37 ev=+12 eu_s=-35.5 ev_s=+9.3 dpan=-1.77 dtilt=-0.47 pan=-47.4 tilt=-18.2 err=39px
2026-06-27 19:57:25.167 [DEBUG] [marker_detector] ibvs eu=-21 ev=+35 eu_s=-21.1 ev_s=+33.0 dpan=-1.06 dtilt=-1.65 pan=-49.6 tilt=-21.1 err=40px
2026-06-27 19:57:25.215 [DEBUG] [marker_detector] ibvs tag_lost timer start pan=-49.6 tilt=-21.1
2026-06-27 19:57:25.345 [DEBUG] [marker_detector] ibvs eu=+18 ev=+40 eu_s=+14.1 ev_s=+39.4 dpan=+0.70 dtilt=-1.97 pan=-48.9 tilt=-25.0 err=43px
2026-06-27 19:57:25.387 [DEBUG] [marker_detector] ibvs tag_lost timer start pan=-48.9 tilt=-25.0
2026-06-27 19:57:25.486 [DEBUG] [marker_detector] ibvs eu=+11 ev=+21 eu_s=+11.5 ev_s=+24.1 dpan=+0.48 dtilt=-1.00 pan=-47.7 tilt=-27.9 err=23px
2026-06-27 19:57:25.621 [DEBUG] [marker_detector] ibvs eu=+9 ev=+8 eu_s=+9.4 ev_s=+10.2 dpan=+0.09 dtilt=-0.10 pan=-47.3 tilt=-28.6 err=12px
2026-06-27 19:57:25.722 [DEBUG] [marker_detector] ibvs eu=-8 ev=+17 eu_s=-5.5 ev_s=+14.7 dpan=-0.08 dtilt=-0.21 pan=-47.4 tilt=-28.9 err=18px
2026-06-27 19:57:25.850 [DEBUG] [marker_detector] ibvs eu=-14 ev=+40 eu_s=-13.4 ev_s=+37.0 dpan=-0.67 dtilt=-1.85 pan=-48.4 tilt=-31.6 err=43px
2026-06-27 19:57:25.950 [DEBUG] [marker_detector] ibvs eu=-22 ev=+46 eu_s=-21.0 ev_s=+46.2 dpan=-1.05 dtilt=-2.00 pan=-50.4 tilt=-35.0 err=51px CLAMP_TILT
2026-06-27 19:57:26.045 [DEBUG] [marker_detector] ibvs eu=-15 ev=+24 eu_s=-16.2 ev_s=+27.8 dpan=-0.81 dtilt=-1.39 pan=-52.3 tilt=-35.0 err=28px CLAMP_TILT
2026-06-27 19:57:26.178 [DEBUG] [marker_detector] ibvs eu=+4 ev=+11 eu_s=+1.0 ev_s=+11.6 dpan=+0.00 dtilt=-0.05 pan=-52.4 tilt=-35.0 err=12px CLAMP_TILT
2026-06-27 19:57:26.279 [DEBUG] [marker_detector] ibvs eu=+2 ev=+11 eu_s=+2.2 ev_s=+11.7 dpan=+0.01 dtilt=-0.06 pan=-52.4 tilt=-35.0 err=12px CLAMP_TILT
2026-06-27 19:57:26.411 [DEBUG] [marker_detector] ibvs eu=+4 ev=+17 eu_s=+4.0 ev_s=+16.4 dpan=+0.07 dtilt=-0.28 pan=-52.3 tilt=-35.0 err=17px CLAMP_TILT
2026-06-27 19:57:26.514 [DEBUG] [marker_detector] ibvs eu=+2 ev=+15 eu_s=+1.8 ev_s=+15.4 dpan=+0.02 dtilt=-0.21 pan=-52.2 tilt=-35.0 err=15px CLAMP_TILT
2026-06-27 19:57:26.614 [DEBUG] [marker_detector] ibvs eu=+1 ev=+13 eu_s=+0.9 ev_s=+13.4 dpan=+0.01 dtilt=-0.12 pan=-52.2 tilt=-35.0 err=13px CLAMP_TILT
2026-06-27 19:57:26.759 [DEBUG] [marker_detector] ibvs tag_lost timer start pan=-52.2 tilt=-35.0
2026-06-27 19:57:27.021 [DEBUG] [marker_detector] ibvs eu=+27 ev=-105 eu_s=+21.5 ev_s=-82.1 dpan=+1.08 dtilt=+2.00 pan=-51.1 tilt=-33.0 err=108px
2026-06-27 19:57:27.147 [DEBUG] [marker_detector] ibvs eu=+20 ev=-160 eu_s=+19.3 ev_s=-152.1 dpan=+0.97 dtilt=+2.00 pan=-49.3 tilt=-29.0 err=161px
2026-06-27 19:57:27.253 [DEBUG] [marker_detector] ibvs eu=+17 ev=-162 eu_s=+18.4 ev_s=-163.0 dpan=+0.92 dtilt=+2.00 pan=-47.2 tilt=-25.0 err=163px
2026-06-27 19:57:27.410 [DEBUG] [marker_detector] ibvs tag_lost timer start pan=-47.2 tilt=-23.0
2026-06-27 19:57:27.469 [DEBUG] [marker_detector] ibvs eu=-28 ev=-124 eu_s=-22.3 ev_s=-130.5 dpan=-1.11 dtilt=+2.00 pan=-48.3 tilt=-21.0 err=127px
2026-06-27 19:57:27.598 [DEBUG] [marker_detector] ibvs eu=-24 ev=-130 eu_s=-24.5 ev_s=-127.4 dpan=-1.23 dtilt=+2.00 pan=-50.8 tilt=-17.0 err=132px
2026-06-27 19:57:27.651 [DEBUG] [marker_detector] ibvs tag_lost timer start pan=-50.8 tilt=-17.0
2026-06-27 19:57:27.753 [DEBUG] [marker_detector] ibvs eu=+6 ev=-114 eu_s=+2.2 ev_s=-114.6 dpan=+0.11 dtilt=+2.00 pan=-51.4 tilt=-13.0 err=115px
2026-06-27 19:57:27.897 [DEBUG] [marker_detector] ibvs eu=+5 ev=-126 eu_s=+4.9 ev_s=-124.9 dpan=+0.25 dtilt=+2.00 pan=-50.8 tilt=-9.0 err=126px
2026-06-27 19:57:28.035 [DEBUG] [marker_detector] ibvs eu=+14 ev=-110 eu_s=+12.9 ev_s=-109.7 dpan=+0.64 dtilt=+2.00 pan=-49.7 tilt=-5.0 err=110px
2026-06-27 19:57:28.135 [DEBUG] [marker_detector] ibvs tag_lost timer start pan=-48.9 tilt=-3.0
2026-06-27 19:57:28.186 [DEBUG] [marker_detector] ibvs eu=+21 ev=-98 eu_s=+19.9 ev_s=-102.3 dpan=+1.00 dtilt=+2.00 pan=-47.9 tilt=-1.0 err=100px
2026-06-27 19:57:28.231 [DEBUG] [marker_detector] ibvs tag_lost timer start pan=-47.9 tilt=-1.0
2026-06-27 19:57:28.332 [DEBUG] [marker_detector] ibvs eu=+1 ev=-116 eu_s=+3.3 ev_s=-116.7 dpan=+0.17 dtilt=+2.00 pan=-47.0 tilt=3.0 err=116px
2026-06-27 19:57:28.489 [DEBUG] [marker_detector] ibvs eu=-11 ev=-124 eu_s=-9.4 ev_s=-125.2 dpan=-0.47 dtilt=+2.00 pan=-47.6 tilt=7.0 err=125px
2026-06-27 19:57:28.539 [DEBUG] [marker_detector] ibvs tag_lost timer start pan=-47.6 tilt=7.0
2026-06-27 19:57:28.637 [DEBUG] [marker_detector] ibvs eu=-38 ev=-113 eu_s=-36.4 ev_s=-114.0 dpan=-1.82 dtilt=+2.00 pan=-50.9 tilt=11.0 err=119px
2026-06-27 19:57:28.687 [DEBUG] [marker_detector] ibvs tag_lost timer start pan=-50.9 tilt=11.0
2026-06-27 19:57:28.876 [DEBUG] [marker_detector] ibvs eu=-17 ev=-99 eu_s=-17.5 ev_s=-99.3 dpan=-0.88 dtilt=+2.00 pan=-52.8 tilt=15.0 err=100px
2026-06-27 19:57:28.988 [DEBUG] [marker_detector] ibvs eu=-9 ev=-77 eu_s=-10.8 ev_s=-82.3 dpan=-0.54 dtilt=+2.00 pan=-54.3 tilt=19.0 err=78px
2026-06-27 19:57:29.088 [DEBUG] [marker_detector] ibvs tag_lost timer start pan=-54.4 tilt=21.0
2026-06-27 19:57:29.138 [DEBUG] [marker_detector] ibvs eu=+3 ev=-21 eu_s=+2.0 ev_s=-29.9 dpan=+0.10 dtilt=+1.49 pan=-54.3 tilt=22.5 err=21px
2026-06-27 19:57:29.269 [DEBUG] [marker_detector] ibvs eu=+11 ev=-2 eu_s=+9.9 ev_s=-3.4 dpan=+0.00 dtilt=+0.00 pan=-54.3 tilt=22.5 err=11px DB
2026-06-27 19:57:29.372 [DEBUG] [marker_detector] ibvs eu=+25 ev=+5 eu_s=+23.6 ev_s=+4.3 dpan=+0.82 dtilt=-0.15 pan=-53.2 tilt=22.3 err=25px
2026-06-27 19:57:29.510 [DEBUG] [marker_detector] ibvs eu=+56 ev=+7 eu_s=+52.6 ev_s=+6.9 dpan=+2.00 dtilt=-0.34 pan=-49.2 tilt=21.6 err=56px
2026-06-27 19:57:29.609 [DEBUG] [marker_detector] ibvs eu=+68 ev=+14 eu_s=+66.2 ev_s=+13.9 dpan=+2.00 dtilt=-0.69 pan=-45.2 tilt=20.3 err=69px
2026-06-27 19:57:29.730 [DEBUG] [marker_detector] ibvs eu=+57 ev=+17 eu_s=+57.2 ev_s=+16.7 dpan=+2.00 dtilt=-0.84 pan=-41.2 tilt=18.6 err=59px
2026-06-27 19:57:29.860 [DEBUG] [marker_detector] ibvs tag_lost timer start pan=-39.2 tilt=17.2
2026-06-27 19:57:29.911 [DEBUG] [marker_detector] ibvs eu=+47 ev=+16 eu_s=+48.4 ev_s=+18.1 dpan=+2.00 dtilt=-0.91 pan=-37.2 tilt=16.3 err=50px
2026-06-27 19:57:30.029 [DEBUG] [marker_detector] ibvs eu=+52 ev=-6 eu_s=+51.4 ev_s=-4.6 dpan=+2.00 dtilt=+0.23 pan=-33.2 tilt=16.5 err=52px
2026-06-27 19:57:30.151 [DEBUG] [marker_detector] ibvs eu=+46 ev=+22 eu_s=+46.9 ev_s=+17.5 dpan=+2.00 dtilt=-0.88 pan=-29.2 tilt=15.7 err=51px
2026-06-27 19:57:30.247 [DEBUG] [marker_detector] ibvs tag_lost timer start pan=-27.2 tilt=14.5
2026-06-27 19:57:30.312 [DEBUG] [marker_detector] ibvs eu=+34 ev=+28 eu_s=+36.6 ev_s=+27.5 dpan=+1.83 dtilt=-1.37 pan=-25.3 tilt=13.1 err=44px
2026-06-27 19:57:30.425 [DEBUG] [marker_detector] ibvs eu=+18 ev=+30 eu_s=+19.7 ev_s=+27.9 dpan=+0.98 dtilt=-1.40 pan=-23.0 tilt=10.7 err=35px
2026-06-27 19:57:30.526 [DEBUG] [marker_detector] ibvs eu=+14 ev=+11 eu_s=+15.2 ev_s=+14.6 dpan=+0.42 dtilt=-0.41 pan=-21.5 tilt=8.9 err=18px
2026-06-27 19:57:30.658 [DEBUG] [marker_detector] ibvs eu=+16 ev=-22 eu_s=+14.5 ev_s=-16.1 dpan=+0.42 dtilt=+0.47 pan=-21.0 tilt=9.3 err=27px
2026-06-27 19:57:30.758 [DEBUG] [marker_detector] ibvs eu=+43 ev=-12 eu_s=+38.6 ev_s=-12.6 dpan=+1.93 dtilt=+0.63 pan=-18.1 tilt=10.6 err=44px
2026-06-27 19:57:30.862 [DEBUG] [marker_detector] ibvs eu=+46 ev=-0 eu_s=+45.9 ev_s=-2.2 dpan=+2.00 dtilt=+0.11 pan=-14.1 tilt=11.3 err=46px
2026-06-27 19:57:30.964 [DEBUG] [marker_detector] ibvs eu=+19 ev=+18 eu_s=+21.6 ev_s=+15.9 dpan=+0.91 dtilt=-0.67 pan=-11.6 tilt=10.1 err=26px
2026-06-27 19:57:31.073 [DEBUG] [marker_detector] ibvs eu=+18 ev=+25 eu_s=+18.1 ev_s=+23.9 dpan=+0.91 dtilt=-1.20 pan=-9.7 tilt=8.0 err=30px
2026-06-27 19:57:31.171 [DEBUG] [marker_detector] ibvs eu=+18 ev=+12 eu_s=+18.1 ev_s=+13.3 dpan=+0.56 dtilt=-0.41 pan=-8.4 tilt=6.9 err=22px
2026-06-27 19:57:31.267 [DEBUG] [marker_detector] ibvs tag_lost timer start pan=-7.2 tilt=6.9
2026-06-27 19:57:31.321 [DEBUG] [marker_detector] ibvs eu=+71 ev=-8 eu_s=+62.6 ev_s=-6.4 dpan=+2.00 dtilt=+0.32 pan=-5.2 tilt=7.2 err=72px
2026-06-27 19:57:31.417 [DEBUG] [marker_detector] ibvs eu=+82 ev=+14 eu_s=+79.9 ev_s=+9.4 dpan=+2.00 dtilt=-0.47 pan=-1.2 tilt=7.1 err=84px
2026-06-27 19:57:31.518 [DEBUG] [marker_detector] ibvs eu=+62 ev=+10 eu_s=+63.3 ev_s=+10.9 dpan=+2.00 dtilt=-0.54 pan=2.8 tilt=5.9 err=63px
2026-06-27 19:57:31.620 [DEBUG] [marker_detector] ibvs eu=+42 ev=-0 eu_s=+44.9 ev_s=+0.9 dpan=+2.00 dtilt=-0.05 pan=6.8 tilt=5.6 err=42px
2026-06-27 19:57:31.725 [DEBUG] [marker_detector] ibvs eu=+8 ev=+8 eu_s=+11.3 ev_s=+6.6 dpan=+0.09 dtilt=-0.05 pan=8.0 tilt=5.5 err=11px
2026-06-27 19:57:31.826 [DEBUG] [marker_detector] ibvs eu=-18 ev=+10 eu_s=-16.0 ev_s=+9.7 dpan=-0.35 dtilt=-0.21 pan=7.6 tilt=5.3 err=21px
2026-06-27 19:57:31.933 [DEBUG] [marker_detector] ibvs eu=-18 ev=+15 eu_s=-17.9 ev_s=+14.5 dpan=-0.59 dtilt=-0.47 pan=6.6 tilt=4.5 err=24px
2026-06-27 19:57:32.040 [DEBUG] [marker_detector] ibvs eu=-7 ev=+25 eu_s=-8.8 ev_s=+24.0 dpan=-0.34 dtilt=-0.93 pan=5.7 tilt=2.9 err=26px
2026-06-27 19:57:32.148 [DEBUG] [marker_detector] ibvs eu=+13 ev=+28 eu_s=+10.8 ev_s=+27.8 dpan=+0.53 dtilt=-1.37 pan=6.3 tilt=0.5 err=31px
2026-06-27 19:57:32.242 [DEBUG] [marker_detector] ibvs tag_lost timer start pan=7.3 tilt=-0.9
2026-06-27 19:57:32.286 [DEBUG] [marker_detector] ibvs eu=+37 ev=+19 eu_s=+33.2 ev_s=+21.1 dpan=+1.66 dtilt=-1.06 pan=8.9 tilt=-1.9 err=41px
2026-06-27 19:57:32.343 [DEBUG] [marker_detector] ibvs tag_lost timer start pan=8.9 tilt=-1.9
2026-06-27 19:57:32.441 [DEBUG] [marker_detector] ibvs eu=+31 ev=-7 eu_s=+32.5 ev_s=-4.2 dpan=+1.62 dtilt=+0.21 pan=12.5 tilt=-2.0 err=31px
2026-06-27 19:57:32.539 [DEBUG] [marker_detector] ibvs eu=+31 ev=-5 eu_s=+32.4 ev_s=-4.8 dpan=+1.62 dtilt=+0.24 pan=16.0 tilt=-1.5 err=32px
2026-06-27 19:57:32.641 [DEBUG] [marker_detector] ibvs eu=+3 ev=+7 eu_s=+6.2 ev_s=+6.1 dpan=+0.00 dtilt=+0.00 pan=16.4 tilt=-1.5 err=8px DB
2026-06-27 19:57:32.744 [DEBUG] [marker_detector] ibvs eu=-14 ev=+20 eu_s=-12.1 ev_s=+18.2 dpan=-0.36 dtilt=-0.54 pan=16.0 tilt=-2.2 err=24px
2026-06-27 19:57:32.846 [DEBUG] [marker_detector] ibvs eu=-13 ev=+42 eu_s=-13.3 ev_s=+40.0 dpan=-0.67 dtilt=-2.00 pan=14.6 tilt=-5.8 err=44px
2026-06-27 19:57:32.947 [DEBUG] [marker_detector] ibvs tag_lost timer start pan=14.2 tilt=-7.8
2026-06-27 19:57:32.999 [DEBUG] [marker_detector] ibvs eu=-13 ev=+15 eu_s=-12.1 ev_s=+21.5 dpan=-0.44 dtilt=-0.79 pan=13.7 tilt=-8.6 err=20px
2026-06-27 19:57:33.108 [DEBUG] [marker_detector] ibvs eu=-15 ev=+5 eu_s=-14.5 ev_s=+5.5 dpan=-0.20 dtilt=-0.08 pan=13.3 tilt=-8.8 err=15px
2026-06-27 19:57:33.210 [DEBUG] [marker_detector] ibvs eu=-5 ev=+9 eu_s=-5.7 ev_s=+9.2 dpan=+0.00 dtilt=+0.00 pan=13.3 tilt=-8.8 err=10px DB
2026-06-27 19:57:33.318 [DEBUG] [marker_detector] ibvs eu=-15 ev=+21 eu_s=-13.6 ev_s=+18.3 dpan=-0.44 dtilt=-0.59 pan=12.9 tilt=-9.4 err=25px
2026-06-27 19:57:33.424 [DEBUG] [marker_detector] ibvs eu=-22 ev=+31 eu_s=-21.0 ev_s=+29.8 dpan=-1.05 dtilt=-1.49 pan=11.0 tilt=-12.1 err=38px
2026-06-27 19:57:33.531 [DEBUG] [marker_detector] ibvs eu=-13 ev=+29 eu_s=-14.9 ev_s=+30.1 dpan=-0.75 dtilt=-1.50 pan=9.2 tilt=-15.3 err=32px
2026-06-27 19:57:33.636 [DEBUG] [marker_detector] ibvs eu=+6 ev=+17 eu_s=+3.0 ev_s=+19.5 dpan=+0.07 dtilt=-0.48 pan=8.9 tilt=-17.2 err=18px
2026-06-27 19:57:33.737 [DEBUG] [marker_detector] ibvs eu=+3 ev=-18 eu_s=+3.6 ev_s=-15.0 dpan=+0.05 dtilt=+0.20 pan=8.9 tilt=-17.0 err=19px
2026-06-27 19:57:33.840 [DEBUG] [marker_detector] ibvs eu=-5 ev=-27 eu_s=-4.7 ev_s=-26.5 dpan=-0.20 dtilt=+1.12 pan=8.6 tilt=-15.1 err=28px
2026-06-27 19:57:33.944 [DEBUG] [marker_detector] ibvs eu=-10 ev=-24 eu_s=-9.5 ev_s=-24.9 dpan=-0.40 dtilt=+1.03 pan=7.9 tilt=-12.8 err=26px
2026-06-27 19:57:34.046 [DEBUG] [marker_detector] ibvs tag_lost timer start pan=7.3 tilt=-12.7
2026-06-27 19:57:34.100 [DEBUG] [marker_detector] ibvs eu=-20 ev=+38 eu_s=-20.2 ev_s=+29.3 dpan=-1.01 dtilt=-1.47 pan=6.3 tilt=-14.2 err=43px
2026-06-27 19:57:34.202 [DEBUG] [marker_detector] ibvs eu=-7 ev=+47 eu_s=-8.6 ev_s=+45.8 dpan=-0.43 dtilt=-2.00 pan=5.1 tilt=-18.2 err=48px
2026-06-27 19:57:34.252 [DEBUG] [marker_detector] ibvs tag_lost timer start pan=5.1 tilt=-18.2
2026-06-27 19:57:34.355 [DEBUG] [marker_detector] ibvs eu=+15 ev=+11 eu_s=+14.2 ev_s=+14.0 dpan=+0.35 dtilt=-0.35 pan=5.9 tilt=-19.7 err=19px
2026-06-27 19:57:34.465 [DEBUG] [marker_detector] ibvs eu=+20 ev=+19 eu_s=+18.9 ev_s=+18.4 dpan=+0.77 dtilt=-0.75 pan=7.2 tilt=-21.1 err=27px
2026-06-27 19:57:34.568 [DEBUG] [marker_detector] ibvs eu=+22 ev=+16 eu_s=+22.5 ev_s=+16.6 dpan=+1.00 dtilt=-0.74 pan=9.3 tilt=-22.8 err=27px
2026-06-27 19:57:34.676 [DEBUG] [marker_detector] ibvs tag_lost timer start pan=9.9 tilt=-23.3
2026-06-27 19:57:34.729 [DEBUG] [marker_detector] ibvs eu=-14 ev=-3 eu_s=-7.7 ev_s=+0.4 dpan=+0.00 dtilt=+0.00 pan=9.9 tilt=-23.3 err=14px DB
2026-06-27 19:57:34.839 [DEBUG] [marker_detector] ibvs eu=-11 ev=+1 eu_s=-11.7 ev_s=+0.6 dpan=-0.05 dtilt=-0.00 pan=9.7 tilt=-23.3 err=11px
2026-06-27 19:57:34.949 [DEBUG] [marker_detector] ibvs eu=-9 ev=+8 eu_s=-9.2 ev_s=+7.4 dpan=+0.00 dtilt=+0.00 pan=9.7 tilt=-23.3 err=12px DB
2026-06-27 19:57:35.061 [DEBUG] [marker_detector] ibvs eu=-4 ev=+9 eu_s=-4.8 ev_s=+8.6 dpan=+0.00 dtilt=+0.00 pan=9.7 tilt=-23.3 err=10px DB
2026-06-27 19:57:35.165 [DEBUG] [marker_detector] ibvs eu=+9 ev=+5 eu_s=+6.4 ev_s=+5.0 dpan=+0.00 dtilt=+0.00 pan=9.7 tilt=-23.3 err=10px DB
2026-06-27 19:57:35.265 [DEBUG] [marker_detector] ibvs eu=+31 ev=+13 eu_s=+28.7 ev_s=+12.5 dpan=+1.43 dtilt=-0.62 pan=11.8 tilt=-24.1 err=34px
2026-06-27 19:57:35.397 [DEBUG] [marker_detector] ibvs tag_lost timer start pan=13.8 tilt=-25.5
2026-06-27 19:57:35.446 [DEBUG] [marker_detector] ibvs eu=+23 ev=+30 eu_s=+26.6 ev_s=+29.2 dpan=+1.33 dtilt=-1.46 pan=15.1 tilt=-27.0 err=38px
2026-06-27 19:57:35.566 [DEBUG] [marker_detector] ibvs eu=+20 ev=+12 eu_s=+18.6 ev_s=+13.7 dpan=+0.61 dtilt=-0.45 pan=16.3 tilt=-28.2 err=23px
2026-06-27 19:57:35.703 [DEBUG] [marker_detector] ibvs eu=+22 ev=-11 eu_s=+21.7 ev_s=-8.0 dpan=+0.71 dtilt=+0.26 pan=17.7 tilt=-28.1 err=24px
2026-06-27 19:57:35.807 [DEBUG] [marker_detector] ibvs eu=+27 ev=-9 eu_s=+25.9 ev_s=-9.0 dpan=+1.13 dtilt=+0.39 pan=19.5 tilt=-27.4 err=28px
2026-06-27 19:57:35.941 [DEBUG] [marker_detector] ibvs eu=+35 ev=+1 eu_s=+33.8 ev_s=+0.2 dpan=+1.69 dtilt=-0.01 pan=22.6 tilt=-27.3 err=35px
2026-06-27 19:57:36.042 [DEBUG] [marker_detector] ibvs eu=+17 ev=+4 eu_s=+17.9 ev_s=+4.0 dpan=+0.37 dtilt=-0.08 pan=23.8 tilt=-27.5 err=17px
2026-06-27 19:57:36.170 [DEBUG] [marker_detector] ibvs eu=+4 ev=+14 eu_s=+6.3 ev_s=+12.3 dpan=+0.06 dtilt=-0.12 pan=24.1 tilt=-27.7 err=14px
2026-06-27 19:57:36.276 [DEBUG] [marker_detector] ibvs eu=-3 ev=+23 eu_s=-3.0 ev_s=+22.8 dpan=-0.10 dtilt=-0.74 pan=23.9 tilt=-29.0 err=23px
2026-06-27 19:57:36.376 [DEBUG] [marker_detector] ibvs eu=-1 ev=+23 eu_s=-1.4 ev_s=+23.0 dpan=-0.05 dtilt=-0.75 pan=23.8 tilt=-30.5 err=23px
2026-06-27 19:57:36.532 [DEBUG] [marker_detector] ibvs eu=-5 ev=+9 eu_s=-4.4 ev_s=+11.6 dpan=-0.03 dtilt=-0.07 pan=23.7 tilt=-31.1 err=10px
2026-06-27 19:57:36.635 [DEBUG] [marker_detector] ibvs eu=-2 ev=+12 eu_s=-2.3 ev_s=+12.1 dpan=-0.01 dtilt=-0.07 pan=23.7 tilt=-31.2 err=13px
2026-06-27 19:57:36.769 [DEBUG] [marker_detector] ibvs eu=-5 ev=-0 eu_s=-4.4 ev_s=+1.0 dpan=+0.00 dtilt=+0.00 pan=23.7 tilt=-31.2 err=5px DB
2026-06-27 19:57:36.870 [DEBUG] [marker_detector] ibvs eu=-5 ev=-1 eu_s=-4.9 ev_s=-1.0 dpan=+0.00 dtilt=+0.00 pan=23.7 tilt=-31.2 err=5px DB
2026-06-27 19:57:36.977 [DEBUG] [marker_detector] ibvs eu=-5 ev=+4 eu_s=-5.1 ev_s=+3.3 dpan=+0.00 dtilt=+0.00 pan=23.7 tilt=-31.2 err=6px DB
2026-06-27 19:57:37.100 [DEBUG] [marker_detector] ibvs eu=-8 ev=+3 eu_s=-7.8 ev_s=+3.1 dpan=+0.00 dtilt=+0.00 pan=23.7 tilt=-31.2 err=9px DB
2026-06-27 19:57:37.203 [DEBUG] [marker_detector] ibvs eu=-8 ev=+4 eu_s=-8.0 ev_s=+4.1 dpan=+0.00 dtilt=+0.00 pan=23.7 tilt=-31.2 err=9px DB
2026-06-27 19:57:37.334 [DEBUG] [marker_detector] ibvs eu=-8 ev=+5 eu_s=-8.0 ev_s=+5.0 dpan=+0.00 dtilt=+0.00 pan=23.7 tilt=-31.2 err=9px DB
2026-06-27 19:57:37.435 [DEBUG] [marker_detector] ibvs eu=-10 ev=+5 eu_s=-9.9 ev_s=+5.3 dpan=+0.00 dtilt=+0.00 pan=23.7 tilt=-31.2 err=11px DB
2026-06-27 19:57:37.572 [DEBUG] [marker_detector] ibvs eu=-8 ev=+8 eu_s=-8.6 ev_s=+7.3 dpan=+0.00 dtilt=+0.00 pan=23.7 tilt=-31.2 err=11px DB
2026-06-27 19:57:37.674 [DEBUG] [marker_detector] ibvs eu=-12 ev=+12 eu_s=-11.6 ev_s=+11.4 dpan=-0.18 dtilt=-0.18 pan=23.3 tilt=-31.5 err=17px
2026-06-27 19:57:37.796 [DEBUG] [marker_detector] ibvs eu=-10 ev=+11 eu_s=-10.6 ev_s=+10.7 dpan=-0.13 dtilt=-0.13 pan=23.1 tilt=-31.8 err=15px
2026-06-27 19:57:37.940 [DEBUG] [marker_detector] ibvs eu=-9 ev=+11 eu_s=-9.1 ev_s=+11.2 dpan=-0.10 dtilt=-0.12 pan=22.8 tilt=-32.1 err=14px
2026-06-27 19:57:38.043 [DEBUG] [marker_detector] ibvs eu=-18 ev=+12 eu_s=-17.9 ev_s=+11.8 dpan=-0.51 dtilt=-0.34 pan=22.0 tilt=-32.7 err=22px
2026-06-27 19:57:38.196 [DEBUG] [marker_detector] ibvs eu=+15 ev=+31 eu_s=+10.2 ev_s=+28.4 dpan=+0.51 dtilt=-1.42 pan=22.3 tilt=-34.5 err=35px
2026-06-27 19:57:38.292 [DEBUG] [marker_detector] ibvs eu=+28 ev=+52 eu_s=+26.0 ev_s=+50.1 dpan=+1.30 dtilt=-2.00 pan=24.5 tilt=-35.0 err=59px CLAMP_TILT
2026-06-27 19:57:38.427 [DEBUG] [marker_detector] ibvs eu=+55 ev=+57 eu_s=+52.7 ev_s=+55.4 dpan=+2.00 dtilt=-2.00 pan=28.5 tilt=-35.0 err=79px CLAMP_TILT
2026-06-27 19:57:38.528 [DEBUG] [marker_detector] ibvs eu=+26 ev=+68 eu_s=+28.0 ev_s=+67.3 dpan=+1.40 dtilt=-2.00 pan=31.6 tilt=-35.0 err=73px CLAMP_TILT
2026-06-27 19:57:38.650 [DEBUG] [marker_detector] ibvs eu=+1 ev=+75 eu_s=+2.8 ev_s=+74.4 dpan=+0.14 dtilt=-2.00 pan=32.2 tilt=-35.0 err=75px CLAMP_TILT
2026-06-27 19:57:38.776 [DEBUG] [marker_detector] ibvs eu=-29 ev=+75 eu_s=-27.0 ev_s=+75.2 dpan=-1.35 dtilt=-2.00 pan=29.8 tilt=-35.0 err=81px CLAMP_TILT
2026-06-27 19:57:38.881 [DEBUG] [marker_detector] ibvs eu=-31 ev=+81 eu_s=-30.9 ev_s=+80.2 dpan=-1.54 dtilt=-2.00 pan=26.7 tilt=-35.0 err=87px CLAMP_TILT
2026-06-27 19:57:39.035 [DEBUG] [marker_detector] ibvs eu=-6 ev=+87 eu_s=-10.2 ev_s=+86.0 dpan=-0.51 dtilt=-2.00 pan=24.9 tilt=-35.0 err=87px CLAMP_TILT
2026-06-27 19:57:39.139 [DEBUG] [marker_detector] ibvs eu=-2 ev=+87 eu_s=-3.5 ev_s=+86.7 dpan=-0.17 dtilt=-2.00 pan=24.2 tilt=-35.0 err=87px CLAMP_TILT
2026-06-27 19:57:39.283 [DEBUG] [marker_detector] ibvs eu=+5 ev=+91 eu_s=+4.2 ev_s=+90.6 dpan=+0.21 dtilt=-2.00 pan=24.5 tilt=-35.0 err=91px CLAMP_TILT
2026-06-27 19:57:39.391 [DEBUG] [marker_detector] ibvs eu=-3 ev=+92 eu_s=-1.8 ev_s=+92.8 dpan=-0.09 dtilt=-2.00 pan=24.4 tilt=-35.0 err=93px CLAMP_TILT
2026-06-27 19:57:39.547 [DEBUG] [marker_detector] ibvs eu=-8 ev=+93 eu_s=-7.3 ev_s=+93.3 dpan=-0.36 dtilt=-2.00 pan=23.8 tilt=-35.0 err=94px CLAMP_TILT
2026-06-27 19:57:39.654 [DEBUG] [marker_detector] ibvs eu=-20 ev=+110 eu_s=-18.6 ev_s=+108.4 dpan=-0.93 dtilt=-2.00 pan=22.3 tilt=-35.0 err=112px CLAMP_TILT
2026-06-27 19:57:39.777 [DEBUG] [marker_detector] ibvs eu=-12 ev=+110 eu_s=-13.3 ev_s=+110.2 dpan=-0.66 dtilt=-2.00 pan=20.7 tilt=-35.0 err=111px CLAMP_TILT
2026-06-27 19:57:39.890 [DEBUG] [marker_detector] ibvs eu=-12 ev=+113 eu_s=-12.4 ev_s=+112.7 dpan=-0.62 dtilt=-2.00 pan=19.4 tilt=-35.0 err=114px CLAMP_TILT
2026-06-27 19:57:39.992 [DEBUG] [marker_detector] ibvs eu=-10 ev=+128 eu_s=-10.3 ev_s=+126.6 dpan=-0.51 dtilt=-2.00 pan=18.4 tilt=-35.0 err=129px CLAMP_TILT
2026-06-27 19:57:40.149 [DEBUG] [marker_detector] ibvs eu=-2 ev=+133 eu_s=-2.7 ev_s=+132.6 dpan=-0.14 dtilt=-2.00 pan=17.9 tilt=-35.0 err=133px CLAMP_TILT
2026-06-27 19:57:40.252 [DEBUG] [marker_detector] ibvs eu=-6 ev=+128 eu_s=-5.7 ev_s=+127.9 dpan=-0.28 dtilt=-2.00 pan=17.4 tilt=-35.0 err=128px CLAMP_TILT
2026-06-27 19:57:40.395 [DEBUG] [marker_detector] ibvs eu=-8 ev=+128 eu_s=-7.4 ev_s=+128.2 dpan=-0.37 dtilt=-2.00 pan=16.8 tilt=-35.0 err=128px CLAMP_TILT
2026-06-27 19:57:40.497 [DEBUG] [marker_detector] ibvs eu=-11 ev=+124 eu_s=-11.0 ev_s=+124.4 dpan=-0.55 dtilt=-2.00 pan=15.7 tilt=-35.0 err=125px CLAMP_TILT
2026-06-27 19:57:40.638 [DEBUG] [marker_detector] ibvs eu=-0 ev=+121 eu_s=-0.9 ev_s=+121.4 dpan=-0.05 dtilt=-2.00 pan=15.5 tilt=-35.0 err=121px CLAMP_TILT
2026-06-27 19:57:40.743 [DEBUG] [marker_detector] ibvs eu=+13 ev=+124 eu_s=+12.4 ev_s=+124.3 dpan=+0.62 dtilt=-2.00 pan=16.6 tilt=-35.0 err=125px CLAMP_TILT
2026-06-27 19:57:40.857 [DEBUG] [marker_detector] ibvs eu=+14 ev=+121 eu_s=+14.1 ev_s=+121.0 dpan=+0.71 dtilt=-2.00 pan=18.0 tilt=-35.0 err=121px CLAMP_TILT
2026-06-27 19:57:40.997 [DEBUG] [marker_detector] ibvs eu=+3 ev=+124 eu_s=+4.1 ev_s=+123.6 dpan=+0.20 dtilt=-2.00 pan=18.6 tilt=-35.0 err=124px CLAMP_TILT
2026-06-27 19:57:41.100 [DEBUG] [marker_detector] ibvs eu=-7 ev=+128 eu_s=-5.3 ev_s=+127.9 dpan=-0.27 dtilt=-2.00 pan=18.5 tilt=-35.0 err=129px CLAMP_TILT
2026-06-27 19:57:41.235 [DEBUG] [marker_detector] ibvs eu=-12 ev=+120 eu_s=-11.5 ev_s=+121.4 dpan=-0.57 dtilt=-2.00 pan=17.4 tilt=-35.0 err=121px CLAMP_TILT
2026-06-27 19:57:41.336 [DEBUG] [marker_detector] ibvs eu=-13 ev=+116 eu_s=-12.5 ev_s=+116.7 dpan=-0.62 dtilt=-2.00 pan=16.2 tilt=-35.0 err=117px CLAMP_TILT
2026-06-27 19:57:41.500 [DEBUG] [marker_detector] ibvs eu=-15 ev=+111 eu_s=-14.5 ev_s=+111.8 dpan=-0.73 dtilt=-2.00 pan=14.8 tilt=-35.0 err=112px CLAMP_TILT
2026-06-27 19:57:41.600 [DEBUG] [marker_detector] ibvs eu=-13 ev=+69 eu_s=-12.8 ev_s=+71.9 dpan=-0.64 dtilt=-2.00 pan=13.6 tilt=-35.0 err=70px CLAMP_TILT
2026-06-27 19:57:41.701 [DEBUG] [marker_detector] ibvs tag_lost timer start pan=13.1 tilt=-35.0
2026-06-27 19:57:41.873 [DEBUG] [marker_detector] ibvs eu=-6 ev=-74 eu_s=-6.7 ev_s=-48.6 dpan=-0.34 dtilt=+2.00 pan=12.7 tilt=-33.0 err=74px
2026-06-27 19:57:41.984 [DEBUG] [marker_detector] ibvs eu=-1 ev=-93 eu_s=-1.2 ev_s=-90.1 dpan=-0.06 dtilt=+2.00 pan=12.6 tilt=-29.0 err=93px
2026-06-27 19:57:42.108 [DEBUG] [marker_detector] ibvs eu=-51 ev=-95 eu_s=-43.6 ev_s=-95.9 dpan=-2.00 dtilt=+2.00 pan=10.0 tilt=-25.0 err=108px
2026-06-27 19:57:42.200 [DEBUG] [marker_detector] ibvs tag_lost timer start pan=8.0 tilt=-23.0
2026-06-27 19:57:42.340 [DEBUG] [marker_detector] ibvs eu=-49 ev=-102 eu_s=-49.7 ev_s=-103.3 dpan=-2.00 dtilt=+2.00 pan=6.0 tilt=-21.0 err=113px
2026-06-27 19:57:42.444 [DEBUG] [marker_detector] ibvs eu=-64 ev=-125 eu_s=-61.8 ev_s=-121.2 dpan=-2.00 dtilt=+2.00 pan=2.0 tilt=-17.0 err=140px
2026-06-27 19:57:42.544 [DEBUG] [marker_detector] ibvs eu=-37 ev=-121 eu_s=-39.8 ev_s=-120.1 dpan=-1.99 dtilt=+2.00 pan=-2.0 tilt=-13.0 err=127px
2026-06-27 19:57:42.595 [DEBUG] [marker_detector] ibvs tag_lost timer start pan=-2.0 tilt=-13.0
2026-06-27 19:57:42.699 [DEBUG] [marker_detector] ibvs eu=-8 ev=-99 eu_s=-12.3 ev_s=-101.8 dpan=-0.62 dtilt=+2.00 pan=-4.0 tilt=-9.0 err=100px
2026-06-27 19:57:42.801 [DEBUG] [marker_detector] ibvs eu=-2 ev=-85 eu_s=-4.5 ev_s=-88.9 dpan=-0.23 dtilt=+2.00 pan=-4.9 tilt=-5.0 err=85px
2026-06-27 19:57:42.912 [DEBUG] [marker_detector] ibvs eu=-14 ev=-51 eu_s=-12.8 ev_s=-56.1 dpan=-0.64 dtilt=+2.00 pan=-6.0 tilt=-1.0 err=53px
2026-06-27 19:57:43.014 [DEBUG] [marker_detector] ibvs eu=-19 ev=-44 eu_s=-18.1 ev_s=-44.7 dpan=-0.91 dtilt=+2.00 pan=-7.6 tilt=3.0 err=48px
2026-06-27 19:57:43.059 [DEBUG] [marker_detector] ibvs tag_lost timer start pan=-7.6 tilt=3.0
2026-06-27 19:57:43.164 [DEBUG] [marker_detector] ibvs eu=-17 ev=+16 eu_s=-17.1 ev_s=+10.2 dpan=-0.42 dtilt=-0.25 pan=-8.6 tilt=3.1 err=23px
2026-06-27 19:57:43.265 [DEBUG] [marker_detector] ibvs tag_lost timer start pan=-9.8 tilt=2.1
2026-06-27 19:57:43.317 [DEBUG] [marker_detector] ibvs eu=-40 ev=+42 eu_s=-36.7 ev_s=+37.2 dpan=-1.84 dtilt=-1.86 pan=-11.6 tilt=0.3 err=58px
2026-06-27 19:57:43.423 [DEBUG] [marker_detector] ibvs eu=-53 ev=+41 eu_s=-49.9 ev_s=+41.6 dpan=-2.00 dtilt=-2.00 pan=-15.5 tilt=-3.7 err=67px
2026-06-27 19:57:43.527 [DEBUG] [marker_detector] ibvs eu=-55 ev=+5 eu_s=-54.4 ev_s=+10.9 dpan=-2.00 dtilt=-0.54 pan=-19.5 tilt=-6.1 err=55px
2026-06-27 19:57:43.626 [DEBUG] [marker_detector] ibvs tag_lost timer start pan=-21.5 tilt=-6.0
2026-06-27 19:57:43.678 [DEBUG] [marker_detector] ibvs eu=-38 ev=-30 eu_s=-40.6 ev_s=-24.4 dpan=-2.00 dtilt=+1.22 pan=-23.5 tilt=-4.8 err=48px
2026-06-27 19:57:43.783 [DEBUG] [marker_detector] ibvs eu=-11 ev=-51 eu_s=-12.9 ev_s=-47.9 dpan=-0.64 dtilt=+2.00 pan=-25.1 tilt=-1.1 err=53px
2026-06-27 19:57:43.878 [DEBUG] [marker_detector] ibvs tag_lost timer start pan=-24.7 tilt=0.9
2026-06-27 19:57:43.940 [DEBUG] [marker_detector] ibvs eu=+9 ev=-6 eu_s=+8.6 ev_s=-14.2 dpan=+0.14 dtilt=+0.23 pan=-24.5 tilt=1.1 err=11px
2026-06-27 19:57:44.080 [DEBUG] [marker_detector] ibvs eu=-31 ev=+3 eu_s=-26.1 ev_s=+2.2 dpan=-1.05 dtilt=-0.09 pan=-25.6 tilt=1.0 err=32px
2026-06-27 19:57:44.181 [DEBUG] [marker_detector] ibvs eu=-55 ev=-1 eu_s=-51.6 ev_s=-0.5 dpan=-2.00 dtilt=+0.02 pan=-29.5 tilt=0.9 err=55px
2026-06-27 19:57:44.281 [DEBUG] [marker_detector] ibvs eu=-40 ev=+14 eu_s=-41.7 ev_s=+12.5 dpan=-2.00 dtilt=-0.62 pan=-33.5 tilt=0.1 err=42px
2026-06-27 19:57:44.382 [DEBUG] [marker_detector] ibvs eu=-10 ev=+15 eu_s=-13.0 ev_s=+15.6 dpan=-0.34 dtilt=-0.40 pan=-35.2 tilt=-1.1 err=18px
2026-06-27 19:57:44.425 [DEBUG] [marker_detector] ibvs tag_lost timer start pan=-35.2 tilt=-1.1
2026-06-27 19:57:44.526 [DEBUG] [marker_detector] ibvs eu=+39 ev=-11 eu_s=+36.4 ev_s=-8.6 dpan=+1.82 dtilt=+0.43 pan=-32.2 tilt=-0.7 err=40px
2026-06-27 19:57:44.629 [DEBUG] [marker_detector] ibvs eu=+46 ev=-6 eu_s=+45.8 ev_s=-5.8 dpan=+2.00 dtilt=+0.29 pan=-28.2 tilt=-0.1 err=47px
2026-06-27 19:57:44.731 [DEBUG] [marker_detector] ibvs eu=+16 ev=+1 eu_s=+19.8 ev_s=+0.1 dpan=+0.49 dtilt=-0.00 pan=-26.0 tilt=0.0 err=16px
2026-06-27 19:57:44.831 [DEBUG] [marker_detector] ibvs eu=-18 ev=+16 eu_s=-12.9 ev_s=+15.4 dpan=-0.33 dtilt=-0.39 pan=-26.3 tilt=-0.5 err=24px
2026-06-27 19:57:44.935 [DEBUG] [marker_detector] ibvs eu=-8 ev=+22 eu_s=-8.5 ev_s=+21.4 dpan=-0.28 dtilt=-0.70 pan=-26.8 tilt=-1.6 err=24px
2026-06-27 19:57:45.026 [DEBUG] [marker_detector] ibvs tag_lost timer start pan=-26.8 tilt=-2.7
2026-06-27 19:57:45.074 [DEBUG] [marker_detector] ibvs eu=+29 ev=+39 eu_s=+23.2 ev_s=+36.5 dpan=+1.16 dtilt=-1.82 pan=-25.6 tilt=-4.5 err=49px
2026-06-27 19:57:45.167 [DEBUG] [marker_detector] ibvs eu=+53 ev=+48 eu_s=+48.7 ev_s=+47.0 dpan=+2.00 dtilt=-2.00 pan=-22.0 tilt=-8.5 err=71px
2026-06-27 19:57:45.266 [DEBUG] [marker_detector] ibvs eu=+59 ev=+14 eu_s=+59.5 ev_s=+17.1 dpan=+2.00 dtilt=-0.86 pan=-18.0 tilt=-10.9 err=61px
2026-06-27 19:57:45.362 [DEBUG] [marker_detector] ibvs tag_lost timer start pan=-16.0 tilt=-11.7
2026-06-27 19:57:45.408 [DEBUG] [marker_detector] ibvs eu=+18 ev=-17 eu_s=+22.7 ev_s=-10.1 dpan=+0.84 dtilt=+0.37 pan=-15.2 tilt=-11.3 err=24px
2026-06-27 19:57:45.457 [DEBUG] [marker_detector] ibvs tag_lost timer start pan=-15.2 tilt=-11.3
2026-06-27 19:57:45.557 [DEBUG] [marker_detector] ibvs eu=+35 ev=-40 eu_s=+33.5 ev_s=-37.7 dpan=+1.68 dtilt=+1.89 pan=-12.1 tilt=-7.9 err=53px
2026-06-27 19:57:45.659 [DEBUG] [marker_detector] ibvs eu=+38 ev=-48 eu_s=+38.8 ev_s=-47.7 dpan=+1.94 dtilt=+2.00 pan=-8.2 tilt=-3.9 err=61px
2026-06-27 19:57:45.705 [DEBUG] [marker_detector] ibvs tag_lost timer start pan=-8.2 tilt=-3.9
2026-06-27 19:57:45.804 [DEBUG] [marker_detector] ibvs eu=+33 ev=-8 eu_s=+32.8 ev_s=-10.3 dpan=+1.64 dtilt=+0.51 pan=-4.9 tilt=-2.4 err=34px
2026-06-27 19:57:45.853 [DEBUG] [marker_detector] ibvs tag_lost timer start pan=-4.9 tilt=-2.4
2026-06-27 19:57:46.000 [DEBUG] [marker_detector] ibvs eu=-19 ev=+15 eu_s=-16.3 ev_s=+13.9 dpan=-0.46 dtilt=-0.40 pan=-5.4 tilt=-2.9 err=24px
2026-06-27 19:57:46.098 [DEBUG] [marker_detector] ibvs eu=-19 ev=-11 eu_s=-18.3 ev_s=-8.7 dpan=-0.47 dtilt=+0.22 pan=-6.2 tilt=-2.7 err=22px
2026-06-27 19:57:46.209 [DEBUG] [marker_detector] ibvs eu=-18 ev=-8 eu_s=-17.8 ev_s=-7.7 dpan=-0.42 dtilt=+0.18 pan=-7.1 tilt=-2.3 err=19px
2026-06-27 19:57:46.310 [DEBUG] [marker_detector] ibvs eu=-14 ev=-9 eu_s=-14.8 ev_s=-9.3 dpan=-0.28 dtilt=+0.18 pan=-7.8 tilt=-1.8 err=17px
2026-06-27 19:57:46.419 [DEBUG] [marker_detector] ibvs eu=-3 ev=-10 eu_s=-5.5 ev_s=-9.5 dpan=+0.00 dtilt=+0.00 pan=-8.1 tilt=-1.7 err=10px DB
2026-06-27 19:57:46.517 [DEBUG] [marker_detector] ibvs eu=-2 ev=-9 eu_s=-2.5 ev_s=-9.1 dpan=+0.00 dtilt=+0.00 pan=-8.1 tilt=-1.7 err=9px DB
2026-06-27 19:57:46.619 [DEBUG] [marker_detector] ibvs eu=+3 ev=-9 eu_s=+2.6 ev_s=-8.8 dpan=+0.00 dtilt=+0.00 pan=-8.1 tilt=-1.7 err=9px DB
2026-06-27 19:57:46.718 [DEBUG] [marker_detector] ibvs eu=+3 ev=-9 eu_s=+2.9 ev_s=-8.8 dpan=+0.00 dtilt=+0.00 pan=-8.1 tilt=-1.7 err=9px DB
2026-06-27 19:57:46.819 [DEBUG] [marker_detector] ibvs eu=+3 ev=-9 eu_s=+3.0 ev_s=-8.9 dpan=+0.00 dtilt=+0.00 pan=-8.1 tilt=-1.7 err=9px DB
2026-06-27 19:57:46.918 [DEBUG] [marker_detector] ibvs eu=+3 ev=-9 eu_s=+3.0 ev_s=-8.8 dpan=+0.00 dtilt=+0.00 pan=-8.1 tilt=-1.7 err=9px DB
2026-06-27 19:57:47.019 [DEBUG] [marker_detector] ibvs eu=+3 ev=-9 eu_s=+3.0 ev_s=-8.8 dpan=+0.00 dtilt=+0.00 pan=-8.1 tilt=-1.7 err=9px DB
2026-06-27 19:57:47.116 [DEBUG] [marker_detector] ibvs eu=+3 ev=-9 eu_s=+3.0 ev_s=-8.8 dpan=+0.00 dtilt=+0.00 pan=-8.1 tilt=-1.7 err=9px DB
2026-06-27 19:57:47.215 [DEBUG] [marker_detector] ibvs eu=+3 ev=-9 eu_s=+3.1 ev_s=-8.8 dpan=+0.00 dtilt=+0.00 pan=-8.1 tilt=-1.7 err=9px DB
2026-06-27 19:57:47.313 [DEBUG] [marker_detector] ibvs eu=+3 ev=-9 eu_s=+3.0 ev_s=-8.9 dpan=+0.00 dtilt=+0.00 pan=-8.1 tilt=-1.7 err=9px DB
2026-06-27 19:57:47.415 [DEBUG] [marker_detector] ibvs eu=+3 ev=-9 eu_s=+3.0 ev_s=-8.8 dpan=+0.00 dtilt=+0.00 pan=-8.1 tilt=-1.7 err=9px DB
2026-06-27 19:57:47.512 [DEBUG] [marker_detector] ibvs eu=+3 ev=-9 eu_s=+3.0 ev_s=-8.8 dpan=+0.00 dtilt=+0.00 pan=-8.1 tilt=-1.7 err=9px DB
2026-06-27 19:57:47.615 [DEBUG] [marker_detector] ibvs eu=+3 ev=-9 eu_s=+3.0 ev_s=-8.9 dpan=+0.00 dtilt=+0.00 pan=-8.1 tilt=-1.7 err=9px DB
2026-06-27 19:57:47.717 [DEBUG] [marker_detector] ibvs eu=+3 ev=-9 eu_s=+3.0 ev_s=-8.9 dpan=+0.00 dtilt=+0.00 pan=-8.1 tilt=-1.7 err=9px DB
2026-06-27 19:57:47.814 [DEBUG] [marker_detector] ibvs eu=+3 ev=-9 eu_s=+3.0 ev_s=-8.8 dpan=+0.00 dtilt=+0.00 pan=-8.1 tilt=-1.7 err=9px DB
2026-06-27 19:57:47.916 [DEBUG] [marker_detector] ibvs eu=+3 ev=-9 eu_s=+3.0 ev_s=-8.9 dpan=+0.00 dtilt=+0.00 pan=-8.1 tilt=-1.7 err=9px DB
2026-06-27 19:57:48.017 [DEBUG] [marker_detector] ibvs eu=+3 ev=-9 eu_s=+3.0 ev_s=-8.9 dpan=+0.00 dtilt=+0.00 pan=-8.1 tilt=-1.7 err=9px DB
2026-06-27 19:57:48.117 [DEBUG] [marker_detector] ibvs eu=+3 ev=-9 eu_s=+3.0 ev_s=-8.9 dpan=+0.00 dtilt=+0.00 pan=-8.1 tilt=-1.7 err=9px DB
2026-06-27 19:57:48.215 [DEBUG] [marker_detector] ibvs eu=+3 ev=-9 eu_s=+3.0 ev_s=-8.9 dpan=+0.00 dtilt=+0.00 pan=-8.1 tilt=-1.7 err=9px DB
2026-06-27 19:57:48.314 [DEBUG] [marker_detector] ibvs eu=+3 ev=-9 eu_s=+3.0 ev_s=-8.9 dpan=+0.00 dtilt=+0.00 pan=-8.1 tilt=-1.7 err=9px DB
2026-06-27 19:57:48.413 [DEBUG] [marker_detector] ibvs eu=+3 ev=-9 eu_s=+3.1 ev_s=-8.9 dpan=+0.00 dtilt=+0.00 pan=-8.1 tilt=-1.7 err=9px DB
2026-06-27 19:57:48.516 [DEBUG] [marker_detector] ibvs eu=+3 ev=-9 eu_s=+3.1 ev_s=-8.9 dpan=+0.00 dtilt=+0.00 pan=-8.1 tilt=-1.7 err=9px DB
2026-06-27 19:57:48.614 [DEBUG] [marker_detector] ibvs eu=+3 ev=-9 eu_s=+3.0 ev_s=-8.9 dpan=+0.00 dtilt=+0.00 pan=-8.1 tilt=-1.7 err=9px DB
2026-06-27 19:57:48.715 [DEBUG] [marker_detector] ibvs eu=+3 ev=-9 eu_s=+3.1 ev_s=-8.9 dpan=+0.00 dtilt=+0.00 pan=-8.1 tilt=-1.7 err=9px DB
2026-06-27 19:57:48.815 [DEBUG] [marker_detector] ibvs eu=+3 ev=-9 eu_s=+3.1 ev_s=-8.9 dpan=+0.00 dtilt=+0.00 pan=-8.1 tilt=-1.7 err=9px DB
2026-06-27 19:57:48.915 [DEBUG] [marker_detector] ibvs eu=+3 ev=-9 eu_s=+3.0 ev_s=-8.9 dpan=+0.00 dtilt=+0.00 pan=-8.1 tilt=-1.7 err=9px DB
2026-06-27 19:57:49.013 [DEBUG] [marker_detector] ibvs eu=+3 ev=-9 eu_s=+3.0 ev_s=-8.9 dpan=+0.00 dtilt=+0.00 pan=-8.1 tilt=-1.7 err=9px DB
2026-06-27 19:57:49.113 [DEBUG] [marker_detector] ibvs eu=+3 ev=-9 eu_s=+3.1 ev_s=-8.9 dpan=+0.00 dtilt=+0.00 pan=-8.1 tilt=-1.7 err=9px DB
2026-06-27 19:57:49.213 [DEBUG] [marker_detector] ibvs eu=+3 ev=-9 eu_s=+3.0 ev_s=-8.9 dpan=+0.00 dtilt=+0.00 pan=-8.1 tilt=-1.7 err=9px DB
2026-06-27 19:57:49.314 [DEBUG] [marker_detector] ibvs eu=+3 ev=-9 eu_s=+3.1 ev_s=-8.9 dpan=+0.00 dtilt=+0.00 pan=-8.1 tilt=-1.7 err=9px DB
2026-06-27 19:57:49.411 [DEBUG] [marker_detector] ibvs eu=+3 ev=-9 eu_s=+3.1 ev_s=-8.9 dpan=+0.00 dtilt=+0.00 pan=-8.1 tilt=-1.7 err=9px DB
2026-06-27 19:57:49.518 [DEBUG] [marker_detector] ibvs eu=+3 ev=-9 eu_s=+3.0 ev_s=-8.9 dpan=+0.00 dtilt=+0.00 pan=-8.1 tilt=-1.7 err=9px DB
2026-06-27 19:57:49.616 [DEBUG] [marker_detector] ibvs eu=+3 ev=-9 eu_s=+3.1 ev_s=-8.9 dpan=+0.00 dtilt=+0.00 pan=-8.1 tilt=-1.7 err=9px DB
2026-06-27 19:57:49.718 [DEBUG] [marker_detector] ibvs eu=+3 ev=-9 eu_s=+3.0 ev_s=-8.9 dpan=+0.00 dtilt=+0.00 pan=-8.1 tilt=-1.7 err=9px DB
2026-06-27 19:57:49.819 [DEBUG] [marker_detector] ibvs eu=+3 ev=-9 eu_s=+3.1 ev_s=-8.9 dpan=+0.00 dtilt=+0.00 pan=-8.1 tilt=-1.7 err=9px DB
2026-06-27 19:57:49.919 [DEBUG] [marker_detector] ibvs eu=+3 ev=-9 eu_s=+3.0 ev_s=-8.9 dpan=+0.00 dtilt=+0.00 pan=-8.1 tilt=-1.7 err=9px DB
2026-06-27 19:57:50.018 [DEBUG] [marker_detector] ibvs eu=+3 ev=-9 eu_s=+3.0 ev_s=-8.9 dpan=+0.00 dtilt=+0.00 pan=-8.1 tilt=-1.7 err=9px DB
2026-06-27 19:57:50.115 [DEBUG] [marker_detector] ibvs eu=+3 ev=-9 eu_s=+3.1 ev_s=-9.0 dpan=+0.00 dtilt=+0.00 pan=-8.1 tilt=-1.7 err=9px DB
2026-06-27 19:57:50.216 [DEBUG] [marker_detector] ibvs eu=+3 ev=-9 eu_s=+3.0 ev_s=-8.9 dpan=+0.00 dtilt=+0.00 pan=-8.1 tilt=-1.7 err=9px DB
2026-06-27 19:57:50.319 [DEBUG] [marker_detector] ibvs eu=+3 ev=-9 eu_s=+3.1 ev_s=-8.9 dpan=+0.00 dtilt=+0.00 pan=-8.1 tilt=-1.7 err=9px DB
2026-06-27 19:57:50.419 [DEBUG] [marker_detector] ibvs eu=+3 ev=-9 eu_s=+3.1 ev_s=-8.9 dpan=+0.00 dtilt=+0.00 pan=-8.1 tilt=-1.7 err=9px DB
2026-06-27 19:57:50.520 [DEBUG] [marker_detector] ibvs eu=+3 ev=-9 eu_s=+3.1 ev_s=-8.9 dpan=+0.00 dtilt=+0.00 pan=-8.1 tilt=-1.7 err=9px DB
2026-06-27 19:57:50.623 [DEBUG] [marker_detector] ibvs eu=+3 ev=-9 eu_s=+3.1 ev_s=-8.9 dpan=+0.00 dtilt=+0.00 pan=-8.1 tilt=-1.7 err=9px DB
2026-06-27 19:57:50.722 [DEBUG] [marker_detector] ibvs eu=+3 ev=-9 eu_s=+3.1 ev_s=-8.9 dpan=+0.00 dtilt=+0.00 pan=-8.1 tilt=-1.7 err=9px DB
2026-06-27 19:57:50.826 [DEBUG] [marker_detector] ibvs eu=+3 ev=-9 eu_s=+3.0 ev_s=-9.0 dpan=+0.00 dtilt=+0.00 pan=-8.1 tilt=-1.7 err=9px DB
2026-06-27 19:57:50.926 [DEBUG] [marker_detector] ibvs eu=+3 ev=-9 eu_s=+3.1 ev_s=-8.9 dpan=+0.00 dtilt=+0.00 pan=-8.1 tilt=-1.7 err=9px DB
2026-06-27 19:57:51.023 [DEBUG] [marker_detector] ibvs eu=+3 ev=-9 eu_s=+3.1 ev_s=-8.9 dpan=+0.00 dtilt=+0.00 pan=-8.1 tilt=-1.7 err=9px DB
2026-06-27 19:57:51.123 [DEBUG] [marker_detector] ibvs eu=+3 ev=-9 eu_s=+3.0 ev_s=-9.0 dpan=+0.00 dtilt=+0.00 pan=-8.1 tilt=-1.7 err=9px DB
2026-06-27 19:57:51.224 [DEBUG] [marker_detector] ibvs eu=+3 ev=-9 eu_s=+3.1 ev_s=-9.0 dpan=+0.00 dtilt=+0.00 pan=-8.1 tilt=-1.7 err=9px DB
2026-06-27 19:57:51.323 [DEBUG] [marker_detector] ibvs eu=+3 ev=-9 eu_s=+3.1 ev_s=-8.9 dpan=+0.00 dtilt=+0.00 pan=-8.1 tilt=-1.7 err=9px DB
2026-06-27 19:57:51.422 [DEBUG] [marker_detector] ibvs eu=+3 ev=-9 eu_s=+3.0 ev_s=-8.9 dpan=+0.00 dtilt=+0.00 pan=-8.1 tilt=-1.7 err=9px DB
2026-06-27 19:57:51.519 [DEBUG] [marker_detector] ibvs eu=+3 ev=-9 eu_s=+3.1 ev_s=-9.0 dpan=+0.00 dtilt=+0.00 pan=-8.1 tilt=-1.7 err=10px DB
2026-06-27 19:57:51.621 [DEBUG] [marker_detector] ibvs eu=+3 ev=-9 eu_s=+3.1 ev_s=-8.9 dpan=+0.00 dtilt=+0.00 pan=-8.1 tilt=-1.7 err=9px DB
2026-06-27 19:57:51.721 [DEBUG] [marker_detector] ibvs eu=+3 ev=-9 eu_s=+3.0 ev_s=-8.9 dpan=+0.00 dtilt=+0.00 pan=-8.1 tilt=-1.7 err=9px DB
2026-06-27 19:57:51.821 [DEBUG] [marker_detector] ibvs eu=+3 ev=-9 eu_s=+3.0 ev_s=-8.9 dpan=+0.00 dtilt=+0.00 pan=-8.1 tilt=-1.7 err=9px DB
2026-06-27 19:57:51.921 [DEBUG] [marker_detector] ibvs eu=+3 ev=-9 eu_s=+3.0 ev_s=-9.0 dpan=+0.00 dtilt=+0.00 pan=-8.1 tilt=-1.7 err=9px DB
2026-06-27 19:57:52.022 [DEBUG] [marker_detector] ibvs eu=+3 ev=-9 eu_s=+3.0 ev_s=-9.0 dpan=+0.00 dtilt=+0.00 pan=-8.1 tilt=-1.7 err=10px DB
2026-06-27 19:57:52.124 [DEBUG] [marker_detector] ibvs eu=+3 ev=-9 eu_s=+3.1 ev_s=-8.9 dpan=+0.00 dtilt=+0.00 pan=-8.1 tilt=-1.7 err=9px DB
2026-06-27 19:57:52.222 [DEBUG] [marker_detector] ibvs eu=+3 ev=-9 eu_s=+3.0 ev_s=-9.0 dpan=+0.00 dtilt=+0.00 pan=-8.1 tilt=-1.7 err=10px DB
2026-06-27 19:57:52.322 [DEBUG] [marker_detector] ibvs eu=+3 ev=-9 eu_s=+3.0 ev_s=-9.1 dpan=+0.00 dtilt=+0.00 pan=-8.1 tilt=-1.7 err=10px DB
2026-06-27 19:57:52.423 [DEBUG] [marker_detector] ibvs eu=+3 ev=-9 eu_s=+3.1 ev_s=-9.0 dpan=+0.00 dtilt=+0.00 pan=-8.1 tilt=-1.7 err=9px DB
2026-06-27 19:57:52.524 [DEBUG] [marker_detector] ibvs eu=+3 ev=-9 eu_s=+3.0 ev_s=-9.2 dpan=+0.00 dtilt=+0.00 pan=-8.1 tilt=-1.7 err=10px DB
2026-06-27 19:57:52.622 [DEBUG] [marker_detector] ibvs eu=+3 ev=-9 eu_s=+3.0 ev_s=-9.1 dpan=+0.00 dtilt=+0.00 pan=-8.1 tilt=-1.7 err=10px DB
2026-06-27 19:57:52.728 [DEBUG] [marker_detector] ibvs eu=+3 ev=-9 eu_s=+3.1 ev_s=-8.9 dpan=+0.00 dtilt=+0.00 pan=-8.1 tilt=-1.7 err=9px DB
2026-06-27 19:57:52.830 [DEBUG] [marker_detector] ibvs eu=+3 ev=-9 eu_s=+3.1 ev_s=-8.9 dpan=+0.00 dtilt=+0.00 pan=-8.1 tilt=-1.7 err=9px DB
2026-06-27 19:57:52.941 [DEBUG] [marker_detector] ibvs eu=+3 ev=-9 eu_s=+3.1 ev_s=-8.9 dpan=+0.00 dtilt=+0.00 pan=-8.1 tilt=-1.7 err=9px DB
2026-06-27 19:57:53.043 [DEBUG] [marker_detector] ibvs eu=+3 ev=-9 eu_s=+3.1 ev_s=-9.0 dpan=+0.00 dtilt=+0.00 pan=-8.1 tilt=-1.7 err=9px DB
2026-06-27 19:57:53.150 [DEBUG] [marker_detector] ibvs eu=+3 ev=-9 eu_s=+3.1 ev_s=-8.9 dpan=+0.00 dtilt=+0.00 pan=-8.1 tilt=-1.7 err=9px DB
2026-06-27 19:57:53.253 [DEBUG] [marker_detector] ibvs eu=+3 ev=-9 eu_s=+3.1 ev_s=-9.0 dpan=+0.00 dtilt=+0.00 pan=-8.1 tilt=-1.7 err=10px DB
2026-06-27 19:57:53.362 [DEBUG] [marker_detector] ibvs eu=+3 ev=-9 eu_s=+3.1 ev_s=-9.0 dpan=+0.00 dtilt=+0.00 pan=-8.1 tilt=-1.7 err=10px DB
2026-06-27 19:57:53.468 [DEBUG] [marker_detector] ibvs eu=+3 ev=-9 eu_s=+3.1 ev_s=-9.0 dpan=+0.00 dtilt=+0.00 pan=-8.1 tilt=-1.7 err=10px DB
2026-06-27 19:57:53.574 [DEBUG] [marker_detector] ibvs eu=+3 ev=-9 eu_s=+3.1 ev_s=-9.1 dpan=+0.00 dtilt=+0.00 pan=-8.1 tilt=-1.7 err=10px DB
2026-06-27 19:57:53.677 [DEBUG] [marker_detector] ibvs eu=+3 ev=-9 eu_s=+3.1 ev_s=-9.0 dpan=+0.00 dtilt=+0.00 pan=-8.1 tilt=-1.7 err=10px DB
2026-06-27 19:57:53.786 [DEBUG] [marker_detector] ibvs eu=+3 ev=-9 eu_s=+3.3 ev_s=-8.6 dpan=+0.00 dtilt=+0.00 pan=-8.1 tilt=-1.7 err=9px DB
2026-06-27 19:57:53.888 [DEBUG] [marker_detector] ibvs eu=+4 ev=-9 eu_s=+3.7 ev_s=-8.6 dpan=+0.00 dtilt=+0.00 pan=-8.1 tilt=-1.7 err=9px DB
2026-06-27 19:57:54.000 [DEBUG] [marker_detector] ibvs eu=+4 ev=-9 eu_s=+3.8 ev_s=-9.0 dpan=+0.00 dtilt=+0.00 pan=-8.1 tilt=-1.7 err=10px DB
2026-06-27 19:57:54.108 [DEBUG] [marker_detector] ibvs eu=+4 ev=-9 eu_s=+4.0 ev_s=-8.9 dpan=+0.00 dtilt=+0.00 pan=-8.1 tilt=-1.7 err=10px DB
2026-06-27 19:57:54.212 [DEBUG] [marker_detector] ibvs eu=+4 ev=-9 eu_s=+4.0 ev_s=-9.1 dpan=+0.00 dtilt=+0.00 pan=-8.1 tilt=-1.7 err=10px DB
2026-06-27 19:57:54.318 [DEBUG] [marker_detector] ibvs eu=+4 ev=-10 eu_s=+4.0 ev_s=-9.7 dpan=+0.00 dtilt=+0.00 pan=-8.1 tilt=-1.7 err=11px DB
2026-06-27 19:57:54.422 [DEBUG] [marker_detector] ibvs eu=+3 ev=-9 eu_s=+3.2 ev_s=-9.0 dpan=+0.00 dtilt=+0.00 pan=-8.1 tilt=-1.7 err=9px DB
2026-06-27 19:57:54.529 [DEBUG] [marker_detector] ibvs eu=+3 ev=-9 eu_s=+3.5 ev_s=-9.2 dpan=+0.00 dtilt=+0.00 pan=-8.1 tilt=-1.7 err=10px DB
2026-06-27 19:57:54.637 [DEBUG] [marker_detector] ibvs eu=+4 ev=-9 eu_s=+3.6 ev_s=-9.0 dpan=+0.00 dtilt=+0.00 pan=-8.1 tilt=-1.7 err=10px DB
2026-06-27 19:57:54.745 [DEBUG] [marker_detector] ibvs eu=+2 ev=-9 eu_s=+2.3 ev_s=-9.4 dpan=+0.00 dtilt=+0.00 pan=-8.1 tilt=-1.7 err=10px DB
2026-06-27 19:57:54.849 [DEBUG] [marker_detector] ibvs eu=+3 ev=-9 eu_s=+3.2 ev_s=-8.7 dpan=+0.00 dtilt=+0.00 pan=-8.1 tilt=-1.7 err=9px DB
2026-06-27 19:57:54.953 [DEBUG] [marker_detector] ibvs eu=+4 ev=-9 eu_s=+4.0 ev_s=-8.8 dpan=+0.00 dtilt=+0.00 pan=-8.1 tilt=-1.7 err=10px DB
2026-06-27 19:57:55.053 [DEBUG] [marker_detector] ibvs eu=+4 ev=-9 eu_s=+4.1 ev_s=-9.2 dpan=+0.00 dtilt=+0.00 pan=-8.1 tilt=-1.7 err=10px DB
2026-06-27 19:57:55.159 [DEBUG] [marker_detector] ibvs eu=+4 ev=-9 eu_s=+3.9 ev_s=-9.4 dpan=+0.00 dtilt=+0.00 pan=-8.1 tilt=-1.7 err=10px DB
2026-06-27 19:57:55.263 [DEBUG] [marker_detector] ibvs eu=+4 ev=-9 eu_s=+3.8 ev_s=-9.0 dpan=+0.00 dtilt=+0.00 pan=-8.1 tilt=-1.7 err=10px DB
2026-06-27 19:57:55.369 [DEBUG] [marker_detector] ibvs eu=+4 ev=-9 eu_s=+3.6 ev_s=-9.3 dpan=+0.00 dtilt=+0.00 pan=-8.1 tilt=-1.7 err=10px DB
2026-06-27 19:57:55.470 [DEBUG] [marker_detector] ibvs eu=+4 ev=-9 eu_s=+3.7 ev_s=-8.9 dpan=+0.00 dtilt=+0.00 pan=-8.1 tilt=-1.7 err=10px DB
2026-06-27 19:57:55.574 [DEBUG] [marker_detector] ibvs eu=+3 ev=-6 eu_s=+3.1 ev_s=-7.0 dpan=+0.00 dtilt=+0.00 pan=-8.1 tilt=-1.7 err=7px DB
2026-06-27 19:57:55.678 [DEBUG] [marker_detector] ibvs eu=+3 ev=-6 eu_s=+3.5 ev_s=-5.9 dpan=+0.00 dtilt=+0.00 pan=-8.1 tilt=-1.7 err=7px DB
2026-06-27 19:57:55.778 [DEBUG] [marker_detector] ibvs eu=+3 ev=+9 eu_s=+2.8 ev_s=+7.2 dpan=+0.00 dtilt=+0.00 pan=-8.1 tilt=-1.7 err=9px DB
2026-06-27 19:57:55.879 [DEBUG] [marker_detector] ibvs eu=-3 ev=+3 eu_s=-2.4 ev_s=+4.0 dpan=+0.00 dtilt=+0.00 pan=-8.1 tilt=-1.7 err=4px DB
2026-06-27 19:57:55.929 [DEBUG] [marker_detector] ibvs tag_lost timer start pan=-8.1 tilt=-1.7
2026-06-27 19:57:56.088 [DEBUG] [marker_detector] ibvs eu=-4 ev=-105 eu_s=-3.3 ev_s=-99.6 dpan=-0.17 dtilt=+2.00 pan=-8.3 tilt=2.3 err=105px
2026-06-27 19:57:56.194 [DEBUG] [marker_detector] ibvs eu=-5 ev=-55 eu_s=-4.7 ev_s=-63.4 dpan=-0.23 dtilt=+2.00 pan=-8.8 tilt=6.3 err=56px
2026-06-27 19:57:56.295 [DEBUG] [marker_detector] ibvs tag_lost timer start pan=-8.7 tilt=8.2
2026-06-27 19:57:56.390 [DEBUG] [marker_detector] ibvs eu=-26 ev=+76 eu_s=-20.7 ev_s=+53.4 dpan=-1.03 dtilt=-2.00 pan=-9.8 tilt=6.2 err=81px
2026-06-27 19:57:56.489 [DEBUG] [marker_detector] ibvs eu=-26 ev=+82 eu_s=-25.7 ev_s=+81.2 dpan=-1.28 dtilt=-2.00 pan=-12.4 tilt=2.2 err=86px
2026-06-27 19:57:56.582 [DEBUG] [marker_detector] ibvs eu=+14 ev=+56 eu_s=+10.2 ev_s=+59.1 dpan=+0.51 dtilt=-2.00 pan=-12.0 tilt=-1.8 err=58px
2026-06-27 19:57:56.682 [DEBUG] [marker_detector] ibvs eu=+27 ev=+16 eu_s=+26.8 ev_s=+19.9 dpan=+1.34 dtilt=-1.00 pan=-9.5 tilt=-4.7 err=31px
2026-06-27 19:57:56.779 [DEBUG] [marker_detector] ibvs eu=+14 ev=-33 eu_s=+15.7 ev_s=-27.9 dpan=+0.78 dtilt=+1.40 pan=-7.8 tilt=-3.0 err=36px
2026-06-27 19:57:56.884 [DEBUG] [marker_detector] ibvs eu=-6 ev=-47 eu_s=-4.2 ev_s=-45.2 dpan=-0.21 dtilt=+2.00 pan=-7.8 tilt=1.0 err=47px
2026-06-27 19:57:56.982 [DEBUG] [marker_detector] ibvs eu=-11 ev=-19 eu_s=-10.8 ev_s=-24.2 dpan=-0.45 dtilt=+1.00 pan=-8.7 tilt=4.0 err=22px
2026-06-27 19:57:57.028 [DEBUG] [marker_detector] ibvs tag_lost timer start pan=-8.7 tilt=4.0
2026-06-27 19:57:57.124 [DEBUG] [marker_detector] ibvs eu=-23 ev=+55 eu_s=-22.0 ev_s=+47.1 dpan=-1.10 dtilt=-2.00 pan=-10.5 tilt=1.3 err=59px
2026-06-27 19:57:57.220 [DEBUG] [marker_detector] ibvs eu=-16 ev=+67 eu_s=-17.6 ev_s=+64.9 dpan=-0.88 dtilt=-2.00 pan=-12.5 tilt=-2.7 err=69px
2026-06-27 19:57:57.321 [DEBUG] [marker_detector] ibvs eu=+2 ev=+39 eu_s=-0.3 ev_s=+42.5 dpan=-0.01 dtilt=-2.00 pan=-13.0 tilt=-6.7 err=39px
2026-06-27 19:57:57.416 [DEBUG] [marker_detector] ibvs eu=+1 ev=+1 eu_s=+1.2 ev_s=+6.1 dpan=+0.00 dtilt=+0.00 pan=-12.9 tilt=-7.7 err=2px DB
2026-06-27 19:57:57.520 [DEBUG] [marker_detector] ibvs eu=-7 ev=-5 eu_s=-6.5 ev_s=-4.1 dpan=+0.00 dtilt=+0.00 pan=-12.9 tilt=-7.7 err=8px DB
2026-06-27 19:57:57.616 [DEBUG] [marker_detector] ibvs eu=-6 ev=-3 eu_s=-5.8 ev_s=-3.4 dpan=+0.00 dtilt=+0.00 pan=-12.9 tilt=-7.7 err=7px DB
2026-06-27 19:57:57.728 [DEBUG] [marker_detector] ibvs eu=-18 ev=-4 eu_s=-16.1 ev_s=-4.0 dpan=-0.26 dtilt=+0.06 pan=-13.1 tilt=-7.6 err=18px
2026-06-27 19:57:57.854 [DEBUG] [marker_detector] ibvs eu=-47 ev=-5 eu_s=-43.7 ev_s=-4.2 dpan=-2.00 dtilt=+0.21 pan=-16.6 tilt=-7.3 err=48px
2026-06-27 19:57:57.954 [DEBUG] [marker_detector] ibvs eu=-41 ev=-15 eu_s=-43.2 ev_s=-14.6 dpan=-2.00 dtilt=+0.73 pan=-20.6 tilt=-6.0 err=44px
2026-06-27 19:57:58.054 [DEBUG] [marker_detector] ibvs eu=-24 ev=-27 eu_s=-27.0 ev_s=-25.5 dpan=-1.35 dtilt=+1.28 pan=-23.8 tilt=-3.6 err=36px
2026-06-27 19:57:58.150 [DEBUG] [marker_detector] ibvs eu=+1 ev=-25 eu_s=-3.6 ev_s=-25.0 dpan=-0.14 dtilt=+0.95 pan=-25.0 tilt=-1.4 err=25px
2026-06-27 19:57:58.298 [DEBUG] [marker_detector] ibvs eu=+26 ev=-12 eu_s=+23.1 ev_s=-14.5 dpan=+1.00 dtilt=+0.62 pan=-23.5 tilt=0.3 err=29px
2026-06-27 19:57:58.344 [DEBUG] [marker_detector] ibvs tag_lost timer start pan=-23.5 tilt=0.3
2026-06-27 19:57:58.441 [DEBUG] [marker_detector] ibvs eu=+37 ev=+17 eu_s=+36.1 ev_s=+14.9 dpan=+1.80 dtilt=-0.75 pan=-20.0 tilt=-0.8 err=40px
2026-06-27 19:57:58.575 [DEBUG] [marker_detector] ibvs eu=+25 ev=+21 eu_s=+27.8 ev_s=+19.8 dpan=+1.39 dtilt=-0.99 pan=-16.7 tilt=-2.6 err=32px
2026-06-27 19:57:58.624 [DEBUG] [marker_detector] ibvs tag_lost timer start pan=-16.7 tilt=-2.6
2026-06-27 19:57:58.722 [DEBUG] [marker_detector] ibvs eu=-39 ev=+4 eu_s=-33.1 ev_s=+5.9 dpan=-1.66 dtilt=-0.29 pan=-18.5 tilt=-3.2 err=39px
2026-06-27 19:57:58.851 [DEBUG] [marker_detector] ibvs eu=-48 ev=+5 eu_s=-46.8 ev_s=+5.1 dpan=-2.00 dtilt=-0.25 pan=-22.5 tilt=-3.7 err=48px
2026-06-27 19:57:58.895 [DEBUG] [marker_detector] ibvs tag_lost timer start pan=-22.5 tilt=-3.7
2026-06-27 19:57:58.997 [DEBUG] [marker_detector] ibvs eu=+6 ev=+1 eu_s=-0.7 ev_s=+0.9 dpan=+0.00 dtilt=+0.00 pan=-23.6 tilt=-3.7 err=6px DB
2026-06-27 19:57:59.125 [DEBUG] [marker_detector] ibvs eu=+0 ev=+4 eu_s=+0.9 ev_s=+4.0 dpan=+0.00 dtilt=+0.00 pan=-23.6 tilt=-3.7 err=4px DB
2026-06-27 19:57:59.227 [DEBUG] [marker_detector] ibvs eu=+7 ev=-5 eu_s=+6.8 ev_s=-4.3 dpan=+0.00 dtilt=+0.00 pan=-23.6 tilt=-3.7 err=9px DB
2026-06-27 19:57:59.360 [DEBUG] [marker_detector] ibvs eu=+4 ev=-11 eu_s=+4.9 ev_s=-10.1 dpan=+0.02 dtilt=+0.03 pan=-23.6 tilt=-3.7 err=12px
2026-06-27 19:57:59.464 [DEBUG] [marker_detector] ibvs eu=-0 ev=-18 eu_s=+0.6 ev_s=-17.6 dpan=+0.01 dtilt=+0.33 pan=-23.5 tilt=-3.1 err=18px
2026-06-27 19:57:59.567 [DEBUG] [marker_detector] ibvs eu=-9 ev=-22 eu_s=-7.4 ev_s=-21.3 dpan=-0.23 dtilt=+0.67 pan=-23.8 tilt=-2.1 err=24px
2026-06-27 19:57:59.720 [DEBUG] [marker_detector] ibvs eu=-8 ev=-8 eu_s=-8.1 ev_s=-10.8 dpan=-0.07 dtilt=+0.10 pan=-24.2 tilt=-1.1 err=11px
2026-06-27 19:57:59.820 [DEBUG] [marker_detector] ibvs eu=-7 ev=-11 eu_s=-7.2 ev_s=-11.4 dpan=-0.06 dtilt=+0.10 pan=-24.3 tilt=-0.9 err=14px
2026-06-27 19:57:59.967 [DEBUG] [marker_detector] ibvs eu=-11 ev=-9 eu_s=-10.9 ev_s=-8.9 dpan=-0.11 dtilt=+0.09 pan=-24.5 tilt=-0.8 err=14px
2026-06-27 19:58:00.069 [DEBUG] [marker_detector] ibvs eu=-16 ev=-15 eu_s=-15.9 ev_s=-14.3 dpan=-0.45 dtilt=+0.41 pan=-25.3 tilt=-0.1 err=22px
2026-06-27 19:58:00.242 [DEBUG] [marker_detector] ibvs eu=-4 ev=-18 eu_s=-5.4 ev_s=-17.8 dpan=-0.12 dtilt=+0.38 pan=-25.7 tilt=0.7 err=18px
2026-06-27 19:58:00.357 [DEBUG] [marker_detector] ibvs eu=+20 ev=-6 eu_s=+18.3 ev_s=-6.5 dpan=+0.43 dtilt=+0.15 pan=-25.1 tilt=1.0 err=21px
2026-06-27 19:58:00.516 [DEBUG] [marker_detector] ibvs eu=+31 ev=-11 eu_s=+29.4 ev_s=-10.5 dpan=+1.47 dtilt=+0.53 pan=-22.8 tilt=1.8 err=33px
2026-06-27 19:58:00.617 [DEBUG] [marker_detector] ibvs eu=+36 ev=+1 eu_s=+35.6 ev_s=+0.2 dpan=+1.78 dtilt=-0.01 pan=-19.3 tilt=1.9 err=36px
2026-06-27 19:58:00.722 [DEBUG] [marker_detector] ibvs eu=+2 ev=+7 eu_s=+5.8 ev_s=+5.5 dpan=+0.00 dtilt=+0.00 pan=-18.7 tilt=1.9 err=7px DB
2026-06-27 19:58:00.850 [DEBUG] [marker_detector] ibvs eu=-20 ev=+1 eu_s=-18.8 ev_s=+2.1 dpan=-0.42 dtilt=-0.05 pan=-19.2 tilt=1.8 err=20px
2026-06-27 19:58:00.948 [DEBUG] [marker_detector] ibvs eu=-27 ev=+0 eu_s=-25.8 ev_s=+0.6 dpan=-1.02 dtilt=-0.02 pan=-21.0 tilt=1.7 err=27px
2026-06-27 19:58:01.073 [DEBUG] [marker_detector] ibvs tag_lost timer start pan=-22.5 tilt=1.7
2026-06-27 19:58:01.170 [DEBUG] [marker_detector] ibvs eu=-4 ev=-0 eu_s=-9.8 ev_s=-0.1 dpan=+0.00 dtilt=+0.00 pan=-22.5 tilt=1.7 err=4px DB
2026-06-27 19:58:01.290 [DEBUG] [marker_detector] ibvs eu=+2 ev=-2 eu_s=+1.3 ev_s=-2.0 dpan=+0.00 dtilt=+0.00 pan=-22.5 tilt=1.7 err=3px DB
2026-06-27 19:58:01.407 [DEBUG] [marker_detector] ibvs eu=+17 ev=+2 eu_s=+15.0 ev_s=+1.0 dpan=+0.19 dtilt=-0.01 pan=-22.4 tilt=1.7 err=17px
2026-06-27 19:58:01.509 [DEBUG] [marker_detector] ibvs eu=+35 ev=+1 eu_s=+33.4 ev_s=+0.7 dpan=+1.67 dtilt=-0.04 pan=-19.6 tilt=1.7 err=35px
2026-06-27 19:58:01.664 [DEBUG] [marker_detector] ibvs eu=+23 ev=+7 eu_s=+26.3 ev_s=+6.3 dpan=+1.12 dtilt=-0.27 pan=-16.5 tilt=1.2 err=24px
2026-06-27 19:58:01.761 [DEBUG] [marker_detector] ibvs eu=+0 ev=+4 eu_s=+4.6 ev_s=+4.5 dpan=+0.00 dtilt=+0.00 pan=-15.8 tilt=1.0 err=4px DB
2026-06-27 19:58:01.862 [DEBUG] [marker_detector] ibvs eu=-17 ev=+5 eu_s=-14.9 ev_s=+4.3 dpan=-0.21 dtilt=-0.06 pan=-16.0 tilt=0.9 err=17px
2026-06-27 19:58:01.957 [DEBUG] [marker_detector] ibvs eu=-24 ev=+10 eu_s=-22.7 ev_s=+9.4 dpan=-0.83 dtilt=-0.34 pan=-17.2 tilt=0.4 err=26px
2026-06-27 19:58:02.066 [DEBUG] [marker_detector] ibvs eu=-22 ev=+23 eu_s=-23.0 ev_s=+20.6 dpan=-1.15 dtilt=-1.03 pan=-19.5 tilt=-1.1 err=32px
2026-06-27 19:58:02.160 [DEBUG] [marker_detector] ibvs tag_lost timer start pan=-20.4 tilt=-2.5
2026-06-27 19:58:02.212 [DEBUG] [marker_detector] ibvs eu=+9 ev=+6 eu_s=+3.4 ev_s=+10.0 dpan=+0.01 dtilt=-0.02 pan=-20.4 tilt=-2.5 err=10px
2026-06-27 19:58:02.308 [DEBUG] [marker_detector] ibvs eu=+21 ev=-10 eu_s=+19.7 ev_s=-8.7 dpan=+0.57 dtilt=+0.25 pan=-19.6 tilt=-2.2 err=23px
2026-06-27 19:58:02.402 [DEBUG] [marker_detector] ibvs eu=+41 ev=-11 eu_s=+38.6 ev_s=-11.4 dpan=+1.93 dtilt=+0.57 pan=-16.2 tilt=-1.0 err=42px
2026-06-27 19:58:02.499 [DEBUG] [marker_detector] ibvs eu=+53 ev=-6 eu_s=+51.7 ev_s=-7.0 dpan=+2.00 dtilt=+0.35 pan=-12.2 tilt=-0.1 err=53px
2026-06-27 19:58:02.590 [DEBUG] [marker_detector] ibvs eu=+55 ev=+18 eu_s=+54.3 ev_s=+15.6 dpan=+2.00 dtilt=-0.78 pan=-8.2 tilt=-1.3 err=58px
2026-06-27 19:58:02.627 [DEBUG] [marker_detector] ibvs tag_lost timer start pan=-8.2 tilt=-1.3
2026-06-27 19:58:02.714 [DEBUG] [marker_detector] ibvs tag_lost timer start pan=-6.2 tilt=-2.8
2026-06-27 19:58:02.851 [DEBUG] [marker_detector] ibvs eu=+82 ev=+15 eu_s=+74.7 ev_s=+18.5 dpan=+2.00 dtilt=-0.93 pan=-4.2 tilt=-3.7 err=83px
2026-06-27 19:58:02.944 [DEBUG] [marker_detector] ibvs eu=+94 ev=+23 eu_s=+92.5 ev_s=+21.9 dpan=+2.00 dtilt=-1.09 pan=-0.2 tilt=-5.8 err=97px
2026-06-27 19:58:03.031 [DEBUG] [marker_detector] ibvs tag_lost timer start pan=1.8 tilt=-6.3
2026-06-27 19:58:03.129 [DEBUG] [marker_detector] ibvs eu=-21 ev=-21 eu_s=-1.5 ev_s=-14.9 dpan=-0.02 dtilt=+0.19 pan=1.8 tilt=-6.1 err=30px
2026-06-27 19:58:03.227 [DEBUG] [marker_detector] ibvs eu=-32 ev=-41 eu_s=-30.2 ev_s=-37.9 dpan=-1.51 dtilt=+1.90 pan=-0.7 tilt=-3.0 err=53px
2026-06-27 19:58:03.326 [DEBUG] [marker_detector] ibvs eu=-20 ev=-43 eu_s=-22.2 ev_s=-43.1 dpan=-1.11 dtilt=+2.00 pan=-3.4 tilt=1.0 err=48px
2026-06-27 19:58:03.367 [DEBUG] [marker_detector] ibvs tag_lost timer start pan=-3.4 tilt=1.0
2026-06-27 19:58:03.503 [DEBUG] [marker_detector] ibvs eu=+57 ev=-1 eu_s=+53.3 ev_s=-2.4 dpan=+2.00 dtilt=+0.12 pan=0.5 tilt=1.5 err=57px
2026-06-27 19:58:03.605 [DEBUG] [marker_detector] ibvs eu=+67 ev=+7 eu_s=+65.7 ev_s=+5.3 dpan=+2.00 dtilt=-0.26 pan=4.5 tilt=1.4 err=67px
2026-06-27 19:58:03.648 [DEBUG] [marker_detector] ibvs tag_lost timer start pan=4.5 tilt=1.4
2026-06-27 19:58:03.744 [DEBUG] [marker_detector] ibvs eu=+40 ev=+25 eu_s=+41.2 ev_s=+22.6 dpan=+2.00 dtilt=-1.13 pan=8.5 tilt=-0.4 err=47px
2026-06-27 19:58:03.834 [DEBUG] [marker_detector] ibvs eu=+52 ev=+15 eu_s=+52.5 ev_s=+16.3 dpan=+2.00 dtilt=-0.81 pan=12.5 tilt=-2.4 err=54px
2026-06-27 19:58:03.882 [DEBUG] [marker_detector] ibvs tag_lost timer start pan=12.5 tilt=-2.4
2026-06-27 19:58:03.985 [DEBUG] [marker_detector] ibvs tag_lost timer start pan=14.5 tilt=-2.5
2026-06-27 19:58:04.034 [DEBUG] [marker_detector] ibvs eu=+30 ev=-13 eu_s=+32.8 ev_s=-10.1 dpan=+1.64 dtilt=+0.50 pan=16.1 tilt=-2.0 err=33px
2026-06-27 19:58:04.130 [DEBUG] [marker_detector] ibvs eu=+29 ev=-18 eu_s=+28.6 ev_s=-17.1 dpan=+1.43 dtilt=+0.85 pan=18.8 tilt=-0.4 err=34px
2026-06-27 19:58:04.178 [DEBUG] [marker_detector] ibvs tag_lost timer start pan=18.8 tilt=-0.4
2026-06-27 19:58:04.274 [DEBUG] [marker_detector] ibvs eu=+13 ev=-17 eu_s=+14.9 ev_s=-17.7 dpan=+0.49 dtilt=+0.58 pan=20.3 tilt=1.1 err=22px
2026-06-27 19:58:04.372 [DEBUG] [marker_detector] ibvs eu=+28 ev=-2 eu_s=+27.6 ev_s=-4.9 dpan=+1.25 dtilt=+0.22 pan=22.9 tilt=2.1 err=28px
2026-06-27 19:58:04.468 [DEBUG] [marker_detector] ibvs eu=+43 ev=+14 eu_s=+41.4 ev_s=+11.0 dpan=+2.00 dtilt=-0.55 pan=26.7 tilt=1.7 err=45px
2026-06-27 19:58:04.568 [DEBUG] [marker_detector] ibvs eu=+36 ev=+14 eu_s=+37.1 ev_s=+13.4 dpan=+1.85 dtilt=-0.67 pan=30.6 tilt=0.4 err=39px
2026-06-27 19:58:04.700 [DEBUG] [marker_detector] ibvs eu=+21 ev=+14 eu_s=+21.0 ev_s=+13.9 dpan=+0.80 dtilt=-0.53 pan=32.3 tilt=-0.6 err=25px
2026-06-27 19:58:04.801 [DEBUG] [marker_detector] ibvs eu=+13 ev=+7 eu_s=+12.1 ev_s=+7.9 dpan=+0.13 dtilt=-0.09 pan=32.6 tilt=-0.9 err=15px
2026-06-27 19:58:04.939 [DEBUG] [marker_detector] ibvs eu=+26 ev=+6 eu_s=+23.6 ev_s=+6.3 dpan=+0.85 dtilt=-0.23 pan=33.6 tilt=-1.2 err=27px
2026-06-27 19:58:05.038 [DEBUG] [marker_detector] ibvs eu=+56 ev=+1 eu_s=+53.3 ev_s=+1.0 dpan=+2.00 dtilt=-0.05 pan=37.6 tilt=-1.4 err=56px
2026-06-27 19:58:05.130 [DEBUG] [marker_detector] ibvs tag_lost timer start pan=39.6 tilt=-1.3
2026-06-27 19:58:05.259 [DEBUG] [marker_detector] ibvs eu=+39 ev=-3 eu_s=+41.8 ev_s=-2.5 dpan=+2.00 dtilt=+0.12 pan=41.6 tilt=-1.1 err=39px
2026-06-27 19:58:05.359 [DEBUG] [marker_detector] ibvs eu=+52 ev=-1 eu_s=+50.2 ev_s=-1.4 dpan=+2.00 dtilt=+0.07 pan=45.6 tilt=-0.9 err=52px
2026-06-27 19:58:05.485 [DEBUG] [marker_detector] ibvs eu=+29 ev=+5 eu_s=+31.1 ev_s=+4.5 dpan=+1.56 dtilt=-0.22 pan=49.2 tilt=-1.2 err=29px
2026-06-27 19:58:05.533 [DEBUG] [marker_detector] ibvs tag_lost timer start pan=49.2 tilt=-1.2
2026-06-27 19:58:05.632 [DEBUG] [marker_detector] ibvs eu=-32 ev=+11 eu_s=-26.8 ev_s=+10.5 dpan=-1.26 dtilt=-0.49 pan=47.9 tilt=-1.7 err=33px
2026-06-27 19:58:05.743 [DEBUG] [marker_detector] ibvs eu=-34 ev=+4 eu_s=-33.8 ev_s=+4.2 dpan=-1.69 dtilt=-0.21 pan=44.5 tilt=-2.3 err=34px
2026-06-27 19:58:05.814 [DEBUG] [marker_detector] ibvs tag_lost timer start pan=44.5 tilt=-2.3
2026-06-27 19:58:05.953 [DEBUG] [marker_detector] ibvs eu=+15 ev=+1 eu_s=+12.4 ev_s=+1.2 dpan=+0.08 dtilt=-0.01 pan=44.6 tilt=-2.3 err=15px
2026-06-27 19:58:06.094 [DEBUG] [marker_detector] ibvs eu=+19 ev=+2 eu_s=+18.1 ev_s=+2.0 dpan=+0.37 dtilt=-0.04 pan=45.2 tilt=-2.3 err=19px
2026-06-27 19:58:06.192 [DEBUG] [marker_detector] ibvs eu=+27 ev=+3 eu_s=+25.7 ev_s=+3.1 dpan=+1.02 dtilt=-0.12 pan=46.8 tilt=-2.6 err=27px
2026-06-27 19:58:06.284 [DEBUG] [marker_detector] ibvs tag_lost timer start pan=48.1 tilt=-2.7
2026-06-27 19:58:06.413 [DEBUG] [marker_detector] ibvs eu=-1 ev=-4 eu_s=+4.4 ev_s=-2.9 dpan=+0.00 dtilt=+0.00 pan=48.1 tilt=-2.7 err=5px DB
2026-06-27 19:58:06.511 [DEBUG] [marker_detector] ibvs eu=+6 ev=-2 eu_s=+5.6 ev_s=-1.9 dpan=+0.00 dtilt=+0.00 pan=48.1 tilt=-2.7 err=7px DB
2026-06-27 19:58:06.647 [DEBUG] [marker_detector] ibvs eu=+37 ev=+2 eu_s=+33.1 ev_s=+1.6 dpan=+1.66 dtilt=-0.08 pan=50.0 tilt=-2.8 err=38px
2026-06-27 19:58:06.695 [DEBUG] [marker_detector] ibvs tag_lost timer start pan=50.0 tilt=-2.8
2026-06-27 19:58:06.834 [DEBUG] [marker_detector] ibvs eu=+94 ev=+21 eu_s=+89.8 ev_s=+19.2 dpan=+2.00 dtilt=-0.96 pan=54.0 tilt=-4.4 err=96px
2026-06-27 19:58:06.931 [DEBUG] [marker_detector] ibvs eu=+87 ev=+8 eu_s=+90.3 ev_s=+10.2 dpan=+2.00 dtilt=-0.51 pan=58.0 tilt=-6.0 err=87px
2026-06-27 19:58:07.046 [DEBUG] [marker_detector] ibvs eu=+49 ev=-16 eu_s=+53.1 ev_s=-13.2 dpan=+2.00 dtilt=+0.66 pan=62.0 tilt=-5.1 err=51px
2026-06-27 19:58:07.184 [DEBUG] [marker_detector] ibvs eu=-12 ev=-11 eu_s=-2.9 ev_s=-11.6 dpan=-0.01 dtilt=+0.06 pan=63.7 tilt=-4.4 err=17px
2026-06-27 19:58:07.279 [DEBUG] [marker_detector] ibvs tag_lost timer start pan=63.6 tilt=-4.3
2026-06-27 19:58:07.345 [DEBUG] [marker_detector] ibvs eu=-41 ev=-11 eu_s=-34.9 ev_s=-11.1 dpan=-1.74 dtilt=+0.56 pan=61.8 tilt=-3.7 err=42px
2026-06-27 19:58:07.469 [DEBUG] [marker_detector] ibvs eu=-39 ev=-7 eu_s=-39.2 ev_s=-8.0 dpan=-1.96 dtilt=+0.40 pan=57.9 tilt=-2.7 err=40px
2026-06-27 19:58:07.513 [DEBUG] [marker_detector] ibvs tag_lost timer start pan=57.9 tilt=-2.7
2026-06-27 19:58:07.615 [DEBUG] [marker_detector] ibvs tag_lost timer start pan=57.8 tilt=-2.8
2026-06-27 19:58:07.697 [DEBUG] [marker_detector] ibvs eu=+20 ev=+15 eu_s=+13.5 ev_s=+13.8 dpan=+0.31 dtilt=-0.32 pan=58.2 tilt=-3.1 err=25px
2026-06-27 19:58:07.794 [DEBUG] [marker_detector] ibvs eu=+26 ev=+17 eu_s=+25.2 ev_s=+16.3 dpan=+1.26 dtilt=-0.81 pan=60.2 tilt=-4.5 err=31px
2026-06-27 19:58:07.902 [DEBUG] [marker_detector] ibvs eu=+28 ev=+16 eu_s=+27.9 ev_s=+16.0 dpan=+1.39 dtilt=-0.80 pan=63.0 tilt=-6.1 err=32px
2026-06-27 19:58:07.973 [DEBUG] [marker_detector] ibvs tag_lost timer start pan=63.0 tilt=-6.1
2026-06-27 19:58:08.114 [DEBUG] [marker_detector] ibvs eu=-2 ev=-9 eu_s=-1.3 ev_s=-7.7 dpan=+0.00 dtilt=+0.00 pan=63.0 tilt=-6.1 err=9px DB
2026-06-27 19:58:08.250 [DEBUG] [marker_detector] ibvs eu=+8 ev=-9 eu_s=+6.3 ev_s=-9.2 dpan=+0.00 dtilt=+0.00 pan=63.0 tilt=-6.1 err=12px DB
2026-06-27 19:58:08.350 [DEBUG] [marker_detector] ibvs eu=+16 ev=-8 eu_s=+15.2 ev_s=-8.6 dpan=+0.28 dtilt=+0.16 pan=63.4 tilt=-5.8 err=18px
2026-06-27 19:58:08.463 [DEBUG] [marker_detector] ibvs eu=+26 ev=-8 eu_s=+24.6 ev_s=-8.1 dpan=+0.98 dtilt=+0.32 pan=64.8 tilt=-5.3 err=27px
2026-06-27 19:58:08.583 [DEBUG] [marker_detector] ibvs eu=+24 ev=+7 eu_s=+25.2 ev_s=+4.2 dpan=+0.98 dtilt=-0.16 pan=67.2 tilt=-5.2 err=25px
2026-06-27 19:58:08.677 [DEBUG] [marker_detector] ibvs eu=+32 ev=+7 eu_s=+31.3 ev_s=+7.0 dpan=+1.57 dtilt=-0.35 pan=70.2 tilt=-5.8 err=33px
2026-06-27 19:58:08.770 [DEBUG] [marker_detector] ibvs eu=+47 ev=+22 eu_s=+45.3 ev_s=+20.7 dpan=+2.00 dtilt=-1.04 pan=74.2 tilt=-7.6 err=52px
2026-06-27 19:58:08.859 [DEBUG] [marker_detector] ibvs tag_lost timer start pan=76.2 tilt=-8.7
2026-06-27 19:58:08.948 [DEBUG] [marker_detector] ibvs eu=+30 ev=-17 eu_s=+32.2 ev_s=-9.1 dpan=+1.61 dtilt=+0.45 pan=77.8 tilt=-8.3 err=34px
2026-06-27 19:58:09.047 [DEBUG] [marker_detector] ibvs eu=+38 ev=-17 eu_s=+37.0 ev_s=-16.7 dpan=+1.85 dtilt=+0.84 pan=81.3 tilt=-6.6 err=41px
2026-06-27 19:58:09.147 [DEBUG] [marker_detector] ibvs eu=+39 ev=-12 eu_s=+38.7 ev_s=-12.6 dpan=+1.94 dtilt=+0.63 pan=85.1 tilt=-5.2 err=41px
2026-06-27 19:58:09.244 [DEBUG] [marker_detector] ibvs eu=+35 ev=-0 eu_s=+35.3 ev_s=-1.7 dpan=+1.77 dtilt=+0.09 pan=88.8 tilt=-4.7 err=35px
2026-06-27 19:58:09.341 [DEBUG] [marker_detector] ibvs eu=+33 ev=+4 eu_s=+33.1 ev_s=+2.7 dpan=+1.66 dtilt=-0.13 pan=90.0 tilt=-4.8 err=33px CLAMP_PAN
2026-06-27 19:58:09.440 [DEBUG] [marker_detector] ibvs eu=+35 ev=+5 eu_s=+34.6 ev_s=+5.0 dpan=+1.73 dtilt=-0.25 pan=90.0 tilt=-5.2 err=35px CLAMP_PAN
2026-06-27 19:58:09.537 [DEBUG] [marker_detector] ibvs eu=+40 ev=+1 eu_s=+39.8 ev_s=+1.1 dpan=+1.99 dtilt=-0.05 pan=90.0 tilt=-5.4 err=40px CLAMP_PAN
2026-06-27 19:58:09.640 [DEBUG] [marker_detector] ibvs eu=+45 ev=-7 eu_s=+44.4 ev_s=-6.6 dpan=+2.00 dtilt=+0.33 pan=90.0 tilt=-4.9 err=45px CLAMP_PAN
2026-06-27 19:58:09.738 [DEBUG] [marker_detector] ibvs eu=+44 ev=-6 eu_s=+43.6 ev_s=-6.1 dpan=+2.00 dtilt=+0.31 pan=90.0 tilt=-4.3 err=44px CLAMP_PAN
2026-06-27 19:58:09.843 [DEBUG] [marker_detector] ibvs eu=+42 ev=-5 eu_s=+41.9 ev_s=-5.4 dpan=+2.00 dtilt=+0.27 pan=90.0 tilt=-3.7 err=42px CLAMP_PAN
2026-06-27 19:58:09.944 [DEBUG] [marker_detector] ibvs eu=+43 ev=-5 eu_s=+43.0 ev_s=-4.9 dpan=+2.00 dtilt=+0.25 pan=90.0 tilt=-3.2 err=43px CLAMP_PAN
2026-06-27 19:58:10.042 [DEBUG] [marker_detector] ibvs eu=+43 ev=+5 eu_s=+42.8 ev_s=+4.3 dpan=+2.00 dtilt=-0.21 pan=90.0 tilt=-3.5 err=43px CLAMP_PAN
2026-06-27 19:58:10.138 [DEBUG] [marker_detector] ibvs eu=+46 ev=+5 eu_s=+45.9 ev_s=+5.1 dpan=+2.00 dtilt=-0.25 pan=90.0 tilt=-4.0 err=46px CLAMP_PAN
2026-06-27 19:58:10.246 [DEBUG] [marker_detector] ibvs eu=+53 ev=+5 eu_s=+52.0 ev_s=+4.7 dpan=+2.00 dtilt=-0.24 pan=90.0 tilt=-4.5 err=53px CLAMP_PAN
2026-06-27 19:58:10.336 [DEBUG] [marker_detector] ibvs tag_lost timer start pan=90.0 tilt=-4.9
2026-06-27 19:58:10.466 [DEBUG] [marker_detector] ibvs eu=+135 ev=+24 eu_s=+120.9 ev_s=+21.5 dpan=+2.00 dtilt=-1.08 pan=90.0 tilt=-6.0 err=138px CLAMP_PAN
2026-06-27 19:58:10.562 [DEBUG] [marker_detector] ibvs eu=+156 ev=+5 eu_s=+153.6 ev_s=+7.0 dpan=+2.00 dtilt=-0.35 pan=90.0 tilt=-7.1 err=156px CLAMP_PAN
2026-06-27 19:58:10.659 [DEBUG] [marker_detector] ibvs tag_lost timer start pan=90.0 tilt=-7.0
2026-06-27 19:58:10.766 [DEBUG] [marker_detector] ibvs eu=+229 ev=+9 eu_s=+216.5 ev_s=+6.7 dpan=+2.00 dtilt=-0.33 pan=90.0 tilt=-7.3 err=229px CLAMP_PAN
2026-06-27 19:58:10.867 [DEBUG] [marker_detector] ibvs eu=+245 ev=+5 eu_s=+242.6 ev_s=+6.2 dpan=+2.00 dtilt=-0.31 pan=90.0 tilt=-8.1 err=245px CLAMP_PAN
2026-06-27 19:58:10.974 [DEBUG] [marker_detector] ibvs eu=+263 ev=+2 eu_s=+261.7 ev_s=+2.7 dpan=+2.00 dtilt=-0.14 pan=90.0 tilt=-8.4 err=263px CLAMP_PAN
2026-06-27 19:58:11.086 [DEBUG] [marker_detector] ibvs eu=+272 ev=-2 eu_s=+271.0 ev_s=-0.6 dpan=+2.00 dtilt=+0.03 pan=90.0 tilt=-8.6 err=272px CLAMP_PAN
2026-06-27 19:58:11.231 [DEBUG] [marker_detector] ibvs eu=+270 ev=-16 eu_s=+270.2 ev_s=-13.3 dpan=+2.00 dtilt=+0.66 pan=90.0 tilt=-7.8 err=270px CLAMP_PAN
2026-06-27 19:58:11.341 [DEBUG] [marker_detector] ibvs eu=+249 ev=-15 eu_s=+250.6 ev_s=-15.4 dpan=+2.00 dtilt=+0.77 pan=90.0 tilt=-6.3 err=249px CLAMP_PAN
2026-06-27 19:58:11.398 [DEBUG] [marker_detector] ibvs tag_lost timer start pan=90.0 tilt=-6.3
2026-06-27 19:58:12.143 [DEBUG] [marker_detector] ibvs eu=-188 ev=+30 eu_s=-168.9 ev_s=+27.8 dpan=-2.00 dtilt=-1.39 pan=86.0 tilt=-8.7 err=191px
2026-06-27 19:58:12.264 [DEBUG] [marker_detector] ibvs tag_lost timer start pan=84.0 tilt=-10.2
2026-06-27 19:58:12.309 [DEBUG] [marker_detector] ibvs eu=-192 ev=+11 eu_s=-191.3 ev_s=+15.2 dpan=-2.00 dtilt=-0.76 pan=82.0 tilt=-11.0 err=192px
2026-06-27 19:58:12.427 [DEBUG] [marker_detector] ibvs eu=-193 ev=-4 eu_s=-192.6 ev_s=-3.0 dpan=-2.00 dtilt=+0.15 pan=78.0 tilt=-10.8 err=193px
2026-06-27 19:58:12.542 [DEBUG] [marker_detector] ibvs eu=-215 ev=-7 eu_s=-212.3 ev_s=-7.3 dpan=-2.00 dtilt=+0.36 pan=74.0 tilt=-10.0 err=215px
2026-06-27 19:58:12.638 [DEBUG] [marker_detector] ibvs eu=-230 ev=-7 eu_s=-228.1 ev_s=-7.2 dpan=-2.00 dtilt=+0.36 pan=70.0 tilt=-9.3 err=230px
2026-06-27 19:58:12.775 [DEBUG] [marker_detector] ibvs eu=-241 ev=+2 eu_s=-241.0 ev_s=-0.6 dpan=-2.00 dtilt=+0.03 pan=66.0 tilt=-8.8 err=241px
2026-06-27 19:58:12.819 [DEBUG] [marker_detector] ibvs tag_lost timer start pan=66.0 tilt=-8.8
2026-06-27 19:58:13.734 [DEBUG] [marker_detector] ibvs eu=-250 ev=-13 eu_s=-251.6 ev_s=-12.8 dpan=-2.00 dtilt=+0.64 pan=62.0 tilt=-7.6 err=250px
2026-06-27 19:58:13.788 [DEBUG] [marker_detector] ibvs tag_lost timer start pan=62.0 tilt=-7.6
2026-06-27 19:58:14.011 [DEBUG] [marker_detector] ibvs eu=-87 ev=+27 eu_s=-95.5 ev_s=+24.6 dpan=-2.00 dtilt=-1.23 pan=58.0 tilt=-9.6 err=91px
2026-06-27 19:58:14.165 [DEBUG] [marker_detector] ibvs eu=-41 ev=+14 eu_s=-49.2 ev_s=+15.8 dpan=-2.00 dtilt=-0.79 pan=54.0 tilt=-11.6 err=43px
2026-06-27 19:58:14.264 [DEBUG] [marker_detector] ibvs eu=+8 ev=-17 eu_s=+5.4 ev_s=-16.2 dpan=+0.09 dtilt=+0.29 pan=54.1 tilt=-11.3 err=19px
2026-06-27 19:58:14.373 [DEBUG] [marker_detector] ibvs eu=+13 ev=-20 eu_s=+14.3 ev_s=-20.0 dpan=+0.52 dtilt=+0.73 pan=55.4 tilt=-9.8 err=24px
2026-06-27 19:58:14.493 [DEBUG] [marker_detector] ibvs eu=-27 ev=-30 eu_s=-22.3 ev_s=-28.4 dpan=-1.12 dtilt=+1.42 pan=54.2 tilt=-7.5 err=40px
2026-06-27 19:58:14.586 [DEBUG] [marker_detector] ibvs eu=-67 ev=-15 eu_s=-61.3 ev_s=-17.2 dpan=-2.00 dtilt=+0.86 pan=50.2 tilt=-5.4 err=68px
2026-06-27 19:58:14.634 [DEBUG] [marker_detector] ibvs tag_lost timer start pan=50.2 tilt=-5.4
2026-06-27 19:58:14.765 [DEBUG] [marker_detector] ibvs eu=-79 ev=+7 eu_s=-77.8 ev_s=+6.0 dpan=-2.00 dtilt=-0.30 pan=46.2 tilt=-5.7 err=80px
2026-06-27 19:58:14.814 [DEBUG] [marker_detector] ibvs tag_lost timer start pan=46.2 tilt=-5.7
2026-06-27 19:58:19.346 [DEBUG] [marker_detector] ibvs eu=-18 ev=-24 eu_s=-18.9 ev_s=-22.1 dpan=-0.90 dtilt=+1.05 pan=44.3 tilt=-4.0 err=30px
2026-06-27 19:58:19.469 [DEBUG] [marker_detector] ibvs eu=-2 ev=-20 eu_s=-5.4 ev_s=-20.9 dpan=-0.16 dtilt=+0.60 pan=43.1 tilt=-2.2 err=20px
2026-06-27 19:58:19.592 [DEBUG] [marker_detector] ibvs eu=+18 ev=-4 eu_s=+15.6 ev_s=-7.1 dpan=+0.28 dtilt=+0.13 pan=43.7 tilt=-1.5 err=18px
2026-06-27 19:58:19.686 [DEBUG] [marker_detector] ibvs eu=+18 ev=+2 eu_s=+17.8 ev_s=+0.3 dpan=+0.35 dtilt=-0.01 pan=44.4 tilt=-1.3 err=18px
2026-06-27 19:58:19.821 [DEBUG] [marker_detector] ibvs eu=+13 ev=+7 eu_s=+14.0 ev_s=+6.4 dpan=+0.19 dtilt=-0.09 pan=44.9 tilt=-1.5 err=15px
2026-06-27 19:58:19.915 [DEBUG] [marker_detector] ibvs eu=+0 ev=+8 eu_s=+1.6 ev_s=+7.8 dpan=+0.00 dtilt=+0.00 pan=44.9 tilt=-1.5 err=8px DB
2026-06-27 19:58:19.963 [DEBUG] [marker_detector] ibvs tag_lost timer start pan=44.9 tilt=-1.5
2026-06-27 19:58:20.099 [DEBUG] [marker_detector] ibvs eu=-35 ev=+14 eu_s=-32.7 ev_s=+13.5 dpan=-1.63 dtilt=-0.67 pan=42.5 tilt=-2.5 err=38px
2026-06-27 19:58:20.198 [DEBUG] [marker_detector] ibvs eu=-45 ev=+16 eu_s=-43.9 ev_s=+15.5 dpan=-2.00 dtilt=-0.78 pan=38.5 tilt=-4.1 err=48px
2026-06-27 19:58:20.309 [DEBUG] [marker_detector] ibvs eu=-14 ev=+3 eu_s=-17.9 ev_s=+4.4 dpan=-0.38 dtilt=-0.09 pan=36.5 tilt=-4.7 err=14px
2026-06-27 19:58:20.376 [DEBUG] [marker_detector] ibvs tag_lost timer start pan=36.5 tilt=-4.7
2026-06-27 19:58:20.474 [DEBUG] [marker_detector] ibvs eu=+14 ev=-9 eu_s=+12.8 ev_s=-8.6 dpan=+0.17 dtilt=+0.12 pan=36.7 tilt=-4.6 err=17px
2026-06-27 19:58:20.581 [DEBUG] [marker_detector] ibvs eu=+4 ev=-10 eu_s=+5.3 ev_s=-9.3 dpan=+0.00 dtilt=+0.00 pan=36.8 tilt=-4.5 err=10px DB
2026-06-27 19:58:20.699 [DEBUG] [marker_detector] ibvs tag_lost timer start pan=36.8 tilt=-4.5
2026-06-27 19:58:20.979 [DEBUG] [marker_detector] ibvs eu=-219 ev=-21 eu_s=-175.6 ev_s=-18.8 dpan=-2.00 dtilt=+0.94 pan=34.8 tilt=-3.6 err=220px
2026-06-27 19:58:21.078 [DEBUG] [marker_detector] ibvs eu=-252 ev=-18 eu_s=-245.6 ev_s=-18.0 dpan=-2.00 dtilt=+0.90 pan=30.8 tilt=-1.8 err=253px
2026-06-27 19:58:21.178 [DEBUG] [marker_detector] ibvs eu=-229 ev=-8 eu_s=-231.0 ev_s=-10.0 dpan=-2.00 dtilt=+0.50 pan=26.8 tilt=-0.4 err=229px
2026-06-27 19:58:21.277 [DEBUG] [marker_detector] ibvs eu=-192 ev=+13 eu_s=-195.9 ev_s=+10.6 dpan=-2.00 dtilt=-0.53 pan=22.8 tilt=-1.0 err=192px
2026-06-27 19:58:21.377 [DEBUG] [marker_detector] ibvs eu=-167 ev=+10 eu_s=-169.7 ev_s=+9.8 dpan=-2.00 dtilt=-0.49 pan=18.8 tilt=-1.9 err=167px
2026-06-27 19:58:21.473 [DEBUG] [marker_detector] ibvs eu=-151 ev=+7 eu_s=-152.4 ev_s=+8.2 dpan=-2.00 dtilt=-0.41 pan=14.8 tilt=-2.9 err=151px
2026-06-27 19:58:21.568 [DEBUG] [marker_detector] ibvs tag_lost timer start pan=12.8 tilt=-3.3
2026-06-27 19:58:21.618 [DEBUG] [marker_detector] ibvs eu=-116 ev=+1 eu_s=-121.5 ev_s=+2.0 dpan=-2.00 dtilt=-0.10 pan=10.8 tilt=-3.4 err=116px
2026-06-27 19:58:21.723 [DEBUG] [marker_detector] ibvs eu=-119 ev=-3 eu_s=-117.3 ev_s=-2.6 dpan=-2.00 dtilt=+0.13 pan=6.8 tilt=-3.2 err=119px
2026-06-27 19:58:21.767 [DEBUG] [marker_detector] ibvs tag_lost timer start pan=6.8 tilt=-3.2
2026-06-27 19:58:21.863 [DEBUG] [marker_detector] ibvs eu=-97 ev=+4 eu_s=-98.0 ev_s=+3.2 dpan=-2.00 dtilt=-0.16 pan=2.8 tilt=-3.4 err=97px
2026-06-27 19:58:21.957 [DEBUG] [marker_detector] ibvs tag_lost timer start pan=0.8 tilt=-4.1
2026-06-27 19:58:22.008 [DEBUG] [marker_detector] ibvs eu=-116 ev=+10 eu_s=-114.6 ev_s=+11.0 dpan=-2.00 dtilt=-0.55 pan=-1.2 tilt=-4.7 err=116px
2026-06-27 19:58:22.109 [DEBUG] [marker_detector] ibvs eu=-133 ev=+0 eu_s=-129.6 ev_s=+2.5 dpan=-2.00 dtilt=-0.13 pan=-5.2 tilt=-5.4 err=133px
2026-06-27 19:58:22.209 [DEBUG] [marker_detector] ibvs eu=-110 ev=-19 eu_s=-113.2 ev_s=-15.3 dpan=-2.00 dtilt=+0.76 pan=-9.2 tilt=-4.5 err=112px
2026-06-27 19:58:22.302 [DEBUG] [marker_detector] ibvs eu=-103 ev=-26 eu_s=-102.6 ev_s=-24.7 dpan=-2.00 dtilt=+1.23 pan=-13.2 tilt=-2.3 err=106px
2026-06-27 19:58:22.349 [DEBUG] [marker_detector] ibvs tag_lost timer start pan=-13.2 tilt=-2.3
2026-06-27 19:58:22.544 [DEBUG] [marker_detector] ibvs tag_lost timer start pan=-15.2 tilt=-2.4
2026-06-27 19:58:22.636 [DEBUG] [marker_detector] ibvs eu=-192 ev=+8 eu_s=-180.2 ev_s=+7.0 dpan=-2.00 dtilt=-0.35 pan=-17.2 tilt=-2.7 err=192px
2026-06-27 19:58:22.732 [DEBUG] [marker_detector] ibvs eu=-232 ev=+7 eu_s=-227.9 ev_s=+7.0 dpan=-2.00 dtilt=-0.35 pan=-21.2 tilt=-3.4 err=232px
2026-06-27 19:58:22.847 [DEBUG] [marker_detector] ibvs eu=-252 ev=+14 eu_s=-250.1 ev_s=+12.7 dpan=-2.00 dtilt=-0.63 pan=-25.2 tilt=-4.5 err=252px
2026-06-27 19:58:22.966 [DEBUG] [marker_detector] ibvs eu=-241 ev=+22 eu_s=-243.4 ev_s=+20.4 dpan=-2.00 dtilt=-1.02 pan=-29.2 tilt=-6.3 err=242px
2026-06-27 19:58:23.060 [DEBUG] [marker_detector] ibvs tag_lost timer start pan=-31.2 tilt=-7.4
2026-06-27 19:58:23.123 [DEBUG] [marker_detector] ibvs eu=-213 ev=+9 eu_s=-220.0 ev_s=+11.7 dpan=-2.00 dtilt=-0.59 pan=-33.2 tilt=-8.0 err=214px
2026-06-27 19:58:23.247 [DEBUG] [marker_detector] ibvs eu=-194 ev=-4 eu_s=-196.9 ev_s=-2.6 dpan=-2.00 dtilt=+0.13 pan=-37.2 tilt=-8.0 err=194px
2026-06-27 19:58:23.343 [DEBUG] [marker_detector] ibvs eu=-185 ev=-6 eu_s=-187.7 ev_s=-6.0 dpan=-2.00 dtilt=+0.30 pan=-41.2 tilt=-7.5 err=185px
2026-06-27 19:58:23.475 [DEBUG] [marker_detector] ibvs eu=-141 ev=-6 eu_s=-147.3 ev_s=-6.5 dpan=-2.00 dtilt=+0.33 pan=-45.2 tilt=-6.8 err=141px
2026-06-27 19:58:23.575 [DEBUG] [marker_detector] ibvs eu=-110 ev=-3 eu_s=-114.2 ev_s=-3.3 dpan=-2.00 dtilt=+0.17 pan=-49.2 tilt=-6.4 err=110px
2026-06-27 19:58:23.685 [DEBUG] [marker_detector] ibvs eu=-66 ev=-4 eu_s=-72.7 ev_s=-3.9 dpan=-2.00 dtilt=+0.19 pan=-53.2 tilt=-6.1 err=66px
2026-06-27 19:58:23.753 [DEBUG] [marker_detector] ibvs tag_lost timer start pan=-53.2 tilt=-6.1
2026-06-27 19:58:23.849 [DEBUG] [marker_detector] ibvs eu=-17 ev=-5 eu_s=-22.7 ev_s=-4.4 dpan=-0.74 dtilt=+0.14 pan=-56.0 tilt=-5.8 err=18px
2026-06-27 19:58:23.963 [DEBUG] [marker_detector] ibvs eu=-24 ev=-11 eu_s=-24.0 ev_s=-9.9 dpan=-0.96 dtilt=+0.40 pan=-57.7 tilt=-5.2 err=27px
2026-06-27 19:58:24.078 [DEBUG] [marker_detector] ibvs eu=-24 ev=-19 eu_s=-23.9 ev_s=-18.5 dpan=-1.20 dtilt=+0.92 pan=-60.0 tilt=-3.6 err=31px
2026-06-27 19:58:24.174 [DEBUG] [marker_detector] ibvs eu=-37 ev=-11 eu_s=-35.3 ev_s=-12.0 dpan=-1.76 dtilt=+0.60 pan=-63.2 tilt=-2.3 err=39px
2026-06-27 19:58:24.309 [DEBUG] [marker_detector] ibvs eu=-30 ev=-5 eu_s=-30.6 ev_s=-6.5 dpan=-1.53 dtilt=+0.33 pan=-66.3 tilt=-1.2 err=31px
2026-06-27 19:58:24.351 [DEBUG] [marker_detector] ibvs tag_lost timer start pan=-66.3 tilt=-1.2
2026-06-27 19:58:24.448 [DEBUG] [marker_detector] ibvs eu=-9 ev=+3 eu_s=-11.7 ev_s=+2.7 dpan=-0.06 dtilt=-0.01 pan=-67.0 tilt=-1.2 err=10px
2026-06-27 19:58:24.583 [DEBUG] [marker_detector] ibvs eu=-17 ev=-1 eu_s=-17.1 ev_s=-0.6 dpan=-0.30 dtilt=+0.01 pan=-67.6 tilt=-1.3 err=17px
2026-06-27 19:58:24.681 [DEBUG] [marker_detector] ibvs eu=-38 ev=-13 eu_s=-36.6 ev_s=-11.9 dpan=-1.83 dtilt=+0.60 pan=-70.9 tilt=-0.3 err=40px
2026-06-27 19:58:24.729 [DEBUG] [marker_detector] ibvs tag_lost timer start pan=-70.9 tilt=-0.3
2026-06-27 19:58:24.862 [DEBUG] [marker_detector] ibvs tag_lost timer start pan=-72.3 tilt=0.4
2026-06-27 19:58:24.957 [DEBUG] [marker_detector] ibvs eu=+25 ev=-3 eu_s=+14.4 ev_s=-5.6 dpan=+0.20 dtilt=+0.08 pan=-72.1 tilt=0.5 err=25px
2026-06-27 19:58:25.074 [DEBUG] [marker_detector] ibvs eu=+45 ev=+2 eu_s=+42.8 ev_s=+0.9 dpan=+2.00 dtilt=-0.04 pan=-68.4 tilt=0.6 err=45px
2026-06-27 19:58:25.195 [DEBUG] [marker_detector] ibvs eu=+81 ev=-1 eu_s=+76.5 ev_s=+0.0 dpan=+2.00 dtilt=-0.00 pan=-64.4 tilt=0.5 err=81px
2026-06-27 19:58:25.294 [DEBUG] [marker_detector] ibvs eu=+85 ev=+9 eu_s=+83.6 ev_s=+8.3 dpan=+2.00 dtilt=-0.41 pan=-60.4 tilt=-0.2 err=85px
2026-06-27 19:58:25.377 [DEBUG] [marker_detector] ibvs tag_lost timer start pan=-60.4 tilt=-0.2
2026-06-27 19:58:25.522 [DEBUG] [marker_detector] ibvs eu=+66 ev=+3 eu_s=+65.9 ev_s=+2.9 dpan=+2.00 dtilt=-0.14 pan=-56.4 tilt=-0.5 err=66px
2026-06-27 19:58:25.656 [DEBUG] [marker_detector] ibvs eu=+56 ev=-1 eu_s=+58.7 ev_s=-0.4 dpan=+2.00 dtilt=+0.02 pan=-52.4 tilt=-0.6 err=56px
2026-06-27 19:58:25.749 [DEBUG] [marker_detector] ibvs eu=+57 ev=-12 eu_s=+54.6 ev_s=-11.9 dpan=+2.00 dtilt=+0.59 pan=-48.4 tilt=0.5 err=58px
2026-06-27 19:58:25.844 [DEBUG] [marker_detector] ibvs eu=+49 ev=-20 eu_s=+49.6 ev_s=-18.7 dpan=+2.00 dtilt=+0.94 pan=-44.4 tilt=2.1 err=53px
2026-06-27 19:58:25.896 [DEBUG] [marker_detector] ibvs tag_lost timer start pan=-44.4 tilt=2.1
2026-06-27 19:58:26.022 [DEBUG] [marker_detector] ibvs eu=+26 ev=-8 eu_s=+27.7 ev_s=-8.8 dpan=+1.32 dtilt=+0.42 pan=-41.4 tilt=3.1 err=27px
2026-06-27 19:58:26.118 [DEBUG] [marker_detector] ibvs eu=+34 ev=-14 eu_s=+34.4 ev_s=-13.5 dpan=+1.72 dtilt=+0.67 pan=-37.8 tilt=4.4 err=36px
2026-06-27 19:58:26.255 [DEBUG] [marker_detector] ibvs eu=+36 ev=+1 eu_s=+36.6 ev_s=-1.6 dpan=+1.83 dtilt=+0.08 pan=-34.0 tilt=4.9 err=36px
2026-06-27 19:58:26.345 [DEBUG] [marker_detector] ibvs eu=+44 ev=+11 eu_s=+42.4 ev_s=+8.9 dpan=+2.00 dtilt=-0.45 pan=-30.2 tilt=4.4 err=45px
2026-06-27 19:58:26.464 [DEBUG] [marker_detector] ibvs eu=+42 ev=+9 eu_s=+42.3 ev_s=+8.9 dpan=+2.00 dtilt=-0.44 pan=-26.2 tilt=3.4 err=42px
2026-06-27 19:58:26.578 [DEBUG] [marker_detector] ibvs eu=+29 ev=+4 eu_s=+29.7 ev_s=+5.1 dpan=+1.48 dtilt=-0.26 pan=-23.0 tilt=2.8 err=29px
2026-06-27 19:58:26.673 [DEBUG] [marker_detector] ibvs eu=+40 ev=+1 eu_s=+38.7 ev_s=+1.2 dpan=+1.94 dtilt=-0.06 pan=-19.3 tilt=2.6 err=40px
2026-06-27 19:58:26.768 [DEBUG] [marker_detector] ibvs eu=+32 ev=-3 eu_s=+32.3 ev_s=-2.3 dpan=+1.62 dtilt=+0.11 pan=-16.0 tilt=2.6 err=32px
2026-06-27 19:58:26.866 [DEBUG] [marker_detector] ibvs eu=+23 ev=-2 eu_s=+23.1 ev_s=-2.3 dpan=+0.77 dtilt=+0.08 pan=-14.5 tilt=2.8 err=24px
2026-06-27 19:58:26.965 [DEBUG] [marker_detector] ibvs eu=+48 ev=+4 eu_s=+42.6 ev_s=+2.9 dpan=+2.00 dtilt=-0.15 pan=-11.9 tilt=2.7 err=48px
2026-06-27 19:58:27.009 [DEBUG] [marker_detector] ibvs tag_lost timer start pan=-11.9 tilt=2.7
2026-06-27 19:58:27.096 [DEBUG] [marker_detector] ibvs eu=+74 ev=+18 eu_s=+71.4 ev_s=+17.4 dpan=+2.00 dtilt=-0.87 pan=-7.9 tilt=1.1 err=76px
2026-06-27 19:58:27.189 [DEBUG] [marker_detector] ibvs eu=+73 ev=+22 eu_s=+74.5 ev_s=+21.1 dpan=+2.00 dtilt=-1.05 pan=-3.9 tilt=-0.9 err=76px
2026-06-27 19:58:27.284 [DEBUG] [marker_detector] ibvs eu=+68 ev=+7 eu_s=+69.8 ev_s=+8.8 dpan=+2.00 dtilt=-0.44 pan=0.1 tilt=-2.0 err=69px
2026-06-27 19:58:27.327 [DEBUG] [marker_detector] ibvs tag_lost timer start pan=0.1 tilt=-2.0
2026-06-27 19:58:27.424 [DEBUG] [marker_detector] ibvs tag_lost timer start pan=2.1 tilt=-1.8
2026-06-27 19:58:27.474 [DEBUG] [marker_detector] ibvs eu=+65 ev=-8 eu_s=+65.4 ev_s=-7.5 dpan=+2.00 dtilt=+0.37 pan=4.1 tilt=-1.4 err=66px
2026-06-27 19:58:27.567 [DEBUG] [marker_detector] ibvs eu=+90 ev=-0 eu_s=+84.4 ev_s=-1.4 dpan=+2.00 dtilt=+0.07 pan=8.1 tilt=-1.0 err=90px
2026-06-27 19:58:27.609 [DEBUG] [marker_detector] ibvs tag_lost timer start pan=8.1 tilt=-1.0
2026-06-27 19:58:27.703 [DEBUG] [marker_detector] ibvs eu=+97 ev=+3 eu_s=+95.4 ev_s=+2.6 dpan=+2.00 dtilt=-0.13 pan=12.1 tilt=-1.1 err=97px
2026-06-27 19:58:27.753 [DEBUG] [marker_detector] ibvs tag_lost timer start pan=12.1 tilt=-1.1
2026-06-27 19:58:27.847 [DEBUG] [marker_detector] ibvs eu=+108 ev=+8 eu_s=+106.9 ev_s=+7.6 dpan=+2.00 dtilt=-0.38 pan=16.1 tilt=-1.8 err=108px
2026-06-27 19:58:27.940 [DEBUG] [marker_detector] ibvs tag_lost timer start pan=18.1 tilt=-2.2
2026-06-27 19:58:27.989 [DEBUG] [marker_detector] ibvs eu=+124 ev=+10 eu_s=+121.0 ev_s=+9.4 dpan=+2.00 dtilt=-0.47 pan=20.1 tilt=-2.7 err=124px
2026-06-27 19:58:28.080 [DEBUG] [marker_detector] ibvs tag_lost timer start pan=22.1 tilt=-3.2
2026-06-27 19:58:28.130 [DEBUG] [marker_detector] ibvs eu=+149 ev=+15 eu_s=+145.1 ev_s=+13.7 dpan=+2.00 dtilt=-0.68 pan=24.1 tilt=-3.9 err=150px
2026-06-27 19:58:28.171 [DEBUG] [marker_detector] ibvs tag_lost timer start pan=24.1 tilt=-3.9
2026-06-27 19:58:28.352 [DEBUG] [marker_detector] ibvs eu=+189 ev=-5 eu_s=+184.6 ev_s=-2.5 dpan=+2.00 dtilt=+0.12 pan=28.1 tilt=-4.2 err=189px
2026-06-27 19:58:28.395 [DEBUG] [marker_detector] ibvs tag_lost timer start pan=28.1 tilt=-4.2
2026-06-27 19:58:28.506 [DEBUG] [marker_detector] ibvs tag_lost timer start pan=30.1 tilt=-3.9
2026-06-27 19:58:28.626 [DEBUG] [marker_detector] ibvs eu=+196 ev=-18 eu_s=+194.2 ev_s=-15.5 dpan=+2.00 dtilt=+0.77 pan=32.1 tilt=-3.1 err=197px
2026-06-27 19:58:28.720 [DEBUG] [marker_detector] ibvs tag_lost timer start pan=34.1 tilt=-2.1
2026-06-27 19:58:28.788 [DEBUG] [marker_detector] ibvs eu=+238 ev=-20 eu_s=+234.1 ev_s=-20.2 dpan=+2.00 dtilt=+1.01 pan=36.1 tilt=-1.1 err=239px
2026-06-27 19:58:28.912 [DEBUG] [marker_detector] ibvs tag_lost timer start pan=38.1 tilt=-0.5
2026-06-27 19:58:28.959 [DEBUG] [marker_detector] ibvs eu=+254 ev=-4 eu_s=+251.2 ev_s=-5.1 dpan=+2.00 dtilt=+0.26 pan=40.1 tilt=-0.2 err=254px
2026-06-27 19:58:29.072 [DEBUG] [marker_detector] ibvs eu=+264 ev=-2 eu_s=+262.0 ev_s=-2.2 dpan=+2.00 dtilt=+0.11 pan=44.1 tilt=0.0 err=264px
2026-06-27 19:58:29.187 [DEBUG] [marker_detector] ibvs eu=+247 ev=+1 eu_s=+247.0 ev_s=+1.7 dpan=+2.00 dtilt=-0.08 pan=48.1 tilt=-0.2 err=247px
2026-06-27 19:58:29.286 [DEBUG] [marker_detector] ibvs eu=+220 ev=-11 eu_s=+223.6 ev_s=-9.5 dpan=+2.00 dtilt=+0.48 pan=52.1 tilt=0.5 err=220px
2026-06-27 19:58:29.420 [DEBUG] [marker_detector] ibvs eu=+190 ev=-22 eu_s=+193.1 ev_s=-21.0 dpan=+2.00 dtilt=+1.05 pan=56.1 tilt=2.4 err=191px
2026-06-27 19:58:29.469 [DEBUG] [marker_detector] ibvs tag_lost timer start pan=56.1 tilt=2.4
2026-06-27 19:58:29.567 [DEBUG] [marker_detector] ibvs eu=+161 ev=-32 eu_s=+161.4 ev_s=-31.2 dpan=+2.00 dtilt=+1.56 pan=60.1 tilt=5.4 err=164px
2026-06-27 19:58:29.698 [DEBUG] [marker_detector] ibvs eu=+148 ev=-15 eu_s=+151.5 ev_s=-19.0 dpan=+2.00 dtilt=+0.95 pan=64.1 tilt=8.0 err=149px
2026-06-27 19:58:29.744 [DEBUG] [marker_detector] ibvs tag_lost timer start pan=64.1 tilt=8.0
2026-06-27 19:58:29.901 [DEBUG] [marker_detector] ibvs eu=+115 ev=+21 eu_s=+114.9 ev_s=+19.4 dpan=+2.00 dtilt=-0.97 pan=68.1 tilt=6.3 err=116px
2026-06-27 19:58:30.022 [DEBUG] [marker_detector] ibvs tag_lost timer start pan=70.1 tilt=5.4
2026-06-27 19:58:30.068 [DEBUG] [marker_detector] ibvs eu=+100 ev=+17 eu_s=+105.3 ev_s=+17.4 dpan=+2.00 dtilt=-0.87 pan=72.1 tilt=4.5 err=101px
2026-06-27 19:58:30.184 [DEBUG] [marker_detector] ibvs eu=+81 ev=+11 eu_s=+81.1 ev_s=+11.2 dpan=+2.00 dtilt=-0.56 pan=76.1 tilt=3.4 err=82px
2026-06-27 19:58:30.253 [DEBUG] [marker_detector] ibvs tag_lost timer start pan=76.1 tilt=3.4
2026-06-27 19:58:30.348 [DEBUG] [marker_detector] ibvs eu=+72 ev=+1 eu_s=+71.7 ev_s=+1.4 dpan=+2.00 dtilt=-0.07 pan=80.1 tilt=3.1 err=72px
2026-06-27 19:58:30.457 [DEBUG] [marker_detector] ibvs eu=+74 ev=-6 eu_s=+73.4 ev_s=-5.6 dpan=+2.00 dtilt=+0.28 pan=84.1 tilt=3.6 err=74px
2026-06-27 19:58:30.584 [DEBUG] [marker_detector] ibvs eu=+74 ev=-6 eu_s=+74.3 ev_s=-5.8 dpan=+2.00 dtilt=+0.29 pan=88.1 tilt=4.2 err=75px
2026-06-27 19:58:30.682 [DEBUG] [marker_detector] ibvs eu=+73 ev=-8 eu_s=+72.9 ev_s=-7.6 dpan=+2.00 dtilt=+0.38 pan=90.0 tilt=5.0 err=73px CLAMP_PAN
2026-06-27 19:58:30.777 [DEBUG] [marker_detector] ibvs eu=+70 ev=+7 eu_s=+69.9 ev_s=+5.2 dpan=+2.00 dtilt=-0.26 pan=90.0 tilt=4.8 err=70px CLAMP_PAN
2026-06-27 19:58:30.873 [DEBUG] [marker_detector] ibvs eu=+63 ev=+12 eu_s=+64.2 ev_s=+11.3 dpan=+2.00 dtilt=-0.57 pan=90.0 tilt=3.8 err=64px CLAMP_PAN
2026-06-27 19:58:31.014 [DEBUG] [marker_detector] ibvs tag_lost timer start pan=90.0 tilt=3.1
2026-06-27 19:58:33.260 [DEBUG] [marker_detector] ibvs eu=-136 ev=+44 eu_s=-97.0 ev_s=+38.3 dpan=-2.00 dtilt=-1.92 pan=88.0 tilt=1.2 err=143px
2026-06-27 19:58:33.388 [DEBUG] [marker_detector] ibvs tag_lost timer start pan=86.0 tilt=-0.8
2026-06-27 19:58:33.438 [DEBUG] [marker_detector] ibvs eu=-116 ev=+23 eu_s=-116.6 ev_s=+27.6 dpan=-2.00 dtilt=-1.38 pan=84.0 tilt=-2.2 err=119px
2026-06-27 19:58:33.484 [DEBUG] [marker_detector] ibvs tag_lost timer start pan=84.0 tilt=-2.2
2026-06-27 19:58:33.639 [DEBUG] [marker_detector] ibvs eu=-146 ev=-16 eu_s=-141.6 ev_s=-11.0 dpan=-2.00 dtilt=+0.55 pan=80.0 tilt=-2.1 err=147px
2026-06-27 19:58:33.740 [DEBUG] [marker_detector] ibvs eu=-181 ev=-12 eu_s=-177.6 ev_s=-12.5 dpan=-2.00 dtilt=+0.62 pan=76.0 tilt=-0.7 err=181px
2026-06-27 19:58:33.859 [DEBUG] [marker_detector] ibvs eu=-186 ev=-6 eu_s=-185.4 ev_s=-7.6 dpan=-2.00 dtilt=+0.38 pan=72.0 tilt=0.3 err=186px
2026-06-27 19:58:33.983 [DEBUG] [marker_detector] ibvs eu=-209 ev=+2 eu_s=-205.1 ev_s=+1.4 dpan=-2.00 dtilt=-0.07 pan=68.0 tilt=0.3 err=209px
2026-06-27 19:58:34.084 [DEBUG] [marker_detector] ibvs eu=-184 ev=+8 eu_s=-187.9 ev_s=+7.6 dpan=-2.00 dtilt=-0.38 pan=64.0 tilt=-0.3 err=184px
2026-06-27 19:58:34.211 [DEBUG] [marker_detector] ibvs tag_lost timer start pan=62.0 tilt=-0.8
2026-06-27 19:58:34.259 [DEBUG] [marker_detector] ibvs eu=-125 ev=+16 eu_s=-135.2 ev_s=+14.2 dpan=-2.00 dtilt=-0.71 pan=60.0 tilt=-1.5 err=126px
2026-06-27 19:58:34.355 [DEBUG] [marker_detector] ibvs tag_lost timer start pan=58.0 tilt=-2.2
2026-06-27 19:58:34.421 [DEBUG] [marker_detector] ibvs eu=-103 ev=+11 eu_s=-106.7 ev_s=+11.6 dpan=-2.00 dtilt=-0.58 pan=56.0 tilt=-2.8 err=104px
2026-06-27 19:58:34.542 [DEBUG] [marker_detector] ibvs tag_lost timer start pan=54.0 tilt=-3.2
2026-06-27 19:58:34.588 [DEBUG] [marker_detector] ibvs eu=-90 ev=+6 eu_s=-91.8 ev_s=+6.7 dpan=-2.00 dtilt=-0.33 pan=52.0 tilt=-3.5 err=91px
2026-06-27 19:58:34.699 [DEBUG] [marker_detector] ibvs eu=-96 ev=-1 eu_s=-94.8 ev_s=-1.1 dpan=-2.00 dtilt=+0.05 pan=48.0 tilt=-3.4 err=96px
2026-06-27 19:58:34.819 [DEBUG] [marker_detector] ibvs eu=-86 ev=-11 eu_s=-86.4 ev_s=-9.9 dpan=-2.00 dtilt=+0.49 pan=44.0 tilt=-2.6 err=87px
2026-06-27 19:58:34.918 [DEBUG] [marker_detector] ibvs eu=-84 ev=-16 eu_s=-84.4 ev_s=-15.4 dpan=-2.00 dtilt=+0.77 pan=40.0 tilt=-1.2 err=85px
2026-06-27 19:58:35.045 [DEBUG] [marker_detector] ibvs tag_lost timer start pan=38.0 tilt=-0.4
2026-06-27 19:58:35.095 [DEBUG] [marker_detector] ibvs eu=-87 ev=+3 eu_s=-85.3 ev_s=-1.0 dpan=-2.00 dtilt=+0.05 pan=36.0 tilt=-0.3 err=87px
2026-06-27 19:58:35.195 [DEBUG] [marker_detector] ibvs eu=-97 ev=+9 eu_s=-93.3 ev_s=+7.8 dpan=-2.00 dtilt=-0.39 pan=32.0 tilt=-0.9 err=97px
2026-06-27 19:58:35.291 [DEBUG] [marker_detector] ibvs eu=-94 ev=+9 eu_s=-92.6 ev_s=+9.5 dpan=-2.00 dtilt=-0.47 pan=28.0 tilt=-1.9 err=94px
2026-06-27 19:58:35.387 [DEBUG] [marker_detector] ibvs eu=-85 ev=+9 eu_s=-86.1 ev_s=+9.2 dpan=-2.00 dtilt=-0.46 pan=24.0 tilt=-2.8 err=85px
2026-06-27 19:58:35.482 [DEBUG] [marker_detector] ibvs eu=-88 ev=+2 eu_s=-87.5 ev_s=+2.5 dpan=-2.00 dtilt=-0.13 pan=20.0 tilt=-3.1 err=88px
2026-06-27 19:58:35.526 [DEBUG] [marker_detector] ibvs tag_lost timer start pan=20.0 tilt=-3.1
2026-06-27 19:58:35.715 [DEBUG] [marker_detector] ibvs tag_lost timer start pan=18.0 tilt=-2.7
2026-06-27 19:58:35.764 [DEBUG] [marker_detector] ibvs eu=-131 ev=-8 eu_s=-122.3 ev_s=-7.5 dpan=-2.00 dtilt=+0.38 pan=16.0 tilt=-2.3 err=131px
2026-06-27 19:58:35.862 [DEBUG] [marker_detector] ibvs eu=-157 ev=-8 eu_s=-151.0 ev_s=-7.5 dpan=-2.00 dtilt=+0.38 pan=12.0 tilt=-1.6 err=157px
2026-06-27 19:58:35.962 [DEBUG] [marker_detector] ibvs eu=-160 ev=+2 eu_s=-158.0 ev_s=+0.2 dpan=-2.00 dtilt=-0.01 pan=8.0 tilt=-1.3 err=160px
2026-06-27 19:58:36.056 [DEBUG] [marker_detector] ibvs eu=-160 ev=+5 eu_s=-159.1 ev_s=+4.5 dpan=-2.00 dtilt=-0.22 pan=4.0 tilt=-1.7 err=160px
2026-06-27 19:58:36.163 [DEBUG] [marker_detector] ibvs eu=-141 ev=+6 eu_s=-143.7 ev_s=+6.0 dpan=-2.00 dtilt=-0.30 pan=0.0 tilt=-2.3 err=142px
2026-06-27 19:58:36.259 [DEBUG] [marker_detector] ibvs eu=-140 ev=+1 eu_s=-139.4 ev_s=+1.9 dpan=-2.00 dtilt=-0.09 pan=-4.0 tilt=-2.6 err=140px
2026-06-27 19:58:36.394 [DEBUG] [marker_detector] ibvs eu=-132 ev=+2 eu_s=-133.9 ev_s=+1.7 dpan=-2.00 dtilt=-0.08 pan=-8.0 tilt=-2.7 err=132px
2026-06-27 19:58:36.491 [DEBUG] [marker_detector] ibvs eu=-131 ev=+2 eu_s=-129.8 ev_s=+1.6 dpan=-2.00 dtilt=-0.08 pan=-12.0 tilt=-2.8 err=131px
2026-06-27 19:58:36.615 [DEBUG] [marker_detector] ibvs eu=-114 ev=+7 eu_s=-115.6 ev_s=+6.8 dpan=-2.00 dtilt=-0.34 pan=-16.0 tilt=-3.4 err=114px
2026-06-27 19:58:36.666 [DEBUG] [marker_detector] ibvs tag_lost timer start pan=-16.0 tilt=-3.4
2026-06-27 19:58:36.759 [DEBUG] [marker_detector] ibvs eu=-139 ev=-2 eu_s=-137.5 ev_s=+0.1 dpan=-2.00 dtilt=-0.01 pan=-20.0 tilt=-3.8 err=139px
2026-06-27 19:58:36.876 [DEBUG] [marker_detector] ibvs eu=-162 ev=+1 eu_s=-159.5 ev_s=+0.5 dpan=-2.00 dtilt=-0.03 pan=-24.0 tilt=-3.7 err=162px
2026-06-27 19:58:36.992 [DEBUG] [marker_detector] ibvs eu=-148 ev=+11 eu_s=-149.3 ev_s=+9.9 dpan=-2.00 dtilt=-0.49 pan=-28.0 tilt=-4.5 err=149px
2026-06-27 19:58:37.090 [DEBUG] [marker_detector] ibvs eu=-164 ev=+13 eu_s=-163.2 ev_s=+12.7 dpan=-2.00 dtilt=-0.63 pan=-32.0 tilt=-5.7 err=164px
2026-06-27 19:58:37.219 [DEBUG] [marker_detector] ibvs tag_lost timer start pan=-34.0 tilt=-6.2
2026-06-27 19:58:37.271 [DEBUG] [marker_detector] ibvs eu=-134 ev=+2 eu_s=-139.5 ev_s=+3.5 dpan=-2.00 dtilt=-0.18 pan=-36.0 tilt=-6.3 err=134px
2026-06-27 19:58:37.367 [DEBUG] [marker_detector] ibvs eu=-163 ev=+13 eu_s=-158.4 ev_s=+11.2 dpan=-2.00 dtilt=-0.56 pan=-40.0 tilt=-7.1 err=163px
2026-06-27 19:58:37.500 [DEBUG] [marker_detector] ibvs eu=-151 ev=+20 eu_s=-151.9 ev_s=+19.3 dpan=-2.00 dtilt=-0.97 pan=-44.0 tilt=-8.8 err=153px
2026-06-27 19:58:37.543 [DEBUG] [marker_detector] ibvs tag_lost timer start pan=-44.0 tilt=-8.8
2026-06-27 19:58:37.644 [DEBUG] [marker_detector] ibvs eu=-100 ev=+10 eu_s=-105.6 ev_s=+10.8 dpan=-2.00 dtilt=-0.54 pan=-48.0 tilt=-10.1 err=100px
2026-06-27 19:58:37.779 [DEBUG] [marker_detector] ibvs eu=-84 ev=+0 eu_s=-88.1 ev_s=+1.1 dpan=-2.00 dtilt=-0.05 pan=-52.0 tilt=-10.3 err=84px
2026-06-27 19:58:37.872 [DEBUG] [marker_detector] ibvs eu=-66 ev=-15 eu_s=-65.8 ev_s=-14.4 dpan=-2.00 dtilt=+0.72 pan=-56.0 tilt=-9.0 err=68px
2026-06-27 19:58:37.981 [DEBUG] [marker_detector] ibvs eu=-48 ev=-9 eu_s=-49.8 ev_s=-9.8 dpan=-2.00 dtilt=+0.49 pan=-60.0 tilt=-7.9 err=48px
2026-06-27 19:58:38.100 [DEBUG] [marker_detector] ibvs tag_lost timer start pan=-62.0 tilt=-7.8
2026-06-27 19:58:38.152 [DEBUG] [marker_detector] ibvs eu=-30 ev=+4 eu_s=-34.0 ev_s=+2.8 dpan=-1.70 dtilt=-0.14 pan=-63.7 tilt=-8.0 err=30px
2026-06-27 19:58:38.259 [DEBUG] [marker_detector] ibvs eu=-44 ev=-2 eu_s=-42.2 ev_s=-1.6 dpan=-2.00 dtilt=+0.08 pan=-67.5 tilt=-7.9 err=44px
2026-06-27 19:58:38.384 [DEBUG] [marker_detector] ibvs eu=-56 ev=+3 eu_s=-55.0 ev_s=+2.3 dpan=-2.00 dtilt=-0.12 pan=-71.5 tilt=-8.0 err=56px
2026-06-27 19:58:38.482 [DEBUG] [marker_detector] ibvs eu=-56 ev=+8 eu_s=-56.3 ev_s=+7.5 dpan=-2.00 dtilt=-0.38 pan=-75.5 tilt=-8.7 err=56px
2026-06-27 19:58:38.526 [DEBUG] [marker_detector] ibvs tag_lost timer start pan=-75.5 tilt=-8.7
2026-06-27 19:58:38.624 [DEBUG] [marker_detector] ibvs eu=-20 ev=+11 eu_s=-23.8 ev_s=+11.2 dpan=-0.97 dtilt=-0.46 pan=-78.3 tilt=-9.7 err=23px
2026-06-27 19:58:38.737 [DEBUG] [marker_detector] ibvs eu=-21 ev=-1 eu_s=-21.6 ev_s=+1.1 dpan=-0.62 dtilt=-0.03 pan=-79.9 tilt=-10.2 err=21px
2026-06-27 19:58:38.832 [DEBUG] [marker_detector] ibvs eu=+8 ev=-3 eu_s=+6.1 ev_s=-3.0 dpan=+0.00 dtilt=+0.00 pan=-79.9 tilt=-10.2 err=8px DB
2026-06-27 19:58:38.929 [DEBUG] [marker_detector] ibvs eu=+7 ev=-5 eu_s=+7.0 ev_s=-4.6 dpan=+0.00 dtilt=+0.00 pan=-79.9 tilt=-10.2 err=9px DB
2026-06-27 19:58:39.041 [DEBUG] [marker_detector] ibvs eu=+5 ev=-9 eu_s=+5.5 ev_s=-8.6 dpan=+0.00 dtilt=+0.00 pan=-79.9 tilt=-10.2 err=11px DB
2026-06-27 19:58:39.136 [DEBUG] [marker_detector] ibvs eu=+8 ev=-14 eu_s=+7.2 ev_s=-13.3 dpan=+0.09 dtilt=+0.17 pan=-79.7 tilt=-9.9 err=16px
2026-06-27 19:58:39.232 [DEBUG] [marker_detector] ibvs eu=+19 ev=-11 eu_s=+18.1 ev_s=-10.8 dpan=+0.50 dtilt=+0.30 pan=-78.9 tilt=-9.4 err=22px
2026-06-27 19:58:39.330 [DEBUG] [marker_detector] ibvs eu=+16 ev=-19 eu_s=+16.5 ev_s=-17.4 dpan=+0.58 dtilt=+0.61 pan=-77.7 tilt=-8.3 err=24px
2026-06-27 19:58:39.444 [DEBUG] [marker_detector] ibvs eu=+12 ev=-16 eu_s=+12.0 ev_s=-16.3 dpan=+0.31 dtilt=+0.42 pan=-76.9 tilt=-7.3 err=19px
2026-06-27 19:58:39.541 [DEBUG] [marker_detector] ibvs eu=+1 ev=-14 eu_s=+1.9 ev_s=-14.2 dpan=+0.02 dtilt=+0.15 pan=-76.8 tilt=-6.8 err=14px
2026-06-27 19:58:39.637 [DEBUG] [marker_detector] ibvs eu=+5 ev=-42 eu_s=+3.9 ev_s=-39.0 dpan=+0.19 dtilt=+1.95 pan=-76.5 tilt=-3.7 err=42px
2026-06-27 19:58:39.737 [DEBUG] [marker_detector] ibvs eu=+20 ev=-56 eu_s=+18.4 ev_s=-55.6 dpan=+0.92 dtilt=+2.00 pan=-75.0 tilt=0.3 err=60px
2026-06-27 19:58:39.852 [DEBUG] [marker_detector] ibvs eu=+22 ev=-52 eu_s=+22.7 ev_s=-52.4 dpan=+1.14 dtilt=+2.00 pan=-72.6 tilt=4.3 err=56px
2026-06-27 19:58:39.993 [DEBUG] [marker_detector] ibvs eu=+3 ev=-25 eu_s=+4.4 ev_s=-28.0 dpan=+0.20 dtilt=+1.28 pan=-71.8 tilt=7.5 err=26px
2026-06-27 19:58:40.089 [DEBUG] [marker_detector] ibvs eu=-0 ev=-21 eu_s=+0.2 ev_s=-23.4 dpan=+0.01 dtilt=+0.79 pan=-71.7 tilt=9.8 err=21px
2026-06-27 19:58:40.226 [DEBUG] [marker_detector] ibvs eu=+15 ev=-5 eu_s=+12.9 ev_s=-6.6 dpan=+0.15 dtilt=+0.07 pan=-71.5 tilt=10.0 err=16px
2026-06-27 19:58:40.321 [DEBUG] [marker_detector] ibvs eu=+57 ev=-22 eu_s=+52.0 ev_s=-19.5 dpan=+2.00 dtilt=+0.98 pan=-67.9 tilt=11.5 err=61px
2026-06-27 19:58:40.457 [DEBUG] [marker_detector] ibvs eu=+61 ev=-42 eu_s=+61.9 ev_s=-38.6 dpan=+2.00 dtilt=+1.93 pan=-63.9 tilt=14.7 err=74px
2026-06-27 19:58:40.561 [DEBUG] [marker_detector] ibvs tag_lost timer start pan=-61.9 tilt=16.0
2026-06-27 19:58:40.616 [DEBUG] [marker_detector] ibvs eu=+21 ev=-33 eu_s=+25.8 ev_s=-31.0 dpan=+1.29 dtilt=+1.55 pan=-60.6 tilt=17.5 err=39px
2026-06-27 19:58:40.729 [DEBUG] [marker_detector] ibvs tag_lost timer start pan=-60.4 tilt=19.5
2026-06-27 19:58:40.826 [DEBUG] [marker_detector] ibvs eu=-23 ev=-57 eu_s=-17.8 ev_s=-54.3 dpan=-0.89 dtilt=+2.00 pan=-61.3 tilt=21.5 err=61px
2026-06-27 19:58:40.928 [DEBUG] [marker_detector] ibvs eu=-25 ev=-62 eu_s=-24.7 ev_s=-61.3 dpan=-1.24 dtilt=+2.00 pan=-63.8 tilt=25.5 err=67px
2026-06-27 19:58:41.028 [DEBUG] [marker_detector] ibvs eu=-3 ev=-35 eu_s=-6.4 ev_s=-38.6 dpan=-0.32 dtilt=+1.93 pan=-65.1 tilt=29.4 err=35px
2026-06-27 19:58:41.131 [DEBUG] [marker_detector] ibvs eu=+27 ev=-2 eu_s=+22.7 ev_s=-5.3 dpan=+0.75 dtilt=+0.18 pan=-64.2 tilt=30.1 err=27px
2026-06-27 19:58:41.225 [DEBUG] [marker_detector] ibvs eu=+22 ev=-4 eu_s=+22.9 ev_s=-2.3 dpan=+0.75 dtilt=+0.07 pan=-62.3 tilt=30.0 err=22px
2026-06-27 19:58:41.320 [DEBUG] [marker_detector] ibvs eu=+14 ev=-6 eu_s=+15.4 ev_s=-5.8 dpan=+0.25 dtilt=+0.09 pan=-61.4 tilt=30.2 err=15px
2026-06-27 19:58:41.412 [DEBUG] [marker_detector] ibvs eu=+10 ev=-9 eu_s=+9.9 ev_s=-8.7 dpan=+0.00 dtilt=+0.00 pan=-61.3 tilt=30.2 err=13px DB
2026-06-27 19:58:41.510 [DEBUG] [marker_detector] ibvs eu=+11 ev=-38 eu_s=+10.7 ev_s=-34.8 dpan=+0.53 dtilt=+1.74 pan=-60.5 tilt=32.8 err=39px
2026-06-27 19:58:41.624 [DEBUG] [marker_detector] ibvs eu=+23 ev=-53 eu_s=+21.2 ev_s=-52.4 dpan=+1.06 dtilt=+2.00 pan=-58.6 tilt=35.0 err=57px CLAMP_TILT
2026-06-27 19:58:41.664 [DEBUG] [marker_detector] ibvs tag_lost timer start pan=-58.6 tilt=35.0
2026-06-27 19:58:41.761 [DEBUG] [marker_detector] ibvs eu=+19 ev=-29 eu_s=+20.4 ev_s=-29.5 dpan=+1.02 dtilt=+1.48 pan=-56.4 tilt=35.0 err=35px CLAMP_TILT
2026-06-27 19:58:41.859 [DEBUG] [marker_detector] ibvs eu=+3 ev=-42 eu_s=+5.9 ev_s=-39.9 dpan=+0.30 dtilt=+2.00 pan=-55.3 tilt=35.0 err=42px CLAMP_TILT
2026-06-27 19:58:41.959 [DEBUG] [marker_detector] ibvs eu=-14 ev=-39 eu_s=-11.7 ev_s=-39.3 dpan=-0.58 dtilt=+1.97 pan=-55.9 tilt=35.0 err=41px CLAMP_TILT
2026-06-27 19:58:42.070 [DEBUG] [marker_detector] ibvs eu=-23 ev=-28 eu_s=-21.8 ev_s=-30.0 dpan=-1.09 dtilt=+1.50 pan=-57.8 tilt=35.0 err=37px CLAMP_TILT
2026-06-27 19:58:42.170 [DEBUG] [marker_detector] ibvs eu=-24 ev=-8 eu_s=-24.2 ev_s=-10.0 dpan=-0.98 dtilt=+0.40 pan=-60.1 tilt=35.0 err=25px CLAMP_TILT
2026-06-27 19:58:42.265 [DEBUG] [marker_detector] ibvs tag_lost timer start pan=-60.1 tilt=35.0
2026-06-27 19:58:42.342 [DEBUG] [marker_detector] ibvs eu=+34 ev=+36 eu_s=+26.0 ev_s=+29.9 dpan=+1.30 dtilt=-1.49 pan=-58.8 tilt=33.5 err=50px
2026-06-27 19:58:42.432 [DEBUG] [marker_detector] ibvs eu=+44 ev=+52 eu_s=+43.2 ev_s=+51.0 dpan=+2.00 dtilt=-2.00 pan=-54.8 tilt=29.5 err=69px
2026-06-27 19:58:42.537 [DEBUG] [marker_detector] ibvs eu=+30 ev=+46 eu_s=+33.5 ev_s=+47.3 dpan=+1.68 dtilt=-2.00 pan=-51.2 tilt=25.5 err=55px
2026-06-27 19:58:42.664 [DEBUG] [marker_detector] ibvs tag_lost timer start pan=-50.6 tilt=23.9
2026-06-27 19:58:42.757 [DEBUG] [marker_detector] ibvs eu=-49 ev=+70 eu_s=-36.9 ev_s=+62.5 dpan=-1.84 dtilt=-2.00 pan=-52.4 tilt=21.9 err=85px
2026-06-27 19:58:42.891 [DEBUG] [marker_detector] ibvs tag_lost timer start pan=-54.4 tilt=19.9
2026-06-27 19:58:42.980 [DEBUG] [marker_detector] ibvs eu=-11 ev=+61 eu_s=-17.8 ev_s=+63.9 dpan=-0.89 dtilt=-2.00 pan=-55.3 tilt=17.9 err=62px
2026-06-27 19:58:43.083 [DEBUG] [marker_detector] ibvs eu=-11 ev=+72 eu_s=-11.6 ev_s=+70.9 dpan=-0.58 dtilt=-2.00 pan=-56.5 tilt=13.9 err=73px
2026-06-27 19:58:43.217 [DEBUG] [marker_detector] ibvs eu=+30 ev=+48 eu_s=+24.3 ev_s=+53.6 dpan=+1.22 dtilt=-2.00 pan=-55.3 tilt=9.9 err=57px
2026-06-27 19:58:43.306 [DEBUG] [marker_detector] ibvs tag_lost timer start pan=-53.6 tilt=7.9
2026-06-27 19:58:43.438 [DEBUG] [marker_detector] ibvs eu=+34 ev=+18 eu_s=+34.0 ev_s=+24.7 dpan=+1.70 dtilt=-1.23 pan=-51.9 tilt=6.6 err=38px
2026-06-27 19:58:43.528 [DEBUG] [marker_detector] ibvs eu=+44 ev=+44 eu_s=+43.2 ev_s=+42.1 dpan=+2.00 dtilt=-2.00 pan=-47.9 tilt=2.9 err=62px
2026-06-27 19:58:43.629 [DEBUG] [marker_detector] ibvs eu=+21 ev=+39 eu_s=+23.6 ev_s=+39.7 dpan=+1.18 dtilt=-1.98 pan=-45.0 tilt=-1.1 err=44px
2026-06-27 19:58:43.767 [DEBUG] [marker_detector] ibvs eu=-21 ev=+15 eu_s=-15.4 ev_s=+18.8 dpan=-0.55 dtilt=-0.67 pan=-45.2 tilt=-3.5 err=25px
2026-06-27 19:58:43.863 [DEBUG] [marker_detector] ibvs eu=-17 ev=+9 eu_s=-17.1 ev_s=+11.1 dpan=-0.44 dtilt=-0.29 pan=-46.5 tilt=-4.7 err=19px
2026-06-27 19:58:44.012 [DEBUG] [marker_detector] ibvs eu=-8 ev=+7 eu_s=-9.7 ev_s=+7.2 dpan=+0.00 dtilt=+0.00 pan=-46.8 tilt=-4.9 err=11px DB
2026-06-27 19:58:44.107 [DEBUG] [marker_detector] ibvs eu=+13 ev=+32 eu_s=+11.8 ev_s=+30.4 dpan=+0.59 dtilt=-1.52 pan=-46.0 tilt=-7.2 err=35px
2026-06-27 19:58:44.214 [DEBUG] [marker_detector] ibvs eu=+28 ev=+56 eu_s=+26.0 ev_s=+53.3 dpan=+1.30 dtilt=-2.00 pan=-43.8 tilt=-11.2 err=62px
2026-06-27 19:58:44.329 [DEBUG] [marker_detector] ibvs tag_lost timer start pan=-42.2 tilt=-13.2
2026-06-27 19:58:44.375 [DEBUG] [marker_detector] ibvs eu=+21 ev=+28 eu_s=+22.9 ev_s=+33.9 dpan=+1.14 dtilt=-1.70 pan=-41.1 tilt=-14.9 err=34px
2026-06-27 19:58:44.492 [DEBUG] [marker_detector] ibvs eu=+11 ev=+10 eu_s=+11.1 ev_s=+12.9 dpan=+0.19 dtilt=-0.22 pan=-40.5 tilt=-15.9 err=15px
2026-06-27 19:58:44.564 [DEBUG] [marker_detector] ibvs tag_lost timer start pan=-40.5 tilt=-15.9
2026-06-27 19:58:44.660 [DEBUG] [marker_detector] ibvs eu=+24 ev=+16 eu_s=+22.8 ev_s=+13.6 dpan=+0.94 dtilt=-0.56 pan=-39.2 tilt=-16.6 err=29px
2026-06-27 19:58:44.771 [DEBUG] [marker_detector] ibvs eu=+25 ev=+42 eu_s=+24.9 ev_s=+38.7 dpan=+1.24 dtilt=-1.93 pan=-36.7 tilt=-19.8 err=49px
2026-06-27 19:58:44.842 [DEBUG] [marker_detector] ibvs tag_lost timer start pan=-36.7 tilt=-19.8
2026-06-27 19:58:44.988 [DEBUG] [marker_detector] ibvs eu=-37 ev=+29 eu_s=-33.7 ev_s=+29.3 dpan=-1.68 dtilt=-1.46 pan=-39.4 tilt=-22.8 err=47px
2026-06-27 19:58:45.124 [DEBUG] [marker_detector] ibvs eu=-37 ev=+19 eu_s=-36.8 ev_s=+20.5 dpan=-1.84 dtilt=-1.03 pan=-43.1 tilt=-25.2 err=41px
2026-06-27 19:58:45.176 [DEBUG] [marker_detector] ibvs tag_lost timer start pan=-43.1 tilt=-25.2
2026-06-27 19:58:47.280 [DEBUG] [marker_detector] ibvs eu=+239 ev=-85 eu_s=+229.6 ev_s=-81.2 dpan=+2.00 dtilt=+2.00 pan=-39.1 tilt=-21.2 err=254px
2026-06-27 19:58:47.400 [DEBUG] [marker_detector] ibvs tag_lost timer start pan=-37.1 tilt=-19.2
2026-06-27 19:58:47.504 [DEBUG] [marker_detector] ibvs eu=+184 ev=-31 eu_s=+192.3 ev_s=-42.9 dpan=+2.00 dtilt=+2.00 pan=-35.1 tilt=-17.2 err=186px
2026-06-27 19:58:47.603 [DEBUG] [marker_detector] ibvs eu=+191 ev=-37 eu_s=+191.0 ev_s=-37.3 dpan=+2.00 dtilt=+1.86 pan=-31.1 tilt=-13.4 err=195px
2026-06-27 19:58:47.697 [DEBUG] [marker_detector] ibvs eu=+165 ev=-8 eu_s=+167.8 ev_s=-11.3 dpan=+2.00 dtilt=+0.57 pan=-27.1 tilt=-11.6 err=165px
2026-06-27 19:58:47.788 [DEBUG] [marker_detector] ibvs tag_lost timer start pan=-25.1 tilt=-12.3
2026-06-27 19:58:47.891 [DEBUG] [marker_detector] ibvs eu=+120 ev=+44 eu_s=+127.8 ev_s=+38.5 dpan=+2.00 dtilt=-1.93 pan=-23.1 tilt=-14.3 err=128px
2026-06-27 19:58:47.937 [DEBUG] [marker_detector] ibvs tag_lost timer start pan=-23.1 tilt=-14.3
2026-06-27 19:58:48.119 [DEBUG] [marker_detector] ibvs eu=+187 ev=+17 eu_s=+181.5 ev_s=+18.1 dpan=+2.00 dtilt=-0.91 pan=-19.1 tilt=-16.3 err=187px
2026-06-27 19:58:48.213 [DEBUG] [marker_detector] ibvs eu=+189 ev=-0 eu_s=+189.1 ev_s=+3.5 dpan=+2.00 dtilt=-0.18 pan=-15.1 tilt=-17.4 err=189px
2026-06-27 19:58:48.256 [DEBUG] [marker_detector] ibvs tag_lost timer start pan=-15.1 tilt=-17.4
2026-06-27 19:58:48.359 [DEBUG] [marker_detector] ibvs eu=+173 ev=-18 eu_s=+172.9 ev_s=-17.0 dpan=+2.00 dtilt=+0.85 pan=-11.1 tilt=-15.9 err=174px
2026-06-27 19:58:48.456 [DEBUG] [marker_detector] ibvs eu=+187 ev=-26 eu_s=+185.6 ev_s=-24.4 dpan=+2.00 dtilt=+1.22 pan=-7.1 tilt=-13.7 err=188px
2026-06-27 19:58:48.554 [DEBUG] [marker_detector] ibvs eu=+183 ev=-20 eu_s=+183.0 ev_s=-21.8 dpan=+2.00 dtilt=+1.09 pan=-3.1 tilt=-11.3 err=184px
2026-06-27 19:58:48.647 [DEBUG] [marker_detector] ibvs tag_lost timer start pan=-1.1 tilt=-10.6
2026-06-27 19:58:48.703 [DEBUG] [marker_detector] ibvs eu=+146 ev=+27 eu_s=+152.7 ev_s=+19.5 dpan=+2.00 dtilt=-0.97 pan=0.9 tilt=-11.6 err=149px
2026-06-27 19:58:48.799 [DEBUG] [marker_detector] ibvs eu=+161 ev=+28 eu_s=+158.4 ev_s=+27.5 dpan=+2.00 dtilt=-1.38 pan=4.9 tilt=-14.4 err=163px
2026-06-27 19:58:48.841 [DEBUG] [marker_detector] ibvs tag_lost timer start pan=4.9 tilt=-14.4
2026-06-27 19:58:48.937 [DEBUG] [marker_detector] ibvs tag_lost timer start pan=6.9 tilt=-15.2
2026-06-27 19:58:48.991 [DEBUG] [marker_detector] ibvs eu=+174 ev=-16 eu_s=+170.3 ev_s=-10.0 dpan=+2.00 dtilt=+0.50 pan=8.9 tilt=-14.7 err=175px
2026-06-27 19:58:49.085 [DEBUG] [marker_detector] ibvs tag_lost timer start pan=10.9 tilt=-13.8
2026-06-27 19:58:49.148 [DEBUG] [marker_detector] ibvs eu=+189 ev=-11 eu_s=+185.9 ev_s=-12.1 dpan=+2.00 dtilt=+0.61 pan=12.9 tilt=-13.2 err=189px
2026-06-27 19:58:49.272 [DEBUG] [marker_detector] ibvs tag_lost timer start pan=14.9 tilt=-13.0
2026-06-27 19:58:49.319 [DEBUG] [marker_detector] ibvs eu=+193 ev=+12 eu_s=+192.5 ev_s=+8.3 dpan=+2.00 dtilt=-0.42 pan=16.9 tilt=-13.4 err=194px
2026-06-27 19:58:49.362 [DEBUG] [marker_detector] ibvs tag_lost timer start pan=16.9 tilt=-13.4
2026-06-27 19:58:49.504 [DEBUG] [marker_detector] ibvs eu=+188 ev=+13 eu_s=+187.4 ev_s=+12.4 dpan=+2.00 dtilt=-0.62 pan=20.9 tilt=-14.6 err=188px
2026-06-27 19:58:49.603 [DEBUG] [marker_detector] ibvs eu=+213 ev=+12 eu_s=+210.1 ev_s=+12.8 dpan=+2.00 dtilt=-0.64 pan=24.9 tilt=-16.0 err=213px
2026-06-27 19:58:49.720 [DEBUG] [marker_detector] ibvs eu=+205 ev=-4 eu_s=+206.2 ev_s=-2.8 dpan=+2.00 dtilt=+0.14 pan=28.9 tilt=-16.0 err=205px
2026-06-27 19:58:49.835 [DEBUG] [marker_detector] ibvs eu=+195 ev=-17 eu_s=+197.5 ev_s=-14.8 dpan=+2.00 dtilt=+0.74 pan=32.9 tilt=-14.9 err=196px
2026-06-27 19:58:49.930 [DEBUG] [marker_detector] ibvs eu=+192 ev=-20 eu_s=+193.0 ev_s=-20.1 dpan=+2.00 dtilt=+1.00 pan=36.9 tilt=-13.0 err=193px
2026-06-27 19:58:49.997 [DEBUG] [marker_detector] ibvs tag_lost timer start pan=36.9 tilt=-13.0
2026-06-27 19:58:50.115 [DEBUG] [marker_detector] ibvs eu=+174 ev=+8 eu_s=+172.6 ev_s=+3.7 dpan=+2.00 dtilt=-0.19 pan=40.9 tilt=-12.4 err=174px
2026-06-27 19:58:50.209 [DEBUG] [marker_detector] ibvs eu=+194 ev=-4 eu_s=+192.7 ev_s=-1.8 dpan=+2.00 dtilt=+0.09 pan=44.9 tilt=-12.6 err=194px
2026-06-27 19:58:50.347 [DEBUG] [marker_detector] ibvs tag_lost timer start pan=46.9 tilt=-12.3
2026-06-27 19:58:50.389 [DEBUG] [marker_detector] ibvs eu=+158 ev=+12 eu_s=+162.2 ev_s=+8.6 dpan=+2.00 dtilt=-0.43 pan=48.9 tilt=-12.7 err=158px
2026-06-27 19:58:50.481 [DEBUG] [marker_detector] ibvs tag_lost timer start pan=50.9 tilt=-13.1
2026-06-27 19:58:50.543 [DEBUG] [marker_detector] ibvs eu=+151 ev=-4 eu_s=+153.7 ev_s=-2.0 dpan=+2.00 dtilt=+0.10 pan=52.9 tilt=-13.0 err=151px
2026-06-27 19:58:50.673 [DEBUG] [marker_detector] ibvs tag_lost timer start pan=54.9 tilt=-12.7
2026-06-27 19:58:50.717 [DEBUG] [marker_detector] ibvs eu=+147 ev=-24 eu_s=+146.6 ev_s=-20.6 dpan=+2.00 dtilt=+1.03 pan=56.9 tilt=-11.6 err=148px
2026-06-27 19:58:50.766 [DEBUG] [marker_detector] ibvs tag_lost timer start pan=56.9 tilt=-11.6
2026-06-27 19:58:50.907 [DEBUG] [marker_detector] ibvs eu=+113 ev=-30 eu_s=+116.8 ev_s=-31.6 dpan=+2.00 dtilt=+1.58 pan=60.9 tilt=-8.3 err=117px
2026-06-27 19:58:50.952 [DEBUG] [marker_detector] ibvs tag_lost timer start pan=60.9 tilt=-8.3
2026-06-27 19:58:51.046 [DEBUG] [marker_detector] ibvs eu=+84 ev=-8 eu_s=+87.2 ev_s=-10.6 dpan=+2.00 dtilt=+0.53 pan=64.9 tilt=-6.7 err=85px
2026-06-27 19:58:51.184 [DEBUG] [marker_detector] ibvs tag_lost timer start pan=66.9 tilt=-6.2
2026-06-27 19:58:51.281 [DEBUG] [marker_detector] ibvs eu=+42 ev=+15 eu_s=+51.6 ev_s=+10.4 dpan=+2.00 dtilt=-0.52 pan=68.9 tilt=-6.8 err=45px
2026-06-27 19:58:51.400 [DEBUG] [marker_detector] ibvs eu=+46 ev=+13 eu_s=+46.2 ev_s=+13.0 dpan=+2.00 dtilt=-0.65 pan=72.9 tilt=-8.1 err=48px
2026-06-27 19:58:51.468 [DEBUG] [marker_detector] ibvs tag_lost timer start pan=72.9 tilt=-8.1
2026-06-27 19:58:51.567 [DEBUG] [marker_detector] ibvs eu=+6 ev=-2 eu_s=+7.7 ev_s=-1.2 dpan=+0.00 dtilt=+0.00 pan=73.1 tilt=-8.1 err=6px DB
2026-06-27 19:58:51.698 [DEBUG] [marker_detector] ibvs eu=+14 ev=-4 eu_s=+13.6 ev_s=-3.8 dpan=+0.14 dtilt=+0.04 pan=73.3 tilt=-8.1 err=15px
2026-06-27 19:58:51.799 [DEBUG] [marker_detector] ibvs eu=+23 ev=-8 eu_s=+22.0 ev_s=-8.1 dpan=+0.74 dtilt=+0.27 pan=74.4 tilt=-7.6 err=25px
2026-06-27 19:58:51.899 [DEBUG] [marker_detector] ibvs eu=+28 ev=-12 eu_s=+27.5 ev_s=-11.5 dpan=+1.36 dtilt=+0.57 pan=76.9 tilt=-6.6 err=30px
2026-06-27 19:58:52.028 [DEBUG] [marker_detector] ibvs eu=+31 ev=-14 eu_s=+30.6 ev_s=-14.0 dpan=+1.53 dtilt=+0.70 pan=79.9 tilt=-5.3 err=34px
2026-06-27 19:58:52.130 [DEBUG] [marker_detector] ibvs eu=+30 ev=-11 eu_s=+30.2 ev_s=-11.4 dpan=+1.51 dtilt=+0.57 pan=82.9 tilt=-4.0 err=32px
2026-06-27 19:58:52.284 [DEBUG] [marker_detector] ibvs eu=+27 ev=-7 eu_s=+27.2 ev_s=-8.6 dpan=+1.27 dtilt=+0.40 pan=85.6 tilt=-2.9 err=28px
2026-06-27 19:58:52.382 [DEBUG] [marker_detector] ibvs eu=+16 ev=+8 eu_s=+17.6 ev_s=+6.5 dpan=+0.39 dtilt=-0.14 pan=86.7 tilt=-3.1 err=18px
2026-06-27 19:58:52.500 [DEBUG] [marker_detector] ibvs eu=+12 ev=+14 eu_s=+12.3 ev_s=+13.3 dpan=+0.25 dtilt=-0.27 pan=87.2 tilt=-3.5 err=18px
2026-06-27 19:58:52.627 [DEBUG] [marker_detector] ibvs eu=+10 ev=+15 eu_s=+9.9 ev_s=+14.6 dpan=+0.19 dtilt=-0.28 pan=87.6 tilt=-4.0 err=18px
2026-06-27 19:58:52.730 [DEBUG] [marker_detector] ibvs eu=+9 ev=+14 eu_s=+8.6 ev_s=+14.4 dpan=+0.15 dtilt=-0.24 pan=87.9 tilt=-4.5 err=17px
2026-06-27 19:58:52.858 [DEBUG] [marker_detector] ibvs eu=+5 ev=+11 eu_s=+6.0 ev_s=+10.7 dpan=+0.03 dtilt=-0.06 pan=88.0 tilt=-4.6 err=12px
2026-06-27 19:58:52.954 [DEBUG] [marker_detector] ibvs eu=-15 ev=+19 eu_s=-11.8 ev_s=+17.7 dpan=-0.33 dtilt=-0.50 pan=87.7 tilt=-5.2 err=24px
2026-06-27 19:58:52.996 [DEBUG] [marker_detector] ibvs tag_lost timer start pan=87.7 tilt=-5.2
2026-06-27 19:58:53.335 [DEBUG] [marker_detector] ibvs eu=-207 ev=+53 eu_s=-195.9 ev_s=+51.2 dpan=-2.00 dtilt=-2.00 pan=83.7 tilt=-9.2 err=214px
2026-06-27 19:58:53.408 [DEBUG] [marker_detector] ibvs tag_lost timer start pan=83.7 tilt=-9.2
2026-06-27 19:58:53.545 [DEBUG] [marker_detector] ibvs eu=-231 ev=-6 eu_s=-229.8 ev_s=-0.3 dpan=-2.00 dtilt=+0.01 pan=79.7 tilt=-10.2 err=231px
2026-06-27 19:58:53.688 [DEBUG] [marker_detector] ibvs eu=-213 ev=-41 eu_s=-216.3 ev_s=-35.6 dpan=-2.00 dtilt=+1.78 pan=75.7 tilt=-7.9 err=217px
2026-06-27 19:58:53.790 [DEBUG] [marker_detector] ibvs eu=-178 ev=-61 eu_s=-181.9 ev_s=-58.5 dpan=-2.00 dtilt=+2.00 pan=71.7 tilt=-3.9 err=188px
2026-06-27 19:58:53.918 [DEBUG] [marker_detector] ibvs eu=-168 ev=-30 eu_s=-168.6 ev_s=-35.1 dpan=-2.00 dtilt=+1.76 pan=67.7 tilt=-0.1 err=171px
2026-06-27 19:58:54.016 [DEBUG] [marker_detector] ibvs tag_lost timer start pan=65.7 tilt=0.2
2026-06-27 19:58:54.070 [DEBUG] [marker_detector] ibvs eu=-134 ev=+17 eu_s=-135.9 ev_s=+12.7 dpan=-2.00 dtilt=-0.63 pan=63.7 tilt=-0.4 err=135px
2026-06-27 19:58:54.199 [DEBUG] [marker_detector] ibvs eu=-129 ev=+35 eu_s=-128.3 ev_s=+33.1 dpan=-2.00 dtilt=-1.66 pan=59.7 tilt=-3.4 err=133px
2026-06-27 19:58:54.246 [DEBUG] [marker_detector] ibvs tag_lost timer start pan=59.7 tilt=-3.4
2026-06-27 19:58:54.347 [DEBUG] [marker_detector] ibvs eu=-115 ev=+14 eu_s=-115.5 ev_s=+16.9 dpan=-2.00 dtilt=-0.85 pan=55.7 tilt=-5.6 err=116px
2026-06-27 19:58:54.452 [DEBUG] [marker_detector] ibvs eu=-124 ev=-1 eu_s=-123.8 ev_s=+1.9 dpan=-2.00 dtilt=-0.10 pan=51.7 tilt=-6.5 err=124px
2026-06-27 19:58:54.524 [DEBUG] [marker_detector] ibvs tag_lost timer start pan=51.7 tilt=-6.5
2026-06-27 19:58:54.621 [DEBUG] [marker_detector] ibvs eu=-103 ev=-17 eu_s=-103.2 ev_s=-15.3 dpan=-2.00 dtilt=+0.77 pan=47.7 tilt=-5.4 err=104px
2026-06-27 19:58:54.730 [DEBUG] [marker_detector] ibvs eu=-111 ev=-12 eu_s=-111.4 ev_s=-13.2 dpan=-2.00 dtilt=+0.66 pan=43.7 tilt=-3.8 err=112px
2026-06-27 19:58:54.852 [DEBUG] [marker_detector] ibvs eu=-99 ev=+4 eu_s=-100.6 ev_s=+1.8 dpan=-2.00 dtilt=-0.09 pan=39.7 tilt=-3.6 err=99px
2026-06-27 19:58:54.948 [DEBUG] [marker_detector] ibvs eu=-96 ev=+7 eu_s=-97.0 ev_s=+6.7 dpan=-2.00 dtilt=-0.33 pan=35.7 tilt=-4.2 err=96px
2026-06-27 19:58:55.048 [DEBUG] [marker_detector] ibvs eu=-91 ev=+4 eu_s=-91.5 ev_s=+4.8 dpan=-2.00 dtilt=-0.24 pan=31.7 tilt=-4.8 err=91px
2026-06-27 19:58:55.147 [DEBUG] [marker_detector] ibvs tag_lost timer start pan=29.7 tilt=-4.9
2026-06-27 19:58:55.243 [DEBUG] [marker_detector] ibvs eu=-69 ev=-22 eu_s=-73.5 ev_s=-17.4 dpan=-2.00 dtilt=+0.87 pan=27.7 tilt=-4.0 err=73px
2026-06-27 19:58:55.339 [DEBUG] [marker_detector] ibvs eu=-84 ev=-30 eu_s=-81.9 ev_s=-28.6 dpan=-2.00 dtilt=+1.43 pan=23.7 tilt=-1.5 err=89px
2026-06-27 19:58:55.446 [DEBUG] [marker_detector] ibvs eu=-61 ev=-24 eu_s=-63.4 ev_s=-25.5 dpan=-2.00 dtilt=+1.28 pan=19.7 tilt=1.4 err=65px
2026-06-27 19:58:55.545 [DEBUG] [marker_detector] ibvs eu=-41 ev=+2 eu_s=-42.3 ev_s=-0.3 dpan=-2.00 dtilt=+0.01 pan=15.7 tilt=1.9 err=41px
2026-06-27 19:58:55.591 [DEBUG] [marker_detector] ibvs tag_lost timer start pan=15.7 tilt=1.9
2026-06-27 19:58:55.716 [DEBUG] [marker_detector] ibvs eu=-41 ev=+6 eu_s=-43.3 ev_s=+7.7 dpan=-2.00 dtilt=-0.39 pan=11.7 tilt=0.9 err=41px
2026-06-27 19:58:55.808 [DEBUG] [marker_detector] ibvs tag_lost timer start pan=9.7 tilt=0.6
2026-06-27 19:58:55.861 [DEBUG] [marker_detector] ibvs eu=-24 ev=-19 eu_s=-28.1 ev_s=-13.7 dpan=-1.41 dtilt=+0.68 pan=8.3 tilt=1.3 err=30px
2026-06-27 19:58:55.955 [DEBUG] [marker_detector] ibvs eu=-38 ev=-45 eu_s=-35.5 ev_s=-42.6 dpan=-1.77 dtilt=+2.00 pan=5.1 tilt=4.8 err=59px
2026-06-27 19:58:55.996 [DEBUG] [marker_detector] ibvs tag_lost timer start pan=5.1 tilt=4.8
2026-06-27 19:58:56.094 [DEBUG] [marker_detector] ibvs eu=-16 ev=-79 eu_s=-19.6 ev_s=-79.2 dpan=-0.98 dtilt=+2.00 pan=2.4 tilt=8.8 err=80px
2026-06-27 19:58:56.195 [DEBUG] [marker_detector] ibvs eu=-0 ev=-89 eu_s=-3.7 ev_s=-90.0 dpan=-0.19 dtilt=+2.00 pan=1.4 tilt=12.8 err=89px
2026-06-27 19:58:56.293 [DEBUG] [marker_detector] ibvs eu=-2 ev=-83 eu_s=-2.0 ev_s=-84.5 dpan=-0.10 dtilt=+2.00 pan=1.2 tilt=16.8 err=83px
2026-06-27 19:58:56.392 [DEBUG] [marker_detector] ibvs eu=-6 ev=-91 eu_s=-5.4 ev_s=-90.9 dpan=-0.27 dtilt=+2.00 pan=0.8 tilt=20.8 err=91px
2026-06-27 19:58:56.493 [DEBUG] [marker_detector] ibvs eu=-6 ev=-95 eu_s=-6.2 ev_s=-95.7 dpan=-0.31 dtilt=+2.00 pan=0.0 tilt=24.8 err=95px
2026-06-27 19:58:56.547 [DEBUG] [marker_detector] ibvs tag_lost timer start pan=0.0 tilt=24.8
2026-06-27 19:58:56.651 [DEBUG] [marker_detector] ibvs eu=-3 ev=-162 eu_s=-2.1 ev_s=-156.5 dpan=-0.10 dtilt=+2.00 pan=-0.1 tilt=28.8 err=162px
2026-06-27 19:58:56.759 [DEBUG] [marker_detector] ibvs tag_lost timer start pan=-0.4 tilt=30.8
2026-06-27 19:58:56.806 [DEBUG] [marker_detector] ibvs eu=-13 ev=-176 eu_s=-12.0 ev_s=-174.5 dpan=-0.60 dtilt=+2.00 pan=-1.0 tilt=32.8 err=177px
2026-06-27 19:58:56.859 [DEBUG] [marker_detector] ibvs tag_lost timer start pan=-1.0 tilt=32.8
2026-06-27 19:58:57.815 [DEBUG] [marker_detector] ibvs eu=-11 ev=-174 eu_s=-9.9 ev_s=-174.1 dpan=-0.50 dtilt=+2.00 pan=-1.8 tilt=35.0 err=174px CLAMP_TILT
2026-06-27 19:58:57.923 [DEBUG] [marker_detector] ibvs eu=-19 ev=-148 eu_s=-18.1 ev_s=-153.2 dpan=-0.90 dtilt=+2.00 pan=-3.4 tilt=35.0 err=150px CLAMP_TILT
2026-06-27 19:58:58.028 [DEBUG] [marker_detector] ibvs eu=-14 ev=-132 eu_s=-15.0 ev_s=-134.1 dpan=-0.75 dtilt=+2.00 pan=-5.1 tilt=35.0 err=133px CLAMP_TILT
2026-06-27 19:58:58.145 [DEBUG] [marker_detector] ibvs eu=-2 ev=-109 eu_s=-3.9 ev_s=-110.8 dpan=-0.19 dtilt=+2.00 pan=-5.8 tilt=35.0 err=109px CLAMP_TILT
2026-06-27 19:58:58.289 [DEBUG] [marker_detector] ibvs eu=+7 ev=-110 eu_s=+6.0 ev_s=-109.1 dpan=+0.30 dtilt=+2.00 pan=-5.3 tilt=35.0 err=110px CLAMP_TILT
2026-06-27 19:58:58.395 [DEBUG] [marker_detector] ibvs eu=+9 ev=-107 eu_s=+8.8 ev_s=-107.1 dpan=+0.44 dtilt=+2.00 pan=-4.5 tilt=35.0 err=107px CLAMP_TILT
2026-06-27 19:58:58.500 [DEBUG] [marker_detector] ibvs eu=+11 ev=-107 eu_s=+11.0 ev_s=-106.9 dpan=+0.55 dtilt=+2.00 pan=-3.5 tilt=35.0 err=107px CLAMP_TILT
2026-06-27 19:58:58.601 [DEBUG] [marker_detector] ibvs eu=+13 ev=-106 eu_s=+12.4 ev_s=-105.9 dpan=+0.62 dtilt=+2.00 pan=-2.2 tilt=35.0 err=107px CLAMP_TILT
2026-06-27 19:58:58.706 [DEBUG] [marker_detector] ibvs eu=+3 ev=-102 eu_s=+3.6 ev_s=-102.0 dpan=+0.18 dtilt=+2.00 pan=-1.8 tilt=35.0 err=102px CLAMP_TILT
2026-06-27 19:58:58.809 [DEBUG] [marker_detector] ibvs eu=-4 ev=-96 eu_s=-3.4 ev_s=-97.6 dpan=-0.17 dtilt=+2.00 pan=-2.1 tilt=35.0 err=97px CLAMP_TILT
2026-06-27 19:58:58.944 [DEBUG] [marker_detector] ibvs eu=+2 ev=-98 eu_s=+1.0 ev_s=-97.2 dpan=+0.05 dtilt=+2.00 pan=-2.2 tilt=35.0 err=98px CLAMP_TILT
2026-06-27 19:58:59.046 [DEBUG] [marker_detector] ibvs eu=+2 ev=-95 eu_s=+1.6 ev_s=-95.9 dpan=+0.08 dtilt=+2.00 pan=-2.0 tilt=35.0 err=96px CLAMP_TILT
2026-06-27 19:58:59.201 [DEBUG] [marker_detector] ibvs eu=+0 ev=-93 eu_s=+0.4 ev_s=-93.7 dpan=+0.02 dtilt=+2.00 pan=-2.0 tilt=35.0 err=93px CLAMP_TILT
2026-06-27 19:58:59.304 [DEBUG] [marker_detector] ibvs eu=-2 ev=-96 eu_s=-2.3 ev_s=-95.8 dpan=-0.12 dtilt=+2.00 pan=-2.2 tilt=35.0 err=96px CLAMP_TILT
2026-06-27 19:58:59.425 [DEBUG] [marker_detector] ibvs eu=-9 ev=-91 eu_s=-8.3 ev_s=-92.0 dpan=-0.41 dtilt=+2.00 pan=-2.8 tilt=35.0 err=92px CLAMP_TILT
2026-06-27 19:58:59.549 [DEBUG] [marker_detector] ibvs eu=-16 ev=-94 eu_s=-15.0 ev_s=-93.0 dpan=-0.75 dtilt=+2.00 pan=-4.2 tilt=35.0 err=95px CLAMP_TILT
2026-06-27 19:58:59.656 [DEBUG] [marker_detector] ibvs eu=-17 ev=-102 eu_s=-17.2 ev_s=-100.9 dpan=-0.86 dtilt=+2.00 pan=-5.9 tilt=35.0 err=104px CLAMP_TILT
2026-06-27 19:58:59.814 [DEBUG] [marker_detector] ibvs eu=-1 ev=-112 eu_s=-3.7 ev_s=-110.9 dpan=-0.19 dtilt=+2.00 pan=-6.7 tilt=35.0 err=112px CLAMP_TILT
2026-06-27 19:58:59.915 [DEBUG] [marker_detector] ibvs eu=-1 ev=-116 eu_s=-1.2 ev_s=-115.7 dpan=-0.06 dtilt=+2.00 pan=-6.9 tilt=35.0 err=116px CLAMP_TILT
2026-06-27 19:59:00.058 [DEBUG] [marker_detector] ibvs eu=-2 ev=-105 eu_s=-1.1 ev_s=-106.6 dpan=-0.05 dtilt=+2.00 pan=-6.9 tilt=35.0 err=105px CLAMP_TILT
2026-06-27 19:59:00.160 [DEBUG] [marker_detector] ibvs eu=-4 ev=-89 eu_s=-4.1 ev_s=-90.8 dpan=-0.21 dtilt=+2.00 pan=-7.2 tilt=35.0 err=89px CLAMP_TILT
2026-06-27 19:59:00.316 [DEBUG] [marker_detector] ibvs eu=-12 ev=-84 eu_s=-11.1 ev_s=-84.6 dpan=-0.55 dtilt=+2.00 pan=-8.1 tilt=35.0 err=85px CLAMP_TILT
2026-06-27 19:59:00.420 [DEBUG] [marker_detector] ibvs eu=-11 ev=-94 eu_s=-12.8 ev_s=-94.1 dpan=-0.64 dtilt=+2.00 pan=-9.7 tilt=35.0 err=94px CLAMP_TILT
2026-06-27 19:59:00.540 [DEBUG] [marker_detector] ibvs eu=-1 ev=-94 eu_s=-2.5 ev_s=-94.2 dpan=-0.13 dtilt=+2.00 pan=-10.4 tilt=35.0 err=94px CLAMP_TILT
2026-06-27 19:59:00.665 [DEBUG] [marker_detector] ibvs eu=+7 ev=-84 eu_s=+7.0 ev_s=-85.0 dpan=+0.35 dtilt=+2.00 pan=-9.7 tilt=35.0 err=85px CLAMP_TILT
2026-06-27 19:59:00.778 [DEBUG] [marker_detector] ibvs eu=+4 ev=-66 eu_s=+4.8 ev_s=-68.7 dpan=+0.24 dtilt=+2.00 pan=-9.1 tilt=35.0 err=66px CLAMP_TILT
2026-06-27 19:59:00.880 [DEBUG] [marker_detector] ibvs eu=-4 ev=-49 eu_s=-2.4 ev_s=-52.3 dpan=-0.12 dtilt=+2.00 pan=-9.1 tilt=35.0 err=49px CLAMP_TILT
2026-06-27 19:59:00.981 [DEBUG] [marker_detector] ibvs eu=-13 ev=-68 eu_s=-11.2 ev_s=-64.6 dpan=-0.56 dtilt=+2.00 pan=-9.9 tilt=35.0 err=69px CLAMP_TILT
2026-06-27 19:59:01.092 [DEBUG] [marker_detector] ibvs eu=-13 ev=-71 eu_s=-12.7 ev_s=-71.5 dpan=-0.64 dtilt=+2.00 pan=-11.2 tilt=35.0 err=72px CLAMP_TILT
2026-06-27 19:59:01.205 [DEBUG] [marker_detector] ibvs eu=-16 ev=-74 eu_s=-15.8 ev_s=-73.9 dpan=-0.79 dtilt=+2.00 pan=-12.7 tilt=35.0 err=75px CLAMP_TILT
2026-06-27 19:59:01.308 [DEBUG] [marker_detector] ibvs eu=-1 ev=-72 eu_s=-2.5 ev_s=-72.6 dpan=-0.12 dtilt=+2.00 pan=-13.3 tilt=35.0 err=72px CLAMP_TILT
2026-06-27 19:59:01.418 [DEBUG] [marker_detector] ibvs eu=+2 ev=-62 eu_s=+2.2 ev_s=-63.3 dpan=+0.11 dtilt=+2.00 pan=-13.2 tilt=35.0 err=62px CLAMP_TILT
2026-06-27 19:59:01.524 [DEBUG] [marker_detector] ibvs eu=-3 ev=-72 eu_s=-1.9 ev_s=-70.2 dpan=-0.10 dtilt=+2.00 pan=-13.2 tilt=35.0 err=72px CLAMP_TILT
2026-06-27 19:59:01.627 [DEBUG] [marker_detector] ibvs eu=-8 ev=-91 eu_s=-7.2 ev_s=-89.5 dpan=-0.36 dtilt=+2.00 pan=-13.8 tilt=35.0 err=92px CLAMP_TILT
2026-06-27 19:59:01.736 [DEBUG] [marker_detector] ibvs eu=-9 ev=-108 eu_s=-9.0 ev_s=-107.2 dpan=-0.45 dtilt=+2.00 pan=-14.8 tilt=35.0 err=108px CLAMP_TILT
2026-06-27 19:59:01.845 [DEBUG] [marker_detector] ibvs eu=+3 ev=-106 eu_s=+1.1 ev_s=-105.8 dpan=+0.06 dtilt=+2.00 pan=-15.0 tilt=35.0 err=106px CLAMP_TILT
2026-06-27 19:59:01.949 [DEBUG] [marker_detector] ibvs eu=+13 ev=-100 eu_s=+12.4 ev_s=-101.7 dpan=+0.62 dtilt=+2.00 pan=-13.9 tilt=35.0 err=101px CLAMP_TILT
2026-06-27 19:59:02.059 [DEBUG] [marker_detector] ibvs eu=+6 ev=-96 eu_s=+6.5 ev_s=-96.8 dpan=+0.32 dtilt=+2.00 pan=-13.0 tilt=35.0 err=97px CLAMP_TILT
2026-06-27 19:59:02.167 [DEBUG] [marker_detector] ibvs eu=+1 ev=-98 eu_s=+1.6 ev_s=-98.2 dpan=+0.08 dtilt=+2.00 pan=-12.8 tilt=35.0 err=98px CLAMP_TILT
2026-06-27 19:59:02.278 [DEBUG] [marker_detector] ibvs eu=-2 ev=-94 eu_s=-1.3 ev_s=-93.5 dpan=-0.07 dtilt=+2.00 pan=-12.8 tilt=35.0 err=94px CLAMP_TILT
2026-06-27 19:59:02.383 [DEBUG] [marker_detector] ibvs eu=-10 ev=-91 eu_s=-9.3 ev_s=-91.8 dpan=-0.46 dtilt=+2.00 pan=-13.6 tilt=35.0 err=92px CLAMP_TILT
2026-06-27 19:59:02.492 [DEBUG] [marker_detector] ibvs eu=-15 ev=-87 eu_s=-14.6 ev_s=-87.1 dpan=-0.73 dtilt=+2.00 pan=-15.0 tilt=35.0 err=88px CLAMP_TILT
2026-06-27 19:59:02.596 [DEBUG] [marker_detector] ibvs eu=-9 ev=-64 eu_s=-10.1 ev_s=-66.9 dpan=-0.50 dtilt=+2.00 pan=-16.2 tilt=35.0 err=65px CLAMP_TILT
2026-06-27 19:59:02.644 [DEBUG] [marker_detector] ibvs tag_lost timer start pan=-16.2 tilt=35.0
2026-06-27 19:59:02.867 [DEBUG] [marker_detector] ibvs tag_lost timer start pan=-15.4 tilt=33.0
2026-06-27 19:59:02.963 [DEBUG] [marker_detector] ibvs eu=+38 ev=+133 eu_s=+33.1 ev_s=+114.8 dpan=+1.66 dtilt=-2.00 pan=-13.8 tilt=31.0 err=139px
2026-06-27 19:59:03.056 [DEBUG] [marker_detector] ibvs eu=+50 ev=+158 eu_s=+49.3 ev_s=+154.7 dpan=+2.00 dtilt=-2.00 pan=-9.8 tilt=27.0 err=166px
2026-06-27 19:59:03.150 [DEBUG] [marker_detector] ibvs eu=+25 ev=+103 eu_s=+29.4 ev_s=+111.6 dpan=+1.47 dtilt=-2.00 pan=-6.3 tilt=23.0 err=106px
2026-06-27 19:59:03.200 [DEBUG] [marker_detector] ibvs tag_lost timer start pan=-6.3 tilt=23.0
2026-06-27 19:59:03.293 [DEBUG] [marker_detector] ibvs tag_lost timer start pan=-6.2 tilt=21.0
2026-06-27 19:59:03.337 [DEBUG] [marker_detector] ibvs eu=-27 ev=+66 eu_s=-20.9 ev_s=+69.2 dpan=-1.04 dtilt=-2.00 pan=-7.3 tilt=19.0 err=71px
2026-06-27 19:59:03.434 [DEBUG] [marker_detector] ibvs eu=-32 ev=+58 eu_s=-31.1 ev_s=+57.2 dpan=-1.56 dtilt=-2.00 pan=-10.1 tilt=15.0 err=66px
2026-06-27 19:59:03.533 [DEBUG] [marker_detector] ibvs eu=-30 ev=+26 eu_s=-31.0 ev_s=+29.0 dpan=-1.55 dtilt=-1.45 pan=-13.4 tilt=11.5 err=40px
2026-06-27 19:59:03.629 [DEBUG] [marker_detector] ibvs tag_lost timer start pan=-14.2 tilt=11.0
2026-06-27 19:59:03.677 [DEBUG] [marker_detector] ibvs eu=+5 ev=+1 eu_s=-0.2 ev_s=+3.4 dpan=+0.00 dtilt=+0.00 pan=-14.2 tilt=11.0 err=5px DB
2026-06-27 19:59:03.779 [DEBUG] [marker_detector] ibvs eu=+13 ev=+23 eu_s=+12.4 ev_s=+20.5 dpan=+0.43 dtilt=-0.72 pan=-13.6 tilt=10.1 err=26px
2026-06-27 19:59:03.871 [DEBUG] [marker_detector] ibvs eu=+11 ev=+55 eu_s=+11.3 ev_s=+50.2 dpan=+0.57 dtilt=-2.00 pan=-12.5 tilt=6.6 err=56px
2026-06-27 19:59:03.969 [DEBUG] [marker_detector] ibvs eu=+20 ev=+60 eu_s=+18.6 ev_s=+60.3 dpan=+0.93 dtilt=-2.00 pan=-10.8 tilt=2.6 err=63px
2026-06-27 19:59:04.062 [DEBUG] [marker_detector] ibvs eu=+23 ev=+53 eu_s=+23.2 ev_s=+53.1 dpan=+1.16 dtilt=-2.00 pan=-8.5 tilt=-1.4 err=58px
2026-06-27 19:59:04.158 [DEBUG] [marker_detector] ibvs eu=+16 ev=+35 eu_s=+16.5 ev_s=+37.1 dpan=+0.83 dtilt=-1.85 pan=-6.6 tilt=-5.3 err=38px
2026-06-27 19:59:04.255 [DEBUG] [marker_detector] ibvs eu=-3 ev=+9 eu_s=+0.0 ev_s=+10.7 dpan=+0.00 dtilt=-0.02 pan=-6.3 tilt=-5.8 err=9px
2026-06-27 19:59:04.353 [DEBUG] [marker_detector] ibvs eu=-14 ev=-18 eu_s=-11.7 ev_s=-15.9 dpan=-0.29 dtilt=+0.39 pan=-6.6 tilt=-5.4 err=23px
2026-06-27 19:59:04.457 [DEBUG] [marker_detector] ibvs eu=-13 ev=-10 eu_s=-13.3 ev_s=-11.3 dpan=-0.25 dtilt=+0.21 pan=-7.2 tilt=-4.8 err=17px
2026-06-27 19:59:04.551 [DEBUG] [marker_detector] ibvs eu=-6 ev=+4 eu_s=-6.4 ev_s=+2.7 dpan=+0.00 dtilt=+0.00 pan=-7.2 tilt=-4.8 err=7px DB
2026-06-27 19:59:04.643 [DEBUG] [marker_detector] ibvs eu=+4 ev=+30 eu_s=+2.6 ev_s=+26.9 dpan=+0.11 dtilt=-1.14 pan=-7.1 tilt=-6.0 err=31px
2026-06-27 19:59:04.737 [DEBUG] [marker_detector] ibvs eu=+4 ev=+50 eu_s=+4.3 ev_s=+47.5 dpan=+0.21 dtilt=-2.00 pan=-6.7 tilt=-9.9 err=50px
2026-06-27 19:59:04.837 [DEBUG] [marker_detector] ibvs eu=+8 ev=+10 eu_s=+7.0 ev_s=+16.6 dpan=+0.14 dtilt=-0.33 pan=-6.3 tilt=-12.3 err=12px
2026-06-27 19:59:04.933 [DEBUG] [marker_detector] ibvs eu=+16 ev=-43 eu_s=+14.8 ev_s=-37.3 dpan=+0.74 dtilt=+1.86 pan=-5.4 tilt=-10.2 err=46px
2026-06-27 19:59:05.044 [DEBUG] [marker_detector] ibvs eu=+24 ev=-63 eu_s=+22.5 ev_s=-60.1 dpan=+1.13 dtilt=+2.00 pan=-3.4 tilt=-6.2 err=67px
2026-06-27 19:59:05.145 [DEBUG] [marker_detector] ibvs eu=+7 ev=-39 eu_s=+9.8 ev_s=-42.4 dpan=+0.49 dtilt=+2.00 pan=-1.9 tilt=-2.2 err=40px
2026-06-27 19:59:05.241 [DEBUG] [marker_detector] ibvs tag_lost timer start pan=-2.0 tilt=-1.8
2026-06-27 19:59:05.286 [DEBUG] [marker_detector] ibvs eu=-26 ev=+54 eu_s=-22.0 ev_s=+39.7 dpan=-1.10 dtilt=-1.99 pan=-3.1 tilt=-3.8 err=60px
2026-06-27 19:59:05.380 [DEBUG] [marker_detector] ibvs eu=-26 ev=+23 eu_s=-25.4 ev_s=+26.1 dpan=-1.27 dtilt=-1.30 pan=-5.6 tilt=-7.0 err=34px
2026-06-27 19:59:05.474 [DEBUG] [marker_detector] ibvs eu=-15 ev=-33 eu_s=-17.3 ev_s=-25.6 dpan=-0.86 dtilt=+1.28 pan=-7.5 tilt=-5.9 err=36px
2026-06-27 19:59:05.576 [DEBUG] [marker_detector] ibvs eu=+9 ev=-38 eu_s=+5.4 ev_s=-37.7 dpan=+0.27 dtilt=+1.88 pan=-7.6 tilt=-2.3 err=39px
2026-06-27 19:59:05.703 [DEBUG] [marker_detector] ibvs tag_lost timer start pan=-6.7 tilt=-1.1
2026-06-27 19:59:05.756 [DEBUG] [marker_detector] ibvs eu=+19 ev=-4 eu_s=+18.6 ev_s=-8.2 dpan=+0.48 dtilt=+0.21 pan=-6.2 tilt=-0.9 err=19px
2026-06-27 19:59:05.859 [DEBUG] [marker_detector] ibvs eu=+18 ev=+8 eu_s=+18.3 ev_s=+7.5 dpan=+0.45 dtilt=-0.18 pan=-5.3 tilt=-1.2 err=20px
2026-06-27 19:59:05.957 [DEBUG] [marker_detector] ibvs eu=+9 ev=+8 eu_s=+9.6 ev_s=+7.7 dpan=+0.00 dtilt=+0.00 pan=-5.1 tilt=-1.3 err=12px DB
2026-06-27 19:59:06.060 [DEBUG] [marker_detector] ibvs eu=+6 ev=+8 eu_s=+5.9 ev_s=+7.9 dpan=+0.00 dtilt=+0.00 pan=-5.1 tilt=-1.3 err=10px DB
2026-06-27 19:59:06.157 [DEBUG] [marker_detector] ibvs eu=+6 ev=+8 eu_s=+5.7 ev_s=+7.8 dpan=+0.00 dtilt=+0.00 pan=-5.1 tilt=-1.3 err=10px DB
2026-06-27 19:59:06.254 [DEBUG] [marker_detector] ibvs eu=+6 ev=+8 eu_s=+5.6 ev_s=+7.8 dpan=+0.00 dtilt=+0.00 pan=-5.1 tilt=-1.3 err=10px DB
2026-06-27 19:59:06.351 [DEBUG] [marker_detector] ibvs eu=+6 ev=+8 eu_s=+5.7 ev_s=+7.8 dpan=+0.00 dtilt=+0.00 pan=-5.1 tilt=-1.3 err=10px DB
2026-06-27 19:59:06.446 [DEBUG] [marker_detector] ibvs eu=+6 ev=+8 eu_s=+5.7 ev_s=+7.8 dpan=+0.00 dtilt=+0.00 pan=-5.1 tilt=-1.3 err=10px DB
2026-06-27 19:59:06.543 [DEBUG] [marker_detector] ibvs eu=+6 ev=+8 eu_s=+5.6 ev_s=+7.9 dpan=+0.00 dtilt=+0.00 pan=-5.1 tilt=-1.3 err=10px DB
2026-06-27 19:59:06.637 [DEBUG] [marker_detector] ibvs eu=+6 ev=+8 eu_s=+5.6 ev_s=+7.8 dpan=+0.00 dtilt=+0.00 pan=-5.1 tilt=-1.3 err=10px DB
2026-06-27 19:59:06.742 [DEBUG] [marker_detector] ibvs eu=+6 ev=+8 eu_s=+5.6 ev_s=+7.8 dpan=+0.00 dtilt=+0.00 pan=-5.1 tilt=-1.3 err=10px DB
2026-06-27 19:59:06.836 [DEBUG] [marker_detector] ibvs eu=+6 ev=+8 eu_s=+5.6 ev_s=+7.8 dpan=+0.00 dtilt=+0.00 pan=-5.1 tilt=-1.3 err=10px DB
2026-06-27 19:59:06.931 [DEBUG] [marker_detector] ibvs eu=+6 ev=+8 eu_s=+5.6 ev_s=+7.9 dpan=+0.00 dtilt=+0.00 pan=-5.1 tilt=-1.3 err=10px DB
2026-06-27 19:59:07.028 [DEBUG] [marker_detector] ibvs eu=+6 ev=+8 eu_s=+5.6 ev_s=+7.8 dpan=+0.00 dtilt=+0.00 pan=-5.1 tilt=-1.3 err=10px DB
2026-06-27 19:59:07.125 [DEBUG] [marker_detector] ibvs eu=+6 ev=+8 eu_s=+5.6 ev_s=+7.8 dpan=+0.00 dtilt=+0.00 pan=-5.1 tilt=-1.3 err=10px DB
2026-06-27 19:59:07.220 [DEBUG] [marker_detector] ibvs eu=+6 ev=+8 eu_s=+5.6 ev_s=+7.8 dpan=+0.00 dtilt=+0.00 pan=-5.1 tilt=-1.3 err=10px DB
2026-06-27 19:59:07.316 [DEBUG] [marker_detector] ibvs eu=+6 ev=+8 eu_s=+5.6 ev_s=+7.8 dpan=+0.00 dtilt=+0.00 pan=-5.1 tilt=-1.3 err=10px DB
2026-06-27 19:59:07.413 [DEBUG] [marker_detector] ibvs eu=+6 ev=+8 eu_s=+5.6 ev_s=+7.8 dpan=+0.00 dtilt=+0.00 pan=-5.1 tilt=-1.3 err=10px DB
2026-06-27 19:59:07.511 [DEBUG] [marker_detector] ibvs eu=+6 ev=+8 eu_s=+5.6 ev_s=+7.8 dpan=+0.00 dtilt=+0.00 pan=-5.1 tilt=-1.3 err=10px DB
2026-06-27 19:59:07.608 [DEBUG] [marker_detector] ibvs eu=+6 ev=+8 eu_s=+5.6 ev_s=+7.8 dpan=+0.00 dtilt=+0.00 pan=-5.1 tilt=-1.3 err=10px DB
2026-06-27 19:59:07.704 [DEBUG] [marker_detector] ibvs eu=+6 ev=+8 eu_s=+5.6 ev_s=+7.8 dpan=+0.00 dtilt=+0.00 pan=-5.1 tilt=-1.3 err=10px DB
2026-06-27 19:59:07.804 [DEBUG] [marker_detector] ibvs eu=+6 ev=+8 eu_s=+5.6 ev_s=+7.8 dpan=+0.00 dtilt=+0.00 pan=-5.1 tilt=-1.3 err=10px DB
2026-06-27 19:59:07.899 [DEBUG] [marker_detector] ibvs eu=+6 ev=+8 eu_s=+5.6 ev_s=+7.9 dpan=+0.00 dtilt=+0.00 pan=-5.1 tilt=-1.3 err=10px DB
2026-06-27 19:59:07.997 [DEBUG] [marker_detector] ibvs eu=+6 ev=+8 eu_s=+5.6 ev_s=+7.8 dpan=+0.00 dtilt=+0.00 pan=-5.1 tilt=-1.3 err=10px DB
2026-06-27 19:59:08.092 [DEBUG] [marker_detector] ibvs eu=+6 ev=+8 eu_s=+5.6 ev_s=+7.8 dpan=+0.00 dtilt=+0.00 pan=-5.1 tilt=-1.3 err=10px DB
2026-06-27 19:59:08.191 [DEBUG] [marker_detector] ibvs eu=+6 ev=+8 eu_s=+5.6 ev_s=+7.8 dpan=+0.00 dtilt=+0.00 pan=-5.1 tilt=-1.3 err=10px DB
2026-06-27 19:59:08.285 [DEBUG] [marker_detector] ibvs eu=+6 ev=+8 eu_s=+5.6 ev_s=+7.7 dpan=+0.00 dtilt=+0.00 pan=-5.1 tilt=-1.3 err=10px DB
2026-06-27 19:59:08.382 [DEBUG] [marker_detector] ibvs eu=+6 ev=+8 eu_s=+5.6 ev_s=+7.8 dpan=+0.00 dtilt=+0.00 pan=-5.1 tilt=-1.3 err=10px DB
2026-06-27 19:59:08.485 [DEBUG] [marker_detector] ibvs eu=+6 ev=+8 eu_s=+5.7 ev_s=+7.7 dpan=+0.00 dtilt=+0.00 pan=-5.1 tilt=-1.3 err=10px DB
2026-06-27 19:59:08.582 [DEBUG] [marker_detector] ibvs eu=+6 ev=+8 eu_s=+5.7 ev_s=+7.8 dpan=+0.00 dtilt=+0.00 pan=-5.1 tilt=-1.3 err=10px DB
2026-06-27 19:59:08.680 [DEBUG] [marker_detector] ibvs eu=+6 ev=+8 eu_s=+5.5 ev_s=+7.7 dpan=+0.00 dtilt=+0.00 pan=-5.1 tilt=-1.3 err=10px DB
2026-06-27 19:59:08.775 [DEBUG] [marker_detector] ibvs eu=+6 ev=+8 eu_s=+5.6 ev_s=+7.7 dpan=+0.00 dtilt=+0.00 pan=-5.1 tilt=-1.3 err=10px DB
2026-06-27 19:59:08.872 [DEBUG] [marker_detector] ibvs eu=+6 ev=+8 eu_s=+5.7 ev_s=+7.8 dpan=+0.00 dtilt=+0.00 pan=-5.1 tilt=-1.3 err=10px DB
2026-06-27 19:59:08.968 [DEBUG] [marker_detector] ibvs eu=+6 ev=+8 eu_s=+5.6 ev_s=+7.7 dpan=+0.00 dtilt=+0.00 pan=-5.1 tilt=-1.3 err=10px DB
2026-06-27 19:59:09.072 [DEBUG] [marker_detector] ibvs eu=+6 ev=+8 eu_s=+5.6 ev_s=+7.7 dpan=+0.00 dtilt=+0.00 pan=-5.1 tilt=-1.3 err=10px DB
2026-06-27 19:59:09.170 [DEBUG] [marker_detector] ibvs eu=+6 ev=+8 eu_s=+5.6 ev_s=+7.7 dpan=+0.00 dtilt=+0.00 pan=-5.1 tilt=-1.3 err=10px DB
2026-06-27 19:59:09.269 [DEBUG] [marker_detector] ibvs eu=+6 ev=+8 eu_s=+5.6 ev_s=+7.8 dpan=+0.00 dtilt=+0.00 pan=-5.1 tilt=-1.3 err=10px DB
2026-06-27 19:59:09.365 [DEBUG] [marker_detector] ibvs eu=+6 ev=+8 eu_s=+5.6 ev_s=+7.8 dpan=+0.00 dtilt=+0.00 pan=-5.1 tilt=-1.3 err=10px DB
2026-06-27 19:59:09.459 [DEBUG] [marker_detector] ibvs eu=+6 ev=+8 eu_s=+5.6 ev_s=+7.8 dpan=+0.00 dtilt=+0.00 pan=-5.1 tilt=-1.3 err=10px DB
2026-06-27 19:59:09.555 [DEBUG] [marker_detector] ibvs eu=+6 ev=+8 eu_s=+5.6 ev_s=+7.7 dpan=+0.00 dtilt=+0.00 pan=-5.1 tilt=-1.3 err=10px DB
2026-06-27 19:59:09.649 [DEBUG] [marker_detector] ibvs eu=+6 ev=+8 eu_s=+5.6 ev_s=+7.8 dpan=+0.00 dtilt=+0.00 pan=-5.1 tilt=-1.3 err=10px DB
2026-06-27 19:59:09.746 [DEBUG] [marker_detector] ibvs eu=+6 ev=+8 eu_s=+5.6 ev_s=+7.7 dpan=+0.00 dtilt=+0.00 pan=-5.1 tilt=-1.3 err=10px DB
2026-06-27 19:59:09.844 [DEBUG] [marker_detector] ibvs eu=+6 ev=+8 eu_s=+5.6 ev_s=+7.7 dpan=+0.00 dtilt=+0.00 pan=-5.1 tilt=-1.3 err=10px DB
2026-06-27 19:59:09.941 [DEBUG] [marker_detector] ibvs eu=+6 ev=+8 eu_s=+5.5 ev_s=+7.7 dpan=+0.00 dtilt=+0.00 pan=-5.1 tilt=-1.3 err=9px DB
2026-06-27 19:59:10.038 [DEBUG] [marker_detector] ibvs eu=+6 ev=+8 eu_s=+5.6 ev_s=+7.8 dpan=+0.00 dtilt=+0.00 pan=-5.1 tilt=-1.3 err=10px DB
2026-06-27 19:59:10.139 [DEBUG] [marker_detector] ibvs eu=+6 ev=+8 eu_s=+5.6 ev_s=+7.8 dpan=+0.00 dtilt=+0.00 pan=-5.1 tilt=-1.3 err=10px DB
2026-06-27 19:59:10.234 [DEBUG] [marker_detector] ibvs eu=+6 ev=+8 eu_s=+5.6 ev_s=+7.8 dpan=+0.00 dtilt=+0.00 pan=-5.1 tilt=-1.3 err=10px DB
2026-06-27 19:59:10.332 [DEBUG] [marker_detector] ibvs eu=+6 ev=+8 eu_s=+5.6 ev_s=+7.8 dpan=+0.00 dtilt=+0.00 pan=-5.1 tilt=-1.3 err=10px DB
2026-06-27 19:59:10.425 [DEBUG] [marker_detector] ibvs eu=+6 ev=+8 eu_s=+5.6 ev_s=+7.8 dpan=+0.00 dtilt=+0.00 pan=-5.1 tilt=-1.3 err=10px DB
2026-06-27 19:59:10.521 [DEBUG] [marker_detector] ibvs eu=+6 ev=+8 eu_s=+5.6 ev_s=+7.8 dpan=+0.00 dtilt=+0.00 pan=-5.1 tilt=-1.3 err=10px DB
2026-06-27 19:59:10.624 [DEBUG] [marker_detector] ibvs eu=+6 ev=+8 eu_s=+5.6 ev_s=+7.8 dpan=+0.00 dtilt=+0.00 pan=-5.1 tilt=-1.3 err=10px DB
2026-06-27 19:59:10.719 [DEBUG] [marker_detector] ibvs eu=+5 ev=+7 eu_s=+5.4 ev_s=+7.4 dpan=+0.00 dtilt=+0.00 pan=-5.1 tilt=-1.3 err=9px DB
2026-06-27 19:59:10.883 [DEBUG] [marker_detector] ibvs eu=+6 ev=+8 eu_s=+5.5 ev_s=+7.8 dpan=+0.00 dtilt=+0.00 pan=-5.1 tilt=-1.3 err=10px DB
2026-06-27 19:59:10.988 [DEBUG] [marker_detector] ibvs eu=+6 ev=+8 eu_s=+5.5 ev_s=+7.7 dpan=+0.00 dtilt=+0.00 pan=-5.1 tilt=-1.3 err=10px DB
2026-06-27 19:59:11.085 [DEBUG] [marker_detector] ibvs eu=+5 ev=+8 eu_s=+5.5 ev_s=+7.6 dpan=+0.00 dtilt=+0.00 pan=-5.1 tilt=-1.3 err=9px DB
2026-06-27 19:59:11.183 [DEBUG] [marker_detector] ibvs eu=+6 ev=+8 eu_s=+5.6 ev_s=+7.6 dpan=+0.00 dtilt=+0.00 pan=-5.1 tilt=-1.3 err=9px DB
2026-06-27 19:59:11.277 [DEBUG] [marker_detector] ibvs eu=+6 ev=+8 eu_s=+5.5 ev_s=+7.7 dpan=+0.00 dtilt=+0.00 pan=-5.1 tilt=-1.3 err=10px DB
2026-06-27 19:59:11.374 [DEBUG] [marker_detector] ibvs eu=+5 ev=+7 eu_s=+5.5 ev_s=+7.5 dpan=+0.00 dtilt=+0.00 pan=-5.1 tilt=-1.3 err=9px DB
2026-06-27 19:59:11.468 [DEBUG] [marker_detector] ibvs eu=+5 ev=+8 eu_s=+5.5 ev_s=+7.7 dpan=+0.00 dtilt=+0.00 pan=-5.1 tilt=-1.3 err=9px DB
2026-06-27 19:59:11.563 [DEBUG] [marker_detector] ibvs eu=+5 ev=+8 eu_s=+5.5 ev_s=+7.6 dpan=+0.00 dtilt=+0.00 pan=-5.1 tilt=-1.3 err=9px DB
2026-06-27 19:59:11.657 [DEBUG] [marker_detector] ibvs eu=+5 ev=+8 eu_s=+5.5 ev_s=+7.6 dpan=+0.00 dtilt=+0.00 pan=-5.1 tilt=-1.3 err=9px DB
2026-06-27 19:59:11.753 [DEBUG] [marker_detector] ibvs eu=+6 ev=+8 eu_s=+5.5 ev_s=+7.6 dpan=+0.00 dtilt=+0.00 pan=-5.1 tilt=-1.3 err=9px DB
2026-06-27 19:59:11.848 [DEBUG] [marker_detector] ibvs eu=+6 ev=+8 eu_s=+5.5 ev_s=+7.6 dpan=+0.00 dtilt=+0.00 pan=-5.1 tilt=-1.3 err=9px DB
2026-06-27 19:59:11.940 [DEBUG] [marker_detector] ibvs eu=+6 ev=+8 eu_s=+5.5 ev_s=+7.6 dpan=+0.00 dtilt=+0.00 pan=-5.1 tilt=-1.3 err=9px DB
2026-06-27 19:59:12.040 [DEBUG] [marker_detector] ibvs eu=+6 ev=+8 eu_s=+5.5 ev_s=+7.7 dpan=+0.00 dtilt=+0.00 pan=-5.1 tilt=-1.3 err=9px DB
2026-06-27 19:59:12.132 [DEBUG] [marker_detector] ibvs eu=+5 ev=+8 eu_s=+5.4 ev_s=+7.6 dpan=+0.00 dtilt=+0.00 pan=-5.1 tilt=-1.3 err=9px DB
2026-06-27 19:59:12.224 [DEBUG] [marker_detector] ibvs eu=+5 ev=+8 eu_s=+5.5 ev_s=+7.6 dpan=+0.00 dtilt=+0.00 pan=-5.1 tilt=-1.3 err=9px DB
2026-06-27 19:59:12.320 [DEBUG] [marker_detector] ibvs eu=+6 ev=+8 eu_s=+5.6 ev_s=+7.6 dpan=+0.00 dtilt=+0.00 pan=-5.1 tilt=-1.3 err=9px DB
2026-06-27 19:59:12.414 [DEBUG] [marker_detector] ibvs eu=+6 ev=+8 eu_s=+5.5 ev_s=+7.7 dpan=+0.00 dtilt=+0.00 pan=-5.1 tilt=-1.3 err=9px DB
2026-06-27 19:59:12.516 [DEBUG] [marker_detector] ibvs eu=+6 ev=+8 eu_s=+5.5 ev_s=+7.6 dpan=+0.00 dtilt=+0.00 pan=-5.1 tilt=-1.3 err=9px DB
2026-06-27 19:59:12.611 [DEBUG] [marker_detector] ibvs eu=+6 ev=+8 eu_s=+5.5 ev_s=+7.6 dpan=+0.00 dtilt=+0.00 pan=-5.1 tilt=-1.3 err=9px DB
2026-06-27 19:59:12.706 [DEBUG] [marker_detector] ibvs eu=+6 ev=+8 eu_s=+5.5 ev_s=+7.6 dpan=+0.00 dtilt=+0.00 pan=-5.1 tilt=-1.3 err=9px DB
2026-06-27 19:59:12.797 [DEBUG] [marker_detector] ibvs eu=+6 ev=+8 eu_s=+5.5 ev_s=+7.6 dpan=+0.00 dtilt=+0.00 pan=-5.1 tilt=-1.3 err=9px DB
2026-06-27 19:59:12.897 [DEBUG] [marker_detector] ibvs eu=+6 ev=+8 eu_s=+5.5 ev_s=+7.6 dpan=+0.00 dtilt=+0.00 pan=-5.1 tilt=-1.3 err=9px DB
2026-06-27 19:59:12.989 [DEBUG] [marker_detector] ibvs eu=+6 ev=+8 eu_s=+5.5 ev_s=+7.7 dpan=+0.00 dtilt=+0.00 pan=-5.1 tilt=-1.3 err=9px DB
2026-06-27 19:59:13.083 [DEBUG] [marker_detector] ibvs eu=+5 ev=+8 eu_s=+5.5 ev_s=+7.6 dpan=+0.00 dtilt=+0.00 pan=-5.1 tilt=-1.3 err=9px DB
2026-06-27 19:59:13.175 [DEBUG] [marker_detector] ibvs eu=+5 ev=+8 eu_s=+5.5 ev_s=+7.6 dpan=+0.00 dtilt=+0.00 pan=-5.1 tilt=-1.3 err=9px DB
2026-06-27 19:59:13.269 [DEBUG] [marker_detector] ibvs eu=+6 ev=+8 eu_s=+5.5 ev_s=+7.6 dpan=+0.00 dtilt=+0.00 pan=-5.1 tilt=-1.3 err=9px DB
2026-06-27 19:59:13.372 [DEBUG] [marker_detector] ibvs eu=+6 ev=+8 eu_s=+5.5 ev_s=+7.6 dpan=+0.00 dtilt=+0.00 pan=-5.1 tilt=-1.3 err=9px DB
2026-06-27 19:59:13.468 [DEBUG] [marker_detector] ibvs eu=+6 ev=+8 eu_s=+5.5 ev_s=+7.6 dpan=+0.00 dtilt=+0.00 pan=-5.1 tilt=-1.3 err=9px DB
2026-06-27 19:59:13.563 [DEBUG] [marker_detector] ibvs eu=+6 ev=+8 eu_s=+5.6 ev_s=+7.6 dpan=+0.00 dtilt=+0.00 pan=-5.1 tilt=-1.3 err=9px DB
2026-06-27 19:59:13.585 [INFO ] [marker_detector] ibvs_recording_stop frames=3625 detections=2086 deadband=648 max_eu=271.8 max_ev=182.5 final_pan=-5.10 final_tilt=-1.31 dir=/home/jvpicar/picar_ros/logs/pi_session_20260627_195557/ibvs_frames_195604
2026-06-27 19:59:13.585 [INFO ] [marker_detector] chase_stop cycle=0 reason=toggle_off
2026-06-27 19:59:13.609 [INFO ] [marker_detector] ibvs_recording_start frames_dir=/home/jvpicar/picar_ros/logs/pi_session_20260627_195557/ibvs_frames_195913 csv=/home/jvpicar/picar_ros/logs/pi_session_20260627_195557/ibvs_log_195913.csv
