t_s,frame,tag_detected,state,pan_deg,tilt_deg,eu_px,ev_px,eu_s_px,ev_s_px,err_px,dpan,dtilt,steer_ff,in_deadband,clamped_pan,clamped_tilt,servo_sent,tag_conf,lost_t
0.002,1,1,ibvs_active,-0.77,-0.45,-26.5,15.5,-21.2,12.4,30.7,-0.774,-0.451,0.0,0,0,0,1,30.0,
0.079,2,1,ibvs_active,-2.02,-1.18,-26.6,15.5,-25.5,14.9,30.8,-1.245,-0.725,0.0,0,0,0,1,30.7,
0.126,3,1,ibvs_active,-3.34,-1.95,-26.6,15.5,-26.4,15.4,30.8,-1.318,-0.77,0.0,0,0,0,1,30.4,
0.177,4,1,ibvs_active,-4.66,-2.72,-26.6,15.5,-26.6,15.5,30.8,-1.328,-0.775,0.0,0,0,0,1,29.9,
0.223,5,1,ibvs_active,-5.37,-3.28,-17.6,15.2,-19.4,15.2,23.2,-0.71,-0.558,0.0,0,0,0,1,29.6,
0.270,6,0,tag_lost_countdown,-5.37,-3.28,,,,,,,,,,,,,,0.0
0.311,7,0,tag_lost_countdown,-5.37,-3.28,,,,,,,,,,,,,,0.05
0.359,8,1,ibvs_active,-5.24,-3.21,20.5,-12.2,12.5,-6.7,23.8,0.131,0.071,0.0,0,0,0,1,31.5,
0.405,9,1,ibvs_active,-4.61,-2.84,21.6,-12.4,19.8,-11.3,25.0,0.635,0.362,0.0,0,0,0,1,31.0,
0.460,10,1,ibvs_active,-3.83,-2.4,21.6,-12.5,21.3,-12.3,25.0,0.776,0.448,0.0,0,0,0,1,32.5,
0.508,11,1,ibvs_active,-3.03,-1.94,21.6,-12.4,21.6,-12.4,24.9,0.802,0.46,0.0,0,0,0,1,33.2,
0.565,12,1,ibvs_active,-2.24,-1.49,21.4,-12.2,21.4,-12.2,24.6,0.786,0.448,0.0,0,0,0,1,32.2,
0.612,13,1,ibvs_active,-1.88,-1.26,14.7,-9.8,16.1,-10.3,17.7,0.365,0.234,0.0,0,0,0,1,31.8,
0.660,14,1,deadband,-1.88,-1.26,6.4,-8.7,8.3,-9.0,10.8,0.0,0.0,0.0,1,0,0,0,24.2,
0.707,15,1,deadband,-1.88,-1.26,5.7,1.1,6.3,-0.9,5.8,0.0,0.0,0.0,1,0,0,0,29.7,
0.753,16,1,deadband,-1.88,-1.26,-4.0,-0.1,-1.9,-0.3,4.0,0.0,0.0,0.0,1,0,0,0,27.9,
0.799,17,1,deadband,-1.88,-1.26,-4.1,0.8,-3.7,0.6,4.2,0.0,0.0,0.0,1,0,0,0,33.1,
0.848,18,1,deadband,-1.88,-1.26,-4.1,0.2,-4.0,0.3,4.1,0.0,0.0,0.0,1,0,0,0,32.5,
0.894,19,1,deadband,-1.88,-1.26,-4.1,0.6,-4.1,0.5,4.2,0.0,0.0,0.0,1,0,0,0,32.3,
0.947,20,1,deadband,-1.88,-1.26,-4.1,0.6,-4.1,0.5,4.2,0.0,0.0,0.0,1,0,0,0,32.6,
0.991,21,1,deadband,-1.88,-1.26,-4.0,0.4,-4.0,0.4,4.0,0.0,0.0,0.0,1,0,0,0,32.4,
1.040,22,1,deadband,-1.88,-1.26,-4.1,0.5,-4.1,0.5,4.1,0.0,0.0,0.0,1,0,0,0,32.1,
1.085,23,1,deadband,-1.88,-1.26,-4.1,0.4,-4.1,0.4,4.1,0.0,0.0,0.0,1,0,0,0,32.6,
1.134,24,1,deadband,-1.88,-1.26,-4.1,0.5,-4.1,0.5,4.2,0.0,0.0,0.0,1,0,0,0,32.6,
1.183,25,1,deadband,-1.88,-1.26,-4.1,0.5,-4.1,0.5,4.1,0.0,0.0,0.0,1,0,0,0,32.9,
1.232,26,1,deadband,-1.88,-1.26,-4.0,0.5,-4.0,0.5,4.1,0.0,0.0,0.0,1,0,0,0,32.8,
1.276,27,1,deadband,-1.88,-1.26,-4.1,0.5,-4.1,0.5,4.1,0.0,0.0,0.0,1,0,0,0,32.2,
1.325,28,1,deadband,-1.88,-1.26,-4.0,0.6,-4.0,0.6,4.1,0.0,0.0,0.0,1,0,0,0,31.7,
1.371,29,1,deadband,-1.88,-1.26,-4.1,0.5,-4.1,0.5,4.2,0.0,0.0,0.0,1,0,0,0,32.7,
1.421,30,1,deadband,-1.88,-1.26,-4.1,0.4,-4.1,0.4,4.1,0.0,0.0,0.0,1,0,0,0,32.3,
1.466,31,1,deadband,-1.88,-1.26,-4.1,0.5,-4.1,0.5,4.1,0.0,0.0,0.0,1,0,0,0,32.5,
1.516,32,1,deadband,-1.88,-1.26,-4.1,0.4,-4.1,0.4,4.1,0.0,0.0,0.0,1,0,0,0,33.1,
1.566,33,1,deadband,-1.88,-1.26,-4.1,0.5,-4.1,0.5,4.2,0.0,0.0,0.0,1,0,0,0,32.2,
1.612,34,1,deadband,-1.88,-1.26,-4.1,0.4,-4.1,0.4,4.1,0.0,0.0,0.0,1,0,0,0,32.5,
1.655,35,1,deadband,-1.88,-1.26,-4.1,0.4,-4.1,0.4,4.1,0.0,0.0,0.0,1,0,0,0,32.0,
1.705,36,1,deadband,-1.88,-1.26,-4.1,0.5,-4.1,0.5,4.1,0.0,0.0,0.0,1,0,0,0,32.5,
1.748,37,1,deadband,-1.88,-1.26,-4.0,0.6,-4.0,0.6,4.1,0.0,0.0,0.0,1,0,0,0,32.3,
1.800,38,1,deadband,-1.88,-1.26,-4.0,0.7,-4.0,0.6,4.1,0.0,0.0,0.0,1,0,0,0,31.6,
1.845,39,1,deadband,-1.88,-1.26,-4.0,0.5,-4.0,0.5,4.1,0.0,0.0,0.0,1,0,0,0,32.0,
1.893,40,1,deadband,-1.88,-1.26,-4.0,0.4,-4.0,0.4,4.1,0.0,0.0,0.0,1,0,0,0,32.3,
1.940,41,1,deadband,-1.88,-1.26,-4.1,0.6,-4.1,0.6,4.2,0.0,0.0,0.0,1,0,0,0,31.9,
1.992,42,1,deadband,-1.88,-1.26,-4.0,0.6,-4.0,0.6,4.0,0.0,0.0,0.0,1,0,0,0,32.1,
2.035,43,1,deadband,-1.88,-1.26,-3.9,0.5,-3.9,0.5,3.9,0.0,0.0,0.0,1,0,0,0,32.8,
2.082,44,1,deadband,-1.88,-1.26,-4.0,0.5,-4.0,0.5,4.1,0.0,0.0,0.0,1,0,0,0,31.4,
2.126,45,1,deadband,-1.88,-1.26,-4.1,0.5,-4.1,0.5,4.1,0.0,0.0,0.0,1,0,0,0,32.3,
2.176,46,1,deadband,-1.88,-1.26,-4.1,0.6,-4.1,0.5,4.1,0.0,0.0,0.0,1,0,0,0,32.3,
2.219,47,1,deadband,-1.88,-1.26,-4.1,0.5,-4.1,0.5,4.1,0.0,0.0,0.0,1,0,0,0,32.7,
2.267,48,1,deadband,-1.88,-1.26,-4.0,0.4,-4.0,0.4,4.1,0.0,0.0,0.0,1,0,0,0,31.7,
2.308,49,1,deadband,-1.88,-1.26,-4.0,0.5,-4.0,0.5,4.0,0.0,0.0,0.0,1,0,0,0,31.9,
2.357,50,1,deadband,-1.88,-1.26,-4.1,0.4,-4.0,0.4,4.1,0.0,0.0,0.0,1,0,0,0,31.6,
2.405,51,1,deadband,-1.88,-1.26,-4.0,0.4,-4.0,0.4,4.0,0.0,0.0,0.0,1,0,0,0,32.0,
2.455,52,1,deadband,-1.88,-1.26,-4.1,0.3,-4.1,0.3,4.1,0.0,0.0,0.0,1,0,0,0,32.8,
2.497,53,1,deadband,-1.88,-1.26,-4.0,0.5,-4.0,0.4,4.1,0.0,0.0,0.0,1,0,0,0,33.1,
2.545,54,1,deadband,-1.88,-1.26,-4.0,0.5,-4.0,0.5,4.1,0.0,0.0,0.0,1,0,0,0,32.3,
2.586,55,1,deadband,-1.88,-1.26,-4.0,0.4,-4.0,0.4,4.0,0.0,0.0,0.0,1,0,0,0,32.8,
2.637,56,1,deadband,-1.88,-1.26,-4.1,0.6,-4.1,0.5,4.1,0.0,0.0,0.0,1,0,0,0,32.7,
2.680,57,1,deadband,-1.88,-1.26,-4.1,0.6,-4.1,0.6,4.1,0.0,0.0,0.0,1,0,0,0,32.1,
2.730,58,1,deadband,-1.88,-1.26,-4.1,0.5,-4.1,0.5,4.1,0.0,0.0,0.0,1,0,0,0,32.0,
2.774,59,1,deadband,-1.88,-1.26,-4.1,0.5,-4.1,0.5,4.1,0.0,0.0,0.0,1,0,0,0,32.5,
2.827,60,1,deadband,-1.88,-1.26,-4.1,0.6,-4.1,0.6,4.1,0.0,0.0,0.0,1,0,0,0,31.5,
2.870,61,1,deadband,-1.88,-1.26,-4.1,0.5,-4.1,0.5,4.1,0.0,0.0,0.0,1,0,0,0,33.2,
2.918,62,1,deadband,-1.88,-1.26,-4.0,0.5,-4.1,0.5,4.1,0.0,0.0,0.0,1,0,0,0,32.5,
2.959,63,1,deadband,-1.88,-1.26,-4.0,0.6,-4.0,0.5,4.0,0.0,0.0,0.0,1,0,0,0,31.9,
3.008,64,1,deadband,-1.88,-1.26,-4.1,0.4,-4.1,0.4,4.1,0.0,0.0,0.0,1,0,0,0,32.4,
3.051,65,1,deadband,-1.88,-1.26,-4.0,0.4,-4.0,0.4,4.0,0.0,0.0,0.0,1,0,0,0,32.5,
3.100,66,1,deadband,-1.88,-1.26,-4.1,0.4,-4.1,0.4,4.1,0.0,0.0,0.0,1,0,0,0,32.1,
3.140,67,1,deadband,-1.88,-1.26,-4.0,0.4,-4.0,0.4,4.0,0.0,0.0,0.0,1,0,0,0,33.0,
3.187,68,1,deadband,-1.88,-1.26,-4.1,0.3,-4.1,0.4,4.1,0.0,0.0,0.0,1,0,0,0,32.3,
3.230,69,1,deadband,-1.88,-1.26,-4.0,0.5,-4.1,0.5,4.1,0.0,0.0,0.0,1,0,0,0,31.5,
3.276,70,1,deadband,-1.88,-1.26,-4.1,0.4,-4.1,0.4,4.1,0.0,0.0,0.0,1,0,0,0,32.9,
3.320,71,1,deadband,-1.88,-1.26,-4.1,0.5,-4.1,0.5,4.1,0.0,0.0,0.0,1,0,0,0,33.3,
3.370,72,1,deadband,-1.88,-1.26,-4.1,0.5,-4.1,0.5,4.1,0.0,0.0,0.0,1,0,0,0,32.9,
3.414,73,1,deadband,-1.88,-1.26,-4.1,0.5,-4.1,0.5,4.1,0.0,0.0,0.0,1,0,0,0,32.4,
3.465,74,1,deadband,-1.88,-1.26,-4.0,0.5,-4.0,0.5,4.0,0.0,0.0,0.0,1,0,0,0,32.7,
3.508,75,1,deadband,-1.88,-1.26,-4.0,0.4,-4.0,0.4,4.0,0.0,0.0,0.0,1,0,0,0,33.6,
3.558,76,1,deadband,-1.88,-1.26,-4.1,0.4,-4.0,0.4,4.1,0.0,0.0,0.0,1,0,0,0,32.2,
3.601,77,1,deadband,-1.88,-1.26,-4.0,0.6,-4.0,0.5,4.1,0.0,0.0,0.0,1,0,0,0,31.8,
3.649,78,1,deadband,-1.88,-1.26,-4.0,0.5,-4.0,0.5,4.1,0.0,0.0,0.0,1,0,0,0,31.9,
3.694,79,1,deadband,-1.88,-1.26,-4.1,0.5,-4.1,0.5,4.1,0.0,0.0,0.0,1,0,0,0,32.5,
3.744,80,1,deadband,-1.88,-1.26,-4.1,0.4,-4.1,0.5,4.2,0.0,0.0,0.0,1,0,0,0,32.2,
3.786,81,1,deadband,-1.88,-1.26,-4.1,0.4,-4.1,0.4,4.1,0.0,0.0,0.0,1,0,0,0,32.5,
3.838,82,1,deadband,-1.88,-1.26,-4.1,0.5,-4.1,0.5,4.1,0.0,0.0,0.0,1,0,0,0,31.9,
3.883,83,1,deadband,-1.88,-1.26,-4.1,0.5,-4.1,0.5,4.1,0.0,0.0,0.0,1,0,0,0,32.3,
3.933,84,1,deadband,-1.88,-1.26,-4.2,1.3,-4.2,1.1,4.4,0.0,0.0,0.0,1,0,0,0,20.9,
3.974,85,1,deadband,-1.88,-1.26,-0.8,8.8,-1.5,7.3,8.8,0.0,0.0,0.0,1,0,0,0,25.1,
4.020,86,0,tag_lost_countdown,-1.88,-1.26,,,,,,,,,,,,,,0.0
4.061,87,1,deadband,-1.88,-1.26,-10.2,1.4,-8.5,2.5,10.3,0.0,0.0,0.0,1,0,0,0,30.6,
4.104,88,0,tag_lost_countdown,-1.88,-1.26,,,,,,,,,,,,,,0.0
4.146,89,0,tag_lost_countdown,-1.88,-1.26,,,,,,,,,,,,,,0.04
4.195,90,1,ibvs_active,-2.41,-1.27,-23.4,0.0,-20.4,0.5,23.4,-0.529,-0.014,0.0,0,0,0,1,25.1,
4.233,91,0,tag_lost_countdown,-2.41,-1.27,,,,,,,,,,,,,,0.0
4.282,92,1,ibvs_active,-4.29,-1.26,-42.0,-0.4,-37.7,-0.2,42.0,-1.883,0.009,0.0,0,0,0,1,30.0,
4.327,93,1,ibvs_active,-6.29,-1.15,-43.8,-2.7,-42.6,-2.2,43.9,-2.0,0.111,0.0,0,0,0,1,30.9,
4.375,94,1,ibvs_active,-8.29,-1.04,-42.2,-2.1,-42.3,-2.2,42.3,-2.0,0.108,0.0,0,0,0,1,25.5,
4.419,95,1,ibvs_active,-10.25,-0.74,-38.4,-7.1,-39.2,-6.1,39.1,-1.961,0.304,0.0,0,0,0,1,21.6,
4.465,96,0,tag_lost_countdown,-10.25,-0.74,,,,,,,,,,,,,,0.0
4.518,97,1,ibvs_active,-10.46,-0.63,-7.8,-7.5,-14.1,-7.2,10.8,-0.206,0.106,0.0,0,0,0,1,21.8,
4.566,98,0,tag_lost_countdown,-10.46,-0.63,,,,,,,,,,,,,,0.0
4.610,99,1,ibvs_active,-10.34,-0.63,20.3,1.5,13.4,-0.3,20.3,0.113,0.002,0.0,0,0,0,1,32.7,
4.661,100,1,ibvs_active,-9.91,-0.64,20.5,0.7,19.1,0.5,20.5,0.432,-0.012,0.0,0,0,0,1,31.5,
4.707,101,1,ibvs_active,-9.39,-0.66,20.5,1.0,20.2,0.9,20.6,0.519,-0.023,0.0,0,0,0,1,32.1,
4.763,102,1,ibvs_active,-8.86,-0.69,20.4,1.1,20.4,1.1,20.5,0.532,-0.028,0.0,0,0,0,1,31.5,
4.810,103,1,ibvs_active,-8.31,-0.72,20.7,1.0,20.6,1.0,20.7,0.547,-0.027,0.0,0,0,0,1,31.6,
4.859,104,1,ibvs_active,-7.8,-0.75,20.1,1.3,20.2,1.2,20.2,0.52,-0.032,0.0,0,0,0,1,30.8,
4.900,105,0,tag_lost_countdown,-7.8,-0.75,,,,,,,,,,,,,,0.0
4.959,106,0,tag_lost_countdown,-7.8,-0.75,,,,,,,,,,,,,,0.04
5.003,107,0,tag_lost_countdown,-7.8,-0.75,,,,,,,,,,,,,,0.1
5.049,108,0,tag_lost_countdown,-7.8,-0.75,,,,,,,,,,,,,,0.14
5.092,109,0,tag_lost_countdown,-7.8,-0.75,,,,,,,,,,,,,,0.19
5.139,110,0,tag_lost_countdown,-7.8,-0.75,,,,,,,,,,,,,,0.23
5.182,111,0,tag_lost_countdown,-7.8,-0.75,,,,,,,,,,,,,,0.28
5.227,112,0,tag_lost_countdown,-7.8,-0.75,,,,,,,,,,,,,,0.32
5.264,113,0,tag_lost_countdown,-7.8,-0.75,,,,,,,,,,,,,,0.37
5.309,114,0,tag_lost_countdown,-7.8,-0.75,,,,,,,,,,,,,,0.4
5.349,115,1,ibvs_active,-5.8,-0.53,141.0,-5.8,116.8,-4.4,141.1,2.0,0.221,0.0,0,0,0,1,30.7,
5.395,116,1,ibvs_active,-3.8,-0.44,139.6,-1.2,135.1,-1.9,139.6,2.0,0.093,0.0,0,0,0,1,33.9,
5.438,117,0,tag_lost_countdown,-3.8,-0.44,,,,,,,,,,,,,,0.0
5.484,118,0,tag_lost_countdown,-3.8,-0.44,,,,,,,,,,,,,,0.04
5.525,119,0,tag_lost_countdown,-3.8,-0.44,,,,,,,,,,,,,,0.09
5.578,120,1,ibvs_active,-1.8,-0.29,94.3,-3.3,102.5,-3.0,94.4,2.0,0.15,0.0,0,0,0,1,35.0,
5.630,121,1,ibvs_active,0.2,-0.12,94.4,-3.3,96.0,-3.3,94.5,2.0,0.164,0.0,0,0,0,1,32.8,
5.681,122,0,tag_lost_countdown,0.2,-0.12,,,,,,,,,,,,,,0.0
5.726,123,1,ibvs_active,2.2,0.01,75.2,-2.6,79.3,-2.7,75.2,2.0,0.136,0.0,0,0,0,1,29.5,
5.771,124,0,tag_lost_countdown,2.2,0.01,,,,,,,,,,,,,,0.0
5.818,125,1,ibvs_active,4.2,0.12,50.6,-1.9,56.4,-2.1,50.7,2.0,0.105,0.0,0,0,0,1,31.0,
5.868,126,0,tag_lost_countdown,4.2,0.12,,,,,,,,,,,,,,0.0
5.912,127,1,ibvs_active,5.88,0.21,27.8,-1.9,33.5,-1.9,27.8,1.674,0.096,0.0,0,0,0,1,30.9,
5.962,128,1,ibvs_active,6.43,0.27,17.4,-2.0,20.6,-2.0,17.5,0.554,0.054,0.0,0,0,0,1,27.8,
6.013,129,1,ibvs_active,6.63,0.29,13.7,-1.8,15.1,-1.9,13.8,0.196,0.024,0.0,0,0,0,1,30.4,
6.059,130,0,tag_lost_countdown,6.63,0.29,,,,,,,,,,,,,,0.0
6.102,131,1,deadband,6.63,0.29,-9.1,8.5,-4.3,6.4,12.5,0.0,0.0,0.0,1,0,0,0,31.3,
6.151,132,1,deadband,6.63,0.29,-9.1,8.4,-8.1,8.0,12.4,0.0,0.0,0.0,1,0,0,0,32.2,
6.197,133,1,deadband,6.63,0.29,-9.3,8.7,-9.1,8.6,12.8,0.0,0.0,0.0,1,0,0,0,30.9,
6.246,134,1,deadband,6.63,0.29,-9.5,8.7,-9.4,8.7,12.9,0.0,0.0,0.0,1,0,0,0,30.7,
6.291,135,1,deadband,6.63,0.29,-9.4,8.6,-9.4,8.6,12.7,0.0,0.0,0.0,1,0,0,0,30.2,
6.339,136,1,deadband,6.63,0.29,-9.6,8.8,-9.6,8.7,13.1,0.0,0.0,0.0,1,0,0,0,30.6,
6.385,137,1,deadband,6.63,0.29,-9.5,8.6,-9.5,8.6,12.8,0.0,0.0,0.0,1,0,0,0,30.4,
6.438,138,1,deadband,6.63,0.29,-9.5,8.7,-9.5,8.7,12.9,0.0,0.0,0.0,1,0,0,0,30.2,
6.482,139,1,deadband,6.63,0.29,-9.6,8.7,-9.5,8.7,12.9,0.0,0.0,0.0,1,0,0,0,30.9,
6.531,140,1,deadband,6.63,0.29,-9.6,8.6,-9.6,8.7,12.9,0.0,0.0,0.0,1,0,0,0,31.0,
6.576,141,1,deadband,6.63,0.29,-9.6,8.7,-9.6,8.7,13.0,0.0,0.0,0.0,1,0,0,0,31.2,
6.626,142,1,deadband,6.63,0.29,-9.5,8.7,-9.5,8.7,12.9,0.0,0.0,0.0,1,0,0,0,30.9,
6.670,143,1,deadband,6.63,0.29,-9.7,8.7,-9.6,8.7,13.0,0.0,0.0,0.0,1,0,0,0,30.4,
6.719,144,1,deadband,6.63,0.29,-9.6,8.8,-9.6,8.8,13.0,0.0,0.0,0.0,1,0,0,0,30.2,
6.764,145,1,deadband,6.63,0.29,-9.8,8.7,-9.7,8.7,13.1,0.0,0.0,0.0,1,0,0,0,29.8,
6.809,146,0,tag_lost_countdown,6.63,0.29,,,,,,,,,,,,,,0.0
6.857,147,1,ibvs_active,6.58,0.2,-4.9,12.5,-5.8,11.8,13.4,-0.046,-0.092,0.0,0,0,0,1,24.5,
6.906,148,1,ibvs_active,6.41,-0.01,-11.9,12.9,-10.7,12.7,17.6,-0.177,-0.21,0.0,0,0,0,1,20.2,
6.949,149,1,ibvs_active,5.99,-0.29,-18.1,10.7,-16.6,11.1,21.0,-0.416,-0.277,0.0,0,0,0,1,29.1,
7.000,150,1,ibvs_active,5.52,-0.55,-18.4,9.5,-18.0,9.8,20.7,-0.474,-0.259,0.0,0,0,0,1,29.4,
7.043,151,1,ibvs_active,4.71,-0.9,-23.4,9.9,-22.3,9.9,25.4,-0.803,-0.355,0.0,0,0,0,1,22.0,
7.092,152,1,ibvs_active,3.8,-1.32,-23.6,11.0,-23.3,10.8,26.0,-0.914,-0.422,0.0,0,0,0,1,28.9,
7.134,153,0,tag_lost_countdown,3.8,-1.32,,,,,,,,,,,,,,0.0
7.177,154,0,tag_lost_countdown,3.8,-1.32,,,,,,,,,,,,,,0.04
7.219,155,1,ibvs_active,3.69,-1.35,-10.3,0.9,-12.9,2.9,10.4,-0.104,-0.023,0.0,0,0,0,1,28.0,
7.268,156,1,ibvs_active,3.64,-1.31,-9.5,-9.1,-10.2,-6.7,13.1,-0.055,0.036,0.0,0,0,0,1,24.6,
7.313,157,1,ibvs_active,3.53,-1.26,-13.0,-5.3,-12.4,-5.6,14.0,-0.113,0.051,0.0,0,0,0,1,29.5,
7.362,158,1,ibvs_active,3.34,-1.16,-14.2,-7.3,-13.9,-7.0,16.0,-0.192,0.096,0.0,0,0,0,1,30.3,
7.406,159,0,tag_lost_countdown,3.34,-1.16,,,,,,,,,,,,,,0.0
7.452,160,0,tag_lost_countdown,3.34,-1.16,,,,,,,,,,,,,,0.04
7.493,161,0,tag_lost_countdown,3.34,-1.16,,,,,,,,,,,,,,0.09
7.539,162,0,tag_lost_countdown,3.34,-1.16,,,,,,,,,,,,,,0.13
7.580,163,0,tag_lost_countdown,3.34,-1.16,,,,,,,,,,,,,,0.18
7.625,164,0,tag_lost_countdown,3.34,-1.16,,,,,,,,,,,,,,0.22
7.666,165,0,tag_lost_countdown,3.34,-1.16,,,,,,,,,,,,,,0.26
7.712,166,0,tag_lost_countdown,3.34,-1.16,,,,,,,,,,,,,,0.3
7.752,167,0,tag_lost_countdown,3.34,-1.16,,,,,,,,,,,,,,0.35
7.799,168,0,tag_lost_countdown,3.34,-1.16,,,,,,,,,,,,,,0.39
7.841,169,0,tag_lost_countdown,3.34,-1.16,,,,,,,,,,,,,,0.44
7.887,170,0,tag_lost_countdown,3.34,-1.16,,,,,,,,,,,,,,0.48
7.926,171,0,tag_lost_countdown,3.34,-1.16,,,,,,,,,,,,,,0.52
7.975,172,1,ibvs_active,5.34,-0.54,217.2,-13.9,171.0,-12.5,217.6,2.0,0.626,0.0,0,0,0,1,31.4,
8.021,173,1,ibvs_active,7.34,-0.3,221.1,-2.9,211.1,-4.8,221.1,2.0,0.241,0.0,0,0,0,1,20.8,
8.067,174,0,tag_lost_countdown,7.34,-0.3,,,,,,,,,,,,,,0.0
8.108,175,1,ibvs_active,9.34,0.18,214.3,-10.6,213.6,-9.5,214.5,2.0,0.474,0.0,0,0,0,1,33.3,
8.157,176,0,tag_lost_countdown,9.34,0.18,,,,,,,,,,,,,,0.0
8.201,177,1,ibvs_active,11.34,-0.19,203.6,11.4,205.6,7.3,204.0,2.0,-0.363,0.0,0,0,0,1,34.5,
8.245,178,0,tag_lost_countdown,11.34,-0.19,,,,,,,,,,,,,,0.0
8.286,179,0,tag_lost_countdown,11.34,-0.19,,,,,,,,,,,,,,0.04
8.334,180,0,tag_lost_countdown,11.34,-0.19,,,,,,,,,,,,,,0.08
8.375,181,0,tag_lost_countdown,11.34,-0.19,,,,,,,,,,,,,,0.13
8.420,182,0,tag_lost_countdown,11.34,-0.19,,,,,,,,,,,,,,0.17
8.461,183,0,tag_lost_countdown,11.34,-0.19,,,,,,,,,,,,,,0.22
8.505,184,0,tag_lost_countdown,11.34,-0.19,,,,,,,,,,,,,,0.26
8.547,185,0,tag_lost_countdown,11.34,-0.19,,,,,,,,,,,,,,0.3
8.593,186,0,tag_lost_countdown,11.34,-0.19,,,,,,,,,,,,,,0.35
8.631,187,0,tag_lost_countdown,11.34,-0.19,,,,,,,,,,,,,,0.39
8.673,188,0,tag_lost_countdown,11.34,-0.19,,,,,,,,,,,,,,0.43
8.714,189,0,tag_lost_countdown,11.34,-0.19,,,,,,,,,,,,,,0.47
8.766,190,0,tag_lost_countdown,11.34,-0.19,,,,,,,,,,,,,,0.51
8.808,191,0,tag_lost_countdown,11.34,-0.19,,,,,,,,,,,,,,0.57
8.853,192,0,tag_lost_countdown,11.34,-0.19,,,,,,,,,,,,,,0.61
8.896,193,0,tag_lost_countdown,11.34,-0.19,,,,,,,,,,,,,,0.65
8.941,194,0,tag_lost_countdown,11.34,-0.19,,,,,,,,,,,,,,0.69
8.984,195,0,tag_lost_countdown,11.34,-0.19,,,,,,,,,,,,,,0.74
9.028,196,0,tag_lost_countdown,11.34,-0.19,,,,,,,,,,,,,,0.78
9.069,197,0,tag_lost_countdown,11.34,-0.19,,,,,,,,,,,,,,0.83
9.116,198,0,tag_lost_countdown,11.34,-0.19,,,,,,,,,,,,,,0.87
9.157,199,0,tag_lost_countdown,11.34,-0.19,,,,,,,,,,,,,,0.92
9.206,200,0,tag_lost_countdown,11.34,-0.19,,,,,,,,,,,,,,0.96
9.246,201,0,tag_lost_countdown,11.34,-0.19,,,,,,,,,,,,,,1.01
9.292,202,0,tag_lost_countdown,11.34,-0.19,,,,,,,,,,,,,,1.04
9.332,203,0,tag_lost_countdown,11.34,-0.19,,,,,,,,,,,,,,1.09
9.380,204,0,tag_lost_countdown,11.34,-0.19,,,,,,,,,,,,,,1.13
9.423,205,0,tag_lost_countdown,11.34,-0.19,,,,,,,,,,,,,,1.18
9.468,206,0,tag_lost_countdown,11.34,-0.19,,,,,,,,,,,,,,1.22
9.508,207,0,tag_lost_countdown,11.34,-0.19,,,,,,,,,,,,,,1.27
9.554,208,0,tag_lost_countdown,11.34,-0.19,,,,,,,,,,,,,,1.31
9.595,209,0,tag_lost_countdown,11.34,-0.19,,,,,,,,,,,,,,1.35
9.644,210,0,tag_lost_countdown,11.34,-0.19,,,,,,,,,,,,,,1.39
9.686,211,0,tag_lost_countdown,11.34,-0.19,,,,,,,,,,,,,,1.44
9.733,212,0,tag_lost_countdown,11.34,-0.19,,,,,,,,,,,,,,1.49
9.776,213,0,tag_lost_countdown,11.34,-0.19,,,,,,,,,,,,,,1.53
9.832,214,0,tag_lost_countdown,11.34,-0.19,,,,,,,,,,,,,,1.58
9.872,215,0,tag_lost_countdown,11.34,-0.19,,,,,,,,,,,,,,1.63
9.920,216,0,tag_lost_countdown,11.34,-0.19,,,,,,,,,,,,,,1.67
9.957,217,0,tag_lost_countdown,11.34,-0.19,,,,,,,,,,,,,,1.72
10.001,218,0,tag_lost_countdown,11.34,-0.19,,,,,,,,,,,,,,1.76
10.047,219,0,tag_lost_countdown,11.34,-0.19,,,,,,,,,,,,,,1.8
10.094,220,0,tag_lost_countdown,11.34,-0.19,,,,,,,,,,,,,,1.85
10.134,221,0,tag_lost_countdown,11.34,-0.19,,,,,,,,,,,,,,1.89
10.178,222,0,tag_lost_countdown,11.34,-0.19,,,,,,,,,,,,,,1.93
10.216,223,0,tag_lost_countdown,11.34,-0.19,,,,,,,,,,,,,,1.98
10.265,224,0,tag_lost_countdown,11.34,-0.19,,,,,,,,,,,,,,2.02
10.305,225,0,tag_lost_countdown,11.34,-0.19,,,,,,,,,,,,,,2.07
10.348,226,0,tag_lost_countdown,11.34,-0.19,,,,,,,,,,,,,,2.1
10.387,227,0,tag_lost_countdown,11.34,-0.19,,,,,,,,,,,,,,2.15
10.431,228,0,tag_lost_countdown,11.34,-0.19,,,,,,,,,,,,,,2.19
10.472,229,0,tag_lost_countdown,11.34,-0.19,,,,,,,,,,,,,,2.23
10.516,230,0,tag_lost_countdown,11.34,-0.19,,,,,,,,,,,,,,2.27
10.555,231,0,tag_lost_countdown,11.34,-0.19,,,,,,,,,,,,,,2.32
10.599,232,0,tag_lost_countdown,11.34,-0.19,,,,,,,,,,,,,,2.35
10.639,233,0,tag_lost_countdown,11.34,-0.19,,,,,,,,,,,,,,2.4
10.691,234,0,tag_lost_countdown,11.34,-0.19,,,,,,,,,,,,,,2.44
10.731,235,0,tag_lost_countdown,11.34,-0.19,,,,,,,,,,,,,,2.49
10.780,236,0,tag_lost_countdown,11.34,-0.19,,,,,,,,,,,,,,2.53
10.820,237,0,tag_lost_countdown,11.34,-0.19,,,,,,,,,,,,,,2.58
10.868,238,0,tag_lost_countdown,11.34,-0.19,,,,,,,,,,,,,,2.62
10.909,239,0,tag_lost_countdown,11.34,-0.19,,,,,,,,,,,,,,2.67
10.958,240,0,tag_lost_countdown,11.34,-0.19,,,,,,,,,,,,,,2.71
10.997,241,0,tag_lost_countdown,11.34,-0.19,,,,,,,,,,,,,,2.76
11.043,242,0,tag_lost_countdown,11.34,-0.19,,,,,,,,,,,,,,2.8
11.084,243,0,tag_lost_countdown,11.34,-0.19,,,,,,,,,,,,,,2.84
11.130,244,0,tag_lost_countdown,11.34,-0.19,,,,,,,,,,,,,,2.88
11.171,245,0,tag_lost_countdown,11.34,-0.19,,,,,,,,,,,,,,2.93
11.218,246,0,tag_lost_countdown,11.34,-0.19,,,,,,,,,,,,,,2.97
11.259,247,0,tag_lost_countdown,11.34,-0.19,,,,,,,,,,,,,,3.02
11.304,248,0,tag_lost_countdown,11.34,-0.19,,,,,,,,,,,,,,3.06
11.345,249,0,tag_lost_countdown,11.34,-0.19,,,,,,,,,,,,,,3.1
11.390,250,0,tag_lost_countdown,11.34,-0.19,,,,,,,,,,,,,,3.14
11.430,251,0,tag_lost_countdown,11.34,-0.19,,,,,,,,,,,,,,3.19
11.477,252,0,tag_lost_countdown,11.34,-0.19,,,,,,,,,,,,,,3.23
11.514,253,0,tag_lost_countdown,11.34,-0.19,,,,,,,,,,,,,,3.28
11.557,254,0,tag_lost_countdown,11.34,-0.19,,,,,,,,,,,,,,3.31
11.597,255,0,tag_lost_countdown,11.34,-0.19,,,,,,,,,,,,,,3.36
11.643,256,0,tag_lost_countdown,11.34,-0.19,,,,,,,,,,,,,,3.4
11.682,257,0,tag_lost_countdown,11.34,-0.19,,,,,,,,,,,,,,3.44
11.728,258,0,tag_lost_countdown,11.34,-0.19,,,,,,,,,,,,,,3.48
11.769,259,1,ibvs_active,9.34,0.79,-244.2,-26.2,-154.3,-19.5,245.6,-2.0,0.974,0.0,0,0,0,1,30.1,
11.812,260,1,ibvs_active,7.34,1.91,-240.8,-23.2,-223.5,-22.5,241.9,-2.0,1.123,0.0,0,0,0,1,30.9,
11.853,261,1,ibvs_active,5.34,3.18,-238.7,-26.0,-235.6,-25.3,240.1,-2.0,1.263,0.0,0,0,0,1,31.6,
11.898,262,1,ibvs_active,3.34,4.35,-240.7,-23.0,-239.7,-23.4,241.8,-2.0,1.171,0.0,0,0,0,1,31.5,
11.936,263,1,ibvs_active,1.34,4.66,-214.7,-1.9,-219.7,-6.2,214.7,-2.0,0.309,0.0,0,0,0,1,30.6,
11.980,264,0,tag_lost_countdown,1.34,4.66,,,,,,,,,,,,,,0.0
12.018,265,0,tag_lost_countdown,1.34,4.66,,,,,,,,,,,,,,0.04
12.063,266,0,tag_lost_countdown,1.34,4.66,,,,,,,,,,,,,,0.08
12.106,267,1,ibvs_active,-0.66,3.65,-145.5,26.7,-160.3,20.1,147.9,-2.0,-1.007,0.0,0,0,0,1,28.4,
12.153,268,1,ibvs_active,-2.66,2.38,-145.5,26.6,-148.5,25.3,147.9,-2.0,-1.265,0.0,0,0,0,1,28.9,
12.196,269,1,ibvs_active,-4.66,1.06,-145.4,26.8,-146.0,26.5,147.9,-2.0,-1.324,0.0,0,0,0,1,28.0,
12.241,270,1,ibvs_active,-6.66,-0.3,-129.0,27.3,-132.4,27.1,131.8,-2.0,-1.356,0.0,0,0,0,1,21.7,
12.278,271,0,tag_lost_countdown,-6.66,-0.3,,,,,,,,,,,,,,0.0
12.320,272,0,tag_lost_countdown,-6.66,-0.3,,,,,,,,,,,,,,0.04
12.360,273,0,tag_lost_countdown,-6.66,-0.3,,,,,,,,,,,,,,0.08
12.408,274,1,ibvs_active,-8.66,0.04,-52.6,-15.1,-68.5,-6.7,54.7,-2.0,0.333,0.0,0,0,0,1,30.1,
12.450,275,1,ibvs_active,-10.66,0.7,-52.5,-14.9,-55.7,-13.3,54.6,-2.0,0.663,0.0,0,0,0,1,31.4,
12.499,276,1,ibvs_active,-12.66,1.45,-52.6,-15.3,-53.2,-14.9,54.7,-2.0,0.746,0.0,0,0,0,1,31.7,
12.539,277,1,ibvs_active,-14.42,2.16,-30.7,-14.1,-35.2,-14.2,33.8,-1.76,0.712,0.0,0,0,0,1,26.0,
12.587,278,1,ibvs_active,-14.69,2.43,-7.0,-12.9,-12.7,-13.2,14.7,-0.262,0.274,0.0,0,0,0,1,22.7,
12.638,279,1,deadband,-14.69,2.43,2.5,-2.3,-0.5,-4.5,3.4,0.0,0.0,0.0,1,0,0,0,32.5,
12.682,280,1,ibvs_active,-14.52,2.42,18.3,2.8,14.6,1.3,18.6,0.168,-0.015,0.0,0,0,0,1,25.3,
12.724,281,1,ibvs_active,-14.15,2.36,18.9,2.9,18.0,2.6,19.1,0.369,-0.053,0.0,0,0,0,1,32.5,
12.772,282,1,ibvs_active,-13.29,2.21,25.5,4.8,24.0,4.3,25.9,0.86,-0.155,0.0,0,0,0,1,32.3,
12.819,283,1,ibvs_active,-12.32,2.04,25.4,4.5,25.1,4.5,25.8,0.971,-0.173,0.0,0,0,0,1,31.7,
12.866,284,1,ibvs_active,-11.35,1.86,25.0,4.7,25.0,4.6,25.5,0.967,-0.178,0.0,0,0,0,1,32.0,
12.907,285,1,ibvs_active,-10.43,1.68,24.4,4.8,24.5,4.8,24.9,0.919,-0.178,0.0,0,0,0,1,27.1,
12.956,286,1,ibvs_active,-10.29,1.62,10.6,5.2,13.4,5.1,11.8,0.144,-0.055,0.0,0,0,0,1,32.6,
12.996,287,1,deadband,-10.29,1.62,-0.6,4.8,2.2,4.9,4.9,0.0,0.0,0.0,1,0,0,0,32.8,
13.041,288,1,deadband,-10.29,1.62,-1.7,5.2,-0.9,5.1,5.5,0.0,0.0,0.0,1,0,0,0,31.6,
13.082,289,1,deadband,-10.29,1.62,-3.1,5.2,-2.7,5.2,6.1,0.0,0.0,0.0,1,0,0,0,32.8,
13.131,290,1,deadband,-10.29,1.62,-3.1,5.1,-3.0,5.2,6.0,0.0,0.0,0.0,1,0,0,0,32.5,
13.172,291,1,deadband,-10.29,1.62,-3.1,5.2,-3.1,5.2,6.0,0.0,0.0,0.0,1,0,0,0,32.2,
13.220,292,1,deadband,-10.29,1.62,-3.1,5.2,-3.1,5.2,6.0,0.0,0.0,0.0,1,0,0,0,32.0,
13.262,293,1,deadband,-10.29,1.62,-3.1,5.1,-3.1,5.2,6.0,0.0,0.0,0.0,1,0,0,0,31.9,
13.309,294,1,deadband,-10.29,1.62,-3.1,5.2,-3.1,5.2,6.1,0.0,0.0,0.0,1,0,0,0,32.3,
13.351,295,1,deadband,-10.29,1.62,-3.1,5.2,-3.1,5.2,6.0,0.0,0.0,0.0,1,0,0,0,31.5,
13.398,296,1,deadband,-10.29,1.62,-3.2,5.2,-3.1,5.2,6.1,0.0,0.0,0.0,1,0,0,0,31.9,
13.440,297,1,deadband,-10.29,1.62,-3.2,5.2,-3.2,5.2,6.1,0.0,0.0,0.0,1,0,0,0,31.8,
13.489,298,1,deadband,-10.29,1.62,-3.1,5.2,-3.1,5.2,6.0,0.0,0.0,0.0,1,0,0,0,32.5,
13.530,299,1,deadband,-10.29,1.62,-3.1,5.2,-3.1,5.2,6.0,0.0,0.0,0.0,1,0,0,0,32.2,
13.578,300,1,deadband,-10.29,1.62,-3.1,5.3,-3.1,5.3,6.1,0.0,0.0,0.0,1,0,0,0,31.9,
13.618,301,1,deadband,-10.29,1.62,-3.1,5.2,-3.1,5.2,6.0,0.0,0.0,0.0,1,0,0,0,32.6,
13.672,302,1,deadband,-10.29,1.62,-3.1,5.2,-3.1,5.2,6.0,0.0,0.0,0.0,1,0,0,0,32.3,
13.715,303,1,deadband,-10.29,1.62,-3.1,5.2,-3.1,5.2,6.1,0.0,0.0,0.0,1,0,0,0,32.2,
13.764,304,1,deadband,-10.29,1.62,-3.1,5.3,-3.1,5.3,6.1,0.0,0.0,0.0,1,0,0,0,32.7,
13.806,305,1,deadband,-10.29,1.62,-3.1,5.2,-3.1,5.2,6.1,0.0,0.0,0.0,1,0,0,0,32.2,
13.854,306,1,deadband,-10.29,1.62,-3.1,5.2,-3.1,5.2,6.1,0.0,0.0,0.0,1,0,0,0,31.8,
13.896,307,1,deadband,-10.29,1.62,-3.1,5.2,-3.1,5.2,6.1,0.0,0.0,0.0,1,0,0,0,31.9,
13.943,308,1,deadband,-10.29,1.62,-3.2,5.2,-3.1,5.2,6.1,0.0,0.0,0.0,1,0,0,0,32.1,
13.987,309,1,deadband,-10.29,1.62,-3.1,5.2,-3.1,5.2,6.0,0.0,0.0,0.0,1,0,0,0,32.3,
14.034,310,1,deadband,-10.29,1.62,-3.1,5.2,-3.1,5.2,6.1,0.0,0.0,0.0,1,0,0,0,32.6,
14.075,311,1,deadband,-10.29,1.62,-3.1,5.2,-3.1,5.2,6.0,0.0,0.0,0.0,1,0,0,0,32.4,
14.123,312,1,deadband,-10.29,1.62,-3.1,5.2,-3.1,5.2,6.1,0.0,0.0,0.0,1,0,0,0,31.8,
14.164,313,1,deadband,-10.29,1.62,-3.1,5.2,-3.1,5.2,6.1,0.0,0.0,0.0,1,0,0,0,31.6,
14.212,314,1,deadband,-10.29,1.62,-3.1,5.2,-3.1,5.2,6.0,0.0,0.0,0.0,1,0,0,0,32.1,
14.253,315,1,deadband,-10.29,1.62,-3.1,5.2,-3.1,5.2,6.1,0.0,0.0,0.0,1,0,0,0,32.6,
14.301,316,1,deadband,-10.29,1.62,-3.1,5.2,-3.1,5.2,6.1,0.0,0.0,0.0,1,0,0,0,32.4,
14.353,317,1,deadband,-10.29,1.62,-3.1,5.2,-3.1,5.2,6.0,0.0,0.0,0.0,1,0,0,0,32.6,
14.399,318,1,deadband,-10.29,1.62,-1.1,5.3,-1.5,5.2,5.4,0.0,0.0,0.0,1,0,0,0,21.5,
14.438,319,1,deadband,-10.29,1.62,8.6,-0.9,6.5,0.3,8.6,0.0,0.0,0.0,1,0,0,0,26.7,
14.483,320,0,tag_lost_countdown,-10.29,1.62,,,,,,,,,,,,,,0.0
14.528,321,1,deadband,-10.29,1.62,-3.8,10.2,-1.7,8.2,10.9,0.0,0.0,0.0,1,0,0,0,32.9,
14.574,322,0,tag_lost_countdown,-10.29,1.62,,,,,,,,,,,,,,0.0
14.610,323,0,tag_lost_countdown,-10.29,1.62,,,,,,,,,,,,,,0.05
14.657,324,0,tag_lost_countdown,-10.29,1.62,,,,,,,,,,,,,,0.08
14.699,325,0,tag_lost_countdown,-10.29,1.62,,,,,,,,,,,,,,0.13
14.747,326,0,tag_lost_countdown,-10.29,1.62,,,,,,,,,,,,,,0.17
14.788,327,0,tag_lost_countdown,-10.29,1.62,,,,,,,,,,,,,,0.22
14.834,328,0,tag_lost_countdown,-10.29,1.62,,,,,,,,,,,,,,0.26
14.875,329,0,tag_lost_countdown,-10.29,1.62,,,,,,,,,,,,,,0.31
14.922,330,0,tag_lost_countdown,-10.29,1.62,,,,,,,,,,,,,,0.35
14.962,331,0,tag_lost_countdown,-10.29,1.62,,,,,,,,,,,,,,0.39
15.007,332,0,tag_lost_countdown,-10.29,1.62,,,,,,,,,,,,,,0.43
15.048,333,0,tag_lost_countdown,-10.29,1.62,,,,,,,,,,,,,,0.48
15.094,334,0,tag_lost_countdown,-10.29,1.62,,,,,,,,,,,,,,0.52
15.136,335,0,tag_lost_countdown,-10.29,1.62,,,,,,,,,,,,,,0.57
15.182,336,0,tag_lost_countdown,-10.29,1.62,,,,,,,,,,,,,,0.61
15.221,337,0,tag_lost_countdown,-10.29,1.62,,,,,,,,,,,,,,0.65
15.267,338,0,tag_lost_countdown,-10.29,1.62,,,,,,,,,,,,,,0.69
15.309,339,0,tag_lost_countdown,-10.29,1.62,,,,,,,,,,,,,,0.74
15.353,340,0,tag_lost_countdown,-10.29,1.62,,,,,,,,,,,,,,0.78
15.398,341,0,tag_lost_countdown,-10.29,1.62,,,,,,,,,,,,,,0.82
15.449,342,0,tag_lost_countdown,-10.29,1.62,,,,,,,,,,,,,,0.87
15.490,343,0,tag_lost_countdown,-10.29,1.62,,,,,,,,,,,,,,0.92
15.536,344,0,tag_lost_countdown,-10.29,1.62,,,,,,,,,,,,,,0.96
15.575,345,0,tag_lost_countdown,-10.29,1.62,,,,,,,,,,,,,,1.01
15.628,346,0,tag_lost_countdown,-10.29,1.62,,,,,,,,,,,,,,1.05
15.672,347,0,tag_lost_countdown,-10.29,1.62,,,,,,,,,,,,,,1.1
15.719,348,0,tag_lost_countdown,-10.29,1.62,,,,,,,,,,,,,,1.14
15.761,349,0,tag_lost_countdown,-10.29,1.62,,,,,,,,,,,,,,1.19
15.813,350,0,tag_lost_countdown,-10.29,1.62,,,,,,,,,,,,,,1.23
15.856,351,0,tag_lost_countdown,-10.29,1.62,,,,,,,,,,,,,,1.29
15.904,352,0,tag_lost_countdown,-10.29,1.62,,,,,,,,,,,,,,1.33
15.946,353,0,tag_lost_countdown,-10.29,1.62,,,,,,,,,,,,,,1.38
15.993,354,0,tag_lost_countdown,-10.29,1.62,,,,,,,,,,,,,,1.42
16.036,355,0,tag_lost_countdown,-10.29,1.62,,,,,,,,,,,,,,1.47
16.087,356,0,tag_lost_countdown,-10.29,1.62,,,,,,,,,,,,,,1.51
16.131,357,0,tag_lost_countdown,-10.29,1.62,,,,,,,,,,,,,,1.56
16.178,358,0,tag_lost_countdown,-10.29,1.62,,,,,,,,,,,,,,1.6
16.220,359,0,tag_lost_countdown,-10.29,1.62,,,,,,,,,,,,,,1.65
16.266,360,0,tag_lost_countdown,-10.29,1.62,,,,,,,,,,,,,,1.69
16.308,361,0,tag_lost_countdown,-10.29,1.62,,,,,,,,,,,,,,1.74
16.357,362,0,tag_lost_countdown,-10.29,1.62,,,,,,,,,,,,,,1.78
16.398,363,0,tag_lost_countdown,-10.29,1.62,,,,,,,,,,,,,,1.83
16.447,364,0,tag_lost_countdown,-10.29,1.62,,,,,,,,,,,,,,1.87
16.488,365,0,tag_lost_countdown,-10.29,1.62,,,,,,,,,,,,,,1.92
16.536,366,0,tag_lost_countdown,-10.29,1.62,,,,,,,,,,,,,,1.96
16.578,367,0,tag_lost_countdown,-10.29,1.62,,,,,,,,,,,,,,2.01
16.625,368,0,tag_lost_countdown,-10.29,1.62,,,,,,,,,,,,,,2.05
16.665,369,0,tag_lost_countdown,-10.29,1.62,,,,,,,,,,,,,,2.1
16.712,370,0,tag_lost_countdown,-10.29,1.62,,,,,,,,,,,,,,2.14
16.753,371,0,tag_lost_countdown,-10.29,1.62,,,,,,,,,,,,,,2.18
16.799,372,0,tag_lost_countdown,-10.29,1.62,,,,,,,,,,,,,,2.23
16.840,373,0,tag_lost_countdown,-10.29,1.62,,,,,,,,,,,,,,2.27
16.886,374,0,tag_lost_countdown,-10.29,1.62,,,,,,,,,,,,,,2.31
16.928,375,0,tag_lost_countdown,-10.29,1.62,,,,,,,,,,,,,,2.36
16.976,376,0,tag_lost_countdown,-10.29,1.62,,,,,,,,,,,,,,2.4
17.020,377,0,tag_lost_countdown,-10.29,1.62,,,,,,,,,,,,,,2.45
17.066,378,0,tag_lost_countdown,-10.29,1.62,,,,,,,,,,,,,,2.49
17.108,379,0,tag_lost_countdown,-10.29,1.62,,,,,,,,,,,,,,2.54
17.155,380,0,tag_lost_countdown,-10.29,1.62,,,,,,,,,,,,,,2.58
17.202,381,1,ibvs_active,-8.29,1.68,158.3,-3.5,126.3,-1.1,158.4,2.0,0.056,0.0,0,0,0,1,31.4,
17.251,382,1,ibvs_active,-6.29,1.41,155.1,7.1,149.4,5.4,155.3,2.0,-0.272,0.0,0,0,0,1,31.8,
17.291,383,0,tag_lost_countdown,-6.29,1.41,,,,,,,,,,,,,,0.0
17.338,384,1,ibvs_active,-4.29,1.23,139.1,3.1,141.2,3.5,139.2,2.0,-0.177,0.0,0,0,0,1,32.3,
17.381,385,0,tag_lost_countdown,-4.29,1.23,,,,,,,,,,,,,,0.0
17.427,386,1,ibvs_active,-2.29,1.03,117.1,4.1,121.9,4.0,117.1,2.0,-0.198,0.0,0,0,0,1,34.4,
17.467,387,1,ibvs_active,-0.29,0.82,96.1,4.3,101.3,4.2,96.2,2.0,-0.211,0.0,0,0,0,1,33.7,
17.513,388,1,ibvs_active,1.71,0.61,93.1,4.4,94.8,4.3,93.2,2.0,-0.217,0.0,0,0,0,1,33.6,
17.555,389,1,ibvs_active,3.71,0.37,79.0,4.8,82.1,4.7,79.1,2.0,-0.235,0.0,0,0,0,1,23.2,
17.604,390,1,ibvs_active,5.71,0.12,51.7,5.2,57.8,5.1,52.0,2.0,-0.254,0.0,0,0,0,1,27.2,
17.648,391,1,ibvs_active,7.71,-0.16,35.9,5.6,40.3,5.5,36.3,2.0,-0.273,0.0,0,0,0,1,23.7,
17.696,392,0,tag_lost_countdown,7.71,-0.16,,,,,,,,,,,,,,0.0
17.741,393,1,deadband,7.71,-0.16,-3.7,-10.5,5.1,-7.3,11.1,0.0,0.0,0.0,1,0,0,0,33.4,
17.789,394,0,tag_lost_countdown,7.71,-0.16,,,,,,,,,,,,,,0.0
17.831,395,1,ibvs_active,7.19,0.11,-24.7,-10.3,-18.8,-9.7,26.8,-0.522,0.269,0.0,0,0,0,1,32.8,
17.881,396,1,ibvs_active,6.26,0.51,-24.8,-10.3,-23.6,-10.2,26.9,-0.928,0.401,0.0,0,0,0,1,32.1,
17.924,397,1,ibvs_active,5.25,0.94,-24.7,-10.2,-24.5,-10.2,26.8,-1.014,0.423,0.0,0,0,0,1,32.5,
17.970,398,1,ibvs_active,4.2,1.37,-24.8,-10.4,-24.8,-10.3,26.9,-1.044,0.436,0.0,0,0,0,1,32.6,
18.011,399,1,ibvs_active,3.27,1.78,-23.3,-10.3,-23.6,-10.3,25.5,-0.931,0.406,0.0,0,0,0,1,32.3,
18.068,400,1,ibvs_active,2.88,2.02,-14.7,-10.3,-16.5,-10.3,18.0,-0.39,0.243,0.0,0,0,0,1,22.1,
18.109,401,1,deadband,2.88,2.02,-3.2,1.3,-5.8,-1.0,3.4,0.0,0.0,0.0,1,0,0,0,32.2,
18.156,402,1,deadband,2.88,2.02,3.8,0.4,1.8,0.1,3.8,0.0,0.0,0.0,1,0,0,0,31.2,
18.198,403,1,deadband,2.88,2.02,4.9,6.1,4.3,4.9,7.9,0.0,0.0,0.0,1,0,0,0,31.9,
18.247,404,1,deadband,2.88,2.02,4.9,6.2,4.8,6.0,8.0,0.0,0.0,0.0,1,0,0,0,31.6,
18.291,405,1,deadband,2.88,2.02,5.1,6.1,5.0,6.0,7.9,0.0,0.0,0.0,1,0,0,0,31.8,
18.338,406,1,ibvs_active,2.97,1.97,12.7,6.8,11.2,6.6,14.4,0.083,-0.05,0.0,0,0,0,1,31.4,
18.380,407,1,ibvs_active,3.04,1.87,6.7,12.5,7.6,11.3,14.2,0.069,-0.103,0.0,0,0,0,1,31.0,
18.427,408,1,deadband,3.04,1.87,3.7,8.6,4.5,9.2,9.4,0.0,0.0,0.0,1,0,0,0,32.5,
18.469,409,0,tag_lost_countdown,3.04,1.87,,,,,,,,,,,,,,0.0
18.513,410,0,tag_lost_countdown,3.04,1.87,,,,,,,,,,,,,,0.04
18.552,411,0,tag_lost_countdown,3.04,1.87,,,,,,,,,,,,,,0.09
18.594,412,0,tag_lost_countdown,3.04,1.87,,,,,,,,,,,,,,0.12
18.634,413,1,deadband,3.04,1.87,2.2,3.3,2.7,4.4,3.9,0.0,0.0,0.0,1,0,0,0,30.3,
18.680,414,1,ibvs_active,3.04,1.82,1.7,13.3,1.9,11.5,13.4,0.008,-0.047,0.0,0,0,0,1,26.9,
18.719,415,0,tag_lost_countdown,3.04,1.82,,,,,,,,,,,,,,0.0
18.766,416,0,tag_lost_countdown,3.04,1.82,,,,,,,,,,,,,,0.04
18.807,417,0,tag_lost_countdown,3.04,1.82,,,,,,,,,,,,,,0.09
18.851,418,0,tag_lost_countdown,3.04,1.82,,,,,,,,,,,,,,0.13
18.891,419,0,tag_lost_countdown,3.04,1.82,,,,,,,,,,,,,,0.17
18.934,420,0,tag_lost_countdown,3.04,1.82,,,,,,,,,,,,,,0.21
18.971,421,0,tag_lost_countdown,3.04,1.82,,,,,,,,,,,,,,0.25
19.013,422,0,tag_lost_countdown,3.04,1.82,,,,,,,,,,,,,,0.29
19.053,423,0,tag_lost_countdown,3.04,1.82,,,,,,,,,,,,,,0.34
19.097,424,0,tag_lost_countdown,3.04,1.82,,,,,,,,,,,,,,0.37
19.133,425,0,tag_lost_countdown,3.04,1.82,,,,,,,,,,,,,,0.42
19.175,426,0,tag_lost_countdown,3.04,1.82,,,,,,,,,,,,,,0.45
19.213,427,0,tag_lost_countdown,3.04,1.82,,,,,,,,,,,,,,0.5
19.255,428,0,tag_lost_countdown,3.04,1.82,,,,,,,,,,,,,,0.53
19.292,429,0,tag_lost_countdown,3.04,1.82,,,,,,,,,,,,,,0.58
19.340,430,0,tag_lost_countdown,3.04,1.82,,,,,,,,,,,,,,0.62
19.383,431,0,tag_lost_countdown,3.04,1.82,,,,,,,,,,,,,,0.66
19.429,432,0,tag_lost_countdown,3.04,1.82,,,,,,,,,,,,,,0.7
19.466,433,0,tag_lost_countdown,3.04,1.82,,,,,,,,,,,,,,0.75
19.509,434,0,tag_lost_countdown,3.04,1.82,,,,,,,,,,,,,,0.79
19.560,435,0,tag_lost_countdown,3.04,1.82,,,,,,,,,,,,,,0.84
19.604,436,0,tag_lost_countdown,3.04,1.82,,,,,,,,,,,,,,0.88
19.644,437,0,tag_lost_countdown,3.04,1.82,,,,,,,,,,,,,,0.92
19.690,438,0,tag_lost_countdown,3.04,1.82,,,,,,,,,,,,,,0.97
19.735,439,0,tag_lost_countdown,3.04,1.82,,,,,,,,,,,,,,1.01
19.780,440,0,tag_lost_countdown,3.04,1.82,,,,,,,,,,,,,,1.05
19.820,441,0,tag_lost_countdown,3.04,1.82,,,,,,,,,,,,,,1.1
19.865,442,0,tag_lost_countdown,3.04,1.82,,,,,,,,,,,,,,1.14
19.902,443,0,tag_lost_countdown,3.04,1.82,,,,,,,,,,,,,,1.18
19.954,444,0,tag_lost_countdown,3.04,1.82,,,,,,,,,,,,,,1.22
19.995,445,0,tag_lost_countdown,3.04,1.82,,,,,,,,,,,,,,1.27
20.041,446,0,tag_lost_countdown,3.04,1.82,,,,,,,,,,,,,,1.32
20.080,447,0,tag_lost_countdown,3.04,1.82,,,,,,,,,,,,,,1.36
20.126,448,0,tag_lost_countdown,3.04,1.82,,,,,,,,,,,,,,1.4
20.164,449,0,tag_lost_countdown,3.04,1.82,,,,,,,,,,,,,,1.45
20.208,450,0,tag_lost_countdown,3.04,1.82,,,,,,,,,,,,,,1.49
20.249,451,0,tag_lost_countdown,3.04,1.82,,,,,,,,,,,,,,1.53
20.294,452,0,tag_lost_countdown,3.04,1.82,,,,,,,,,,,,,,1.57
20.331,453,0,tag_lost_countdown,3.04,1.82,,,,,,,,,,,,,,1.61
20.380,454,0,tag_lost_countdown,3.04,1.82,,,,,,,,,,,,,,1.65
20.420,455,0,tag_lost_countdown,3.04,1.82,,,,,,,,,,,,,,1.7
20.465,456,0,tag_lost_countdown,3.04,1.82,,,,,,,,,,,,,,1.74
20.504,457,0,tag_lost_countdown,3.04,1.82,,,,,,,,,,,,,,1.79
20.548,458,0,tag_lost_countdown,3.04,1.82,,,,,,,,,,,,,,1.82
20.592,459,0,tag_lost_countdown,3.04,1.82,,,,,,,,,,,,,,1.87
20.638,460,0,tag_lost_countdown,3.04,1.82,,,,,,,,,,,,,,1.91
20.677,461,0,tag_lost_countdown,3.04,1.82,,,,,,,,,,,,,,1.96
20.723,462,0,tag_lost_countdown,3.04,1.82,,,,,,,,,,,,,,2.0
20.761,463,0,tag_lost_countdown,3.04,1.82,,,,,,,,,,,,,,2.04
20.812,464,0,tag_lost_countdown,3.04,1.82,,,,,,,,,,,,,,2.08
20.858,465,0,tag_lost_countdown,3.04,1.82,,,,,,,,,,,,,,2.13
20.904,466,0,tag_lost_countdown,3.04,1.82,,,,,,,,,,,,,,2.18
20.945,467,0,tag_lost_countdown,3.04,1.82,,,,,,,,,,,,,,2.22
20.989,468,0,tag_lost_countdown,3.04,1.82,,,,,,,,,,,,,,2.27
21.028,469,0,tag_lost_countdown,3.04,1.82,,,,,,,,,,,,,,2.31
21.072,470,0,tag_lost_countdown,3.04,1.82,,,,,,,,,,,,,,2.35
21.115,471,0,tag_lost_countdown,3.04,1.82,,,,,,,,,,,,,,2.39
21.158,472,0,tag_lost_countdown,3.04,1.82,,,,,,,,,,,,,,2.43
21.197,473,0,tag_lost_countdown,3.04,1.82,,,,,,,,,,,,,,2.48
21.242,474,0,tag_lost_countdown,3.04,1.82,,,,,,,,,,,,,,2.52
21.282,475,0,tag_lost_countdown,3.04,1.82,,,,,,,,,,,,,,2.56
21.326,476,0,tag_lost_countdown,3.04,1.82,,,,,,,,,,,,,,2.6
21.367,477,0,tag_lost_countdown,3.04,1.82,,,,,,,,,,,,,,2.65
21.411,478,0,tag_lost_countdown,3.04,1.82,,,,,,,,,,,,,,2.69
21.450,479,0,tag_lost_countdown,3.04,1.82,,,,,,,,,,,,,,2.73
21.496,480,0,tag_lost_countdown,3.04,1.82,,,,,,,,,,,,,,2.77
21.535,481,0,tag_lost_countdown,3.04,1.82,,,,,,,,,,,,,,2.82
21.578,482,0,tag_lost_countdown,3.04,1.82,,,,,,,,,,,,,,2.86
21.618,483,0,tag_lost_countdown,3.04,1.82,,,,,,,,,,,,,,2.9
21.669,484,0,tag_lost_countdown,3.04,1.82,,,,,,,,,,,,,,2.94
21.709,485,0,tag_lost_countdown,3.04,1.82,,,,,,,,,,,,,,2.99
21.755,486,0,tag_lost_countdown,3.04,1.82,,,,,,,,,,,,,,3.03
21.792,487,0,tag_lost_countdown,3.04,1.82,,,,,,,,,,,,,,3.07
21.838,488,0,tag_lost_countdown,3.04,1.82,,,,,,,,,,,,,,3.11
21.881,489,0,tag_lost_countdown,3.04,1.82,,,,,,,,,,,,,,3.16
21.926,490,0,tag_lost_countdown,3.04,1.82,,,,,,,,,,,,,,3.2
21.966,491,0,tag_lost_countdown,3.04,1.82,,,,,,,,,,,,,,3.25
22.012,492,0,tag_lost_countdown,3.04,1.82,,,,,,,,,,,,,,3.29
22.052,493,0,tag_lost_countdown,3.04,1.82,,,,,,,,,,,,,,3.33
22.097,494,0,tag_lost_countdown,3.04,1.82,,,,,,,,,,,,,,3.37
22.137,495,0,tag_lost_countdown,3.04,1.82,,,,,,,,,,,,,,3.42
22.181,496,0,tag_lost_countdown,3.04,1.82,,,,,,,,,,,,,,3.46
22.220,497,0,tag_lost_countdown,3.04,1.82,,,,,,,,,,,,,,3.5
22.264,498,0,tag_lost_countdown,3.04,1.82,,,,,,,,,,,,,,3.54
22.308,499,0,tag_lost_countdown,3.04,1.82,,,,,,,,,,,,,,3.58
22.353,500,0,tag_lost_countdown,3.04,1.82,,,,,,,,,,,,,,3.63
22.393,501,0,tag_lost_countdown,3.04,1.82,,,,,,,,,,,,,,3.67
22.439,502,0,tag_lost_countdown,3.04,1.82,,,,,,,,,,,,,,3.71
22.478,503,0,tag_lost_countdown,3.04,1.82,,,,,,,,,,,,,,3.76
22.530,504,0,tag_lost_countdown,3.04,1.82,,,,,,,,,,,,,,3.8
22.572,505,1,ibvs_active,1.04,1.28,-123.0,10.6,-98.0,10.8,123.4,-2.0,-0.541,0.0,0,0,0,1,27.9,
22.618,506,0,tag_lost_countdown,1.04,1.28,,,,,,,,,,,,,,0.0
22.659,507,1,ibvs_active,-0.96,0.85,-135.7,8.0,-128.2,8.5,135.9,-2.0,-0.427,0.0,0,0,0,1,24.3,
22.703,508,1,ibvs_active,-2.96,0.37,-129.3,9.8,-129.1,9.6,129.7,-2.0,-0.479,0.0,0,0,0,1,21.9,
22.744,509,1,ibvs_active,-4.96,-0.08,-130.6,9.1,-130.3,9.2,130.9,-2.0,-0.459,0.0,0,0,0,1,26.9,
22.788,510,0,tag_lost_countdown,-4.96,-0.08,,,,,,,,,,,,,,0.0
22.825,511,0,tag_lost_countdown,-4.96,-0.08,,,,,,,,,,,,,,0.04
22.870,512,0,tag_lost_countdown,-4.96,-0.08,,,,,,,,,,,,,,0.08
22.913,513,1,ibvs_active,-6.96,-0.01,-59.6,-4.3,-73.7,-1.6,59.7,-2.0,0.079,0.0,0,0,0,1,28.5,
22.963,514,1,ibvs_active,-8.96,0.18,-59.5,-4.2,-62.3,-3.7,59.6,-2.0,0.184,0.0,0,0,0,1,30.4,
23.006,515,1,ibvs_active,-10.96,0.38,-59.5,-4.2,-60.0,-4.1,59.6,-2.0,0.206,0.0,0,0,0,1,30.4,
23.055,516,0,tag_lost_countdown,-10.96,0.38,,,,,,,,,,,,,,0.0
23.095,517,0,tag_lost_countdown,-10.96,0.38,,,,,,,,,,,,,,0.05
23.144,518,1,ibvs_active,-10.98,0.39,2.2,-3.0,-10.3,-3.2,3.7,-0.02,0.006,0.0,0,0,0,1,29.7,
23.186,519,1,deadband,-10.98,0.39,1.9,-3.2,-0.5,-3.2,3.8,0.0,0.0,0.0,1,0,0,0,30.1,
23.233,520,1,deadband,-10.98,0.39,1.9,-3.1,1.4,-3.1,3.6,0.0,0.0,0.0,1,0,0,0,30.1,
23.277,521,1,deadband,-10.98,0.39,2.0,-3.3,1.9,-3.2,3.8,0.0,0.0,0.0,1,0,0,0,30.3,
23.325,522,1,deadband,-10.98,0.39,1.9,-3.2,1.9,-3.2,3.7,0.0,0.0,0.0,1,0,0,0,30.3,
23.366,523,1,deadband,-10.98,0.39,2.0,-3.2,2.0,-3.2,3.7,0.0,0.0,0.0,1,0,0,0,30.5,
23.420,524,1,deadband,-10.98,0.39,2.0,-3.2,2.0,-3.2,3.8,0.0,0.0,0.0,1,0,0,0,31.3,
23.463,525,1,deadband,-10.98,0.39,2.0,-3.2,2.0,-3.2,3.8,0.0,0.0,0.0,1,0,0,0,30.3,
23.512,526,1,deadband,-10.98,0.39,2.0,-3.2,2.0,-3.2,3.7,0.0,0.0,0.0,1,0,0,0,30.1,
23.554,527,1,deadband,-10.98,0.39,2.0,-3.2,2.0,-3.2,3.8,0.0,0.0,0.0,1,0,0,0,31.0,
23.605,528,1,deadband,-10.98,0.39,2.0,-3.3,2.0,-3.3,3.8,0.0,0.0,0.0,1,0,0,0,30.5,
23.648,529,1,deadband,-10.98,0.39,2.0,-3.3,2.0,-3.3,3.8,0.0,0.0,0.0,1,0,0,0,30.9,
23.697,530,1,deadband,-10.98,0.39,2.0,-3.2,2.0,-3.2,3.8,0.0,0.0,0.0,1,0,0,0,30.4,
23.740,531,1,deadband,-10.98,0.39,2.0,-3.2,2.0,-3.2,3.8,0.0,0.0,0.0,1,0,0,0,30.4,
23.789,532,1,deadband,-10.98,0.39,2.0,-3.2,2.0,-3.2,3.8,0.0,0.0,0.0,1,0,0,0,31.1,
23.833,533,1,deadband,-10.98,0.39,2.0,-3.2,2.0,-3.2,3.8,0.0,0.0,0.0,1,0,0,0,29.9,
23.883,534,1,deadband,-10.98,0.39,2.0,-3.2,2.0,-3.2,3.8,0.0,0.0,0.0,1,0,0,0,30.1,
23.927,535,1,deadband,-10.98,0.39,2.1,-3.2,2.1,-3.2,3.8,0.0,0.0,0.0,1,0,0,0,30.1,
23.974,536,1,deadband,-10.98,0.39,2.1,-3.2,2.1,-3.2,3.8,0.0,0.0,0.0,1,0,0,0,30.2,
24.017,537,1,deadband,-10.98,0.39,2.0,-3.2,2.1,-3.2,3.8,0.0,0.0,0.0,1,0,0,0,29.8,
24.070,538,1,deadband,-10.98,0.39,2.1,-3.2,2.1,-3.2,3.8,0.0,0.0,0.0,1,0,0,0,31.0,
24.114,539,1,deadband,-10.98,0.39,2.1,-3.2,2.1,-3.2,3.8,0.0,0.0,0.0,1,0,0,0,30.4,
24.164,540,1,deadband,-10.98,0.39,2.1,-3.2,2.1,-3.2,3.8,0.0,0.0,0.0,1,0,0,0,30.2,
24.208,541,1,deadband,-10.98,0.39,2.1,-3.2,2.1,-3.2,3.8,0.0,0.0,0.0,1,0,0,0,30.4,
24.258,542,1,deadband,-10.98,0.39,2.1,-3.2,2.1,-3.2,3.8,0.0,0.0,0.0,1,0,0,0,29.9,
24.300,543,1,deadband,-10.98,0.39,2.1,-3.1,2.1,-3.1,3.8,0.0,0.0,0.0,1,0,0,0,30.2,
24.349,544,1,deadband,-10.98,0.39,2.1,-3.2,2.1,-3.2,3.8,0.0,0.0,0.0,1,0,0,0,31.3,
24.391,545,1,deadband,-10.98,0.39,2.1,-3.2,2.1,-3.2,3.8,0.0,0.0,0.0,1,0,0,0,30.3,
24.440,546,1,deadband,-10.98,0.39,2.1,-3.2,2.1,-3.2,3.8,0.0,0.0,0.0,1,0,0,0,30.5,
24.481,547,1,deadband,-10.98,0.39,2.0,-3.2,2.0,-3.2,3.8,0.0,0.0,0.0,1,0,0,0,30.8,
24.528,548,1,deadband,-10.98,0.39,2.1,-3.2,2.1,-3.2,3.8,0.0,0.0,0.0,1,0,0,0,31.0,
24.570,549,1,deadband,-10.98,0.39,2.1,-3.2,2.1,-3.2,3.8,0.0,0.0,0.0,1,0,0,0,29.9,
24.617,550,1,deadband,-10.98,0.39,2.1,-3.2,2.1,-3.2,3.8,0.0,0.0,0.0,1,0,0,0,29.6,
24.657,551,1,deadband,-10.98,0.39,1.5,-1.9,1.6,-2.2,2.4,0.0,0.0,0.0,1,0,0,0,20.0,
24.710,552,1,ibvs_active,-10.84,0.22,11.4,16.0,9.5,12.4,19.7,0.132,-0.174,0.0,0,0,0,1,20.2,
24.750,553,1,deadband,-10.84,0.22,1.5,-6.0,3.1,-2.3,6.2,0.0,0.0,0.0,1,0,0,0,23.0,
24.798,554,1,deadband,-10.84,0.22,-2.3,-2.0,-1.2,-2.0,3.0,0.0,0.0,0.0,1,0,0,0,30.8,
24.837,555,1,deadband,-10.84,0.22,-2.7,-1.5,-2.4,-1.6,3.1,0.0,0.0,0.0,1,0,0,0,32.0,
24.890,556,1,deadband,-10.84,0.22,-4.0,-5.9,-3.7,-5.1,7.2,0.0,0.0,0.0,1,0,0,0,28.1,
24.928,557,0,tag_lost_countdown,-10.84,0.22,,,,,,,,,,,,,,0.0
24.973,558,1,ibvs_active,-11.27,0.37,-21.9,-7.0,-18.2,-6.6,22.9,-0.427,0.155,0.0,0,0,0,1,24.1,
25.011,559,0,tag_lost_countdown,-11.27,0.37,,,,,,,,,,,,,,0.0
25.055,560,1,ibvs_active,-12.6,0.75,-30.4,-8.4,-27.9,-8.0,31.5,-1.332,0.382,0.0,0,0,0,1,32.1,
25.100,561,1,ibvs_active,-13.92,0.96,-28.4,-3.6,-28.3,-4.5,28.6,-1.318,0.209,0.0,0,0,0,1,31.1,
25.147,562,1,ibvs_active,-15.08,1.17,-26.5,-4.9,-26.9,-4.8,27.0,-1.161,0.209,0.0,0,0,0,1,31.4,
25.188,563,1,ibvs_active,-15.28,1.24,-11.6,-5.1,-14.7,-5.0,12.7,-0.202,0.069,0.0,0,0,0,1,31.1,
25.233,564,0,tag_lost_countdown,-15.28,1.24,,,,,,,,,,,,,,0.0
25.273,565,0,tag_lost_countdown,-15.28,1.24,,,,,,,,,,,,,,0.04
25.321,566,1,deadband,-15.28,1.24,8.3,6.2,3.7,4.0,10.4,0.0,0.0,0.0,1,0,0,0,31.3,
25.363,567,1,deadband,-15.28,1.24,8.7,5.6,7.7,5.2,10.3,0.0,0.0,0.0,1,0,0,0,31.5,
25.415,568,1,deadband,-15.28,1.24,8.4,5.7,8.3,5.6,10.2,0.0,0.0,0.0,1,0,0,0,30.7,
25.455,569,1,deadband,-15.28,1.24,8.4,5.7,8.4,5.7,10.2,0.0,0.0,0.0,1,0,0,0,30.5,
25.502,570,1,deadband,-15.28,1.24,8.5,5.6,8.5,5.6,10.1,0.0,0.0,0.0,1,0,0,0,31.1,
25.542,571,1,deadband,-15.28,1.24,8.4,5.8,8.5,5.7,10.2,0.0,0.0,0.0,1,0,0,0,30.9,
25.588,572,1,deadband,-15.28,1.24,8.4,5.7,8.4,5.7,10.2,0.0,0.0,0.0,1,0,0,0,31.2,
25.632,573,1,deadband,-15.28,1.24,8.6,5.7,8.5,5.7,10.3,0.0,0.0,0.0,1,0,0,0,30.8,
25.678,574,1,deadband,-15.28,1.24,8.4,5.7,8.4,5.7,10.1,0.0,0.0,0.0,1,0,0,0,31.6,
25.719,575,1,deadband,-15.28,1.24,8.5,5.7,8.5,5.7,10.2,0.0,0.0,0.0,1,0,0,0,31.1,
25.768,576,1,deadband,-15.28,1.24,8.5,5.7,8.5,5.7,10.2,0.0,0.0,0.0,1,0,0,0,30.2,
25.809,577,1,deadband,-15.28,1.24,8.5,5.7,8.5,5.7,10.2,0.0,0.0,0.0,1,0,0,0,30.9,
25.856,578,1,deadband,-15.28,1.24,8.5,5.7,8.5,5.7,10.2,0.0,0.0,0.0,1,0,0,0,31.2,
25.897,579,1,deadband,-15.28,1.24,8.5,5.7,8.5,5.7,10.2,0.0,0.0,0.0,1,0,0,0,31.2,
25.945,580,1,deadband,-15.28,1.24,8.5,5.7,8.5,5.7,10.2,0.0,0.0,0.0,1,0,0,0,30.7,
25.994,581,1,deadband,-15.28,1.24,8.5,5.7,8.5,5.7,10.2,0.0,0.0,0.0,1,0,0,0,31.6,
26.041,582,1,deadband,-15.28,1.24,8.5,5.7,8.5,5.7,10.3,0.0,0.0,0.0,1,0,0,0,30.7,
26.081,583,1,deadband,-15.28,1.24,8.4,5.8,8.4,5.8,10.2,0.0,0.0,0.0,1,0,0,0,30.6,
26.128,584,1,deadband,-15.28,1.24,8.5,5.7,8.5,5.7,10.2,0.0,0.0,0.0,1,0,0,0,30.7,
26.171,585,1,deadband,-15.28,1.24,8.5,5.7,8.5,5.7,10.3,0.0,0.0,0.0,1,0,0,0,30.8,
26.217,586,1,deadband,-15.28,1.24,8.5,5.7,8.5,5.7,10.2,0.0,0.0,0.0,1,0,0,0,31.8,
26.258,587,1,deadband,-15.28,1.24,8.5,5.7,8.5,5.7,10.2,0.0,0.0,0.0,1,0,0,0,31.3,
26.304,588,1,deadband,-15.28,1.24,8.5,5.7,8.5,5.7,10.2,0.0,0.0,0.0,1,0,0,0,31.0,
26.345,589,1,deadband,-15.28,1.24,8.4,5.7,8.4,5.7,10.2,0.0,0.0,0.0,1,0,0,0,30.8,
26.392,590,1,deadband,-15.28,1.24,8.5,5.7,8.5,5.7,10.2,0.0,0.0,0.0,1,0,0,0,30.8,
26.432,591,1,deadband,-15.28,1.24,8.6,5.7,8.5,5.7,10.3,0.0,0.0,0.0,1,0,0,0,30.9,
26.481,592,1,deadband,-15.28,1.24,8.5,5.7,8.5,5.7,10.2,0.0,0.0,0.0,1,0,0,0,30.2,
26.522,593,1,deadband,-15.28,1.24,8.5,5.8,8.5,5.8,10.3,0.0,0.0,0.0,1,0,0,0,30.9,
26.570,594,1,deadband,-15.28,1.24,8.5,5.8,8.5,5.8,10.2,0.0,0.0,0.0,1,0,0,0,31.0,
26.612,595,1,deadband,-15.28,1.24,8.4,5.8,8.4,5.8,10.2,0.0,0.0,0.0,1,0,0,0,30.9,
26.658,596,1,deadband,-15.28,1.24,8.5,5.7,8.5,5.8,10.3,0.0,0.0,0.0,1,0,0,0,31.1,
26.699,597,1,deadband,-15.28,1.24,8.5,5.7,8.5,5.7,10.2,0.0,0.0,0.0,1,0,0,0,31.4,
26.747,598,1,deadband,-15.28,1.24,8.4,5.7,8.4,5.7,10.2,0.0,0.0,0.0,1,0,0,0,31.0,
26.786,599,1,deadband,-15.28,1.24,8.5,5.7,8.5,5.7,10.2,0.0,0.0,0.0,1,0,0,0,30.5,
26.834,600,1,deadband,-15.28,1.24,8.5,5.8,8.5,5.8,10.3,0.0,0.0,0.0,1,0,0,0,30.9,
26.873,601,1,deadband,-15.28,1.24,8.5,5.7,8.5,5.7,10.2,0.0,0.0,0.0,1,0,0,0,31.2,
26.920,602,1,deadband,-15.28,1.24,8.5,5.7,8.5,5.7,10.3,0.0,0.0,0.0,1,0,0,0,30.9,
26.961,603,1,deadband,-15.28,1.24,8.5,5.7,8.5,5.7,10.3,0.0,0.0,0.0,1,0,0,0,30.4,
27.008,604,1,deadband,-15.28,1.24,8.5,5.7,8.5,5.7,10.2,0.0,0.0,0.0,1,0,0,0,29.9,
27.050,605,1,deadband,-15.28,1.24,8.5,5.7,8.5,5.7,10.3,0.0,0.0,0.0,1,0,0,0,31.5,
27.099,606,1,deadband,-15.28,1.24,8.4,5.8,8.5,5.8,10.2,0.0,0.0,0.0,1,0,0,0,30.6,
27.140,607,1,deadband,-15.28,1.24,8.6,5.7,8.5,5.7,10.3,0.0,0.0,0.0,1,0,0,0,31.4,
27.187,608,1,deadband,-15.28,1.24,8.5,5.7,8.5,5.7,10.2,0.0,0.0,0.0,1,0,0,0,30.5,
27.227,609,1,deadband,-15.28,1.24,8.5,5.7,8.5,5.7,10.3,0.0,0.0,0.0,1,0,0,0,30.3,
27.279,610,1,deadband,-15.28,1.24,8.4,5.8,8.5,5.7,10.2,0.0,0.0,0.0,1,0,0,0,30.6,
27.320,611,1,deadband,-15.28,1.24,8.5,5.7,8.5,5.7,10.2,0.0,0.0,0.0,1,0,0,0,30.3,
27.365,612,1,deadband,-15.28,1.24,8.5,5.7,8.5,5.7,10.3,0.0,0.0,0.0,1,0,0,0,31.4,
27.406,613,1,deadband,-15.28,1.24,8.5,5.7,8.5,5.7,10.3,0.0,0.0,0.0,1,0,0,0,31.8,
27.457,614,1,deadband,-15.28,1.24,8.5,5.7,8.5,5.7,10.2,0.0,0.0,0.0,1,0,0,0,30.6,
27.498,615,1,deadband,-15.28,1.24,8.6,5.8,8.6,5.7,10.3,0.0,0.0,0.0,1,0,0,0,30.7,
27.544,616,1,deadband,-15.28,1.24,8.5,5.7,8.5,5.7,10.3,0.0,0.0,0.0,1,0,0,0,30.7,
27.586,617,1,deadband,-15.28,1.24,8.4,5.8,8.5,5.7,10.2,0.0,0.0,0.0,1,0,0,0,30.6,
27.632,618,1,deadband,-15.28,1.24,8.5,5.7,8.5,5.7,10.3,0.0,0.0,0.0,1,0,0,0,30.7,
27.672,619,1,deadband,-15.28,1.24,8.5,5.8,8.5,5.7,10.3,0.0,0.0,0.0,1,0,0,0,30.5,
27.718,620,1,deadband,-15.28,1.24,8.5,5.8,8.5,5.8,10.3,0.0,0.0,0.0,1,0,0,0,30.1,
27.760,621,1,deadband,-15.28,1.24,8.5,5.7,8.5,5.7,10.2,0.0,0.0,0.0,1,0,0,0,31.5,
27.807,622,1,deadband,-15.28,1.24,8.5,5.7,8.5,5.7,10.2,0.0,0.0,0.0,1,0,0,0,30.4,
27.849,623,1,deadband,-15.28,1.24,8.5,5.7,8.5,5.7,10.3,0.0,0.0,0.0,1,0,0,0,31.2,
27.896,624,1,deadband,-15.28,1.24,8.5,5.8,8.5,5.8,10.3,0.0,0.0,0.0,1,0,0,0,31.5,
27.936,625,1,deadband,-15.28,1.24,8.5,5.8,8.5,5.8,10.3,0.0,0.0,0.0,1,0,0,0,30.0,
27.982,626,1,deadband,-15.28,1.24,8.5,5.7,8.5,5.7,10.2,0.0,0.0,0.0,1,0,0,0,30.9,
28.022,627,1,deadband,-15.28,1.24,8.5,5.7,8.5,5.7,10.2,0.0,0.0,0.0,1,0,0,0,30.3,
28.069,628,1,deadband,-15.28,1.24,8.5,5.7,8.5,5.7,10.2,0.0,0.0,0.0,1,0,0,0,31.3,
28.110,629,1,deadband,-15.28,1.24,8.5,5.7,8.5,5.7,10.3,0.0,0.0,0.0,1,0,0,0,31.0,
28.158,630,1,deadband,-15.28,1.24,8.5,5.8,8.5,5.7,10.3,0.0,0.0,0.0,1,0,0,0,31.1,
28.200,631,1,deadband,-15.28,1.24,8.5,5.8,8.5,5.8,10.3,0.0,0.0,0.0,1,0,0,0,29.9,
28.246,632,1,deadband,-15.28,1.24,8.5,5.7,8.5,5.7,10.3,0.0,0.0,0.0,1,0,0,0,30.8,
28.289,633,1,deadband,-15.28,1.24,8.5,5.8,8.5,5.8,10.3,0.0,0.0,0.0,1,0,0,0,30.8,
28.337,634,1,deadband,-15.28,1.24,8.5,5.7,8.5,5.7,10.3,0.0,0.0,0.0,1,0,0,0,31.0,
28.380,635,1,deadband,-15.28,1.24,8.5,5.7,8.5,5.7,10.3,0.0,0.0,0.0,1,0,0,0,30.7,
28.426,636,1,deadband,-15.28,1.24,8.5,5.7,8.5,5.7,10.3,0.0,0.0,0.0,1,0,0,0,30.6,
28.467,637,1,deadband,-15.28,1.24,8.5,5.8,8.5,5.8,10.3,0.0,0.0,0.0,1,0,0,0,30.2,
28.513,638,1,deadband,-15.28,1.24,8.5,5.8,8.5,5.8,10.3,0.0,0.0,0.0,1,0,0,0,30.9,
28.564,639,1,deadband,-15.28,1.24,8.5,5.8,8.5,5.8,10.3,0.0,0.0,0.0,1,0,0,0,31.5,
28.611,640,1,deadband,-15.28,1.24,8.5,5.7,8.5,5.7,10.2,0.0,0.0,0.0,1,0,0,0,31.5,
28.650,641,1,deadband,-15.28,1.24,8.5,5.7,8.5,5.7,10.3,0.0,0.0,0.0,1,0,0,0,31.5,
28.697,642,1,deadband,-15.28,1.24,8.6,5.7,8.5,5.7,10.3,0.0,0.0,0.0,1,0,0,0,31.2,
28.744,643,1,deadband,-15.28,1.24,8.5,5.7,8.5,5.7,10.3,0.0,0.0,0.0,1,0,0,0,30.8,
28.789,644,1,deadband,-15.28,1.24,8.5,5.7,8.5,5.7,10.3,0.0,0.0,0.0,1,0,0,0,30.6,
28.829,645,1,deadband,-15.28,1.24,8.5,5.7,8.5,5.7,10.3,0.0,0.0,0.0,1,0,0,0,31.4,
28.876,646,1,deadband,-15.28,1.24,8.6,5.7,8.6,5.7,10.3,0.0,0.0,0.0,1,0,0,0,31.3,
28.915,647,1,deadband,-15.28,1.24,9.0,5.5,8.9,5.6,10.5,0.0,0.0,0.0,1,0,0,0,30.9,
28.963,648,0,tag_lost_countdown,-15.28,1.24,,,,,,,,,,,,,,0.0
29.001,649,0,tag_lost_countdown,-15.28,1.24,,,,,,,,,,,,,,0.05
29.049,650,1,ibvs_active,-15.09,1.16,15.5,5.7,14.2,5.7,16.6,0.189,-0.076,0.0,0,0,0,1,30.7,
29.088,651,0,tag_lost_countdown,-15.09,1.16,,,,,,,,,,,,,,0.0
29.131,652,0,tag_lost_countdown,-15.09,1.16,,,,,,,,,,,,,,0.04
29.171,653,0,tag_lost_countdown,-15.09,1.16,,,,,,,,,,,,,,0.08
29.217,654,0,tag_lost_countdown,-15.09,1.16,,,,,,,,,,,,,,0.12
29.258,655,0,tag_lost_countdown,-15.09,1.16,,,,,,,,,,,,,,0.17
29.302,656,1,ibvs_active,-17.09,1.33,-130.9,-5.7,-101.9,-3.4,131.0,-2.0,0.17,0.0,0,0,0,1,27.1,
29.342,657,1,ibvs_active,-19.09,1.22,-129.8,3.7,-124.2,2.3,129.8,-2.0,-0.116,0.0,0,0,0,1,30.1,
29.394,658,1,ibvs_active,-21.09,1.09,-128.4,2.6,-127.6,2.5,128.5,-2.0,-0.126,0.0,0,0,0,1,25.8,
29.434,659,1,ibvs_active,-23.09,1.03,-118.2,1.0,-120.1,1.3,118.2,-2.0,-0.066,0.0,0,0,0,1,29.0,
29.479,660,0,tag_lost_countdown,-23.09,1.03,,,,,,,,,,,,,,0.0
29.520,661,1,ibvs_active,-25.09,0.94,-84.6,1.9,-91.7,1.8,84.6,-2.0,-0.09,0.0,0,0,0,1,24.2,
29.565,662,1,ibvs_active,-27.09,0.84,-58.6,1.9,-65.2,1.9,58.6,-2.0,-0.093,0.0,0,0,0,1,23.1,
29.608,663,1,ibvs_active,-29.09,0.76,-59.0,1.7,-60.3,1.7,59.1,-2.0,-0.086,0.0,0,0,0,1,30.2,
29.655,664,0,tag_lost_countdown,-29.09,0.76,,,,,,,,,,,,,,0.0
29.699,665,1,ibvs_active,-30.06,0.66,-16.4,2.7,-25.2,2.5,16.6,-0.964,-0.096,0.0,0,0,0,1,31.4,
29.745,666,0,tag_lost_countdown,-30.06,0.66,,,,,,,,,,,,,,0.0
29.784,667,1,deadband,-30.06,0.66,10.4,2.4,3.3,2.4,10.6,0.0,0.0,0.0,1,0,0,0,29.9,
29.832,668,1,ibvs_active,-29.83,0.63,18.8,2.3,15.7,2.3,18.9,0.229,-0.034,0.0,0,0,0,1,30.5,
29.875,669,1,ibvs_active,-29.46,0.58,18.6,2.1,18.0,2.2,18.8,0.369,-0.044,0.0,0,0,0,1,31.3,
29.923,670,1,ibvs_active,-29.04,0.53,19.1,2.2,18.9,2.2,19.2,0.425,-0.05,0.0,0,0,0,1,31.1,
29.963,671,0,tag_lost_countdown,-29.04,0.53,,,,,,,,,,,,,,0.0
30.010,672,1,ibvs_active,-27.27,-0.04,39.5,13.8,35.4,11.5,41.9,1.77,-0.575,0.0,0,0,0,1,33.6,
30.049,673,0,tag_lost_countdown,-27.27,-0.04,,,,,,,,,,,,,,0.0
30.093,674,0,tag_lost_countdown,-27.27,-0.04,,,,,,,,,,,,,,0.04
30.134,675,0,tag_lost_countdown,-27.27,-0.04,,,,,,,,,,,,,,0.08
30.181,676,0,tag_lost_countdown,-27.27,-0.04,,,,,,,,,,,,,,0.13
30.222,677,1,ibvs_active,-29.27,0.43,-83.3,-14.7,-59.5,-9.4,84.6,-2.0,0.472,0.0,0,0,0,1,31.2,
30.275,678,1,ibvs_active,-31.27,0.93,-79.6,-10.2,-75.6,-10.1,80.3,-2.0,0.503,0.0,0,0,0,1,32.2,
30.320,679,1,ibvs_active,-33.27,1.45,-81.1,-10.3,-80.0,-10.3,81.7,-2.0,0.514,0.0,0,0,0,1,31.4,
30.365,680,1,ibvs_active,-35.27,1.94,-68.7,-9.7,-70.9,-9.8,69.3,-2.0,0.491,0.0,0,0,0,1,23.1,
30.409,681,0,tag_lost_countdown,-35.27,1.94,,,,,,,,,,,,,,0.0
30.460,682,0,tag_lost_countdown,-35.27,1.94,,,,,,,,,,,,,,0.04
30.503,683,1,ibvs_active,-36.08,1.84,-11.8,5.9,-23.6,2.8,13.2,-0.816,-0.096,0.0,0,0,0,1,32.7,
30.552,684,1,deadband,-36.08,1.84,-6.0,5.6,-9.5,5.1,8.2,0.0,0.0,0.0,1,0,0,0,31.3,
30.597,685,1,deadband,-36.08,1.84,-5.5,5.6,-6.3,5.5,7.8,0.0,0.0,0.0,1,0,0,0,31.6,
30.645,686,1,deadband,-36.08,1.84,-5.3,5.5,-5.5,5.5,7.6,0.0,0.0,0.0,1,0,0,0,31.3,
30.688,687,1,deadband,-36.08,1.84,-0.3,5.4,-1.3,5.4,5.4,0.0,0.0,0.0,1,0,0,0,31.5,
30.736,688,1,deadband,-36.08,1.84,-0.3,5.4,-0.5,5.4,5.4,0.0,0.0,0.0,1,0,0,0,31.8,
30.777,689,1,deadband,-36.08,1.84,0.4,5.6,0.2,5.6,5.6,0.0,0.0,0.0,1,0,0,0,31.0,
30.824,690,1,ibvs_active,-35.84,1.61,15.7,13.8,12.6,12.1,20.9,0.237,-0.228,0.0,0,0,0,1,22.5,
30.866,691,1,deadband,-35.84,1.61,8.7,8.1,9.5,8.9,11.9,0.0,0.0,0.0,1,0,0,0,31.7,
30.915,692,1,deadband,-35.84,1.61,9.0,8.7,9.1,8.8,12.5,0.0,0.0,0.0,1,0,0,0,30.4,
30.955,693,0,tag_lost_countdown,-35.84,1.61,,,,,,,,,,,,,,0.0
30.997,694,0,tag_lost_countdown,-35.84,1.61,,,,,,,,,,,,,,0.04
31.037,695,0,tag_lost_countdown,-35.84,1.61,,,,,,,,,,,,,,0.08
31.085,696,0,tag_lost_countdown,-35.84,1.61,,,,,,,,,,,,,,0.12
31.134,697,1,ibvs_active,-37.84,0.96,-80.2,14.1,-62.3,13.0,81.4,-2.0,-0.65,0.0,0,0,0,1,31.7,
31.180,698,1,ibvs_active,-39.84,0.24,-74.1,14.7,-71.7,14.4,75.5,-2.0,-0.719,0.0,0,0,0,1,31.0,
31.222,699,1,ibvs_active,-41.84,-0.49,-70.5,14.7,-70.8,14.7,72.0,-2.0,-0.733,0.0,0,0,0,1,30.3,
31.267,700,1,ibvs_active,-43.84,-1.15,-60.2,12.8,-62.3,13.1,61.5,-2.0,-0.657,0.0,0,0,0,1,27.6,
31.314,701,0,tag_lost_countdown,-43.84,-1.15,,,,,,,,,,,,,,0.0
31.362,702,0,tag_lost_countdown,-43.84,-1.15,,,,,,,,,,,,,,0.05
31.406,703,1,ibvs_active,-43.98,-1.13,-1.7,-5.6,-13.8,-1.9,5.9,-0.137,0.018,0.0,0,0,0,1,30.9,
31.454,704,1,deadband,-43.98,-1.13,-1.5,-5.8,-4.0,-5.0,6.0,0.0,0.0,0.0,1,0,0,0,32.6,
31.498,705,1,deadband,-43.98,-1.13,-1.5,-5.9,-2.0,-5.7,6.1,0.0,0.0,0.0,1,0,0,0,33.4,
31.545,706,1,deadband,-43.98,-1.13,-1.4,-5.8,-1.6,-5.8,6.0,0.0,0.0,0.0,1,0,0,0,33.0,
31.586,707,1,deadband,-43.98,-1.13,-1.4,-5.9,-1.5,-5.8,6.0,0.0,0.0,0.0,1,0,0,0,33.1,
31.635,708,1,deadband,-43.98,-1.13,-1.4,-5.8,-1.4,-5.8,6.0,0.0,0.0,0.0,1,0,0,0,32.8,
31.678,709,1,deadband,-43.98,-1.13,-1.4,-5.9,-1.4,-5.9,6.1,0.0,0.0,0.0,1,0,0,0,33.9,
31.724,710,1,deadband,-43.98,-1.13,-2.1,-5.3,-2.0,-5.4,5.7,0.0,0.0,0.0,1,0,0,0,32.8,
31.765,711,0,tag_lost_countdown,-43.98,-1.13,,,,,,,,,,,,,,0.0
31.810,712,1,ibvs_active,-43.79,-1.11,19.4,-0.5,15.1,-1.5,19.4,0.195,0.019,0.0,0,0,0,1,29.1,
31.852,713,1,ibvs_active,-43.67,-0.86,5.2,-18.4,7.2,-15.0,19.1,0.119,0.25,0.0,0,0,0,1,23.7,
31.896,714,0,tag_lost_countdown,-43.67,-0.86,,,,,,,,,,,,,,0.0
31.934,715,0,tag_lost_countdown,-43.67,-0.86,,,,,,,,,,,,,,0.04
32.009,716,0,tag_lost_countdown,-43.67,-0.86,,,,,,,,,,,,,,0.08
32.059,717,0,tag_lost_countdown,-43.67,-0.86,,,,,,,,,,,,,,0.17
32.106,718,1,ibvs_active,-45.67,0.53,-112.5,-30.9,-88.5,-27.7,116.6,-2.0,1.386,0.0,0,0,0,1,28.3,
32.149,719,1,ibvs_active,-47.67,1.68,-120.8,-21.9,-114.4,-23.1,122.8,-2.0,1.153,0.0,0,0,0,1,33.4,
32.195,720,1,ibvs_active,-49.67,2.74,-119.2,-20.7,-118.2,-21.2,121.0,-2.0,1.059,0.0,0,0,0,1,31.6,
32.250,721,1,ibvs_active,-51.67,3.5,-106.1,-13.8,-108.5,-15.3,107.0,-2.0,0.766,0.0,0,0,0,1,33.2,
32.337,722,1,ibvs_active,-53.67,3.48,-72.5,4.5,-79.7,0.6,72.6,-2.0,-0.029,0.0,0,0,0,1,24.7,
32.378,723,1,ibvs_active,-55.67,2.65,-37.8,20.5,-46.2,16.5,43.0,-2.0,-0.826,0.0,0,0,0,1,32.5,
32.425,724,1,ibvs_active,-57.58,1.66,-36.3,20.5,-38.3,19.7,41.7,-1.914,-0.987,0.0,0,0,0,1,31.9,
32.465,725,0,tag_lost_countdown,-57.58,1.66,,,,,,,,,,,,,,0.0
32.522,726,0,tag_lost_countdown,-57.58,1.66,,,,,,,,,,,,,,0.04
32.596,727,1,deadband,-57.58,1.66,21.8,5.3,9.8,8.2,22.5,0.0,0.0,0.0,1,0,0,0,31.2,
32.646,728,1,ibvs_active,-57.04,1.51,22.7,5.1,20.1,5.7,23.2,0.547,-0.155,0.0,0,0,0,1,31.8,
32.688,729,1,ibvs_active,-56.32,1.34,22.7,5.0,22.2,5.1,23.3,0.711,-0.165,0.0,0,0,0,1,32.7,
32.737,730,1,ibvs_active,-55.57,1.18,22.8,5.0,22.7,5.0,23.4,0.752,-0.166,0.0,0,0,0,1,33.7,
32.800,731,1,ibvs_active,-54.81,1.01,22.9,5.0,22.8,5.0,23.4,0.764,-0.168,0.0,0,0,0,1,33.9,
32.884,732,1,ibvs_active,-54.05,0.84,22.8,5.1,22.8,5.1,23.3,0.761,-0.169,0.0,0,0,0,1,33.2,
32.925,733,1,deadband,-54.05,0.84,5.0,3.6,8.6,3.9,6.2,0.0,0.0,0.0,1,0,0,0,25.0,
32.972,734,1,deadband,-54.05,0.84,4.7,2.8,5.5,3.0,5.5,0.0,0.0,0.0,1,0,0,0,33.7,
33.012,735,1,deadband,-54.05,0.84,4.6,3.0,4.8,3.0,5.5,0.0,0.0,0.0,1,0,0,0,33.2,
33.078,736,1,deadband,-54.05,0.84,4.6,2.8,4.6,2.9,5.4,0.0,0.0,0.0,1,0,0,0,33.8,
33.166,737,1,deadband,-54.05,0.84,4.5,2.9,4.6,2.9,5.4,0.0,0.0,0.0,1,0,0,0,34.1,
33.213,738,0,tag_lost_countdown,-54.05,0.84,,,,,,,,,,,,,,0.0
33.251,739,0,tag_lost_countdown,-54.05,0.84,,,,,,,,,,,,,,0.04
33.296,740,1,deadband,-54.05,0.84,9.4,6.7,8.4,5.9,11.5,0.0,0.0,0.0,1,0,0,0,34.2,
33.336,741,0,tag_lost_countdown,-54.05,0.84,,,,,,,,,,,,,,0.0
33.411,742,0,tag_lost_countdown,-54.05,0.84,,,,,,,,,,,,,,0.05
33.451,743,0,tag_lost_countdown,-54.05,0.84,,,,,,,,,,,,,,0.11
33.494,744,0,tag_lost_countdown,-54.05,0.84,,,,,,,,,,,,,,0.15
33.533,745,0,tag_lost_countdown,-54.05,0.84,,,,,,,,,,,,,,0.2
33.577,746,1,ibvs_active,-56.05,0.75,-125.5,0.7,-98.8,1.7,125.5,-2.0,-0.087,0.0,0,0,0,1,33.7,
33.637,747,1,ibvs_active,-58.05,0.72,-125.0,0.4,-119.8,0.7,125.0,-2.0,-0.035,0.0,0,0,0,1,31.4,
33.729,748,1,ibvs_active,-60.05,0.69,-124.9,0.5,-123.9,0.6,124.9,-2.0,-0.028,0.0,0,0,0,1,31.8,
33.769,749,0,tag_lost_countdown,-60.05,0.69,,,,,,,,,,,,,,0.0
33.819,750,1,ibvs_active,-62.05,0.61,-98.3,1.8,-103.4,1.6,98.3,-2.0,-0.078,0.0,0,0,0,1,32.8,
33.862,751,1,ibvs_active,-64.05,0.5,-70.2,2.5,-76.8,2.3,70.2,-2.0,-0.115,0.0,0,0,0,1,27.1,
33.960,752,1,ibvs_active,-66.05,0.38,-69.9,2.4,-71.3,2.4,70.0,-2.0,-0.118,0.0,0,0,0,1,32.1,
34.007,753,0,tag_lost_countdown,-66.05,0.38,,,,,,,,,,,,,,0.0
34.052,754,0,tag_lost_countdown,-66.05,0.38,,,,,,,,,,,,,,0.04
34.093,755,1,ibvs_active,-66.49,0.4,-6.2,-1.8,-19.2,-1.0,6.5,-0.445,0.023,0.0,0,0,0,1,34.2,
34.141,756,1,deadband,-66.49,0.4,-6.2,-1.9,-8.8,-1.7,6.5,0.0,0.0,0.0,1,0,0,0,34.5,
34.196,757,1,deadband,-66.49,0.4,-6.2,-2.0,-6.7,-2.0,6.5,0.0,0.0,0.0,1,0,0,0,35.1,
34.279,758,1,deadband,-66.49,0.4,-6.1,-2.0,-6.2,-2.0,6.4,0.0,0.0,0.0,1,0,0,0,34.3,
34.324,759,1,deadband,-66.49,0.4,-6.1,-2.0,-6.1,-2.0,6.4,0.0,0.0,0.0,1,0,0,0,35.9,
34.374,760,1,deadband,-66.49,0.4,-6.0,-2.1,-6.0,-2.1,6.4,0.0,0.0,0.0,1,0,0,0,35.1,
34.419,761,1,deadband,-66.49,0.4,-6.0,-2.0,-6.0,-2.0,6.4,0.0,0.0,0.0,1,0,0,0,35.6,
34.495,762,1,deadband,-66.49,0.4,-6.1,-2.1,-6.1,-2.0,6.4,0.0,0.0,0.0,1,0,0,0,34.9,
34.561,763,1,deadband,-66.49,0.4,-6.0,-2.0,-6.0,-2.0,6.3,0.0,0.0,0.0,1,0,0,0,35.2,
34.610,764,1,deadband,-66.49,0.4,-6.0,-2.0,-6.0,-2.0,6.3,0.0,0.0,0.0,1,0,0,0,36.0,
34.654,765,1,deadband,-66.49,0.4,-6.0,-2.0,-6.0,-2.0,6.3,0.0,0.0,0.0,1,0,0,0,35.1,
34.703,766,1,deadband,-66.49,0.4,-5.9,-2.1,-6.0,-2.1,6.3,0.0,0.0,0.0,1,0,0,0,35.2,
34.759,767,1,deadband,-66.49,0.4,-6.0,-2.0,-6.0,-2.0,6.3,0.0,0.0,0.0,1,0,0,0,34.9,
34.848,768,1,deadband,-66.49,0.4,-5.9,-2.0,-5.9,-2.0,6.3,0.0,0.0,0.0,1,0,0,0,35.7,
34.891,769,1,deadband,-66.49,0.4,-5.9,-2.1,-5.9,-2.1,6.3,0.0,0.0,0.0,1,0,0,0,34.6,
34.938,770,1,deadband,-66.49,0.4,-6.0,-2.1,-5.9,-2.1,6.3,0.0,0.0,0.0,1,0,0,0,35.5,
34.981,771,1,deadband,-66.49,0.4,-6.0,-2.1,-6.0,-2.1,6.3,0.0,0.0,0.0,1,0,0,0,35.5,
35.052,772,1,deadband,-66.49,0.4,-5.9,-2.1,-5.9,-2.1,6.3,0.0,0.0,0.0,1,0,0,0,34.4,
35.114,773,1,deadband,-66.49,0.4,-3.5,-1.3,-4.0,-1.5,3.7,0.0,0.0,0.0,1,0,0,0,31.5,
35.175,774,0,tag_lost_countdown,-66.49,0.4,,,,,,,,,,,,,,0.0
35.215,775,0,tag_lost_countdown,-66.49,0.4,,,,,,,,,,,,,,0.06
35.263,776,0,tag_lost_countdown,-66.49,0.4,,,,,,,,,,,,,,0.1
35.308,777,0,tag_lost_countdown,-66.49,0.4,,,,,,,,,,,,,,0.15
35.356,778,1,ibvs_active,-68.49,0.68,-137.4,-6.6,-110.7,-5.5,137.6,-2.0,0.277,0.0,0,0,0,1,33.0,
35.399,779,1,ibvs_active,-70.49,1.0,-137.4,-6.7,-132.1,-6.4,137.6,-2.0,0.322,0.0,0,0,0,1,33.4,
35.447,780,1,ibvs_active,-72.49,1.37,-133.2,-7.7,-132.9,-7.5,133.4,-2.0,0.373,0.0,0,0,0,1,32.6,
35.488,781,0,tag_lost_countdown,-72.49,1.37,,,,,,,,,,,,,,0.0
35.538,782,1,ibvs_active,-74.49,1.7,-106.3,-6.4,-111.6,-6.6,106.5,-2.0,0.332,0.0,0,0,0,1,21.0,
35.582,783,1,ibvs_active,-76.49,1.98,-78.9,-5.3,-85.5,-5.6,79.1,-2.0,0.28,0.0,0,0,0,1,32.7,
35.634,784,1,ibvs_active,-78.49,2.25,-78.9,-5.3,-80.2,-5.4,79.1,-2.0,0.268,0.0,0,0,0,1,32.5,
35.676,785,0,tag_lost_countdown,-78.49,2.25,,,,,,,,,,,,,,0.0
35.725,786,1,ibvs_active,-80.49,2.13,-42.8,4.3,-50.3,2.4,43.1,-2.0,-0.12,0.0,0,0,0,1,33.1,
35.768,787,0,tag_lost_countdown,-80.49,2.13,,,,,,,,,,,,,,0.0
35.815,788,1,ibvs_active,-81.26,1.99,-16.1,4.6,-23.0,4.2,16.8,-0.765,-0.139,0.0,0,0,0,1,33.5,
35.857,789,1,deadband,-81.26,1.99,5.6,4.5,-0.1,4.5,7.2,0.0,0.0,0.0,1,0,0,0,34.0,
35.917,790,1,deadband,-81.26,1.99,5.9,4.3,4.7,4.3,7.3,0.0,0.0,0.0,1,0,0,0,34.2,
35.962,791,1,deadband,-81.26,1.99,6.3,4.1,6.0,4.2,7.5,0.0,0.0,0.0,1,0,0,0,34.8,
36.011,792,1,deadband,-81.26,1.99,6.3,4.1,6.2,4.1,7.5,0.0,0.0,0.0,1,0,0,0,35.6,
36.053,793,1,deadband,-81.26,1.99,6.4,4.1,6.4,4.1,7.6,0.0,0.0,0.0,1,0,0,0,35.2,
36.101,794,1,deadband,-81.26,1.99,6.5,4.1,6.5,4.1,7.7,0.0,0.0,0.0,1,0,0,0,35.0,
36.144,795,1,deadband,-81.26,1.99,6.7,4.1,6.7,4.1,7.8,0.0,0.0,0.0,1,0,0,0,35.6,
36.192,796,1,deadband,-81.26,1.99,6.7,4.1,6.7,4.1,7.8,0.0,0.0,0.0,1,0,0,0,36.3,
36.236,797,1,deadband,-81.26,1.99,6.8,4.1,6.7,4.1,7.9,0.0,0.0,0.0,1,0,0,0,35.4,
36.285,798,1,deadband,-81.26,1.99,6.9,4.1,6.8,4.1,8.0,0.0,0.0,0.0,1,0,0,0,35.3,
36.330,799,1,deadband,-81.26,1.99,6.9,4.1,6.8,4.1,8.0,0.0,0.0,0.0,1,0,0,0,35.5,
36.387,800,1,deadband,-81.26,1.99,6.9,4.2,6.9,4.1,8.1,0.0,0.0,0.0,1,0,0,0,34.9,
36.431,801,1,deadband,-81.26,1.99,7.0,4.1,7.0,4.1,8.1,0.0,0.0,0.0,1,0,0,0,35.9,
36.479,802,1,deadband,-81.26,1.99,7.0,4.1,7.0,4.1,8.1,0.0,0.0,0.0,1,0,0,0,35.3,
36.521,803,1,deadband,-81.26,1.99,7.0,4.1,7.0,4.1,8.1,0.0,0.0,0.0,1,0,0,0,35.3,
36.569,804,1,deadband,-81.26,1.99,7.0,4.2,7.0,4.2,8.1,0.0,0.0,0.0,1,0,0,0,35.7,
36.612,805,1,deadband,-81.26,1.99,7.0,4.1,7.0,4.1,8.1,0.0,0.0,0.0,1,0,0,0,35.1,
36.662,806,1,deadband,-81.26,1.99,7.1,4.2,7.1,4.2,8.2,0.0,0.0,0.0,1,0,0,0,35.2,
36.705,807,1,deadband,-81.26,1.99,7.1,3.9,7.1,4.0,8.1,0.0,0.0,0.0,1,0,0,0,34.7,
36.752,808,1,deadband,-81.26,1.99,5.9,6.7,6.2,6.1,8.9,0.0,0.0,0.0,1,0,0,0,27.1,
36.802,809,1,ibvs_active,-81.05,1.94,17.1,3.6,14.9,4.1,17.5,0.203,-0.056,0.0,0,0,0,1,26.4,
36.846,810,0,tag_lost_countdown,-81.05,1.94,,,,,,,,,,,,,,0.0
36.885,811,0,tag_lost_countdown,-81.05,1.94,,,,,,,,,,,,,,0.04
36.936,812,0,tag_lost_countdown,-81.05,1.94,,,,,,,,,,,,,,0.08
36.980,813,1,ibvs_active,-83.05,1.33,-123.2,14.1,-95.6,12.1,124.0,-2.0,-0.607,0.0,0,0,0,1,31.3,
37.028,814,1,ibvs_active,-85.05,0.73,-117.7,12.0,-113.2,12.1,118.3,-2.0,-0.603,0.0,0,0,0,1,32.8,
37.070,815,1,ibvs_active,-87.05,0.13,-118.4,12.0,-117.4,12.0,119.0,-2.0,-0.601,0.0,0,0,0,1,32.3,
37.119,816,1,ibvs_active,-89.05,-0.37,-95.5,9.4,-99.8,9.9,95.9,-2.0,-0.497,0.0,0,0,0,1,22.1,
37.160,817,0,tag_lost_countdown,-89.05,-0.37,,,,,,,,,,,,,,0.0
37.205,818,0,tag_lost_countdown,-89.05,-0.37,,,,,,,,,,,,,,0.04
37.248,819,1,ibvs_active,-90.0,-0.01,-20.7,-11.4,-36.6,-7.1,23.7,-1.828,0.357,0.0,0,1,0,1,29.7,
37.296,820,1,ibvs_active,-90.0,0.43,-20.0,-12.1,-23.3,-11.1,23.4,-0.925,0.44,0.0,0,1,0,1,34.0,
37.340,821,1,ibvs_active,-90.0,0.82,-18.9,-12.1,-19.8,-11.9,22.5,-0.648,0.391,0.0,0,1,0,1,34.7,
37.390,822,1,ibvs_active,-90.0,1.07,-11.5,-12.5,-13.1,-12.4,17.0,-0.265,0.25,0.0,0,1,0,1,36.3,
37.437,823,1,ibvs_active,-90.0,1.27,-11.0,-12.1,-11.4,-12.1,16.3,-0.189,0.202,0.0,0,1,0,1,36.8,
37.487,824,1,ibvs_active,-90.0,1.37,-11.1,-8.4,-11.1,-9.1,13.9,-0.122,0.1,0.0,0,1,0,1,36.8,
37.530,825,1,ibvs_active,-90.0,1.38,-11.5,-1.1,-11.5,-2.7,11.6,-0.051,0.012,0.0,0,1,0,1,37.1,
37.580,826,1,ibvs_active,-90.0,1.39,-11.5,-1.1,-11.5,-1.4,11.6,-0.046,0.006,0.0,0,1,0,1,37.3,
37.626,827,1,ibvs_active,-90.0,1.39,-11.5,-1.1,-11.5,-1.2,11.5,-0.044,0.004,0.0,0,1,0,1,36.3,
37.678,828,1,ibvs_active,-90.0,1.4,-11.5,-1.1,-11.5,-1.1,11.5,-0.044,0.004,0.0,0,1,0,1,37.4,
37.723,829,1,ibvs_active,-90.0,1.4,-11.3,-1.1,-11.4,-1.1,11.4,-0.04,0.004,0.0,0,1,0,1,37.0,
37.775,830,1,ibvs_active,-90.0,1.4,-11.3,-1.2,-11.3,-1.2,11.4,-0.039,0.004,0.0,0,1,0,1,36.9,
37.817,831,1,ibvs_active,-90.0,1.41,-11.3,-1.2,-11.3,-1.2,11.3,-0.038,0.004,0.0,0,1,0,1,37.0,
37.875,832,1,ibvs_active,-90.0,1.41,-11.2,-1.2,-11.2,-1.2,11.3,-0.037,0.004,0.0,0,1,0,1,36.0,
37.917,833,1,ibvs_active,-90.0,1.42,-11.2,-1.2,-11.2,-1.2,11.3,-0.036,0.004,0.0,0,1,0,1,36.1,
37.969,834,1,ibvs_active,-90.0,1.42,-11.2,-1.2,-11.2,-1.2,11.3,-0.036,0.004,0.0,0,1,0,1,36.2,
38.012,835,1,ibvs_active,-90.0,1.42,-11.2,-1.2,-11.2,-1.2,11.2,-0.034,0.004,0.0,0,1,0,1,36.9,
38.062,836,1,ibvs_active,-90.0,1.43,-11.1,-1.2,-11.1,-1.2,11.2,-0.033,0.004,0.0,0,1,0,1,36.9,
38.107,837,1,ibvs_active,-90.0,1.43,-11.1,-1.2,-11.1,-1.2,11.2,-0.034,0.004,0.0,0,1,0,1,37.1,
38.156,838,1,ibvs_active,-90.0,1.43,-11.1,-1.2,-11.1,-1.2,11.2,-0.034,0.004,0.0,0,1,0,1,37.2,
38.200,839,1,ibvs_active,-90.0,1.44,-11.1,-1.2,-11.1,-1.2,11.2,-0.033,0.004,0.0,0,1,0,1,36.9,
38.254,840,1,ibvs_active,-90.0,1.44,-11.0,-1.2,-11.1,-1.2,11.1,-0.031,0.003,0.0,0,1,0,1,36.6,
38.300,841,1,ibvs_active,-90.0,1.44,-11.1,-1.3,-11.1,-1.3,11.1,-0.031,0.004,0.0,0,1,0,1,36.2,
38.352,842,1,ibvs_active,-90.0,1.45,-11.0,-1.3,-11.0,-1.3,11.1,-0.031,0.003,0.0,0,1,0,1,37.1,
38.396,843,1,ibvs_active,-90.0,1.45,-11.0,-1.2,-11.0,-1.2,11.1,-0.03,0.003,0.0,0,1,0,1,37.0,
38.447,844,1,ibvs_active,-90.0,1.45,-11.0,-1.3,-11.0,-1.3,11.1,-0.03,0.003,0.0,0,1,0,1,37.2,
38.499,845,1,ibvs_active,-90.0,1.46,-11.0,-1.3,-11.0,-1.3,11.1,-0.03,0.003,0.0,0,1,0,1,36.9,
38.550,846,1,ibvs_active,-90.0,1.45,-11.0,3.3,-11.0,2.4,11.5,-0.035,-0.007,0.0,0,1,0,1,36.8,
38.593,847,1,ibvs_active,-90.0,1.44,-10.9,3.3,-11.0,3.1,11.4,-0.038,-0.011,0.0,0,1,0,1,36.4,
38.645,848,1,ibvs_active,-90.0,1.43,-10.9,3.4,-10.9,3.3,11.4,-0.039,-0.012,0.0,0,1,0,1,36.7,
38.690,849,1,ibvs_active,-90.0,1.42,-10.9,3.4,-10.9,3.3,11.4,-0.039,-0.012,0.0,0,1,0,1,36.7,
38.742,850,1,ibvs_active,-90.0,1.4,-10.9,3.4,-10.9,3.4,11.4,-0.038,-0.012,0.0,0,1,0,1,36.6,
38.783,851,1,ibvs_active,-90.0,1.39,-10.8,3.4,-10.8,3.4,11.3,-0.037,-0.011,0.0,0,1,0,1,36.1,
38.834,852,1,ibvs_active,-90.0,1.38,-10.9,3.4,-10.9,3.4,11.4,-0.037,-0.012,0.0,0,1,0,1,36.6,
38.885,853,1,ibvs_active,-90.0,1.37,-10.9,3.3,-10.9,3.4,11.4,-0.037,-0.011,0.0,0,1,0,1,36.5,
38.935,854,1,ibvs_active,-90.0,1.36,-10.9,3.3,-10.9,3.3,11.4,-0.037,-0.011,0.0,0,1,0,1,35.8,
38.981,855,1,ibvs_active,-90.0,1.35,-10.8,3.4,-10.8,3.4,11.3,-0.036,-0.011,0.0,0,1,0,1,37.0,
39.032,856,1,ibvs_active,-90.0,1.34,-10.8,3.4,-10.8,3.4,11.3,-0.036,-0.011,0.0,0,1,0,1,36.9,
39.076,857,1,ibvs_active,-90.0,1.33,-9.8,3.4,-10.0,3.4,10.4,-0.014,-0.005,0.0,0,1,0,1,36.3,
39.122,858,1,deadband,-90.0,1.33,-4.0,-0.3,-5.2,0.5,4.0,0.0,0.0,0.0,1,0,0,0,36.4,
39.163,859,1,deadband,-90.0,1.33,-8.2,4.5,-7.6,3.7,9.3,0.0,0.0,0.0,1,0,0,0,36.2,
39.211,860,1,deadband,-90.0,1.33,-4.3,3.0,-4.9,3.1,5.2,0.0,0.0,0.0,1,0,0,0,31.5,
39.252,861,0,tag_lost_countdown,-90.0,1.33,,,,,,,,,,,,,,0.0
39.299,862,0,tag_lost_countdown,-90.0,1.33,,,,,,,,,,,,,,0.04
39.347,863,0,tag_lost_countdown,-90.0,1.33,,,,,,,,,,,,,,0.09
39.396,864,0,tag_lost_countdown,-90.0,1.33,,,,,,,,,,,,,,0.14
39.439,865,0,tag_lost_countdown,-90.0,1.33,,,,,,,,,,,,,,0.18
39.485,866,0,tag_lost_countdown,-90.0,1.33,,,,,,,,,,,,,,0.23
39.529,867,0,tag_lost_countdown,-90.0,1.33,,,,,,,,,,,,,,0.27
39.576,868,0,tag_lost_countdown,-90.0,1.33,,,,,,,,,,,,,,0.32
39.615,869,0,tag_lost_countdown,-90.0,1.33,,,,,,,,,,,,,,0.36
39.658,870,0,tag_lost_countdown,-90.0,1.33,,,,,,,,,,,,,,0.4
39.697,871,0,tag_lost_countdown,-90.0,1.33,,,,,,,,,,,,,,0.45
39.743,872,0,tag_lost_countdown,-90.0,1.33,,,,,,,,,,,,,,0.49
39.783,873,0,tag_lost_countdown,-90.0,1.33,,,,,,,,,,,,,,0.53
39.828,874,0,tag_lost_countdown,-90.0,1.33,,,,,,,,,,,,,,0.57
39.868,875,0,tag_lost_countdown,-90.0,1.33,,,,,,,,,,,,,,0.62
39.913,876,0,tag_lost_countdown,-90.0,1.33,,,,,,,,,,,,,,0.66
39.952,877,0,tag_lost_countdown,-90.0,1.33,,,,,,,,,,,,,,0.7
39.998,878,0,tag_lost_countdown,-90.0,1.33,,,,,,,,,,,,,,0.74
40.036,879,0,tag_lost_countdown,-90.0,1.33,,,,,,,,,,,,,,0.79
40.082,880,0,tag_lost_countdown,-90.0,1.33,,,,,,,,,,,,,,0.82
40.121,881,0,tag_lost_countdown,-90.0,1.33,,,,,,,,,,,,,,0.87
40.169,882,0,tag_lost_countdown,-90.0,1.33,,,,,,,,,,,,,,0.91
40.209,883,0,tag_lost_countdown,-90.0,1.33,,,,,,,,,,,,,,0.96
40.253,884,0,tag_lost_countdown,-90.0,1.33,,,,,,,,,,,,,,1.0
40.292,885,0,tag_lost_countdown,-90.0,1.33,,,,,,,,,,,,,,1.04
40.336,886,0,tag_lost_countdown,-90.0,1.33,,,,,,,,,,,,,,1.08
40.376,887,0,tag_lost_countdown,-90.0,1.33,,,,,,,,,,,,,,1.12
40.421,888,0,tag_lost_countdown,-90.0,1.33,,,,,,,,,,,,,,1.17
40.461,889,0,tag_lost_countdown,-90.0,1.33,,,,,,,,,,,,,,1.21
40.507,890,0,tag_lost_countdown,-90.0,1.33,,,,,,,,,,,,,,1.25
40.548,891,0,tag_lost_countdown,-90.0,1.33,,,,,,,,,,,,,,1.3
40.594,892,0,tag_lost_countdown,-90.0,1.33,,,,,,,,,,,,,,1.34
40.636,893,0,tag_lost_countdown,-90.0,1.33,,,,,,,,,,,,,,1.38
40.682,894,0,tag_lost_countdown,-90.0,1.33,,,,,,,,,,,,,,1.42
40.724,895,0,tag_lost_countdown,-90.0,1.33,,,,,,,,,,,,,,1.47
40.769,896,0,tag_lost_countdown,-90.0,1.33,,,,,,,,,,,,,,1.51
40.809,897,0,tag_lost_countdown,-90.0,1.33,,,,,,,,,,,,,,1.56
40.855,898,0,tag_lost_countdown,-90.0,1.33,,,,,,,,,,,,,,1.6
40.894,899,0,tag_lost_countdown,-90.0,1.33,,,,,,,,,,,,,,1.64
40.945,900,0,tag_lost_countdown,-90.0,1.33,,,,,,,,,,,,,,1.68
40.986,901,0,tag_lost_countdown,-90.0,1.33,,,,,,,,,,,,,,1.73
41.031,902,0,tag_lost_countdown,-90.0,1.33,,,,,,,,,,,,,,1.77
41.071,903,0,tag_lost_countdown,-90.0,1.33,,,,,,,,,,,,,,1.82
41.117,904,0,tag_lost_countdown,-90.0,1.33,,,,,,,,,,,,,,1.86
41.155,905,0,tag_lost_countdown,-90.0,1.33,,,,,,,,,,,,,,1.91
41.202,906,0,tag_lost_countdown,-90.0,1.33,,,,,,,,,,,,,,1.94
41.243,907,0,tag_lost_countdown,-90.0,1.33,,,,,,,,,,,,,,1.99
41.288,908,0,tag_lost_countdown,-90.0,1.33,,,,,,,,,,,,,,2.03
41.328,909,0,tag_lost_countdown,-90.0,1.33,,,,,,,,,,,,,,2.08
41.375,910,0,tag_lost_countdown,-90.0,1.33,,,,,,,,,,,,,,2.12
41.417,911,0,tag_lost_countdown,-90.0,1.33,,,,,,,,,,,,,,2.16
41.463,912,0,tag_lost_countdown,-90.0,1.33,,,,,,,,,,,,,,2.21
41.505,913,0,tag_lost_countdown,-90.0,1.33,,,,,,,,,,,,,,2.25
41.550,914,0,tag_lost_countdown,-90.0,1.33,,,,,,,,,,,,,,2.29
41.591,915,0,tag_lost_countdown,-90.0,1.33,,,,,,,,,,,,,,2.34
41.636,916,0,tag_lost_countdown,-90.0,1.33,,,,,,,,,,,,,,2.38
41.675,917,0,tag_lost_countdown,-90.0,1.33,,,,,,,,,,,,,,2.42
41.724,918,0,tag_lost_countdown,-90.0,1.33,,,,,,,,,,,,,,2.46
41.767,919,0,tag_lost_countdown,-90.0,1.33,,,,,,,,,,,,,,2.51
41.811,920,0,tag_lost_countdown,-90.0,1.33,,,,,,,,,,,,,,2.55
41.852,921,0,tag_lost_countdown,-90.0,1.33,,,,,,,,,,,,,,2.6
41.905,922,0,tag_lost_countdown,-90.0,1.33,,,,,,,,,,,,,,2.65
41.946,923,0,tag_lost_countdown,-90.0,1.33,,,,,,,,,,,,,,2.69
41.994,924,0,tag_lost_countdown,-90.0,1.33,,,,,,,,,,,,,,2.74
42.032,925,0,tag_lost_countdown,-90.0,1.33,,,,,,,,,,,,,,2.78
42.084,926,0,tag_lost_countdown,-90.0,1.33,,,,,,,,,,,,,,2.82
42.126,927,0,tag_lost_countdown,-90.0,1.33,,,,,,,,,,,,,,2.87
42.174,928,0,tag_lost_countdown,-90.0,1.33,,,,,,,,,,,,,,2.92
42.211,929,0,tag_lost_countdown,-90.0,1.33,,,,,,,,,,,,,,2.96
42.258,930,0,tag_lost_countdown,-90.0,1.33,,,,,,,,,,,,,,3.0
42.299,931,0,tag_lost_countdown,-90.0,1.33,,,,,,,,,,,,,,3.05
42.347,932,0,tag_lost_countdown,-90.0,1.33,,,,,,,,,,,,,,3.09
42.388,933,0,tag_lost_countdown,-90.0,1.33,,,,,,,,,,,,,,3.14
42.436,934,0,tag_lost_countdown,-90.0,1.33,,,,,,,,,,,,,,3.18
42.478,935,0,tag_lost_countdown,-90.0,1.33,,,,,,,,,,,,,,3.22
42.524,936,0,tag_lost_countdown,-90.0,1.33,,,,,,,,,,,,,,3.27
42.567,937,0,tag_lost_countdown,-90.0,1.33,,,,,,,,,,,,,,3.31
42.615,938,0,tag_lost_countdown,-90.0,1.33,,,,,,,,,,,,,,3.36
42.658,939,0,tag_lost_countdown,-90.0,1.33,,,,,,,,,,,,,,3.4
42.706,940,0,tag_lost_countdown,-90.0,1.33,,,,,,,,,,,,,,3.45
42.752,941,0,tag_lost_countdown,-90.0,1.33,,,,,,,,,,,,,,3.5
42.801,942,0,tag_lost_countdown,-90.0,1.33,,,,,,,,,,,,,,3.54
42.843,943,0,tag_lost_countdown,-90.0,1.33,,,,,,,,,,,,,,3.59
42.889,944,0,tag_lost_countdown,-90.0,1.33,,,,,,,,,,,,,,3.63
42.932,945,0,tag_lost_countdown,-90.0,1.33,,,,,,,,,,,,,,3.68
42.977,946,0,tag_lost_countdown,-90.0,1.33,,,,,,,,,,,,,,3.72
43.019,947,0,tag_lost_countdown,-90.0,1.33,,,,,,,,,,,,,,3.77
43.069,948,0,tag_lost_countdown,-90.0,1.33,,,,,,,,,,,,,,3.81
43.110,949,0,tag_lost_countdown,-90.0,1.33,,,,,,,,,,,,,,3.86
43.156,950,0,tag_lost_countdown,-90.0,1.33,,,,,,,,,,,,,,3.9
43.198,951,0,tag_lost_countdown,-90.0,1.33,,,,,,,,,,,,,,3.95
43.244,952,0,tag_lost_countdown,-90.0,1.33,,,,,,,,,,,,,,3.99
43.284,953,0,tag_lost_countdown,-90.0,1.33,,,,,,,,,,,,,,4.03
43.331,954,0,tag_lost_countdown,-90.0,1.33,,,,,,,,,,,,,,4.07
43.372,955,0,tag_lost_countdown,-90.0,1.33,,,,,,,,,,,,,,4.12
43.417,956,0,tag_lost_countdown,-90.0,1.33,,,,,,,,,,,,,,4.16
43.462,957,0,tag_lost_countdown,-90.0,1.33,,,,,,,,,,,,,,4.21
43.507,958,0,tag_lost_countdown,-90.0,1.33,,,,,,,,,,,,,,4.25
43.550,959,0,tag_lost_countdown,-90.0,1.33,,,,,,,,,,,,,,4.3
43.595,960,0,tag_lost_countdown,-90.0,1.33,,,,,,,,,,,,,,4.34
43.636,961,0,tag_lost_countdown,-90.0,1.33,,,,,,,,,,,,,,4.38
43.682,962,0,tag_lost_countdown,-90.0,1.33,,,,,,,,,,,,,,4.42
43.724,963,0,tag_lost_countdown,-90.0,1.33,,,,,,,,,,,,,,4.47
43.768,964,0,tag_lost_countdown,-90.0,1.33,,,,,,,,,,,,,,4.51
43.817,965,0,tag_lost_countdown,-90.0,1.33,,,,,,,,,,,,,,4.56
43.863,966,0,tag_lost_countdown,-90.0,1.33,,,,,,,,,,,,,,4.61
43.903,967,0,tag_lost_countdown,-90.0,1.33,,,,,,,,,,,,,,4.65
43.947,968,0,tag_lost_countdown,-90.0,1.33,,,,,,,,,,,,,,4.69
43.999,969,0,tag_lost_countdown,-90.0,1.33,,,,,,,,,,,,,,4.74
44.088,970,0,tag_lost_countdown,-90.0,1.33,,,,,,,,,,,,,,4.83
44.130,971,0,tag_lost_countdown,-90.0,1.33,,,,,,,,,,,,,,4.88
44.178,972,0,tag_lost_countdown,-90.0,1.33,,,,,,,,,,,,,,4.92
44.218,973,0,tag_lost_countdown,-90.0,1.33,,,,,,,,,,,,,,4.97
44.278,974,0,chasing,0.0,0.0,,,,,,,,,,,,,,
44.320,975,0,tag_lost_countdown,0.0,0.0,,,,,,,,,,,,,,0.0
44.366,976,0,tag_lost_countdown,0.0,0.0,,,,,,,,,,,,,,0.04
44.408,977,0,tag_lost_countdown,0.0,0.0,,,,,,,,,,,,,,0.09
44.451,978,0,tag_lost_countdown,0.0,0.0,,,,,,,,,,,,,,0.13
44.502,979,0,tag_lost_countdown,0.0,0.0,,,,,,,,,,,,,,0.17
44.551,980,0,tag_lost_countdown,0.0,0.0,,,,,,,,,,,,,,0.23
44.593,981,0,tag_lost_countdown,0.0,0.0,,,,,,,,,,,,,,0.27
44.639,982,0,tag_lost_countdown,0.0,0.0,,,,,,,,,,,,,,0.32
44.678,983,0,tag_lost_countdown,0.0,0.0,,,,,,,,,,,,,,0.36
44.753,984,0,tag_lost_countdown,0.0,0.0,,,,,,,,,,,,,,0.4
44.815,985,0,tag_lost_countdown,0.0,0.0,,,,,,,,,,,,,,0.5
44.861,986,0,tag_lost_countdown,0.0,0.0,,,,,,,,,,,,,,0.54
44.906,987,0,tag_lost_countdown,0.0,0.0,,,,,,,,,,,,,,0.58
44.955,988,0,tag_lost_countdown,0.0,0.0,,,,,,,,,,,,,,0.63
45.000,989,0,tag_lost_countdown,0.0,0.0,,,,,,,,,,,,,,0.68
45.047,990,0,tag_lost_countdown,0.0,0.0,,,,,,,,,,,,,,0.72
45.088,991,0,tag_lost_countdown,0.0,0.0,,,,,,,,,,,,,,0.77
45.134,992,0,tag_lost_countdown,0.0,0.0,,,,,,,,,,,,,,0.81
45.179,993,0,tag_lost_countdown,0.0,0.0,,,,,,,,,,,,,,0.86
45.247,994,0,tag_lost_countdown,0.0,0.0,,,,,,,,,,,,,,0.9
45.316,995,0,tag_lost_countdown,0.0,0.0,,,,,,,,,,,,,,0.99
45.365,996,0,tag_lost_countdown,0.0,0.0,,,,,,,,,,,,,,1.04
45.408,997,0,tag_lost_countdown,0.0,0.0,,,,,,,,,,,,,,1.09
45.458,998,0,tag_lost_countdown,0.0,0.0,,,,,,,,,,,,,,1.13
45.503,999,0,tag_lost_countdown,0.0,0.0,,,,,,,,,,,,,,1.18
45.553,1000,0,tag_lost_countdown,0.0,0.0,,,,,,,,,,,,,,1.23
45.598,1001,0,tag_lost_countdown,0.0,0.0,,,,,,,,,,,,,,1.27
45.648,1002,0,tag_lost_countdown,0.0,0.0,,,,,,,,,,,,,,1.32
45.689,1003,0,tag_lost_countdown,0.0,0.0,,,,,,,,,,,,,,1.37
45.736,1004,0,tag_lost_countdown,0.0,0.0,,,,,,,,,,,,,,1.41
45.781,1005,0,tag_lost_countdown,0.0,0.0,,,,,,,,,,,,,,1.46
45.831,1006,0,tag_lost_countdown,0.0,0.0,,,,,,,,,,,,,,1.5
45.874,1007,0,tag_lost_countdown,0.0,0.0,,,,,,,,,,,,,,1.55
45.929,1008,0,tag_lost_countdown,0.0,0.0,,,,,,,,,,,,,,1.6
45.971,1009,0,tag_lost_countdown,0.0,0.0,,,,,,,,,,,,,,1.65
46.024,1010,0,tag_lost_countdown,0.0,0.0,,,,,,,,,,,,,,1.69
46.067,1011,0,tag_lost_countdown,0.0,0.0,,,,,,,,,,,,,,1.75
46.115,1012,0,tag_lost_countdown,0.0,0.0,,,,,,,,,,,,,,1.79
46.156,1013,0,tag_lost_countdown,0.0,0.0,,,,,,,,,,,,,,1.84
46.206,1014,0,tag_lost_countdown,0.0,0.0,,,,,,,,,,,,,,1.88
46.247,1015,0,tag_lost_countdown,0.0,0.0,,,,,,,,,,,,,,1.93
46.293,1016,0,tag_lost_countdown,0.0,0.0,,,,,,,,,,,,,,1.97
46.337,1017,0,tag_lost_countdown,0.0,0.0,,,,,,,,,,,,,,2.02
46.391,1018,0,tag_lost_countdown,0.0,0.0,,,,,,,,,,,,,,2.06
46.433,1019,0,tag_lost_countdown,0.0,0.0,,,,,,,,,,,,,,2.11
46.479,1020,0,tag_lost_countdown,0.0,0.0,,,,,,,,,,,,,,2.16
46.521,1021,0,tag_lost_countdown,0.0,0.0,,,,,,,,,,,,,,2.2
46.573,1022,0,tag_lost_countdown,0.0,0.0,,,,,,,,,,,,,,2.24
46.612,1023,0,tag_lost_countdown,0.0,0.0,,,,,,,,,,,,,,2.3
46.659,1024,0,tag_lost_countdown,0.0,0.0,,,,,,,,,,,,,,2.34
46.698,1025,0,tag_lost_countdown,0.0,0.0,,,,,,,,,,,,,,2.38
46.745,1026,0,tag_lost_countdown,0.0,0.0,,,,,,,,,,,,,,2.42
46.785,1027,0,tag_lost_countdown,0.0,0.0,,,,,,,,,,,,,,2.47
46.828,1028,0,tag_lost_countdown,0.0,0.0,,,,,,,,,,,,,,2.51
46.866,1029,1,ibvs_active,-2.0,0.28,-205.5,-7.1,-164.4,-5.7,205.6,-2.0,0.284,0.0,0,0,0,1,27.5,
46.913,1030,1,ibvs_active,-4.0,0.68,-212.3,-8.4,-202.7,-7.9,212.5,-2.0,0.393,0.0,0,0,0,1,27.1,
46.954,1031,1,ibvs_active,-6.0,1.36,-213.4,-15.2,-211.3,-13.8,214.0,-2.0,0.688,0.0,0,0,0,1,28.2,
47.002,1032,1,ibvs_active,-8.0,2.07,-213.0,-14.2,-212.7,-14.1,213.5,-2.0,0.705,0.0,0,0,0,1,21.4,
47.042,1033,1,ibvs_active,-10.0,2.57,-176.4,-8.9,-183.7,-9.9,176.6,-2.0,0.495,0.0,0,0,0,1,26.6,
47.083,1034,0,tag_lost_countdown,-10.0,2.57,,,,,,,,,,,,,,0.0
47.124,1035,0,tag_lost_countdown,-10.0,2.57,,,,,,,,,,,,,,0.04
47.169,1036,1,ibvs_active,-12.0,2.36,-129.9,7.7,-140.6,4.2,130.1,-2.0,-0.209,0.0,0,0,0,1,25.8,
47.211,1037,1,ibvs_active,-14.0,1.98,-104.8,8.5,-111.9,7.6,105.1,-2.0,-0.38,0.0,0,0,0,1,28.8,
47.261,1038,1,ibvs_active,-16.0,1.55,-105.1,8.8,-106.5,8.5,105.5,-2.0,-0.426,0.0,0,0,0,1,29.1,
47.300,1039,1,ibvs_active,-18.0,1.11,-88.4,8.8,-92.1,8.7,88.9,-2.0,-0.436,0.0,0,0,0,1,29.2,
47.343,1040,1,ibvs_active,-20.0,0.65,-75.2,9.3,-78.6,9.2,75.8,-2.0,-0.459,0.0,0,0,0,1,28.0,
47.384,1041,1,ibvs_active,-22.0,0.21,-58.8,8.9,-62.8,9.0,59.5,-2.0,-0.448,0.0,0,0,0,1,25.6,
47.427,1042,0,tag_lost_countdown,-22.0,0.21,,,,,,,,,,,,,,0.0
47.469,1043,1,ibvs_active,-23.77,-0.1,-28.6,5.5,-35.5,6.2,29.2,-1.774,-0.311,0.0,0,0,0,1,30.2,
47.515,1044,0,tag_lost_countdown,-23.77,-0.1,,,,,,,,,,,,,,0.0
47.554,1045,1,deadband,-23.77,-0.1,-1.7,0.2,-8.4,1.4,1.7,0.0,0.0,0.0,1,0,0,0,31.1,
47.599,1046,1,deadband,-23.77,-0.1,-1.8,-4.5,-3.1,-3.3,4.9,0.0,0.0,0.0,1,0,0,0,21.7,
47.642,1047,1,ibvs_active,-23.67,-0.02,14.3,-10.2,10.8,-8.8,17.6,0.107,0.087,0.0,0,0,0,1,31.0,
47.691,1048,1,ibvs_active,-23.42,0.16,14.7,-10.4,13.9,-10.1,18.0,0.25,0.182,0.0,0,0,0,1,31.0,
47.736,1049,1,ibvs_active,-23.14,0.36,14.5,-10.1,14.4,-10.1,17.7,0.274,0.192,0.0,0,0,0,1,32.3,
47.784,1050,1,ibvs_active,-22.86,0.56,14.6,-10.4,14.6,-10.4,18.0,0.287,0.204,0.0,0,0,0,1,32.8,
47.825,1051,1,ibvs_active,-22.56,0.77,14.7,-10.3,14.7,-10.3,18.0,0.292,0.205,0.0,0,0,0,1,32.9,
47.875,1052,1,ibvs_active,-22.28,0.97,14.6,-10.2,14.6,-10.2,17.8,0.286,0.2,0.0,0,0,0,1,32.6,
47.917,1053,1,ibvs_active,-22.0,1.16,14.2,-10.4,14.3,-10.4,17.6,0.274,0.199,0.0,0,0,0,1,32.6,
47.964,1054,1,ibvs_active,-21.77,1.34,13.6,-9.8,13.7,-9.9,16.7,0.238,0.172,0.0,0,0,0,1,32.2,
48.006,1055,1,ibvs_active,-21.58,1.44,13.4,-7.1,13.4,-7.6,15.1,0.183,0.104,0.0,0,0,0,1,33.1,
48.059,1056,1,deadband,-21.58,1.44,8.7,0.7,9.6,-1.0,8.7,0.0,0.0,0.0,1,0,0,0,32.9,
48.101,1057,1,deadband,-21.58,1.44,8.6,0.9,8.8,0.5,8.6,0.0,0.0,0.0,1,0,0,0,32.6,
48.147,1058,1,deadband,-21.58,1.44,8.3,0.6,8.4,0.6,8.4,0.0,0.0,0.0,1,0,0,0,32.1,
48.188,1059,1,deadband,-21.58,1.44,8.5,0.5,8.5,0.6,8.5,0.0,0.0,0.0,1,0,0,0,32.2,
48.237,1060,1,deadband,-21.58,1.44,8.4,0.6,8.4,0.6,8.5,0.0,0.0,0.0,1,0,0,0,32.3,
48.279,1061,1,deadband,-21.58,1.44,8.4,0.5,8.4,0.6,8.4,0.0,0.0,0.0,1,0,0,0,32.8,
48.329,1062,1,deadband,-21.58,1.44,8.4,0.6,8.4,0.6,8.4,0.0,0.0,0.0,1,0,0,0,31.5,
48.371,1063,1,deadband,-21.58,1.44,8.3,0.6,8.4,0.6,8.4,0.0,0.0,0.0,1,0,0,0,32.7,
48.418,1064,1,deadband,-21.58,1.44,9.0,-0.3,8.9,-0.2,9.0,0.0,0.0,0.0,1,0,0,0,30.7,
48.456,1065,1,deadband,-21.58,1.44,-1.2,-6.3,0.8,-5.0,6.4,0.0,0.0,0.0,1,0,0,0,25.3,
48.501,1066,1,deadband,-21.58,1.44,-12.1,-2.9,-9.5,-3.3,12.4,0.0,0.0,0.0,1,0,0,0,32.3,
48.543,1067,1,ibvs_active,-21.71,1.47,-14.4,-3.5,-13.4,-3.4,14.8,-0.129,0.033,0.0,0,0,0,1,31.4,
48.589,1068,1,ibvs_active,-21.8,1.52,-11.1,-7.0,-11.6,-6.3,13.1,-0.092,0.05,0.0,0,0,0,1,32.3,
48.630,1069,1,ibvs_active,-21.88,1.53,-12.7,0.8,-12.5,-0.6,12.8,-0.079,0.004,0.0,0,0,0,1,32.3,
48.678,1070,0,tag_lost_countdown,-21.88,1.53,,,,,,,,,,,,,,0.0
48.720,1071,1,deadband,-21.88,1.53,13.6,-3.8,8.4,-3.1,14.1,0.0,0.0,0.0,1,0,0,0,31.0,
48.765,1072,1,ibvs_active,-21.74,1.52,15.4,2.3,14.0,1.2,15.6,0.142,-0.012,0.0,0,0,0,1,31.1,
48.805,1073,1,ibvs_active,-20.42,1.06,31.0,11.5,27.6,9.4,33.0,1.32,-0.452,0.0,0,0,0,1,30.9,
48.851,1074,1,ibvs_active,-18.65,0.69,37.4,6.9,35.5,7.4,38.1,1.774,-0.371,0.0,0,0,0,1,32.2,
48.892,1075,1,ibvs_active,-17.0,0.46,32.3,4.0,33.0,4.7,32.6,1.648,-0.236,0.0,0,0,0,1,30.6,
48.942,1076,1,ibvs_active,-16.6,0.43,15.0,0.1,18.6,1.0,15.0,0.401,-0.022,0.0,0,0,0,1,24.2,
48.984,1077,0,tag_lost_countdown,-16.6,0.43,,,,,,,,,,,,,,0.0
49.032,1078,0,tag_lost_countdown,-16.6,0.43,,,,,,,,,,,,,,0.04
49.072,1079,1,ibvs_active,-17.03,0.49,-28.4,-3.1,-19.0,-2.3,28.6,-0.434,0.052,0.0,0,0,0,1,31.5,
49.125,1080,1,ibvs_active,-18.15,0.63,-28.5,-3.8,-26.6,-3.5,28.7,-1.118,0.146,0.0,0,0,0,1,31.0,
49.168,1081,1,ibvs_active,-19.43,0.81,-28.4,-3.9,-28.0,-3.8,28.6,-1.279,0.173,0.0,0,0,0,1,31.5,
49.218,1082,1,ibvs_active,-20.75,0.97,-28.4,-3.5,-28.4,-3.6,28.7,-1.317,0.166,0.0,0,0,0,1,31.2,
49.259,1083,1,ibvs_active,-21.74,1.11,-24.7,-3.4,-25.4,-3.4,24.9,-0.997,0.135,0.0,0,0,0,1,31.2,
49.306,1084,1,ibvs_active,-21.82,1.13,-8.8,-3.3,-12.2,-3.3,9.4,-0.079,0.022,0.0,0,0,0,1,31.6,
49.347,1085,1,deadband,-21.82,1.13,2.7,-3.7,-0.3,-3.6,4.6,0.0,0.0,0.0,1,0,0,0,24.8,
49.395,1086,0,tag_lost_countdown,-21.82,1.13,,,,,,,,,,,,,,0.0
49.436,1087,1,ibvs_active,-21.62,1.14,19.1,-0.1,15.2,-0.8,19.1,0.199,0.011,0.0,0,0,0,1,31.0,
49.484,1088,1,ibvs_active,-21.23,1.14,19.2,-0.2,18.4,-0.3,19.2,0.388,0.006,0.0,0,0,0,1,30.3,
49.526,1089,1,ibvs_active,-20.81,1.15,19.2,-0.3,19.0,-0.3,19.2,0.429,0.006,0.0,0,0,0,1,30.5,
49.574,1090,1,ibvs_active,-20.37,1.16,19.2,-0.2,19.2,-0.2,19.2,0.44,0.004,0.0,0,0,0,1,31.0,
49.617,1091,1,ibvs_active,-19.92,1.16,19.2,-0.2,19.2,-0.2,19.2,0.442,0.005,0.0,0,0,0,1,30.6,
49.665,1092,1,ibvs_active,-19.48,1.16,19.2,-0.1,19.2,-0.1,19.2,0.443,0.002,0.0,0,0,0,1,31.8,
49.708,1093,1,ibvs_active,-19.14,1.16,17.3,0.1,17.7,0.0,17.3,0.339,-0.001,0.0,0,0,0,1,31.5,
49.754,1094,1,ibvs_active,-19.03,1.16,12.1,-0.2,13.3,-0.1,12.1,0.108,0.001,0.0,0,0,0,1,30.7,
49.802,1095,1,ibvs_active,-19.02,1.16,9.7,0.1,10.4,0.1,9.7,0.01,-0.0,0.0,0,0,0,1,30.9,
49.846,1096,1,deadband,-19.02,1.16,-0.1,-0.0,2.0,-0.0,0.1,0.0,0.0,0.0,1,0,0,0,30.4,
49.887,1097,1,deadband,-19.02,1.16,-0.6,0.0,-0.1,0.0,0.6,0.0,0.0,0.0,1,0,0,0,31.6,
49.937,1098,1,deadband,-19.02,1.16,-0.6,0.0,-0.5,0.0,0.6,0.0,0.0,0.0,1,0,0,0,31.0,
49.981,1099,1,deadband,-19.02,1.16,-0.6,0.1,-0.6,0.1,0.6,0.0,0.0,0.0,1,0,0,0,31.5,
50.028,1100,1,deadband,-19.02,1.16,-0.5,0.1,-0.6,0.1,0.5,0.0,0.0,0.0,1,0,0,0,31.1,
50.071,1101,1,deadband,-19.02,1.16,-0.6,0.0,-0.6,0.0,0.6,0.0,0.0,0.0,1,0,0,0,30.5,
50.120,1102,1,deadband,-19.02,1.16,-0.6,0.1,-0.6,0.1,0.6,0.0,0.0,0.0,1,0,0,0,31.1,
50.162,1103,1,deadband,-19.02,1.16,-0.6,0.1,-0.6,0.1,0.6,0.0,0.0,0.0,1,0,0,0,30.4,
50.223,1104,1,deadband,-19.02,1.16,-0.6,0.1,-0.6,0.1,0.6,0.0,0.0,0.0,1,0,0,0,31.5,
50.281,1105,1,deadband,-19.02,1.16,-0.6,0.1,-0.6,0.1,0.6,0.0,0.0,0.0,1,0,0,0,30.7,
50.329,1106,1,deadband,-19.02,1.16,-0.6,0.0,-0.6,0.1,0.6,0.0,0.0,0.0,1,0,0,0,30.6,
50.370,1107,1,deadband,-19.02,1.16,-0.6,0.1,-0.6,0.1,0.6,0.0,0.0,0.0,1,0,0,0,31.4,
50.417,1108,1,deadband,-19.02,1.16,-0.6,0.1,-0.6,0.1,0.6,0.0,0.0,0.0,1,0,0,0,31.1,
50.462,1109,1,deadband,-19.02,1.16,-0.6,0.1,-0.6,0.1,0.6,0.0,0.0,0.0,1,0,0,0,30.8,
50.507,1110,1,deadband,-19.02,1.16,-0.6,0.0,-0.6,0.0,0.6,0.0,0.0,0.0,1,0,0,0,30.8,
50.548,1111,1,deadband,-19.02,1.16,-0.6,0.1,-0.6,0.1,0.6,0.0,0.0,0.0,1,0,0,0,31.3,
50.597,1112,1,deadband,-19.02,1.16,-0.6,0.1,-0.6,0.1,0.6,0.0,0.0,0.0,1,0,0,0,31.1,
50.636,1113,1,deadband,-19.02,1.16,-0.6,0.1,-0.6,0.1,0.6,0.0,0.0,0.0,1,0,0,0,31.1,
50.687,1114,1,deadband,-19.02,1.16,-0.6,0.0,-0.6,0.1,0.6,0.0,0.0,0.0,1,0,0,0,31.4,
50.730,1115,1,deadband,-19.02,1.16,-0.6,0.1,-0.6,0.1,0.6,0.0,0.0,0.0,1,0,0,0,31.0,
50.778,1116,1,deadband,-19.02,1.16,-0.6,0.1,-0.6,0.1,0.6,0.0,0.0,0.0,1,0,0,0,31.2,
50.822,1117,1,deadband,-19.02,1.16,-0.6,0.1,-0.6,0.1,0.6,0.0,0.0,0.0,1,0,0,0,31.2,
50.873,1118,1,deadband,-19.02,1.16,-0.6,0.1,-0.6,0.1,0.6,0.0,0.0,0.0,1,0,0,0,31.7,
50.914,1119,1,deadband,-19.02,1.16,-0.6,0.1,-0.6,0.1,0.7,0.0,0.0,0.0,1,0,0,0,31.4,
50.962,1120,1,deadband,-19.02,1.16,-0.6,0.0,-0.6,0.1,0.6,0.0,0.0,0.0,1,0,0,0,31.0,
50.998,1121,0,tag_lost_countdown,-19.02,1.16,,,,,,,,,,,,,,0.0
51.051,1122,1,deadband,-19.02,1.16,-12.3,-3.8,-10.0,-3.1,12.9,0.0,0.0,0.0,1,0,0,0,29.8,
51.093,1123,1,deadband,-19.02,1.16,-9.9,0.5,-9.9,-0.2,9.9,0.0,0.0,0.0,1,0,0,0,31.1,
51.137,1124,1,deadband,-19.02,1.16,-6.7,-1.8,-7.3,-1.5,6.9,0.0,0.0,0.0,1,0,0,0,31.7,
51.176,1125,0,tag_lost_countdown,-19.02,1.16,,,,,,,,,,,,,,0.0
51.225,1126,1,deadband,-19.02,1.16,3.6,0.8,1.4,0.4,3.7,0.0,0.0,0.0,1,0,0,0,31.3,
51.265,1127,1,ibvs_active,-18.97,1.16,14.3,1.1,11.7,1.0,14.4,0.053,-0.004,0.0,0,0,0,1,29.9,
51.310,1128,1,ibvs_active,-18.69,1.11,17.8,3.1,16.6,2.6,18.0,0.281,-0.045,0.0,0,0,0,1,31.4,
51.347,1129,0,tag_lost_countdown,-18.69,1.11,,,,,,,,,,,,,,0.0
51.392,1130,1,ibvs_active,-17.86,0.72,23.9,12.7,22.4,10.7,27.1,0.833,-0.398,0.0,0,0,0,1,20.1,
51.431,1131,1,ibvs_active,-17.26,0.56,20.4,4.3,20.8,5.5,20.9,0.603,-0.16,0.0,0,0,0,1,28.4,
51.482,1132,1,ibvs_active,-17.03,0.49,14.0,3.8,15.4,4.2,14.5,0.228,-0.062,0.0,0,0,0,1,31.1,
51.521,1133,1,deadband,-17.03,0.49,8.0,3.8,9.5,3.9,8.9,0.0,0.0,0.0,1,0,0,0,29.9,
51.566,1134,1,deadband,-17.03,0.49,7.9,4.0,8.2,3.9,8.8,0.0,0.0,0.0,1,0,0,0,30.9,
51.608,1135,1,deadband,-17.03,0.49,-2.7,3.6,-0.5,3.7,4.5,0.0,0.0,0.0,1,0,0,0,29.2,
51.655,1136,1,deadband,-17.03,0.49,-2.8,2.4,-2.3,2.6,3.7,0.0,0.0,0.0,1,0,0,0,29.9,
51.698,1137,1,deadband,-17.03,0.49,-2.9,2.1,-2.8,2.2,3.6,0.0,0.0,0.0,1,0,0,0,30.5,
51.746,1138,1,deadband,-17.03,0.49,-2.7,2.0,-2.7,2.0,3.3,0.0,0.0,0.0,1,0,0,0,30.4,
51.788,1139,1,deadband,-17.03,0.49,-2.9,2.2,-2.8,2.1,3.6,0.0,0.0,0.0,1,0,0,0,29.6,
51.833,1140,1,deadband,-17.03,0.49,-2.8,2.0,-2.8,2.0,3.4,0.0,0.0,0.0,1,0,0,0,29.9,
51.875,1141,1,deadband,-17.03,0.49,-2.8,2.1,-2.8,2.1,3.5,0.0,0.0,0.0,1,0,0,0,30.4,
51.923,1142,1,deadband,-17.03,0.49,-2.8,2.1,-2.8,2.1,3.5,0.0,0.0,0.0,1,0,0,0,30.5,
51.965,1143,1,deadband,-17.03,0.49,-2.7,2.0,-2.7,2.0,3.3,0.0,0.0,0.0,1,0,0,0,30.4,
52.013,1144,1,deadband,-17.03,0.49,-2.7,2.1,-2.7,2.1,3.5,0.0,0.0,0.0,1,0,0,0,30.0,
52.056,1145,1,deadband,-17.03,0.49,-2.8,2.1,-2.8,2.1,3.5,0.0,0.0,0.0,1,0,0,0,30.5,
52.103,1146,1,deadband,-17.03,0.49,-2.8,2.0,-2.8,2.1,3.4,0.0,0.0,0.0,1,0,0,0,29.8,
52.154,1147,1,deadband,-17.03,0.49,-2.8,2.0,-2.8,2.0,3.4,0.0,0.0,0.0,1,0,0,0,30.1,
52.199,1148,1,deadband,-17.03,0.49,-2.9,2.1,-2.9,2.1,3.6,0.0,0.0,0.0,1,0,0,0,29.4,
52.241,1149,1,deadband,-17.03,0.49,-2.8,2.1,-2.8,2.1,3.5,0.0,0.0,0.0,1,0,0,0,30.5,
52.290,1150,1,deadband,-17.03,0.49,-2.8,2.1,-2.8,2.1,3.5,0.0,0.0,0.0,1,0,0,0,30.1,
52.332,1151,1,deadband,-17.03,0.49,-2.8,2.0,-2.8,2.0,3.4,0.0,0.0,0.0,1,0,0,0,29.2,
52.378,1152,1,deadband,-17.03,0.49,-3.0,2.2,-2.9,2.1,3.7,0.0,0.0,0.0,1,0,0,0,30.0,
52.418,1153,0,tag_lost_countdown,-17.03,0.49,,,,,,,,,,,,,,0.0
52.463,1154,0,tag_lost_countdown,-17.03,0.49,,,,,,,,,,,,,,0.04
52.502,1155,0,tag_lost_countdown,-17.03,0.49,,,,,,,,,,,,,,0.08
52.551,1156,1,ibvs_active,-17.49,0.37,-23.1,5.9,-19.0,5.2,23.8,-0.462,-0.125,0.0,0,0,0,1,28.7,
52.593,1157,0,tag_lost_countdown,-17.49,0.37,,,,,,,,,,,,,,0.0
52.638,1158,0,tag_lost_countdown,-17.49,0.37,,,,,,,,,,,,,,0.04
52.675,1159,0,tag_lost_countdown,-17.49,0.37,,,,,,,,,,,,,,0.09
52.717,1160,0,tag_lost_countdown,-17.49,0.37,,,,,,,,,,,,,,0.12
52.758,1161,0,tag_lost_countdown,-17.49,0.37,,,,,,,,,,,,,,0.17
52.802,1162,1,ibvs_active,-15.49,0.32,103.7,-0.0,79.1,1.0,103.7,2.0,-0.051,0.0,0,0,0,1,23.1,
52.840,1163,0,tag_lost_countdown,-15.49,0.32,,,,,,,,,,,,,,0.0
52.883,1164,0,tag_lost_countdown,-15.49,0.32,,,,,,,,,,,,,,0.04
52.922,1165,1,ibvs_active,-13.49,0.33,85.9,-0.5,84.6,-0.2,86.0,2.0,0.01,0.0,0,0,0,1,29.8,
52.972,1166,1,ibvs_active,-11.49,0.4,78.7,-1.8,79.9,-1.5,78.7,2.0,0.075,0.0,0,0,0,1,32.4,
53.012,1167,1,ibvs_active,-9.49,0.51,78.8,-2.2,79.0,-2.1,78.8,2.0,0.105,0.0,0,0,0,1,32.5,
53.058,1168,0,tag_lost_countdown,-9.49,0.51,,,,,,,,,,,,,,0.0
53.100,1169,1,ibvs_active,-7.49,0.6,46.8,-1.7,53.2,-1.8,46.8,2.0,0.091,0.0,0,0,0,1,32.8,
53.146,1170,1,ibvs_active,-5.63,0.67,33.1,-1.3,37.1,-1.4,33.1,1.855,0.069,0.0,0,0,0,1,22.3,
53.190,1171,1,ibvs_active,-3.97,0.73,32.3,-1.1,33.3,-1.2,32.3,1.664,0.059,0.0,0,0,0,1,31.9,
53.235,1172,0,tag_lost_countdown,-3.97,0.73,,,,,,,,,,,,,,0.0
53.275,1173,1,deadband,-3.97,0.73,-7.2,-1.8,0.9,-1.7,7.5,0.0,0.0,0.0,1,0,0,0,29.7,
53.319,1174,0,tag_lost_countdown,-3.97,0.73,,,,,,,,,,,,,,0.0
53.360,1175,1,ibvs_active,-4.7,0.78,-28.7,-1.8,-22.8,-1.7,28.7,-0.73,0.056,0.0,0,0,0,1,30.5,
53.409,1176,1,ibvs_active,-5.91,0.85,-28.7,-1.7,-27.5,-1.7,28.7,-1.206,0.074,0.0,0,0,0,1,31.6,
53.451,1177,1,ibvs_active,-7.22,0.94,-28.7,-1.8,-28.4,-1.8,28.7,-1.314,0.082,0.0,0,0,0,1,30.7,
53.498,1178,1,ibvs_active,-8.54,1.03,-28.5,-2.0,-28.5,-1.9,28.6,-1.324,0.089,0.0,0,0,0,1,30.9,
53.538,1179,1,ibvs_active,-9.13,1.07,-19.2,-1.6,-21.1,-1.6,19.3,-0.586,0.046,0.0,0,0,0,1,30.6,
53.584,1180,0,tag_lost_countdown,-9.13,1.07,,,,,,,,,,,,,,0.0
53.624,1181,0,tag_lost_countdown,-9.13,1.07,,,,,,,,,,,,,,0.05
53.671,1182,1,ibvs_active,-9.08,1.08,19.6,-2.1,11.5,-2.0,19.7,0.048,0.008,0.0,0,0,0,1,21.4,
53.710,1183,1,ibvs_active,-8.85,1.1,17.0,-0.9,15.9,-1.2,17.0,0.237,0.017,0.0,0,0,0,1,30.8,
53.756,1184,1,ibvs_active,-8.6,1.19,15.3,-7.1,15.4,-5.9,16.9,0.251,0.096,0.0,0,0,0,1,30.6,
53.797,1185,1,ibvs_active,-8.37,1.28,14.7,-6.2,14.8,-6.1,15.9,0.223,0.092,0.0,0,0,0,1,31.0,
53.845,1186,1,ibvs_active,-8.12,1.31,16.6,-0.7,16.2,-1.8,16.6,0.257,0.029,0.0,0,0,0,1,31.8,
53.886,1187,1,ibvs_active,-7.65,1.27,20.4,2.6,19.5,1.7,20.5,0.469,-0.041,0.0,0,0,0,1,29.9,
53.930,1188,1,ibvs_active,-6.3,1.17,31.0,2.4,28.7,2.3,31.1,1.345,-0.108,0.0,0,0,0,1,31.2,
53.971,1189,1,ibvs_active,-4.62,1.08,34.8,1.7,33.6,1.8,34.9,1.679,-0.09,0.0,0,0,0,1,30.3,
54.014,1190,1,ibvs_active,-2.63,1.21,41.5,-3.7,39.9,-2.6,41.7,1.995,0.131,0.0,0,0,0,1,30.5,
54.056,1191,0,tag_lost_countdown,-2.63,1.21,,,,,,,,,,,,,,0.0
54.102,1192,0,tag_lost_countdown,-2.63,1.21,,,,,,,,,,,,,,0.04
54.139,1193,0,tag_lost_countdown,-2.63,1.21,,,,,,,,,,,,,,0.09
54.183,1194,1,deadband,-2.63,1.21,-11.0,3.0,-0.8,1.9,11.4,0.0,0.0,0.0,1,0,0,0,29.6,
54.225,1195,1,ibvs_active,-2.65,1.2,-13.3,1.7,-10.8,1.7,13.4,-0.025,-0.004,0.0,0,0,0,1,29.7,
54.273,1196,1,ibvs_active,-2.76,1.17,-13.4,4.0,-12.9,3.6,14.0,-0.11,-0.03,0.0,0,0,0,1,29.6,
54.316,1197,1,ibvs_active,-2.89,1.14,-13.4,3.6,-13.3,3.6,13.9,-0.127,-0.035,0.0,0,0,0,1,29.5,
54.362,1198,1,ibvs_active,-3.06,1.12,-15.0,1.3,-14.7,1.7,15.1,-0.176,-0.021,0.0,0,0,0,1,30.3,
54.404,1199,1,ibvs_active,-3.19,1.07,-12.9,4.9,-13.3,4.3,13.8,-0.13,-0.042,0.0,0,0,0,1,29.4,
54.450,1200,1,ibvs_active,-3.29,1.06,-12.5,2.2,-12.6,2.6,12.7,-0.091,-0.019,0.0,0,0,0,1,29.2,
54.493,1201,1,ibvs_active,-3.6,1.03,-18.3,1.4,-17.2,1.7,18.4,-0.311,-0.03,0.0,0,0,0,1,29.2,
54.539,1202,1,ibvs_active,-4.45,0.79,-25.2,7.6,-23.6,6.4,26.3,-0.849,-0.232,0.0,0,0,0,1,29.4,
54.578,1203,1,ibvs_active,-4.96,0.64,-18.6,5.7,-19.6,5.8,19.5,-0.513,-0.152,0.0,0,0,0,1,29.6,
54.623,1204,1,ibvs_active,-5.14,0.57,-12.8,5.1,-14.2,5.2,13.8,-0.18,-0.067,0.0,0,0,0,1,29.4,
54.662,1205,1,deadband,-5.14,0.57,-1.8,8.8,-4.3,8.1,9.0,0.0,0.0,0.0,1,0,0,0,29.5,
54.714,1206,0,tag_lost_countdown,-5.14,0.57,,,,,,,,,,,,,,0.0
54.753,1207,0,tag_lost_countdown,-5.14,0.57,,,,,,,,,,,,,,0.05
54.801,1208,0,tag_lost_countdown,-5.14,0.57,,,,,,,,,,,,,,0.08
54.838,1209,0,tag_lost_countdown,-5.14,0.57,,,,,,,,,,,,,,0.13
54.889,1210,0,tag_lost_countdown,-5.14,0.57,,,,,,,,,,,,,,0.17
54.927,1211,0,tag_lost_countdown,-5.14,0.57,,,,,,,,,,,,,,0.22
54.970,1212,0,tag_lost_countdown,-5.14,0.57,,,,,,,,,,,,,,0.26
55.009,1213,0,tag_lost_countdown,-5.14,0.57,,,,,,,,,,,,,,0.3
55.056,1214,1,ibvs_active,-7.14,0.2,-158.0,7.3,-127.2,7.5,158.1,-2.0,-0.374,0.0,0,0,0,1,26.8,
55.104,1215,1,ibvs_active,-9.14,-0.12,-144.7,6.2,-141.2,6.5,144.8,-2.0,-0.323,0.0,0,0,0,1,28.4,
55.153,1216,0,tag_lost_countdown,-9.14,-0.12,,,,,,,,,,,,,,0.0
55.192,1217,0,tag_lost_countdown,-9.14,-0.12,,,,,,,,,,,,,,0.05
55.236,1218,0,tag_lost_countdown,-9.14,-0.12,,,,,,,,,,,,,,0.09
55.277,1219,0,tag_lost_countdown,-9.14,-0.12,,,,,,,,,,,,,,0.13
55.325,1220,0,tag_lost_countdown,-9.14,-0.12,,,,,,,,,,,,,,0.17
55.367,1221,1,ibvs_active,-11.14,-0.84,-52.4,16.4,-70.1,14.4,54.9,-2.0,-0.72,0.0,0,0,0,1,26.9,
55.415,1222,1,ibvs_active,-13.14,-1.56,-48.5,14.4,-52.8,14.4,50.6,-2.0,-0.721,0.0,0,0,0,1,25.4,
55.452,1223,0,tag_lost_countdown,-13.14,-1.56,,,,,,,,,,,,,,0.0
55.495,1224,0,tag_lost_countdown,-13.14,-1.56,,,,,,,,,,,,,,0.04
55.538,1225,1,ibvs_active,-14.71,-1.35,-26.1,-9.0,-31.4,-4.3,27.6,-1.571,0.216,0.0,0,0,0,1,28.4,
55.586,1226,1,ibvs_active,-15.9,-1.04,-25.7,-7.5,-26.8,-6.9,26.8,-1.187,0.304,0.0,0,0,0,1,25.4,
55.630,1227,0,tag_lost_countdown,-15.9,-1.04,,,,,,,,,,,,,,0.0
55.676,1228,0,tag_lost_countdown,-15.9,-1.04,,,,,,,,,,,,,,0.05
55.717,1229,0,tag_lost_countdown,-15.9,-1.04,,,,,,,,,,,,,,0.09
55.766,1230,0,tag_lost_countdown,-15.9,-1.04,,,,,,,,,,,,,,0.13
55.806,1231,0,tag_lost_countdown,-15.9,-1.04,,,,,,,,,,,,,,0.18
55.849,1232,0,tag_lost_countdown,-15.9,-1.04,,,,,,,,,,,,,,0.22
55.889,1233,0,tag_lost_countdown,-15.9,-1.04,,,,,,,,,,,,,,0.26
55.931,1234,0,tag_lost_countdown,-15.9,-1.04,,,,,,,,,,,,,,0.3
55.970,1235,0,tag_lost_countdown,-15.9,-1.04,,,,,,,,,,,,,,0.35
56.014,1236,0,tag_lost_countdown,-15.9,-1.04,,,,,,,,,,,,,,0.38
56.053,1237,0,tag_lost_countdown,-15.9,-1.04,,,,,,,,,,,,,,0.43
56.104,1238,1,ibvs_active,-13.9,-0.47,198.4,-12.7,153.4,-11.5,198.9,2.0,0.575,0.0,0,0,0,1,30.9,
56.149,1239,1,ibvs_active,-11.9,-0.04,194.8,-8.0,186.5,-8.7,195.0,2.0,0.433,0.0,0,0,0,1,30.3,
56.198,1240,1,ibvs_active,-9.9,0.35,194.2,-7.4,192.7,-7.6,194.3,2.0,0.381,0.0,0,0,0,1,30.1,
56.241,1241,1,ibvs_active,-7.9,0.75,188.4,-8.3,189.3,-8.1,188.6,2.0,0.406,0.0,0,0,0,1,26.9,
56.290,1242,1,ibvs_active,-5.9,0.95,169.2,-2.8,173.2,-3.9,169.2,2.0,0.195,0.0,0,0,0,1,24.9,
56.334,1243,1,ibvs_active,-3.9,0.74,151.3,6.1,155.7,4.1,151.5,2.0,-0.203,0.0,0,0,0,1,29.3,
56.380,1244,1,ibvs_active,-1.9,0.4,136.6,7.5,140.4,6.8,136.8,2.0,-0.342,0.0,0,0,0,1,25.1,
56.432,1245,0,tag_lost_countdown,-1.9,0.4,,,,,,,,,,,,,,0.0
56.475,1246,0,tag_lost_countdown,-1.9,0.4,,,,,,,,,,,,,,0.04
56.521,1247,1,ibvs_active,0.1,-0.21,70.6,13.6,84.6,12.2,71.9,2.0,-0.612,0.0,0,0,0,1,23.4,
56.573,1248,1,ibvs_active,2.1,-0.88,67.6,13.7,71.0,13.4,69.0,2.0,-0.669,0.0,0,0,0,1,30.2,
56.621,1249,1,ibvs_active,4.1,-1.57,67.6,13.8,68.3,13.7,69.0,2.0,-0.686,0.0,0,0,0,1,29.8,
56.670,1250,0,tag_lost_countdown,4.1,-1.57,,,,,,,,,,,,,,0.0
56.712,1251,0,tag_lost_countdown,4.1,-1.57,,,,,,,,,,,,,,0.05
56.761,1252,0,tag_lost_countdown,4.1,-1.57,,,,,,,,,,,,,,0.09
56.800,1253,0,tag_lost_countdown,4.1,-1.57,,,,,,,,,,,,,,0.14
56.844,1254,0,tag_lost_countdown,4.1,-1.57,,,,,,,,,,,,,,0.18
56.885,1255,0,tag_lost_countdown,4.1,-1.57,,,,,,,,,,,,,,0.22
56.930,1256,0,tag_lost_countdown,4.1,-1.57,,,,,,,,,,,,,,0.26
56.972,1257,0,tag_lost_countdown,4.1,-1.57,,,,,,,,,,,,,,0.31
57.018,1258,0,tag_lost_countdown,4.1,-1.57,,,,,,,,,,,,,,0.35
57.060,1259,0,tag_lost_countdown,4.1,-1.57,,,,,,,,,,,,,,0.4
57.105,1260,0,tag_lost_countdown,4.1,-1.57,,,,,,,,,,,,,,0.44
57.149,1261,0,tag_lost_countdown,4.1,-1.57,,,,,,,,,,,,,,0.49
57.194,1262,0,tag_lost_countdown,4.1,-1.57,,,,,,,,,,,,,,0.53
57.239,1263,1,ibvs_active,2.1,-1.14,-143.1,-14.1,-100.8,-8.5,143.8,-2.0,0.425,0.0,0,0,0,1,28.3,
57.301,1264,1,ibvs_active,0.1,-0.45,-140.8,-15.1,-132.8,-13.8,141.6,-2.0,0.688,0.0,0,0,0,1,28.5,
57.345,1265,1,ibvs_active,-1.9,0.29,-141.1,-15.2,-139.4,-14.9,141.9,-2.0,0.747,0.0,0,0,0,1,28.1,
57.394,1266,0,tag_lost_countdown,-1.9,0.29,,,,,,,,,,,,,,0.0
57.439,1267,1,ibvs_active,-3.9,0.98,-120.8,-13.5,-124.5,-13.8,121.5,-2.0,0.69,0.0,0,0,0,1,27.4,
57.487,1268,0,tag_lost_countdown,-3.9,0.98,,,,,,,,,,,,,,0.0
57.532,1269,1,ibvs_active,-5.9,1.0,-95.0,3.0,-100.9,-0.3,95.0,-2.0,0.017,0.0,0,0,0,1,28.2,
57.577,1270,0,tag_lost_countdown,-5.9,1.0,,,,,,,,,,,,,,0.0
57.621,1271,1,ibvs_active,-7.9,0.88,-75.0,3.2,-80.2,2.5,75.0,-2.0,-0.124,0.0,0,0,0,1,28.2,
57.670,1272,1,ibvs_active,-9.9,0.71,-50.6,3.7,-56.5,3.4,50.7,-2.0,-0.171,0.0,0,0,0,1,27.5,
57.723,1273,1,ibvs_active,-11.9,0.53,-49.0,3.5,-50.5,3.5,49.1,-2.0,-0.173,0.0,0,0,0,1,27.2,
57.769,1274,0,tag_lost_countdown,-11.9,0.53,,,,,,,,,,,,,,0.0
57.812,1275,1,ibvs_active,-12.06,0.43,-3.5,9.2,-12.9,8.1,9.9,-0.168,-0.105,0.0,0,0,0,1,25.4,
57.862,1276,0,tag_lost_countdown,-12.06,0.43,,,,,,,,,,,,,,0.0
57.901,1277,0,tag_lost_countdown,-12.06,0.43,,,,,,,,,,,,,,0.05
57.949,1278,1,deadband,-12.06,0.43,-0.6,9.0,-3.0,8.8,9.0,0.0,0.0,0.0,1,0,0,0,29.0,
57.991,1279,1,deadband,-12.06,0.43,-4.9,6.1,-4.6,6.6,7.8,0.0,0.0,0.0,1,0,0,0,28.0,
58.036,1280,1,deadband,-12.06,0.43,-6.6,5.6,-6.2,5.8,8.7,0.0,0.0,0.0,1,0,0,0,28.0,
58.077,1281,1,deadband,-12.06,0.43,-10.1,5.3,-9.3,5.4,11.4,0.0,0.0,0.0,1,0,0,0,28.0,
58.123,1282,1,ibvs_active,-12.17,0.4,-13.6,3.4,-12.8,3.8,14.0,-0.105,-0.031,0.0,0,0,0,1,28.0,
58.165,1283,1,ibvs_active,-12.89,0.41,-25.1,-1.5,-22.7,-0.4,25.2,-0.718,0.014,0.0,0,0,0,1,29.3,
58.211,1284,0,tag_lost_countdown,-12.89,0.41,,,,,,,,,,,,,,0.0
58.251,1285,1,ibvs_active,-14.68,0.35,-39.1,1.6,-35.8,1.2,39.1,-1.79,-0.058,0.0,0,0,0,1,24.2,
58.296,1286,1,ibvs_active,-16.68,0.27,-52.7,1.7,-49.3,1.6,52.7,-2.0,-0.081,0.0,0,0,0,1,29.3,
58.338,1287,1,ibvs_active,-18.68,0.04,-44.8,5.3,-45.7,4.5,45.1,-2.0,-0.227,0.0,0,0,0,1,25.2,
58.385,1288,1,ibvs_active,-20.24,-0.2,-27.6,5.0,-31.2,4.9,28.0,-1.561,-0.245,0.0,0,0,0,1,22.0,
58.426,1289,1,ibvs_active,-20.95,-0.33,-20.2,3.8,-22.4,4.1,20.5,-0.713,-0.129,0.0,0,0,0,1,28.4,
58.472,1290,0,tag_lost_countdown,-20.95,-0.33,,,,,,,,,,,,,,0.0
58.511,1291,0,tag_lost_countdown,-20.95,-0.33,,,,,,,,,,,,,,0.05
58.554,1292,1,deadband,-20.95,-0.33,14.7,-1.5,7.3,-0.4,14.8,0.0,0.0,0.0,1,0,0,0,20.3,
58.598,1293,1,ibvs_active,-20.14,-0.19,27.6,-4.8,23.5,-3.9,28.0,0.812,0.136,0.0,0,0,0,1,29.8,
58.645,1294,1,ibvs_active,-18.97,0.01,27.8,-4.8,27.0,-4.6,28.2,1.17,0.199,0.0,0,0,0,1,29.7,
58.690,1295,1,ibvs_active,-17.71,0.22,27.9,-4.9,27.7,-4.8,28.3,1.254,0.219,0.0,0,0,0,1,30.4,
58.735,1296,0,tag_lost_countdown,-17.71,0.22,,,,,,,,,,,,,,0.0
58.774,1297,0,tag_lost_countdown,-17.71,0.22,,,,,,,,,,,,,,0.04
58.820,1298,0,tag_lost_countdown,-17.71,0.22,,,,,,,,,,,,,,0.08
58.866,1299,1,deadband,-17.71,0.22,-7.6,0.2,-0.6,-0.8,7.6,0.0,0.0,0.0,1,0,0,0,29.9,
58.911,1300,1,deadband,-17.71,0.22,-10.3,-0.3,-8.3,-0.4,10.3,0.0,0.0,0.0,1,0,0,0,30.5,
58.952,1301,1,ibvs_active,-17.84,0.23,-15.0,-0.8,-13.7,-0.7,15.1,-0.127,0.006,0.0,0,0,0,1,30.3,
59.001,1302,0,tag_lost_countdown,-17.84,0.23,,,,,,,,,,,,,,0.0
59.042,1303,1,ibvs_active,-18.99,0.6,-29.3,-10.3,-26.2,-8.4,31.1,-1.148,0.368,0.0,0,0,0,1,30.4,
59.085,1304,1,ibvs_active,-20.11,0.72,-26.7,-1.4,-26.6,-2.8,26.8,-1.116,0.117,0.0,0,0,0,1,30.1,
59.127,1305,1,ibvs_active,-22.05,1.02,-41.8,-7.0,-38.8,-6.2,42.4,-1.94,0.309,0.0,0,0,0,1,31.8,
59.177,1306,1,ibvs_active,-23.96,1.41,-38.2,-8.1,-38.3,-7.7,39.1,-1.916,0.387,0.0,0,0,0,1,30.9,
59.216,1307,0,tag_lost_countdown,-23.96,1.41,,,,,,,,,,,,,,0.0
59.259,1308,0,tag_lost_countdown,-23.96,1.41,,,,,,,,,,,,,,0.04
59.299,1309,0,tag_lost_countdown,-23.96,1.41,,,,,,,,,,,,,,0.08
59.342,1310,0,tag_lost_countdown,-23.96,1.41,,,,,,,,,,,,,,0.12
59.392,1311,0,tag_lost_countdown,-23.96,1.41,,,,,,,,,,,,,,0.17
59.438,1312,0,tag_lost_countdown,-23.96,1.41,,,,,,,,,,,,,,0.21
59.479,1313,1,ibvs_active,-25.96,1.05,-230.0,10.9,-191.7,7.2,230.3,-2.0,-0.359,0.0,0,0,0,1,23.8,
59.526,1314,0,tag_lost_countdown,-25.96,1.05,,,,,,,,,,,,,,0.0
59.566,1315,1,ibvs_active,-27.96,0.63,-225.3,8.8,-218.6,8.4,225.5,-2.0,-0.422,0.0,0,0,0,1,27.9,
59.615,1316,0,tag_lost_countdown,-27.96,0.63,,,,,,,,,,,,,,0.0
59.655,1317,0,tag_lost_countdown,-27.96,0.63,,,,,,,,,,,,,,0.05
59.699,1318,0,tag_lost_countdown,-27.96,0.63,,,,,,,,,,,,,,0.09
59.738,1319,1,ibvs_active,-29.96,-0.18,-169.4,18.1,-179.2,16.2,170.3,-2.0,-0.81,0.0,0,0,0,1,29.7,
59.784,1320,1,ibvs_active,-31.96,-0.89,-173.3,13.8,-174.5,14.3,173.8,-2.0,-0.715,0.0,0,0,0,1,27.7,
59.822,1321,0,tag_lost_countdown,-31.96,-0.89,,,,,,,,,,,,,,0.0
59.869,1322,0,tag_lost_countdown,-31.96,-0.89,,,,,,,,,,,,,,0.04
59.911,1323,0,tag_lost_countdown,-31.96,-0.89,,,,,,,,,,,,,,0.09
59.958,1324,0,tag_lost_countdown,-31.96,-0.89,,,,,,,,,,,,,,0.13
60.002,1325,0,tag_lost_countdown,-31.96,-0.89,,,,,,,,,,,,,,0.17
60.050,1326,0,tag_lost_countdown,-31.96,-0.89,,,,,,,,,,,,,,0.22
60.090,1327,0,tag_lost_countdown,-31.96,-0.89,,,,,,,,,,,,,,0.27
60.137,1328,0,tag_lost_countdown,-31.96,-0.89,,,,,,,,,,,,,,0.31
60.179,1329,0,tag_lost_countdown,-31.96,-0.89,,,,,,,,,,,,,,0.35
60.223,1330,0,tag_lost_countdown,-31.96,-0.89,,,,,,,,,,,,,,0.39
60.264,1331,1,ibvs_active,-33.62,0.16,2.1,-29.9,-33.2,-21.1,30.0,-1.659,1.053,0.0,0,0,0,1,34.4,
60.311,1332,1,ibvs_active,-33.79,1.21,3.0,-27.1,-4.2,-25.9,27.3,-0.172,1.051,0.0,0,0,0,1,35.1,
60.355,1333,1,ibvs_active,-33.75,2.46,2.1,-28.4,0.9,-27.9,28.5,0.038,1.247,0.0,0,0,0,1,35.2,
60.397,1334,0,tag_lost_countdown,-33.75,2.46,,,,,,,,,,,,,,0.0
60.437,1335,1,ibvs_active,-33.26,2.75,22.4,-6.4,18.1,-10.7,23.3,0.499,0.296,0.0,0,0,0,1,34.4,
60.484,1336,1,ibvs_active,-32.65,2.78,22.2,1.5,21.4,-0.9,22.2,0.608,0.026,0.0,0,0,0,1,35.2,
60.525,1337,1,ibvs_active,-31.99,2.7,22.1,3.3,21.9,2.5,22.3,0.661,-0.075,0.0,0,0,0,1,35.2,
60.573,1338,1,ibvs_active,-31.32,2.6,22.0,3.5,22.0,3.3,22.3,0.67,-0.101,0.0,0,0,0,1,34.3,
60.616,1339,1,ibvs_active,-30.65,2.48,21.8,4.1,21.8,4.0,22.2,0.666,-0.121,0.0,0,0,0,1,33.9,
60.671,1340,1,ibvs_active,-30.27,2.3,15.9,9.0,17.1,8.0,18.3,0.38,-0.177,0.0,0,0,0,1,33.9,
60.713,1341,1,ibvs_active,-30.08,2.18,12.1,8.9,13.1,8.7,15.0,0.189,-0.125,0.0,0,0,0,1,33.8,
60.760,1342,1,deadband,-30.08,2.18,-0.4,8.9,2.3,8.8,8.9,0.0,0.0,0.0,1,0,0,0,32.7,
60.800,1343,1,deadband,-30.08,2.18,-2.4,8.3,-1.5,8.4,8.7,0.0,0.0,0.0,1,0,0,0,29.6,
60.847,1344,1,ibvs_active,-29.97,2.04,11.8,12.3,9.1,11.5,17.0,0.107,-0.135,0.0,0,0,0,1,29.9,
60.891,1345,1,ibvs_active,-29.72,1.72,12.5,15.3,11.9,14.5,19.8,0.259,-0.318,0.0,0,0,0,1,32.3,
60.936,1346,0,tag_lost_countdown,-29.72,1.72,,,,,,,,,,,,,,0.0
60.975,1347,0,tag_lost_countdown,-29.72,1.72,,,,,,,,,,,,,,0.05
61.022,1348,0,tag_lost_countdown,-29.72,1.72,,,,,,,,,,,,,,0.09
61.060,1349,0,tag_lost_countdown,-29.72,1.72,,,,,,,,,,,,,,0.13
61.112,1350,0,tag_lost_countdown,-29.72,1.72,,,,,,,,,,,,,,0.17
61.153,1351,0,tag_lost_countdown,-29.72,1.72,,,,,,,,,,,,,,0.22
61.200,1352,0,tag_lost_countdown,-29.72,1.72,,,,,,,,,,,,,,0.26
61.242,1353,0,tag_lost_countdown,-29.72,1.72,,,,,,,,,,,,,,0.31
61.286,1354,0,tag_lost_countdown,-29.72,1.72,,,,,,,,,,,,,,0.35
61.323,1355,0,tag_lost_countdown,-29.72,1.72,,,,,,,,,,,,,,0.4
61.365,1356,0,tag_lost_countdown,-29.72,1.72,,,,,,,,,,,,,,0.43
61.403,1357,0,tag_lost_countdown,-29.72,1.72,,,,,,,,,,,,,,0.47
61.446,1358,0,tag_lost_countdown,-29.72,1.72,,,,,,,,,,,,,,0.51
61.485,1359,0,tag_lost_countdown,-29.72,1.72,,,,,,,,,,,,,,0.56
61.535,1360,0,tag_lost_countdown,-29.72,1.72,,,,,,,,,,,,,,0.59
61.576,1361,0,tag_lost_countdown,-29.72,1.72,,,,,,,,,,,,,,0.64
61.621,1362,0,tag_lost_countdown,-29.72,1.72,,,,,,,,,,,,,,0.69
61.660,1363,0,tag_lost_countdown,-29.72,1.72,,,,,,,,,,,,,,0.73
61.704,1364,0,tag_lost_countdown,-29.72,1.72,,,,,,,,,,,,,,0.77
61.743,1365,0,tag_lost_countdown,-29.72,1.72,,,,,,,,,,,,,,0.81
61.792,1366,0,tag_lost_countdown,-29.72,1.72,,,,,,,,,,,,,,0.85
61.833,1367,0,tag_lost_countdown,-29.72,1.72,,,,,,,,,,,,,,0.9
61.878,1368,0,tag_lost_countdown,-29.72,1.72,,,,,,,,,,,,,,0.94
61.918,1369,0,tag_lost_countdown,-29.72,1.72,,,,,,,,,,,,,,0.99
61.964,1370,0,tag_lost_countdown,-29.72,1.72,,,,,,,,,,,,,,1.03
62.002,1371,0,tag_lost_countdown,-29.72,1.72,,,,,,,,,,,,,,1.07
62.045,1372,0,tag_lost_countdown,-29.72,1.72,,,,,,,,,,,,,,1.11
62.083,1373,0,tag_lost_countdown,-29.72,1.72,,,,,,,,,,,,,,1.15
62.131,1374,0,tag_lost_countdown,-29.72,1.72,,,,,,,,,,,,,,1.19
62.171,1375,0,tag_lost_countdown,-29.72,1.72,,,,,,,,,,,,,,1.24
62.216,1376,0,tag_lost_countdown,-29.72,1.72,,,,,,,,,,,,,,1.28
62.256,1377,0,tag_lost_countdown,-29.72,1.72,,,,,,,,,,,,,,1.33
62.303,1378,0,tag_lost_countdown,-29.72,1.72,,,,,,,,,,,,,,1.37
62.345,1379,0,tag_lost_countdown,-29.72,1.72,,,,,,,,,,,,,,1.41
62.393,1380,0,tag_lost_countdown,-29.72,1.72,,,,,,,,,,,,,,1.45
62.434,1381,0,tag_lost_countdown,-29.72,1.72,,,,,,,,,,,,,,1.5
62.478,1382,0,tag_lost_countdown,-29.72,1.72,,,,,,,,,,,,,,1.54
62.516,1383,0,tag_lost_countdown,-29.72,1.72,,,,,,,,,,,,,,1.59
62.565,1384,0,tag_lost_countdown,-29.72,1.72,,,,,,,,,,,,,,1.63
62.607,1385,0,tag_lost_countdown,-29.72,1.72,,,,,,,,,,,,,,1.67
62.652,1386,0,tag_lost_countdown,-29.72,1.72,,,,,,,,,,,,,,1.72
62.690,1387,0,tag_lost_countdown,-29.72,1.72,,,,,,,,,,,,,,1.76
62.737,1388,0,tag_lost_countdown,-29.72,1.72,,,,,,,,,,,,,,1.8
62.780,1389,0,tag_lost_countdown,-29.72,1.72,,,,,,,,,,,,,,1.85
62.825,1390,0,tag_lost_countdown,-29.72,1.72,,,,,,,,,,,,,,1.89
62.865,1391,0,tag_lost_countdown,-29.72,1.72,,,,,,,,,,,,,,1.93
62.911,1392,0,tag_lost_countdown,-29.72,1.72,,,,,,,,,,,,,,1.97
62.949,1393,0,tag_lost_countdown,-29.72,1.72,,,,,,,,,,,,,,2.02
62.995,1394,0,tag_lost_countdown,-29.72,1.72,,,,,,,,,,,,,,2.06
63.036,1395,0,tag_lost_countdown,-29.72,1.72,,,,,,,,,,,,,,2.1
63.123,1396,0,tag_lost_countdown,-29.72,1.72,,,,,,,,,,,,,,2.19
63.162,1397,0,tag_lost_countdown,-29.72,1.72,,,,,,,,,,,,,,2.23
63.203,1398,0,tag_lost_countdown,-29.72,1.72,,,,,,,,,,,,,,2.27
63.240,1399,0,tag_lost_countdown,-29.72,1.72,,,,,,,,,,,,,,2.31
63.283,1400,0,tag_lost_countdown,-29.72,1.72,,,,,,,,,,,,,,2.35
63.321,1401,0,tag_lost_countdown,-29.72,1.72,,,,,,,,,,,,,,2.39
63.363,1402,0,tag_lost_countdown,-29.72,1.72,,,,,,,,,,,,,,2.43
63.401,1403,0,tag_lost_countdown,-29.72,1.72,,,,,,,,,,,,,,2.47
63.446,1404,0,tag_lost_countdown,-29.72,1.72,,,,,,,,,,,,,,2.51
63.485,1405,0,tag_lost_countdown,-29.72,1.72,,,,,,,,,,,,,,2.56
63.530,1406,0,tag_lost_countdown,-29.72,1.72,,,,,,,,,,,,,,2.59
63.567,1407,0,tag_lost_countdown,-29.72,1.72,,,,,,,,,,,,,,2.64
63.612,1408,0,tag_lost_countdown,-29.72,1.72,,,,,,,,,,,,,,2.68
63.655,1409,0,tag_lost_countdown,-29.72,1.72,,,,,,,,,,,,,,2.72
63.699,1410,0,tag_lost_countdown,-29.72,1.72,,,,,,,,,,,,,,2.76
63.736,1411,0,tag_lost_countdown,-29.72,1.72,,,,,,,,,,,,,,2.81
63.783,1412,0,tag_lost_countdown,-29.72,1.72,,,,,,,,,,,,,,2.85
63.822,1413,0,tag_lost_countdown,-29.72,1.72,,,,,,,,,,,,,,2.89
63.864,1414,0,tag_lost_countdown,-29.72,1.72,,,,,,,,,,,,,,2.93
63.901,1415,0,tag_lost_countdown,-29.72,1.72,,,,,,,,,,,,,,2.97
63.952,1416,0,tag_lost_countdown,-29.72,1.72,,,,,,,,,,,,,,3.01
63.994,1417,0,tag_lost_countdown,-29.72,1.72,,,,,,,,,,,,,,3.06
64.037,1418,0,tag_lost_countdown,-29.72,1.72,,,,,,,,,,,,,,3.1
64.078,1419,0,tag_lost_countdown,-29.72,1.72,,,,,,,,,,,,,,3.15
64.120,1420,0,tag_lost_countdown,-29.72,1.72,,,,,,,,,,,,,,3.19
64.164,1421,0,tag_lost_countdown,-29.72,1.72,,,,,,,,,,,,,,3.23
64.205,1422,0,tag_lost_countdown,-29.72,1.72,,,,,,,,,,,,,,3.27
64.244,1423,0,tag_lost_countdown,-29.72,1.72,,,,,,,,,,,,,,3.31
64.290,1424,0,tag_lost_countdown,-29.72,1.72,,,,,,,,,,,,,,3.35
64.330,1425,0,tag_lost_countdown,-29.72,1.72,,,,,,,,,,,,,,3.4
64.376,1426,0,tag_lost_countdown,-29.72,1.72,,,,,,,,,,,,,,3.44
64.420,1427,0,tag_lost_countdown,-29.72,1.72,,,,,,,,,,,,,,3.49
64.465,1428,0,tag_lost_countdown,-29.72,1.72,,,,,,,,,,,,,,3.53
64.506,1429,0,tag_lost_countdown,-29.72,1.72,,,,,,,,,,,,,,3.58
64.548,1430,0,tag_lost_countdown,-29.72,1.72,,,,,,,,,,,,,,3.62
64.592,1431,0,tag_lost_countdown,-29.72,1.72,,,,,,,,,,,,,,3.66
64.638,1432,0,tag_lost_countdown,-29.72,1.72,,,,,,,,,,,,,,3.7
64.680,1433,0,tag_lost_countdown,-29.72,1.72,,,,,,,,,,,,,,3.75
64.727,1434,0,tag_lost_countdown,-29.72,1.72,,,,,,,,,,,,,,3.79
64.765,1435,0,tag_lost_countdown,-29.72,1.72,,,,,,,,,,,,,,3.84
64.812,1436,0,tag_lost_countdown,-29.72,1.72,,,,,,,,,,,,,,3.88
64.854,1437,0,tag_lost_countdown,-29.72,1.72,,,,,,,,,,,,,,3.92
64.902,1438,0,tag_lost_countdown,-29.72,1.72,,,,,,,,,,,,,,3.96
64.943,1439,0,tag_lost_countdown,-29.72,1.72,,,,,,,,,,,,,,4.01
64.991,1440,1,ibvs_active,-27.72,0.18,111.3,35.0,91.4,30.9,116.7,2.0,-1.545,0.0,0,0,0,1,34.1,
65.049,1441,0,tag_lost_countdown,-27.72,0.18,,,,,,,,,,,,,,0.0
65.128,1442,1,ibvs_active,-25.72,-0.76,112.5,15.7,108.3,18.7,113.6,2.0,-0.936,0.0,0,0,0,1,26.8,
65.171,1443,0,tag_lost_countdown,-25.72,-0.76,,,,,,,,,,,,,,0.0
65.225,1444,1,ibvs_active,-23.72,-1.27,93.1,8.1,96.1,10.2,93.4,2.0,-0.509,0.0,0,0,0,1,28.5,
65.266,1445,0,tag_lost_countdown,-23.72,-1.27,,,,,,,,,,,,,,0.0
65.319,1446,1,ibvs_active,-21.72,-1.48,69.8,2.7,75.0,4.2,69.8,2.0,-0.211,0.0,0,0,0,1,24.9,
65.363,1447,0,tag_lost_countdown,-21.72,-1.48,,,,,,,,,,,,,,0.0
65.409,1448,0,tag_lost_countdown,-21.72,-1.48,,,,,,,,,,,,,,0.04
65.446,1449,0,tag_lost_countdown,-21.72,-1.48,,,,,,,,,,,,,,0.09
65.495,1450,0,tag_lost_countdown,-21.72,-1.48,,,,,,,,,,,,,,0.13
65.535,1451,0,tag_lost_countdown,-21.72,-1.48,,,,,,,,,,,,,,0.18
65.583,1452,0,tag_lost_countdown,-21.72,-1.48,,,,,,,,,,,,,,0.22
65.622,1453,0,tag_lost_countdown,-21.72,-1.48,,,,,,,,,,,,,,0.26
65.667,1454,0,tag_lost_countdown,-21.72,-1.48,,,,,,,,,,,,,,0.3
65.707,1455,0,tag_lost_countdown,-21.72,-1.48,,,,,,,,,,,,,,0.35
65.763,1456,0,tag_lost_countdown,-21.72,-1.48,,,,,,,,,,,,,,0.39
65.801,1457,0,tag_lost_countdown,-21.72,-1.48,,,,,,,,,,,,,,0.44
65.843,1458,0,tag_lost_countdown,-21.72,-1.48,,,,,,,,,,,,,,0.48
65.881,1459,0,tag_lost_countdown,-21.72,-1.48,,,,,,,,,,,,,,0.52
65.922,1460,0,tag_lost_countdown,-21.72,-1.48,,,,,,,,,,,,,,0.56
65.964,1461,0,tag_lost_countdown,-21.72,-1.48,,,,,,,,,,,,,,0.6
66.006,1462,0,tag_lost_countdown,-21.72,-1.48,,,,,,,,,,,,,,0.64
66.043,1463,0,tag_lost_countdown,-21.72,-1.48,,,,,,,,,,,,,,0.69
66.086,1464,0,tag_lost_countdown,-21.72,-1.48,,,,,,,,,,,,,,0.72
66.125,1465,0,tag_lost_countdown,-21.72,-1.48,,,,,,,,,,,,,,0.77
66.170,1466,0,tag_lost_countdown,-21.72,-1.48,,,,,,,,,,,,,,0.81
66.208,1467,0,tag_lost_countdown,-21.72,-1.48,,,,,,,,,,,,,,0.85
66.247,1468,0,tag_lost_countdown,-21.72,-1.48,,,,,,,,,,,,,,0.89
66.286,1469,0,tag_lost_countdown,-21.72,-1.48,,,,,,,,,,,,,,0.93
66.331,1470,0,tag_lost_countdown,-21.72,-1.48,,,,,,,,,,,,,,0.97
66.371,1471,0,tag_lost_countdown,-21.72,-1.48,,,,,,,,,,,,,,1.01
66.418,1472,0,tag_lost_countdown,-21.72,-1.48,,,,,,,,,,,,,,1.05
66.457,1473,0,tag_lost_countdown,-21.72,-1.48,,,,,,,,,,,,,,1.1
66.500,1474,0,tag_lost_countdown,-21.72,-1.48,,,,,,,,,,,,,,1.14
66.545,1475,0,tag_lost_countdown,-21.72,-1.48,,,,,,,,,,,,,,1.18
66.592,1476,0,tag_lost_countdown,-21.72,-1.48,,,,,,,,,,,,,,1.22
66.630,1477,0,tag_lost_countdown,-21.72,-1.48,,,,,,,,,,,,,,1.27
66.674,1478,0,tag_lost_countdown,-21.72,-1.48,,,,,,,,,,,,,,1.31
66.717,1479,0,tag_lost_countdown,-21.72,-1.48,,,,,,,,,,,,,,1.35
66.762,1480,0,tag_lost_countdown,-21.72,-1.48,,,,,,,,,,,,,,1.4
66.804,1481,0,tag_lost_countdown,-21.72,-1.48,,,,,,,,,,,,,,1.44
66.889,1482,0,tag_lost_countdown,-21.72,-1.48,,,,,,,,,,,,,,1.52
66.932,1483,1,ibvs_active,-19.72,-1.87,109.4,8.9,102.5,7.9,109.7,2.0,-0.397,0.0,0,0,0,1,26.0,
66.975,1484,0,tag_lost_countdown,-19.72,-1.87,,,,,,,,,,,,,,0.0
67.013,1485,0,tag_lost_countdown,-19.72,-1.87,,,,,,,,,,,,,,0.04
67.075,1486,0,tag_lost_countdown,-19.72,-1.87,,,,,,,,,,,,,,0.08
67.162,1487,0,tag_lost_countdown,-19.72,-1.87,,,,,,,,,,,,,,0.19
67.215,1488,1,ibvs_active,-17.72,-2.08,91.9,3.1,94.0,4.0,92.0,2.0,-0.202,0.0,0,0,0,1,34.0,
67.261,1489,1,ibvs_active,-15.72,-2.24,92.0,3.0,92.4,3.2,92.0,2.0,-0.159,0.0,0,0,0,1,33.4,
67.313,1490,1,ibvs_active,-13.72,-2.4,92.2,3.4,92.2,3.4,92.2,2.0,-0.168,0.0,0,0,0,1,34.0,
67.374,1491,0,tag_lost_countdown,-13.72,-2.4,,,,,,,,,,,,,,0.0
67.450,1492,1,ibvs_active,-11.72,-2.59,55.2,3.9,62.6,3.8,55.3,2.0,-0.192,0.0,0,0,0,1,35.5,
67.496,1493,1,ibvs_active,-9.72,-2.81,43.2,4.4,47.1,4.3,43.4,2.0,-0.213,0.0,0,0,0,1,34.9,
67.549,1494,1,ibvs_active,-7.72,-3.03,43.0,4.5,43.8,4.5,43.3,2.0,-0.223,0.0,0,0,0,1,35.1,
67.593,1495,0,tag_lost_countdown,-7.72,-3.03,,,,,,,,,,,,,,0.0
67.674,1496,1,ibvs_active,-7.15,-2.92,14.7,-6.4,20.5,-4.2,16.0,0.561,0.115,0.0,0,0,0,1,35.5,
67.727,1497,1,deadband,-7.15,-2.92,-5.1,-6.3,-0.0,-5.9,8.1,0.0,0.0,0.0,1,0,0,0,35.3,
67.780,1498,1,deadband,-7.15,-2.92,-5.2,-6.4,-4.1,-6.3,8.2,0.0,0.0,0.0,1,0,0,0,34.9,
67.828,1499,1,deadband,-7.15,-2.92,-5.3,-6.4,-5.1,-6.4,8.3,0.0,0.0,0.0,1,0,0,0,34.1,
67.881,1500,1,deadband,-7.15,-2.92,-5.3,-6.5,-5.2,-6.5,8.4,0.0,0.0,0.0,1,0,0,0,33.4,
67.962,1501,1,deadband,-7.15,-2.92,-5.2,-6.5,-5.2,-6.5,8.3,0.0,0.0,0.0,1,0,0,0,32.7,
68.013,1502,1,deadband,-7.15,-2.92,-5.2,-6.5,-5.2,-6.5,8.3,0.0,0.0,0.0,1,0,0,0,34.1,
68.062,1503,1,deadband,-7.15,-2.92,-5.3,-6.6,-5.2,-6.6,8.4,0.0,0.0,0.0,1,0,0,0,33.1,
68.112,1504,1,deadband,-7.15,-2.92,-5.2,-6.5,-5.2,-6.5,8.4,0.0,0.0,0.0,1,0,0,0,33.9,
68.159,1505,1,deadband,-7.15,-2.92,-5.3,-6.5,-5.3,-6.5,8.4,0.0,0.0,0.0,1,0,0,0,33.4,
68.241,1506,1,deadband,-7.15,-2.92,-5.3,-6.6,-5.3,-6.6,8.5,0.0,0.0,0.0,1,0,0,0,33.6,
68.287,1507,1,deadband,-7.15,-2.92,-5.3,-6.7,-5.3,-6.7,8.5,0.0,0.0,0.0,1,0,0,0,32.9,
68.335,1508,1,deadband,-7.15,-2.92,-5.3,-6.7,-5.3,-6.7,8.5,0.0,0.0,0.0,1,0,0,0,33.5,
68.382,1509,1,deadband,-7.15,-2.92,-5.3,-6.7,-5.3,-6.7,8.5,0.0,0.0,0.0,1,0,0,0,32.4,
68.435,1510,1,deadband,-7.15,-2.92,-5.3,-6.6,-5.3,-6.6,8.5,0.0,0.0,0.0,1,0,0,0,33.7,
68.490,1511,1,deadband,-7.15,-2.92,-5.4,-6.7,-5.3,-6.7,8.6,0.0,0.0,0.0,1,0,0,0,33.2,
68.564,1512,1,deadband,-7.15,-2.92,-5.3,-6.7,-5.3,-6.7,8.6,0.0,0.0,0.0,1,0,0,0,32.9,
68.609,1513,1,deadband,-7.15,-2.92,-5.3,-6.7,-5.3,-6.7,8.5,0.0,0.0,0.0,1,0,0,0,34.1,
68.659,1514,1,deadband,-7.15,-2.92,-5.2,-6.7,-5.2,-6.7,8.5,0.0,0.0,0.0,1,0,0,0,33.9,
68.704,1515,1,deadband,-7.15,-2.92,-5.3,-6.7,-5.3,-6.7,8.5,0.0,0.0,0.0,1,0,0,0,32.5,
68.788,1516,1,deadband,-7.15,-2.92,-5.2,-6.7,-5.2,-6.7,8.5,0.0,0.0,0.0,1,0,0,0,34.7,
68.845,1517,1,deadband,-7.15,-2.92,-5.3,-6.8,-5.3,-6.8,8.6,0.0,0.0,0.0,1,0,0,0,33.4,
68.896,1518,1,deadband,-7.15,-2.92,-5.3,-6.7,-5.3,-6.7,8.5,0.0,0.0,0.0,1,0,0,0,33.6,
68.941,1519,1,deadband,-7.15,-2.92,-5.3,-6.8,-5.3,-6.8,8.6,0.0,0.0,0.0,1,0,0,0,33.1,
68.991,1520,1,deadband,-7.15,-2.92,-5.3,-6.8,-5.3,-6.8,8.6,0.0,0.0,0.0,1,0,0,0,34.2,
69.066,1521,1,deadband,-7.15,-2.92,-5.3,-6.8,-5.3,-6.8,8.6,0.0,0.0,0.0,1,0,0,0,33.3,
69.127,1522,1,deadband,-7.15,-2.92,-5.3,-6.7,-5.3,-6.8,8.6,0.0,0.0,0.0,1,0,0,0,34.0,
69.171,1523,1,deadband,-7.15,-2.92,-5.2,-6.7,-5.3,-6.7,8.5,0.0,0.0,0.0,1,0,0,0,33.3,
69.220,1524,1,deadband,-7.15,-2.92,-5.3,-6.8,-5.3,-6.8,8.7,0.0,0.0,0.0,1,0,0,0,32.4,
69.264,1525,1,deadband,-7.15,-2.92,-5.3,-6.8,-5.3,-6.8,8.6,0.0,0.0,0.0,1,0,0,0,33.7,
69.343,1526,1,deadband,-7.15,-2.92,-5.3,-6.8,-5.3,-6.8,8.6,0.0,0.0,0.0,1,0,0,0,32.4,
69.396,1527,1,deadband,-7.15,-2.92,-5.3,-6.8,-5.3,-6.8,8.6,0.0,0.0,0.0,1,0,0,0,34.3,
69.448,1528,1,deadband,-7.15,-2.92,-5.3,-6.8,-5.3,-6.8,8.6,0.0,0.0,0.0,1,0,0,0,32.9,
69.495,1529,1,deadband,-7.15,-2.92,-5.3,-6.8,-5.3,-6.8,8.6,0.0,0.0,0.0,1,0,0,0,33.1,
69.543,1530,1,deadband,-7.15,-2.92,-5.3,-6.8,-5.3,-6.8,8.6,0.0,0.0,0.0,1,0,0,0,33.8,
69.600,1531,1,deadband,-7.15,-2.92,-5.3,-6.8,-5.3,-6.8,8.6,0.0,0.0,0.0,1,0,0,0,33.5,
69.674,1532,1,deadband,-7.15,-2.92,-5.3,-6.9,-5.3,-6.9,8.7,0.0,0.0,0.0,1,0,0,0,34.9,
69.719,1533,1,deadband,-7.15,-2.92,-5.3,-6.8,-5.3,-6.8,8.6,0.0,0.0,0.0,1,0,0,0,33.6,
69.771,1534,1,deadband,-7.15,-2.92,-5.3,-6.8,-5.3,-6.8,8.6,0.0,0.0,0.0,1,0,0,0,32.7,
69.816,1535,1,deadband,-7.15,-2.92,-5.3,-6.9,-5.3,-6.9,8.7,0.0,0.0,0.0,1,0,0,0,32.8,
69.899,1536,1,deadband,-7.15,-2.92,-5.2,-6.9,-5.2,-6.9,8.6,0.0,0.0,0.0,1,0,0,0,33.2,
69.954,1537,1,deadband,-7.15,-2.92,-5.3,-6.9,-5.3,-6.9,8.6,0.0,0.0,0.0,1,0,0,0,34.2,
70.004,1538,1,deadband,-7.15,-2.92,-5.3,-6.9,-5.3,-6.9,8.7,0.0,0.0,0.0,1,0,0,0,34.0,
70.050,1539,1,deadband,-7.15,-2.92,-5.3,-6.8,-5.3,-6.9,8.6,0.0,0.0,0.0,1,0,0,0,33.3,
70.100,1540,1,deadband,-7.15,-2.92,-5.3,-6.9,-5.3,-6.9,8.7,0.0,0.0,0.0,1,0,0,0,34.6,
70.157,1541,1,deadband,-7.15,-2.92,-5.3,-6.9,-5.3,-6.9,8.7,0.0,0.0,0.0,1,0,0,0,33.0,
70.237,1542,1,deadband,-7.15,-2.92,-5.3,-6.8,-5.3,-6.8,8.7,0.0,0.0,0.0,1,0,0,0,32.9,
70.281,1543,1,deadband,-7.15,-2.92,-5.2,-6.9,-5.2,-6.9,8.7,0.0,0.0,0.0,1,0,0,0,33.7,
70.333,1544,1,deadband,-7.15,-2.92,-5.3,-6.9,-5.3,-6.9,8.7,0.0,0.0,0.0,1,0,0,0,32.6,
70.376,1545,1,deadband,-7.15,-2.92,-5.3,-6.8,-5.3,-6.9,8.7,0.0,0.0,0.0,1,0,0,0,32.7,
70.454,1546,1,deadband,-7.15,-2.92,-5.2,-6.9,-5.2,-6.9,8.6,0.0,0.0,0.0,1,0,0,0,33.7,
70.508,1547,1,deadband,-7.15,-2.92,-5.3,-6.9,-5.3,-6.9,8.7,0.0,0.0,0.0,1,0,0,0,32.9,
70.558,1548,1,deadband,-7.15,-2.92,-5.3,-6.9,-5.3,-6.9,8.7,0.0,0.0,0.0,1,0,0,0,33.1,
70.602,1549,1,deadband,-7.15,-2.92,-5.3,-7.0,-5.3,-7.0,8.8,0.0,0.0,0.0,1,0,0,0,33.3,
70.651,1550,1,deadband,-7.15,-2.92,-5.4,-6.9,-5.4,-6.9,8.8,0.0,0.0,0.0,1,0,0,0,32.9,
70.711,1551,1,deadband,-7.15,-2.92,-5.3,-6.9,-5.3,-6.9,8.7,0.0,0.0,0.0,1,0,0,0,33.7,
70.786,1552,1,deadband,-7.15,-2.92,-5.3,-6.9,-5.3,-6.9,8.7,0.0,0.0,0.0,1,0,0,0,34.4,
70.832,1553,1,deadband,-7.15,-2.92,-5.3,-6.9,-5.3,-6.9,8.7,0.0,0.0,0.0,1,0,0,0,33.5,
70.884,1554,1,deadband,-7.15,-2.92,-5.3,-7.0,-5.3,-6.9,8.8,0.0,0.0,0.0,1,0,0,0,32.4,
70.930,1555,1,deadband,-7.15,-2.92,-5.3,-6.9,-5.3,-6.9,8.7,0.0,0.0,0.0,1,0,0,0,33.4,
71.010,1556,1,deadband,-7.15,-2.92,-5.3,-7.0,-5.3,-7.0,8.8,0.0,0.0,0.0,1,0,0,0,32.6,
71.065,1557,1,deadband,-7.15,-2.92,-5.3,-6.9,-5.3,-6.9,8.7,0.0,0.0,0.0,1,0,0,0,34.3,
71.123,1558,1,deadband,-7.15,-2.92,-5.3,-6.9,-5.3,-6.9,8.7,0.0,0.0,0.0,1,0,0,0,34.6,
71.168,1559,1,deadband,-7.15,-2.92,-5.2,-6.9,-5.3,-6.9,8.7,0.0,0.0,0.0,1,0,0,0,32.2,
71.218,1560,1,deadband,-7.15,-2.92,-5.4,-6.9,-5.4,-6.9,8.7,0.0,0.0,0.0,1,0,0,0,34.4,
71.288,1561,1,deadband,-7.15,-2.92,-5.3,-6.9,-5.3,-6.9,8.7,0.0,0.0,0.0,1,0,0,0,33.3,
71.349,1562,1,deadband,-7.15,-2.92,-5.3,-7.0,-5.3,-7.0,8.7,0.0,0.0,0.0,1,0,0,0,33.6,
71.394,1563,1,deadband,-7.15,-2.92,-5.4,-6.9,-5.4,-7.0,8.8,0.0,0.0,0.0,1,0,0,0,33.6,
71.444,1564,1,deadband,-7.15,-2.92,-5.3,-6.9,-5.3,-6.9,8.7,0.0,0.0,0.0,1,0,0,0,33.7,
71.489,1565,1,deadband,-7.15,-2.92,-5.3,-6.9,-5.3,-6.9,8.7,0.0,0.0,0.0,1,0,0,0,32.9,
71.566,1566,1,deadband,-7.15,-2.92,-5.3,-7.0,-5.3,-6.9,8.7,0.0,0.0,0.0,1,0,0,0,33.1,
71.621,1567,1,deadband,-7.15,-2.92,-5.3,-6.9,-5.3,-6.9,8.7,0.0,0.0,0.0,1,0,0,0,33.1,
71.672,1568,1,deadband,-7.15,-2.92,-5.4,-7.0,-5.4,-7.0,8.8,0.0,0.0,0.0,1,0,0,0,33.4,
71.719,1569,1,deadband,-7.15,-2.92,-5.4,-6.9,-5.4,-6.9,8.8,0.0,0.0,0.0,1,0,0,0,32.7,
71.768,1570,1,deadband,-7.15,-2.92,-5.3,-7.0,-5.3,-7.0,8.8,0.0,0.0,0.0,1,0,0,0,34.5,
71.823,1571,1,deadband,-7.15,-2.92,-5.3,-7.0,-5.3,-7.0,8.8,0.0,0.0,0.0,1,0,0,0,34.3,
71.896,1572,1,deadband,-7.15,-2.92,-5.3,-6.9,-5.3,-7.0,8.7,0.0,0.0,0.0,1,0,0,0,33.4,
71.942,1573,1,deadband,-7.15,-2.92,-5.3,-7.0,-5.3,-7.0,8.8,0.0,0.0,0.0,1,0,0,0,34.3,
71.993,1574,1,deadband,-7.15,-2.92,-5.3,-7.0,-5.3,-7.0,8.7,0.0,0.0,0.0,1,0,0,0,33.9,
72.039,1575,1,deadband,-7.15,-2.92,-5.3,-6.9,-5.3,-6.9,8.7,0.0,0.0,0.0,1,0,0,0,33.5,
72.121,1576,1,deadband,-7.15,-2.92,-5.3,-6.9,-5.3,-6.9,8.7,0.0,0.0,0.0,1,0,0,0,33.9,
72.178,1577,1,deadband,-7.15,-2.92,-5.4,-7.0,-5.4,-7.0,8.8,0.0,0.0,0.0,1,0,0,0,33.7,
72.227,1578,1,deadband,-7.15,-2.92,-5.3,-6.9,-5.3,-6.9,8.7,0.0,0.0,0.0,1,0,0,0,33.3,
72.273,1579,1,deadband,-7.15,-2.92,-5.4,-7.0,-5.4,-7.0,8.8,0.0,0.0,0.0,1,0,0,0,34.3,
72.324,1580,1,deadband,-7.15,-2.92,-5.3,-6.9,-5.3,-6.9,8.7,0.0,0.0,0.0,1,0,0,0,33.9,
72.379,1581,1,deadband,-7.15,-2.92,-5.4,-7.0,-5.4,-7.0,8.8,0.0,0.0,0.0,1,0,0,0,32.6,
72.460,1582,1,deadband,-7.15,-2.92,-5.4,-7.0,-5.4,-7.0,8.8,0.0,0.0,0.0,1,0,0,0,32.9,
72.505,1583,1,deadband,-7.15,-2.92,-5.3,-7.0,-5.3,-7.0,8.8,0.0,0.0,0.0,1,0,0,0,33.1,
72.556,1584,1,deadband,-7.15,-2.92,-5.3,-7.0,-5.3,-7.0,8.8,0.0,0.0,0.0,1,0,0,0,33.1,
72.602,1585,1,deadband,-7.15,-2.92,-5.3,-6.9,-5.3,-7.0,8.7,0.0,0.0,0.0,1,0,0,0,34.2,
72.678,1586,1,deadband,-7.15,-2.92,-5.3,-7.0,-5.3,-7.0,8.8,0.0,0.0,0.0,1,0,0,0,32.9,
72.733,1587,1,deadband,-7.15,-2.92,-5.3,-6.9,-5.3,-6.9,8.7,0.0,0.0,0.0,1,0,0,0,33.3,
72.784,1588,1,deadband,-7.15,-2.92,-5.3,-7.0,-5.3,-7.0,8.7,0.0,0.0,0.0,1,0,0,0,34.5,
72.829,1589,1,deadband,-7.15,-2.92,-5.3,-7.0,-5.3,-7.0,8.7,0.0,0.0,0.0,1,0,0,0,32.9,
72.879,1590,1,deadband,-7.15,-2.92,-5.3,-7.0,-5.3,-7.0,8.8,0.0,0.0,0.0,1,0,0,0,34.3,
72.935,1591,1,deadband,-7.15,-2.92,-5.3,-6.9,-5.3,-6.9,8.7,0.0,0.0,0.0,1,0,0,0,33.1,
73.007,1592,1,deadband,-7.15,-2.92,-5.4,-7.0,-5.4,-7.0,8.8,0.0,0.0,0.0,1,0,0,0,33.9,
73.053,1593,1,deadband,-7.15,-2.92,-5.3,-6.9,-5.3,-7.0,8.8,0.0,0.0,0.0,1,0,0,0,33.8,
73.103,1594,1,deadband,-7.15,-2.92,-5.3,-7.0,-5.3,-7.0,8.7,0.0,0.0,0.0,1,0,0,0,33.5,
73.147,1595,1,deadband,-7.15,-2.92,-5.3,-7.0,-5.3,-7.0,8.8,0.0,0.0,0.0,1,0,0,0,33.2,
73.233,1596,1,deadband,-7.15,-2.92,-5.3,-7.0,-5.3,-7.0,8.8,0.0,0.0,0.0,1,0,0,0,33.5,
73.288,1597,1,deadband,-7.15,-2.92,-5.3,-7.0,-5.3,-7.0,8.8,0.0,0.0,0.0,1,0,0,0,33.5,
73.338,1598,1,deadband,-7.15,-2.92,-5.3,-7.0,-5.3,-7.0,8.8,0.0,0.0,0.0,1,0,0,0,34.8,
73.383,1599,1,deadband,-7.15,-2.92,-5.3,-7.0,-5.3,-7.0,8.8,0.0,0.0,0.0,1,0,0,0,33.1,
73.431,1600,1,deadband,-7.15,-2.92,-5.4,-5.8,-5.4,-6.0,7.9,0.0,0.0,0.0,1,0,0,0,34.1,
73.474,1601,1,deadband,-7.15,-2.92,0.0,5.6,-1.0,3.3,5.6,0.0,0.0,0.0,1,0,0,0,25.4,
73.520,1602,0,tag_lost_countdown,-7.15,-2.92,,,,,,,,,,,,,,0.0
73.555,1603,0,tag_lost_countdown,-7.15,-2.92,,,,,,,,,,,,,,0.05
73.596,1604,0,tag_lost_countdown,-7.15,-2.92,,,,,,,,,,,,,,0.08
73.638,1605,1,ibvs_active,-7.78,-2.73,-26.0,-8.5,-21.0,-6.2,27.4,-0.626,0.184,0.0,0,0,0,1,34.2,
73.684,1606,1,ibvs_active,-9.31,-2.18,-32.9,-12.3,-30.5,-11.1,35.1,-1.525,0.553,0.0,0,0,0,1,35.7,
73.728,1607,1,ibvs_active,-11.13,-1.53,-37.9,-13.5,-36.4,-13.0,40.3,-1.822,0.651,0.0,0,0,0,1,29.6,
73.774,1608,1,ibvs_active,-13.13,-0.7,-43.0,-17.4,-41.7,-16.5,46.3,-2.0,0.824,0.0,0,0,0,1,34.9,
73.817,1609,1,ibvs_active,-15.13,0.16,-42.8,-17.5,-42.6,-17.3,46.2,-2.0,0.864,0.0,0,0,0,1,23.0,
73.865,1610,1,ibvs_active,-16.79,0.77,-30.9,-10.8,-33.2,-12.1,32.7,-1.662,0.606,0.0,0,0,0,1,20.4,
73.931,1611,0,tag_lost_countdown,-16.79,0.77,,,,,,,,,,,,,,0.0
73.984,1612,0,tag_lost_countdown,-16.79,0.77,,,,,,,,,,,,,,0.06
74.028,1613,1,deadband,-16.79,0.77,5.1,14.6,-2.6,9.2,15.4,0.0,0.0,0.0,1,0,0,0,32.3,
74.080,1614,1,ibvs_active,-16.76,0.64,4.1,14.4,2.7,13.4,15.0,0.025,-0.122,0.0,0,0,0,1,31.4,
74.122,1615,1,ibvs_active,-16.7,0.46,5.3,14.6,4.8,14.3,15.5,0.061,-0.183,0.0,0,0,0,1,29.8,
74.174,1616,1,ibvs_active,-16.63,0.28,6.3,13.7,6.0,13.8,15.1,0.076,-0.176,0.0,0,0,0,1,32.4,
74.218,1617,1,ibvs_active,-16.55,0.09,5.9,14.3,5.9,14.2,15.5,0.08,-0.192,0.0,0,0,0,1,30.7,
74.265,1618,0,tag_lost_countdown,-16.55,0.09,,,,,,,,,,,,,,0.0
74.310,1619,1,ibvs_active,-16.19,-0.86,9.7,26.6,9.0,24.1,28.3,0.353,-0.949,0.0,0,0,0,1,32.6,
74.362,1620,1,ibvs_active,-16.29,-1.19,-8.5,15.2,-5.0,17.0,17.5,-0.097,-0.329,0.0,0,0,0,1,27.5,
74.407,1621,1,ibvs_active,-16.47,-1.55,-9.2,16.6,-8.4,16.7,19.0,-0.183,-0.364,0.0,0,0,0,1,30.5,
74.458,1622,1,ibvs_active,-16.61,-1.6,-14.5,2.1,-13.3,5.0,14.6,-0.139,-0.053,0.0,0,0,0,1,23.8,
74.499,1623,0,tag_lost_countdown,-16.61,-1.6,,,,,,,,,,,,,,0.0
74.544,1624,0,tag_lost_countdown,-16.61,-1.6,,,,,,,,,,,,,,0.04
74.585,1625,0,tag_lost_countdown,-16.61,-1.6,,,,,,,,,,,,,,0.09
74.632,1626,0,tag_lost_countdown,-16.61,-1.6,,,,,,,,,,,,,,0.13
74.677,1627,1,ibvs_active,-18.36,-1.31,-40.4,-8.6,-34.9,-5.9,41.3,-1.747,0.295,0.0,0,0,0,1,25.2,
74.723,1628,1,ibvs_active,-20.36,-0.97,-53.4,-7.0,-49.7,-6.8,53.9,-2.0,0.338,0.0,0,0,0,1,31.1,
74.767,1629,0,tag_lost_countdown,-20.36,-0.97,,,,,,,,,,,,,,0.0
74.819,1630,1,ibvs_active,-22.36,-0.52,-58.7,-9.6,-56.9,-9.0,59.5,-2.0,0.45,0.0,0,0,0,1,30.0,
74.862,1631,1,ibvs_active,-24.36,-0.03,-45.4,-9.9,-47.7,-9.7,46.4,-2.0,0.486,0.0,0,0,0,1,27.5,
74.911,1632,1,ibvs_active,-26.36,0.47,-50.5,-10.1,-49.9,-10.1,51.5,-2.0,0.503,0.0,0,0,0,1,26.8,
74.954,1633,0,tag_lost_countdown,-26.36,0.47,,,,,,,,,,,,,,0.0
75.003,1634,0,tag_lost_countdown,-26.36,0.47,,,,,,,,,,,,,,0.04
75.044,1635,0,tag_lost_countdown,-26.36,0.47,,,,,,,,,,,,,,0.09
75.091,1636,0,tag_lost_countdown,-26.36,0.47,,,,,,,,,,,,,,0.13
75.131,1637,0,tag_lost_countdown,-26.36,0.47,,,,,,,,,,,,,,0.18
75.178,1638,1,ibvs_active,-25.67,0.65,39.9,-4.5,22.0,-5.6,40.2,0.695,0.177,0.0,0,0,0,1,25.5,
75.220,1639,1,ibvs_active,-23.67,0.89,51.2,-4.6,45.3,-4.8,51.4,2.0,0.241,0.0,0,0,0,1,23.7,
75.272,1640,1,ibvs_active,-21.67,1.1,57.5,-4.1,55.0,-4.2,57.6,2.0,0.212,0.0,0,0,0,1,27.3,
75.315,1641,1,ibvs_active,-19.67,1.33,65.5,-4.6,63.4,-4.5,65.7,2.0,0.227,0.0,0,0,0,1,33.9,
75.366,1642,1,ibvs_active,-17.67,1.44,55.3,-1.7,56.9,-2.3,55.3,2.0,0.113,0.0,0,0,0,1,21.6,
75.409,1643,0,tag_lost_countdown,-17.67,1.44,,,,,,,,,,,,,,0.0
75.460,1644,1,ibvs_active,-17.19,1.32,9.9,6.7,19.3,4.9,12.0,0.48,-0.122,0.0,0,0,0,1,36.5,
75.504,1645,0,tag_lost_countdown,-17.19,1.32,,,,,,,,,,,,,,0.0
75.555,1646,1,ibvs_active,-17.21,1.28,-12.0,11.4,-5.8,10.1,16.5,-0.023,-0.04,0.0,0,0,0,1,32.7,
75.598,1647,1,ibvs_active,-17.54,1.05,-17.7,10.8,-15.4,10.6,20.8,-0.333,-0.23,0.0,0,0,0,1,32.0,
75.650,1648,1,ibvs_active,-17.99,0.77,-17.6,10.9,-17.2,10.9,20.7,-0.444,-0.28,0.0,0,0,0,1,31.6,
75.697,1649,1,ibvs_active,-18.45,0.48,-17.7,10.8,-17.6,10.8,20.7,-0.468,-0.288,0.0,0,0,0,1,31.0,
75.748,1650,1,ibvs_active,-18.93,0.19,-17.7,10.8,-17.7,10.8,20.8,-0.476,-0.291,0.0,0,0,0,1,30.9,
75.792,1651,1,ibvs_active,-19.4,-0.1,-17.5,10.9,-17.6,10.9,20.7,-0.469,-0.29,0.0,0,0,0,1,31.1,
75.842,1652,1,ibvs_active,-19.87,-0.39,-17.6,10.9,-17.6,10.9,20.7,-0.468,-0.29,0.0,0,0,0,1,31.4,
75.884,1653,0,tag_lost_countdown,-19.87,-0.39,,,,,,,,,,,,,,0.0
75.930,1654,0,tag_lost_countdown,-19.87,-0.39,,,,,,,,,,,,,,0.04
75.977,1655,1,deadband,-19.87,-0.39,-1.9,-1.5,-5.1,1.0,2.5,0.0,0.0,0.0,1,0,0,0,32.2,
76.026,1656,1,deadband,-19.87,-0.39,-0.8,-3.9,-1.6,-2.9,4.0,0.0,0.0,0.0,1,0,0,0,31.7,
76.074,1657,1,deadband,-19.87,-0.39,-1.5,-5.1,-1.5,-4.7,5.3,0.0,0.0,0.0,1,0,0,0,31.2,
76.128,1658,1,deadband,-19.87,-0.39,-0.7,-2.7,-0.9,-3.1,2.8,0.0,0.0,0.0,1,0,0,0,25.9,
76.171,1659,1,deadband,-19.87,-0.39,0.1,-5.6,-0.1,-5.1,5.6,0.0,0.0,0.0,1,0,0,0,30.1,
76.219,1660,1,deadband,-19.87,-0.39,0.3,-3.7,0.2,-3.9,3.7,0.0,0.0,0.0,1,0,0,0,28.6,
76.265,1661,1,deadband,-19.87,-0.39,-0.3,-3.0,-0.2,-3.2,3.0,0.0,0.0,0.0,1,0,0,0,28.3,
76.314,1662,1,deadband,-19.87,-0.39,0.2,-6.2,0.1,-5.6,6.2,0.0,0.0,0.0,1,0,0,0,30.6,
76.359,1663,1,deadband,-19.87,-0.39,0.6,-3.5,0.5,-3.9,3.6,0.0,0.0,0.0,1,0,0,0,25.4,
76.409,1664,1,deadband,-19.87,-0.39,0.2,-3.6,0.3,-3.7,3.6,0.0,0.0,0.0,1,0,0,0,21.4,
76.454,1665,1,deadband,-19.87,-0.39,1.3,-7.1,1.1,-6.4,7.2,0.0,0.0,0.0,1,0,0,0,22.8,
76.504,1666,1,deadband,-19.87,-0.39,1.3,-3.9,1.2,-4.4,4.1,0.0,0.0,0.0,1,0,0,0,23.7,
76.549,1667,1,deadband,-19.87,-0.39,0.3,-6.7,0.5,-6.2,6.7,0.0,0.0,0.0,1,0,0,0,27.0,
76.600,1668,1,deadband,-19.87,-0.39,0.5,-6.1,0.5,-6.2,6.2,0.0,0.0,0.0,1,0,0,0,32.1,
76.644,1669,1,deadband,-19.87,-0.39,-0.2,-4.7,-0.1,-5.0,4.7,0.0,0.0,0.0,1,0,0,0,34.2,
76.695,1670,1,deadband,-19.87,-0.39,-0.2,-3.6,-0.2,-3.8,3.6,0.0,0.0,0.0,1,0,0,0,31.9,
76.739,1671,1,deadband,-19.87,-0.39,-0.5,-6.7,-0.4,-6.1,6.7,0.0,0.0,0.0,1,0,0,0,30.9,
76.790,1672,1,deadband,-19.87,-0.39,-1.6,-1.8,-1.3,-2.7,2.4,0.0,0.0,0.0,1,0,0,0,32.2,
76.836,1673,1,deadband,-19.87,-0.39,-1.4,-3.4,-1.4,-3.3,3.7,0.0,0.0,0.0,1,0,0,0,32.2,
76.886,1674,1,deadband,-19.87,-0.39,-1.5,-3.1,-1.5,-3.1,3.5,0.0,0.0,0.0,1,0,0,0,32.7,
76.934,1675,1,deadband,-19.87,-0.39,-1.5,-3.0,-1.5,-3.0,3.4,0.0,0.0,0.0,1,0,0,0,33.1,
76.987,1676,1,deadband,-19.87,-0.39,-1.6,-3.1,-1.6,-3.1,3.5,0.0,0.0,0.0,1,0,0,0,31.9,
77.032,1677,1,deadband,-19.87,-0.39,-1.4,-2.8,-1.4,-2.9,3.1,0.0,0.0,0.0,1,0,0,0,32.8,
77.084,1678,1,deadband,-19.87,-0.39,-1.3,-3.2,-1.3,-3.2,3.5,0.0,0.0,0.0,1,0,0,0,32.8,
77.128,1679,1,deadband,-19.87,-0.39,1.3,-2.5,0.8,-2.6,2.8,0.0,0.0,0.0,1,0,0,0,30.0,
77.177,1680,1,deadband,-19.87,-0.39,3.6,-3.4,3.1,-3.2,4.9,0.0,0.0,0.0,1,0,0,0,32.5,
77.221,1681,1,deadband,-19.87,-0.39,1.9,-3.8,2.2,-3.7,4.3,0.0,0.0,0.0,1,0,0,0,32.9,
77.268,1682,1,deadband,-19.87,-0.39,5.8,-0.8,5.0,-1.4,5.8,0.0,0.0,0.0,1,0,0,0,27.1,
77.312,1683,1,deadband,-19.87,-0.39,9.9,-0.0,8.9,-0.3,9.9,0.0,0.0,0.0,1,0,0,0,31.3,
77.361,1684,1,ibvs_active,-19.78,-0.4,13.8,0.7,12.8,0.5,13.8,0.091,-0.004,0.0,0,0,0,1,29.8,
77.406,1685,1,ibvs_active,-19.19,-0.4,23.2,0.3,21.1,0.3,23.2,0.585,-0.009,0.0,0,0,0,1,20.2,
77.453,1686,0,tag_lost_countdown,-19.19,-0.4,,,,,,,,,,,,,,0.0
77.497,1687,1,ibvs_active,-17.31,-0.57,41.8,4.0,37.6,3.2,42.0,1.882,-0.162,0.0,0,0,0,1,25.9,
77.546,1688,1,ibvs_active,-15.31,-0.74,45.9,3.5,44.3,3.4,46.1,2.0,-0.172,0.0,0,0,0,1,24.7,
77.588,1689,1,ibvs_active,-13.31,-1.03,56.7,6.5,54.2,5.9,57.1,2.0,-0.295,0.0,0,0,0,1,28.7,
77.639,1690,1,ibvs_active,-11.31,-1.4,48.3,7.8,49.5,7.4,48.9,2.0,-0.371,0.0,0,0,0,1,23.0,
77.682,1691,1,ibvs_active,-9.31,-1.72,38.8,6.0,41.0,6.3,39.3,2.0,-0.316,0.0,0,0,0,1,21.5,
77.738,1692,0,tag_lost_countdown,-9.31,-1.72,,,,,,,,,,,,,,0.0
77.784,1693,0,tag_lost_countdown,-9.31,-1.72,,,,,,,,,,,,,,0.05
77.832,1694,0,tag_lost_countdown,-9.31,-1.72,,,,,,,,,,,,,,0.1
77.876,1695,1,ibvs_active,-7.8,-1.41,27.6,-9.4,30.2,-6.2,29.1,1.512,0.312,0.0,0,0,0,1,34.1,
77.943,1696,1,ibvs_active,-6.24,-1.03,31.4,-7.9,31.2,-7.6,32.4,1.56,0.379,0.0,0,0,0,1,34.1,
78.008,1697,0,tag_lost_countdown,-6.24,-1.03,,,,,,,,,,,,,,0.0
78.054,1698,0,tag_lost_countdown,-6.24,-1.03,,,,,,,,,,,,,,0.04
78.098,1699,1,ibvs_active,-5.98,-1.04,12.6,2.7,16.3,0.7,12.9,0.258,-0.011,0.0,0,0,0,1,35.4,
78.147,1700,1,ibvs_active,-5.68,-1.01,17.1,-2.0,17.0,-1.5,17.3,0.299,0.027,0.0,0,0,0,1,33.6,
78.217,1701,1,ibvs_active,-5.41,-0.96,16.2,-3.2,16.3,-2.9,16.5,0.269,0.047,0.0,0,0,0,1,33.7,
78.284,1702,1,ibvs_active,-5.21,-0.93,14.8,-2.4,15.1,-2.5,15.0,0.2,0.033,0.0,0,0,0,1,33.3,
78.328,1703,1,deadband,-5.21,-0.93,8.0,-2.4,9.4,-2.4,8.4,0.0,0.0,0.0,1,0,0,0,32.7,
78.378,1704,1,deadband,-5.21,-0.93,7.8,-1.8,8.2,-1.9,8.0,0.0,0.0,0.0,1,0,0,0,32.7,
78.422,1705,1,deadband,-5.21,-0.93,3.1,-2.6,4.1,-2.4,4.0,0.0,0.0,0.0,1,0,0,0,33.5,
78.498,1706,1,deadband,-5.21,-0.93,3.0,-2.8,3.2,-2.7,4.1,0.0,0.0,0.0,1,0,0,0,33.7,
78.567,1707,1,deadband,-5.21,-0.93,3.1,-2.7,3.1,-2.7,4.1,0.0,0.0,0.0,1,0,0,0,33.4,
78.617,1708,1,deadband,-5.21,-0.93,3.1,-2.9,3.1,-2.8,4.2,0.0,0.0,0.0,1,0,0,0,32.4,
78.659,1709,1,deadband,-5.21,-0.93,2.5,-4.6,2.6,-4.2,5.2,0.0,0.0,0.0,1,0,0,0,29.6,
78.704,1710,0,tag_lost_countdown,-5.21,-0.93,,,,,,,,,,,,,,0.0
78.744,1711,0,tag_lost_countdown,-5.21,-0.93,,,,,,,,,,,,,,0.05
78.792,1712,1,deadband,-5.21,-0.93,1.4,2.8,1.6,1.4,3.1,0.0,0.0,0.0,1,0,0,0,28.4,
78.837,1713,1,deadband,-5.21,-0.93,2.4,0.8,2.3,0.9,2.6,0.0,0.0,0.0,1,0,0,0,31.1,
78.887,1714,1,ibvs_active,-5.18,-0.93,13.3,0.9,11.1,0.9,13.3,0.031,-0.003,0.0,0,0,0,1,33.5,
78.932,1715,1,ibvs_active,-4.93,-0.99,17.1,4.0,15.9,3.4,17.6,0.25,-0.053,0.0,0,0,0,1,33.6,
79.011,1716,1,ibvs_active,-4.41,-1.09,21.1,4.0,20.1,3.8,21.5,0.524,-0.1,0.0,0,0,0,1,29.3,
79.064,1717,1,ibvs_active,-2.59,-1.98,40.4,21.2,36.3,17.8,45.6,1.816,-0.888,0.0,0,0,0,1,29.7,
79.108,1718,0,tag_lost_countdown,-2.59,-1.98,,,,,,,,,,,,,,0.0
79.151,1719,1,ibvs_active,-1.52,-2.5,21.7,10.7,24.6,12.1,24.2,1.072,-0.528,0.0,0,0,0,1,33.9,
79.196,1720,0,tag_lost_countdown,-1.52,-2.5,,,,,,,,,,,,,,0.0
79.241,1721,1,ibvs_active,-1.45,-2.53,8.7,1.6,11.9,3.7,8.8,0.072,-0.022,0.0,0,0,0,1,33.2,
79.290,1722,1,deadband,-1.45,-2.53,-2.9,3.3,0.0,3.4,4.4,0.0,0.0,0.0,1,0,0,0,28.7,
79.335,1723,1,deadband,-1.45,-2.53,-2.8,3.3,-2.2,3.4,4.3,0.0,0.0,0.0,1,0,0,0,34.1,
79.384,1724,1,deadband,-1.45,-2.53,-2.2,-5.3,-2.2,-3.5,5.7,0.0,0.0,0.0,1,0,0,0,32.4,
79.428,1725,1,deadband,-1.45,-2.53,-1.8,-5.0,-1.9,-4.7,5.4,0.0,0.0,0.0,1,0,0,0,33.3,
79.483,1726,1,deadband,-1.45,-2.53,-1.9,-4.9,-1.9,-4.9,5.3,0.0,0.0,0.0,1,0,0,0,33.3,
79.522,1727,0,tag_lost_countdown,-1.45,-2.53,,,,,,,,,,,,,,0.0
79.569,1728,1,deadband,-1.45,-2.53,-7.5,-9.3,-6.4,-8.4,12.0,0.0,0.0,0.0,1,0,0,0,34.6,
79.613,1729,1,ibvs_active,-1.56,-2.4,-10.4,-11.7,-9.6,-11.0,15.6,-0.11,0.127,0.0,0,0,0,1,26.1,
79.664,1730,1,ibvs_active,-1.66,-2.31,-11.3,-8.0,-10.9,-8.6,13.8,-0.107,0.085,0.0,0,0,0,1,34.5,
79.709,1731,1,ibvs_active,-1.77,-2.21,-10.1,-9.9,-10.3,-9.7,14.2,-0.106,0.1,0.0,0,0,0,1,35.0,
79.754,1732,1,deadband,-1.77,-2.21,-4.0,-7.6,-5.2,-8.0,8.6,0.0,0.0,0.0,1,0,0,0,35.0,
79.796,1733,1,deadband,-1.77,-2.21,-0.0,-4.4,-1.1,-5.1,4.4,0.0,0.0,0.0,1,0,0,0,22.0,
79.843,1734,1,deadband,-1.77,-2.21,0.5,11.7,0.2,8.4,11.8,0.0,0.0,0.0,1,0,0,0,31.4,
79.883,1735,0,tag_lost_countdown,-1.77,-2.21,,,,,,,,,,,,,,0.0
79.928,1736,0,tag_lost_countdown,-1.77,-2.21,,,,,,,,,,,,,,0.04
79.972,1737,1,deadband,-1.77,-2.21,-0.9,-9.6,-0.7,-6.0,9.6,0.0,0.0,0.0,1,0,0,0,23.7,
80.024,1738,1,deadband,-1.77,-2.21,-1.7,-6.9,-1.5,-6.7,7.1,0.0,0.0,0.0,1,0,0,0,34.0,
80.070,1739,1,deadband,-1.77,-2.21,-1.5,-7.3,-1.5,-7.2,7.5,0.0,0.0,0.0,1,0,0,0,32.7,
80.122,1740,1,deadband,-1.77,-2.21,-1.5,-7.2,-1.5,-7.2,7.4,0.0,0.0,0.0,1,0,0,0,32.9,
80.167,1741,1,deadband,-1.77,-2.21,-1.3,-7.4,-1.4,-7.4,7.6,0.0,0.0,0.0,1,0,0,0,35.2,
80.217,1742,1,deadband,-1.77,-2.21,-1.5,-7.2,-1.5,-7.3,7.4,0.0,0.0,0.0,1,0,0,0,33.8,
80.262,1743,1,deadband,-1.77,-2.21,-1.4,-7.4,-1.4,-7.4,7.6,0.0,0.0,0.0,1,0,0,0,34.5,
80.314,1744,1,deadband,-1.77,-2.21,-1.4,-7.2,-1.4,-7.3,7.4,0.0,0.0,0.0,1,0,0,0,33.5,
80.360,1745,1,deadband,-1.77,-2.21,-1.5,-7.3,-1.4,-7.3,7.5,0.0,0.0,0.0,1,0,0,0,34.8,
80.411,1746,1,deadband,-1.77,-2.21,-1.4,-7.3,-1.4,-7.3,7.4,0.0,0.0,0.0,1,0,0,0,34.7,
80.457,1747,1,deadband,-1.77,-2.21,-1.4,-7.3,-1.4,-7.3,7.4,0.0,0.0,0.0,1,0,0,0,33.3,
80.508,1748,1,deadband,-1.77,-2.21,-1.4,-7.3,-1.4,-7.3,7.4,0.0,0.0,0.0,1,0,0,0,33.8,
80.554,1749,1,deadband,-1.77,-2.21,-1.3,-7.3,-1.4,-7.3,7.4,0.0,0.0,0.0,1,0,0,0,34.7,
80.604,1750,1,deadband,-1.77,-2.21,-1.5,-7.4,-1.5,-7.3,7.5,0.0,0.0,0.0,1,0,0,0,34.3,
80.648,1751,1,deadband,-1.77,-2.21,-1.5,-7.3,-1.5,-7.3,7.4,0.0,0.0,0.0,1,0,0,0,35.0,
80.702,1752,1,deadband,-1.77,-2.21,-1.5,-7.3,-1.5,-7.3,7.4,0.0,0.0,0.0,1,0,0,0,33.4,
80.745,1753,1,deadband,-1.77,-2.21,-1.5,-7.4,-1.5,-7.3,7.5,0.0,0.0,0.0,1,0,0,0,34.0,
80.793,1754,0,tag_lost_countdown,-1.77,-2.21,,,,,,,,,,,,,,0.0
80.838,1755,1,deadband,-1.77,-2.21,-1.5,-7.3,-1.5,-7.3,7.4,0.0,0.0,0.0,1,0,0,0,34.1,
80.886,1756,1,deadband,-1.77,-2.21,-1.4,-7.4,-1.4,-7.4,7.5,0.0,0.0,0.0,1,0,0,0,34.8,
80.930,1757,0,tag_lost_countdown,-1.77,-2.21,,,,,,,,,,,,,,0.0
80.980,1758,1,deadband,-1.77,-2.21,-1.5,-7.2,-1.5,-7.3,7.4,0.0,0.0,0.0,1,0,0,0,33.0,
81.027,1759,1,deadband,-1.77,-2.21,-1.5,-7.2,-1.5,-7.2,7.3,0.0,0.0,0.0,1,0,0,0,33.4,
81.079,1760,1,deadband,-1.77,-2.21,-1.6,-7.2,-1.5,-7.2,7.4,0.0,0.0,0.0,1,0,0,0,33.1,
81.125,1761,1,deadband,-1.77,-2.21,-2.6,-5.8,-2.4,-6.1,6.4,0.0,0.0,0.0,1,0,0,0,26.6,
81.180,1762,0,tag_lost_countdown,-1.77,-2.21,,,,,,,,,,,,,,0.0
81.221,1763,0,tag_lost_countdown,-1.77,-2.21,,,,,,,,,,,,,,0.05
81.268,1764,0,tag_lost_countdown,-1.77,-2.21,,,,,,,,,,,,,,0.1
81.309,1765,0,tag_lost_countdown,-1.77,-2.21,,,,,,,,,,,,,,0.14
81.355,1766,0,tag_lost_countdown,-1.77,-2.21,,,,,,,,,,,,,,0.18
81.396,1767,0,tag_lost_countdown,-1.77,-2.21,,,,,,,,,,,,,,0.23
81.440,1768,0,tag_lost_countdown,-1.77,-2.21,,,,,,,,,,,,,,0.27
81.479,1769,0,tag_lost_countdown,-1.77,-2.21,,,,,,,,,,,,,,0.31
81.524,1770,0,tag_lost_countdown,-1.77,-2.21,,,,,,,,,,,,,,0.35
81.562,1771,0,tag_lost_countdown,-1.77,-2.21,,,,,,,,,,,,,,0.4
81.605,1772,0,tag_lost_countdown,-1.77,-2.21,,,,,,,,,,,,,,0.44
81.646,1773,0,tag_lost_countdown,-1.77,-2.21,,,,,,,,,,,,,,0.48
81.688,1774,0,tag_lost_countdown,-1.77,-2.21,,,,,,,,,,,,,,0.52
81.727,1775,0,tag_lost_countdown,-1.77,-2.21,,,,,,,,,,,,,,0.56
81.774,1776,0,tag_lost_countdown,-1.77,-2.21,,,,,,,,,,,,,,0.6
81.814,1777,0,tag_lost_countdown,-1.77,-2.21,,,,,,,,,,,,,,0.65
81.858,1778,0,tag_lost_countdown,-1.77,-2.21,,,,,,,,,,,,,,0.69
81.896,1779,0,tag_lost_countdown,-1.77,-2.21,,,,,,,,,,,,,,0.73
81.943,1780,0,tag_lost_countdown,-1.77,-2.21,,,,,,,,,,,,,,0.77
81.986,1781,0,tag_lost_countdown,-1.77,-2.21,,,,,,,,,,,,,,0.82
82.033,1782,0,tag_lost_countdown,-1.77,-2.21,,,,,,,,,,,,,,0.86
82.075,1783,0,tag_lost_countdown,-1.77,-2.21,,,,,,,,,,,,,,0.91
82.121,1784,0,tag_lost_countdown,-1.77,-2.21,,,,,,,,,,,,,,0.95
82.163,1785,0,tag_lost_countdown,-1.77,-2.21,,,,,,,,,,,,,,1.0
82.212,1786,0,tag_lost_countdown,-1.77,-2.21,,,,,,,,,,,,,,1.04
82.256,1787,0,tag_lost_countdown,-1.77,-2.21,,,,,,,,,,,,,,1.09
82.305,1788,0,tag_lost_countdown,-1.77,-2.21,,,,,,,,,,,,,,1.13
82.346,1789,0,tag_lost_countdown,-1.77,-2.21,,,,,,,,,,,,,,1.18
82.400,1790,0,tag_lost_countdown,-1.77,-2.21,,,,,,,,,,,,,,1.22
82.441,1791,0,tag_lost_countdown,-1.77,-2.21,,,,,,,,,,,,,,1.28
82.487,1792,0,tag_lost_countdown,-1.77,-2.21,,,,,,,,,,,,,,1.32
82.531,1793,0,tag_lost_countdown,-1.77,-2.21,,,,,,,,,,,,,,1.36
82.576,1794,0,tag_lost_countdown,-1.77,-2.21,,,,,,,,,,,,,,1.41
82.616,1795,0,tag_lost_countdown,-1.77,-2.21,,,,,,,,,,,,,,1.45
82.660,1796,0,tag_lost_countdown,-1.77,-2.21,,,,,,,,,,,,,,1.49
82.700,1797,0,tag_lost_countdown,-1.77,-2.21,,,,,,,,,,,,,,1.54
82.741,1798,0,tag_lost_countdown,-1.77,-2.21,,,,,,,,,,,,,,1.57
82.781,1799,0,tag_lost_countdown,-1.77,-2.21,,,,,,,,,,,,,,1.62
82.823,1800,0,tag_lost_countdown,-1.77,-2.21,,,,,,,,,,,,,,1.66
82.861,1801,0,tag_lost_countdown,-1.77,-2.21,,,,,,,,,,,,,,1.7
82.904,1802,0,tag_lost_countdown,-1.77,-2.21,,,,,,,,,,,,,,1.74
82.941,1803,0,tag_lost_countdown,-1.77,-2.21,,,,,,,,,,,,,,1.78
82.991,1804,0,tag_lost_countdown,-1.77,-2.21,,,,,,,,,,,,,,1.81
83.028,1805,0,tag_lost_countdown,-1.77,-2.21,,,,,,,,,,,,,,1.87
83.078,1806,1,ibvs_active,0.23,-1.2,179.5,-23.8,143.1,-20.2,181.0,2.0,1.012,0.0,0,0,0,1,35.4,
83.124,1807,1,ibvs_active,2.23,-0.1,185.6,-22.4,177.1,-22.0,187.0,2.0,1.099,0.0,0,0,0,1,35.1,
83.174,1808,1,ibvs_active,4.23,0.94,185.6,-20.6,183.9,-20.9,186.8,2.0,1.043,0.0,0,0,0,1,34.1,
83.216,1809,1,ibvs_active,6.23,1.67,161.4,-13.0,165.9,-14.6,162.0,2.0,0.728,0.0,0,0,0,1,20.7,
83.266,1810,0,tag_lost_countdown,6.23,1.67,,,,,,,,,,,,,,0.0
83.309,1811,0,tag_lost_countdown,6.23,1.67,,,,,,,,,,,,,,0.05
83.358,1812,1,ibvs_active,8.23,0.98,101.1,20.9,114.1,13.8,103.3,2.0,-0.691,0.0,0,0,0,1,30.0,
83.402,1813,1,ibvs_active,10.23,-0.01,96.5,21.3,100.0,19.8,98.8,2.0,-0.989,0.0,0,0,0,1,36.0,
83.458,1814,1,ibvs_active,12.23,-1.09,96.0,21.9,96.8,21.5,98.4,2.0,-1.074,0.0,0,0,0,1,32.4,
83.501,1815,0,tag_lost_countdown,12.23,-1.09,,,,,,,,,,,,,,0.0
83.551,1816,1,ibvs_active,14.23,-1.58,52.3,7.0,61.2,9.9,52.7,2.0,-0.494,0.0,0,0,0,1,34.0,
83.596,1817,0,tag_lost_countdown,14.23,-1.58,,,,,,,,,,,,,,0.0
83.643,1818,0,tag_lost_countdown,14.23,-1.58,,,,,,,,,,,,,,0.04
83.692,1819,1,ibvs_active,14.88,-1.57,12.0,-3.0,21.9,-0.4,12.4,0.648,0.011,0.0,0,0,0,1,31.4,
83.746,1820,1,ibvs_active,15.02,-1.54,11.8,-3.2,13.8,-2.7,12.2,0.139,0.027,0.0,0,0,0,1,32.9,
83.793,1821,1,ibvs_active,15.09,-1.52,11.7,-2.9,12.1,-2.9,12.1,0.075,0.018,0.0,0,0,0,1,32.3,
83.839,1822,0,tag_lost_countdown,15.09,-1.52,,,,,,,,,,,,,,0.0
83.885,1823,1,ibvs_active,15.36,-1.53,17.6,1.3,16.5,0.5,17.7,0.269,-0.008,0.0,0,0,0,1,26.4,
83.931,1824,0,tag_lost_countdown,15.36,-1.53,,,,,,,,,,,,,,0.0
83.975,1825,1,deadband,15.36,-1.53,-1.5,-5.3,2.1,-4.1,5.5,0.0,0.0,0.0,1,0,0,0,32.0,
84.023,1826,0,tag_lost_countdown,15.36,-1.53,,,,,,,,,,,,,,0.0
84.065,1827,1,deadband,15.36,-1.53,0.6,-6.7,0.9,-6.2,6.8,0.0,0.0,0.0,1,0,0,0,24.5,
84.110,1828,0,tag_lost_countdown,15.36,-1.53,,,,,,,,,,,,,,0.0
84.155,1829,0,tag_lost_countdown,15.36,-1.53,,,,,,,,,,,,,,0.05
84.202,1830,1,ibvs_active,15.15,-1.32,-15.1,-13.6,-11.9,-12.1,20.3,-0.207,0.211,0.0,0,0,0,1,25.8,
84.246,1831,1,ibvs_active,14.55,-1.04,-22.0,-8.6,-19.9,-9.3,23.6,-0.599,0.28,0.0,0,0,0,1,31.9,
84.302,1832,1,ibvs_active,13.74,-0.78,-23.8,-6.8,-23.0,-7.3,24.7,-0.811,0.256,0.0,0,0,0,1,31.2,
84.344,1833,1,ibvs_active,12.23,-0.4,-32.0,-7.8,-30.2,-7.7,33.0,-1.511,0.383,0.0,0,0,0,1,32.6,
84.396,1834,0,tag_lost_countdown,12.23,-0.4,,,,,,,,,,,,,,0.0
84.436,1835,0,tag_lost_countdown,12.23,-0.4,,,,,,,,,,,,,,0.05
84.485,1836,1,ibvs_active,10.88,0.28,-26.3,-15.2,-27.1,-13.7,30.4,-1.353,0.687,0.0,0,0,0,1,31.2,
84.529,1837,1,ibvs_active,9.49,0.96,-27.9,-13.6,-27.7,-13.6,31.0,-1.386,0.68,0.0,0,0,0,1,29.9,
84.577,1838,0,tag_lost_countdown,9.49,0.96,,,,,,,,,,,,,,0.0
84.617,1839,0,tag_lost_countdown,9.49,0.96,,,,,,,,,,,,,,0.05
84.663,1840,0,tag_lost_countdown,9.49,0.96,,,,,,,,,,,,,,0.09
84.708,1841,1,deadband,9.49,0.96,5.6,5.1,-1.0,1.4,7.6,0.0,0.0,0.0,1,0,0,0,30.1,
84.766,1842,1,deadband,9.49,0.96,5.9,4.4,4.5,3.8,7.4,0.0,0.0,0.0,1,0,0,0,29.3,
84.807,1843,0,tag_lost_countdown,9.49,0.96,,,,,,,,,,,,,,0.0
84.856,1844,1,ibvs_active,9.68,0.85,15.4,9.4,13.2,8.3,18.1,0.186,-0.116,0.0,0,0,0,1,22.8,
84.898,1845,1,deadband,9.68,0.85,6.8,10.0,8.1,9.6,12.1,0.0,0.0,0.0,1,0,0,0,24.0,
84.947,1846,1,ibvs_active,9.73,0.74,4.7,13.2,5.4,12.5,14.0,0.048,-0.112,0.0,0,0,0,1,29.0,
84.992,1847,1,ibvs_active,9.76,0.69,5.7,10.0,5.6,10.5,11.5,0.027,-0.05,0.0,0,0,0,1,29.3,
85.042,1848,1,deadband,9.76,0.69,0.7,6.5,1.7,7.3,6.5,0.0,0.0,0.0,1,0,0,0,29.6,
85.087,1849,1,deadband,9.76,0.69,-1.5,7.3,-0.9,7.3,7.4,0.0,0.0,0.0,1,0,0,0,28.8,
85.144,1850,1,deadband,9.76,0.69,-1.6,6.2,-1.4,6.4,6.4,0.0,0.0,0.0,1,0,0,0,28.8,
85.186,1851,1,deadband,9.76,0.69,-7.3,1.5,-6.1,2.5,7.4,0.0,0.0,0.0,1,0,0,0,26.3,
85.237,1852,1,ibvs_active,9.72,0.68,-12.1,3.4,-10.9,3.2,12.6,-0.038,-0.011,0.0,0,0,0,1,29.3,
85.281,1853,1,ibvs_active,9.61,0.64,-13.2,4.6,-12.7,4.3,14.0,-0.11,-0.037,0.0,0,0,0,1,30.5,
85.330,1854,1,ibvs_active,9.32,0.55,-17.2,5.3,-16.3,5.1,18.0,-0.289,-0.09,0.0,0,0,0,1,27.5,
85.375,1855,1,ibvs_active,8.73,0.45,-22.1,2.9,-21.0,3.4,22.3,-0.59,-0.094,0.0,0,0,0,1,29.0,
85.420,1856,0,tag_lost_countdown,8.73,0.45,,,,,,,,,,,,,,0.0
85.461,1857,0,tag_lost_countdown,8.73,0.45,,,,,,,,,,,,,,0.05
85.507,1858,0,tag_lost_countdown,8.73,0.45,,,,,,,,,,,,,,0.09
85.552,1859,1,ibvs_active,7.83,0.21,-24.9,7.2,-24.1,6.4,25.9,-0.9,-0.24,0.0,0,0,0,1,30.2,
85.606,1860,1,ibvs_active,6.86,0.05,-25.4,3.8,-25.1,4.3,25.6,-0.971,-0.168,0.0,0,0,0,1,30.5,
85.651,1861,1,ibvs_active,5.89,-0.15,-24.9,5.3,-24.9,5.1,25.5,-0.964,-0.197,0.0,0,0,0,1,30.3,
85.699,1862,1,ibvs_active,4.99,-0.35,-24.1,5.4,-24.3,5.3,24.7,-0.904,-0.197,0.0,0,0,0,1,30.1,
85.742,1863,1,deadband,4.99,-0.35,-5.6,5.3,-9.3,5.3,7.7,0.0,0.0,0.0,1,0,0,0,30.1,
85.793,1864,0,tag_lost_countdown,4.99,-0.35,,,,,,,,,,,,,,0.0
85.836,1865,1,ibvs_active,4.99,-0.35,15.0,-0.6,10.1,0.6,15.0,0.004,-0.0,0.0,0,0,0,1,29.4,
85.886,1866,1,ibvs_active,5.15,-0.35,15.4,-0.3,14.3,-0.1,15.4,0.154,0.001,0.0,0,0,0,1,29.3,
85.932,1867,1,ibvs_active,5.34,-0.34,15.4,-0.4,15.2,-0.4,15.4,0.196,0.005,0.0,0,0,0,1,29.3,
85.985,1868,1,ibvs_active,5.54,-0.34,15.3,-0.3,15.3,-0.3,15.3,0.201,0.004,0.0,0,0,0,1,30.4,
86.041,1869,1,ibvs_active,5.75,-0.33,15.3,-0.4,15.3,-0.4,15.4,0.204,0.005,0.0,0,0,0,1,30.2,
86.094,1870,1,ibvs_active,5.95,-0.33,15.3,-0.4,15.3,-0.4,15.3,0.203,0.005,0.0,0,0,0,1,30.7,
86.140,1871,1,ibvs_active,6.16,-0.32,15.4,-0.3,15.4,-0.3,15.4,0.207,0.005,0.0,0,0,0,1,30.3,
86.192,1872,1,ibvs_active,6.36,-0.32,15.3,-0.4,15.3,-0.4,15.3,0.204,0.005,0.0,0,0,0,1,30.0,
86.238,1873,1,ibvs_active,6.56,-0.31,15.2,-0.4,15.2,-0.4,15.2,0.2,0.005,0.0,0,0,0,1,31.4,
86.291,1874,1,ibvs_active,6.69,-0.31,13.4,-0.4,13.7,-0.4,13.4,0.128,0.003,0.0,0,0,0,1,30.6,
86.336,1875,1,ibvs_active,6.8,-0.31,13.1,-0.5,13.2,-0.4,13.1,0.107,0.004,0.0,0,0,0,1,31.2,
86.386,1876,1,deadband,6.8,-0.31,7.5,-0.7,8.6,-0.6,7.5,0.0,0.0,0.0,1,0,0,0,30.0,
86.435,1877,1,deadband,6.8,-0.31,7.4,-0.4,7.6,-0.4,7.4,0.0,0.0,0.0,1,0,0,0,30.4,
86.487,1878,1,deadband,6.8,-0.31,7.3,-0.3,7.4,-0.4,7.3,0.0,0.0,0.0,1,0,0,0,31.0,
86.533,1879,1,deadband,6.8,-0.31,7.3,-0.4,7.3,-0.4,7.3,0.0,0.0,0.0,1,0,0,0,30.6,
86.582,1880,1,deadband,6.8,-0.31,7.4,-0.3,7.4,-0.4,7.4,0.0,0.0,0.0,1,0,0,0,30.1,
86.626,1881,1,deadband,6.8,-0.31,7.3,-0.4,7.3,-0.4,7.3,0.0,0.0,0.0,1,0,0,0,30.6,
86.682,1882,1,deadband,6.8,-0.31,7.3,-0.4,7.3,-0.4,7.3,0.0,0.0,0.0,1,0,0,0,31.5,
86.727,1883,1,deadband,6.8,-0.31,7.3,-0.3,7.3,-0.3,7.3,0.0,0.0,0.0,1,0,0,0,30.0,
86.778,1884,1,deadband,6.8,-0.31,7.4,-0.3,7.4,-0.3,7.4,0.0,0.0,0.0,1,0,0,0,31.6,
86.822,1885,1,deadband,6.8,-0.31,7.3,-0.3,7.3,-0.3,7.4,0.0,0.0,0.0,1,0,0,0,30.0,
86.873,1886,1,deadband,6.8,-0.31,7.3,-0.4,7.3,-0.3,7.3,0.0,0.0,0.0,1,0,0,0,29.1,
86.917,1887,1,deadband,6.8,-0.31,7.4,-0.4,7.3,-0.4,7.4,0.0,0.0,0.0,1,0,0,0,30.8,
86.969,1888,1,deadband,6.8,-0.31,7.3,-0.4,7.3,-0.4,7.3,0.0,0.0,0.0,1,0,0,0,30.9,
87.014,1889,1,deadband,6.8,-0.31,7.3,-0.4,7.3,-0.4,7.4,0.0,0.0,0.0,1,0,0,0,31.3,
87.067,1890,1,deadband,6.8,-0.31,7.3,-0.3,7.3,-0.3,7.3,0.0,0.0,0.0,1,0,0,0,30.7,
87.120,1891,1,deadband,6.8,-0.31,7.3,-0.4,7.3,-0.4,7.3,0.0,0.0,0.0,1,0,0,0,30.5,
87.171,1892,1,deadband,6.8,-0.31,7.3,-0.4,7.3,-0.4,7.3,0.0,0.0,0.0,1,0,0,0,31.1,
87.217,1893,1,deadband,6.8,-0.31,7.4,-0.4,7.4,-0.4,7.4,0.0,0.0,0.0,1,0,0,0,30.9,
87.268,1894,1,deadband,6.8,-0.31,7.3,-0.4,7.3,-0.4,7.3,0.0,0.0,0.0,1,0,0,0,30.7,
87.313,1895,1,deadband,6.8,-0.31,7.3,-0.4,7.3,-0.4,7.3,0.0,0.0,0.0,1,0,0,0,30.9,
87.361,1896,0,tag_lost_countdown,6.8,-0.31,,,,,,,,,,,,,,0.0
87.401,1897,1,deadband,6.8,-0.31,8.9,4.6,8.6,3.6,10.0,0.0,0.0,0.0,1,0,0,0,30.9,
87.451,1898,1,deadband,6.8,-0.31,4.8,4.0,5.5,4.0,6.3,0.0,0.0,0.0,1,0,0,0,29.8,
87.493,1899,1,deadband,6.8,-0.31,-1.0,-6.5,0.3,-4.4,6.6,0.0,0.0,0.0,1,0,0,0,23.7,
87.543,1900,0,tag_lost_countdown,6.8,-0.31,,,,,,,,,,,,,,0.0
87.583,1901,1,deadband,6.8,-0.31,-5.6,-1.9,-4.4,-2.4,5.9,0.0,0.0,0.0,1,0,0,0,20.2,
87.629,1902,1,deadband,6.8,-0.31,-7.9,-9.2,-7.2,-7.8,12.1,0.0,0.0,0.0,1,0,0,0,21.4,
87.673,1903,1,ibvs_active,6.71,-0.28,-13.4,-3.2,-12.2,-4.1,13.8,-0.087,0.029,0.0,0,0,0,1,30.7,
87.721,1904,0,tag_lost_countdown,6.71,-0.28,,,,,,,,,,,,,,0.0
87.762,1905,0,tag_lost_countdown,6.71,-0.28,,,,,,,,,,,,,,0.05
87.807,1906,0,tag_lost_countdown,6.71,-0.28,,,,,,,,,,,,,,0.09
87.845,1907,0,tag_lost_countdown,6.71,-0.28,,,,,,,,,,,,,,0.13
87.892,1908,1,ibvs_active,5.78,0.06,-27.0,-9.7,-24.0,-8.6,28.7,-0.933,0.334,0.0,0,0,0,1,31.6,
87.933,1909,1,ibvs_active,4.25,0.66,-32.2,-12.8,-30.6,-12.0,34.7,-1.53,0.599,0.0,0,0,0,1,29.7,
87.979,1910,1,ibvs_active,2.41,1.22,-38.4,-11.0,-36.8,-11.2,39.9,-1.842,0.559,0.0,0,0,0,1,30.0,
88.020,1911,1,ibvs_active,0.41,1.85,-41.9,-12.9,-40.9,-12.6,43.8,-2.0,0.629,0.0,0,0,0,1,30.8,
88.065,1912,1,ibvs_active,-1.59,2.55,-44.7,-14.4,-43.9,-14.0,47.0,-2.0,0.702,0.0,0,0,0,1,25.1,
88.104,1913,1,ibvs_active,-2.4,2.48,-18.5,5.8,-23.6,1.9,19.4,-0.806,-0.064,0.0,0,0,0,1,22.1,
88.149,1914,1,ibvs_active,-2.55,2.49,-11.7,-1.4,-14.1,-0.7,11.8,-0.145,0.007,0.0,0,0,0,1,28.7,
88.190,1915,0,tag_lost_countdown,-2.55,2.49,,,,,,,,,,,,,,0.0
88.231,1916,0,tag_lost_countdown,-2.55,2.49,,,,,,,,,,,,,,0.04
88.270,1917,1,ibvs_active,-2.09,2.34,27.0,7.7,18.8,6.0,28.1,0.459,-0.147,0.0,0,0,0,1,25.9,
88.315,1918,1,ibvs_active,-1.62,2.35,19.8,-1.7,19.6,-0.2,19.9,0.469,0.004,0.0,0,0,0,1,30.5,
88.356,1919,1,ibvs_active,-1.38,2.34,15.1,1.0,16.0,0.8,15.1,0.239,-0.012,0.0,0,0,0,1,30.4,
88.404,1920,1,ibvs_active,-1.13,2.28,15.7,4.7,15.8,3.9,16.4,0.246,-0.06,0.0,0,0,0,1,30.7,
88.446,1921,1,ibvs_active,-0.69,2.15,19.5,5.8,18.7,5.4,20.3,0.444,-0.129,0.0,0,0,0,1,30.9,
88.491,1922,1,ibvs_active,-0.25,2.02,18.7,5.5,18.7,5.5,19.5,0.444,-0.131,0.0,0,0,0,1,30.6,
88.533,1923,1,ibvs_active,0.09,1.91,16.8,5.1,17.2,5.2,17.6,0.341,-0.103,0.0,0,0,0,1,31.1,
88.578,1924,1,ibvs_active,0.31,1.83,14.1,5.6,14.7,5.5,15.2,0.21,-0.078,0.0,0,0,0,1,30.8,
88.618,1925,1,deadband,0.31,1.83,6.3,5.7,8.0,5.7,8.5,0.0,0.0,0.0,1,0,0,0,30.6,
88.667,1926,1,deadband,0.31,1.83,5.1,5.4,5.7,5.5,7.5,0.0,0.0,0.0,1,0,0,0,30.4,
88.708,1927,1,deadband,0.31,1.83,4.1,5.4,4.4,5.4,6.8,0.0,0.0,0.0,1,0,0,0,30.5,
88.756,1928,1,deadband,0.31,1.83,4.1,5.5,4.2,5.5,6.9,0.0,0.0,0.0,1,0,0,0,30.4,
88.798,1929,1,deadband,0.31,1.83,4.2,5.4,4.2,5.4,6.9,0.0,0.0,0.0,1,0,0,0,30.1,
88.843,1930,1,deadband,0.31,1.83,4.2,5.1,4.2,5.1,6.6,0.0,0.0,0.0,1,0,0,0,30.3,
88.883,1931,1,deadband,0.31,1.83,4.2,4.7,4.2,4.8,6.3,0.0,0.0,0.0,1,0,0,0,31.1,
88.934,1932,1,deadband,0.31,1.83,4.2,4.7,4.2,4.7,6.3,0.0,0.0,0.0,1,0,0,0,29.6,
88.977,1933,1,deadband,0.31,1.83,4.2,5.0,4.2,4.9,6.5,0.0,0.0,0.0,1,0,0,0,30.9,
89.024,1934,0,tag_lost_countdown,0.31,1.83,,,,,,,,,,,,,,0.0
89.065,1935,1,ibvs_active,0.25,1.83,-15.9,0.4,-11.8,1.3,15.9,-0.056,-0.006,0.0,0,0,0,1,24.4,
89.111,1936,1,ibvs_active,-0.3,1.71,-22.5,5.1,-20.4,4.3,23.1,-0.553,-0.117,0.0,0,0,0,1,30.9,
89.150,1937,1,ibvs_active,-1.03,1.58,-23.0,4.0,-22.5,4.0,23.4,-0.724,-0.13,0.0,0,0,0,1,30.3,
89.196,1938,0,tag_lost_countdown,-1.03,1.58,,,,,,,,,,,,,,0.0
89.243,1939,1,ibvs_active,-1.77,1.35,-22.2,7.8,-22.3,7.0,23.6,-0.745,-0.235,0.0,0,0,0,1,27.8,
89.289,1940,1,ibvs_active,-2.15,1.15,-15.3,9.3,-16.7,8.9,17.9,-0.372,-0.198,0.0,0,0,0,1,28.8,
89.331,1941,1,ibvs_active,-2.17,1.1,-2.4,11.2,-5.2,10.8,11.5,-0.026,-0.053,0.0,0,0,0,1,29.4,
89.376,1942,1,ibvs_active,-2.16,1.03,3.1,12.6,1.4,12.2,13.0,0.008,-0.071,0.0,0,0,0,1,29.1,
89.421,1943,0,tag_lost_countdown,-2.16,1.03,,,,,,,,,,,,,,0.0
89.466,1944,1,ibvs_active,-1.24,0.42,27.3,15.3,22.2,14.7,31.3,0.919,-0.61,0.0,0,0,0,1,28.8,
89.508,1945,1,ibvs_active,0.34,-0.31,34.1,14.4,31.7,14.5,37.1,1.586,-0.725,0.0,0,0,0,1,28.8,
89.552,1946,1,ibvs_active,2.16,-0.92,37.6,11.7,36.4,12.2,39.4,1.822,-0.611,0.0,0,0,0,1,29.0,
89.595,1947,1,ibvs_active,4.16,-1.46,42.8,10.3,41.5,10.7,44.1,2.0,-0.535,0.0,0,0,0,1,20.4,
89.641,1948,1,ibvs_active,6.06,-1.6,37.1,0.8,38.0,2.8,37.1,1.899,-0.14,0.0,0,0,0,1,23.9,
89.680,1949,0,tag_lost_countdown,6.06,-1.6,,,,,,,,,,,,,,0.0
89.728,1950,1,ibvs_active,7.14,-1.23,22.3,-11.5,25.4,-8.7,25.1,1.074,0.366,0.0,0,0,0,1,24.6,
89.769,1951,1,ibvs_active,7.26,-1.07,5.0,-13.1,9.1,-12.2,14.0,0.118,0.159,0.0,0,0,0,1,28.9,
89.816,1952,1,ibvs_active,7.36,-0.92,8.5,-12.3,8.6,-12.3,14.9,0.106,0.152,0.0,0,0,0,1,30.9,
89.860,1953,0,tag_lost_countdown,7.36,-0.92,,,,,,,,,,,,,,0.0
89.907,1954,1,ibvs_active,7.37,-0.85,-0.2,-12.2,1.5,-12.2,12.2,0.009,0.07,0.0,0,0,0,1,27.3,
89.951,1955,1,ibvs_active,7.39,-0.78,3.4,-11.9,3.0,-12.0,12.4,0.018,0.071,0.0,0,0,0,1,26.6,
89.997,1956,0,tag_lost_countdown,7.39,-0.78,,,,,,,,,,,,,,0.0
90.039,1957,0,tag_lost_countdown,7.39,-0.78,,,,,,,,,,,,,,0.05
90.088,1958,0,tag_lost_countdown,7.39,-0.78,,,,,,,,,,,,,,0.09
90.128,1959,0,tag_lost_countdown,7.39,-0.78,,,,,,,,,,,,,,0.14
90.174,1960,0,tag_lost_countdown,7.39,-0.78,,,,,,,,,,,,,,0.18
90.213,1961,0,tag_lost_countdown,7.39,-0.78,,,,,,,,,,,,,,0.22
90.263,1962,0,tag_lost_countdown,7.39,-0.78,,,,,,,,,,,,,,0.26
90.304,1963,0,tag_lost_countdown,7.39,-0.78,,,,,,,,,,,,,,0.31
90.347,1964,0,tag_lost_countdown,7.39,-0.78,,,,,,,,,,,,,,0.35
90.387,1965,0,tag_lost_countdown,7.39,-0.78,,,,,,,,,,,,,,0.4
90.431,1966,0,tag_lost_countdown,7.39,-0.78,,,,,,,,,,,,,,0.43
90.472,1967,0,tag_lost_countdown,7.39,-0.78,,,,,,,,,,,,,,0.48
90.530,1968,0,tag_lost_countdown,7.39,-0.78,,,,,,,,,,,,,,0.53
90.571,1969,0,tag_lost_countdown,7.39,-0.78,,,,,,,,,,,,,,0.58
90.617,1970,0,tag_lost_countdown,7.39,-0.78,,,,,,,,,,,,,,0.62
90.658,1971,0,tag_lost_countdown,7.39,-0.78,,,,,,,,,,,,,,0.67
90.709,1972,0,tag_lost_countdown,7.39,-0.78,,,,,,,,,,,,,,0.71
90.750,1973,0,tag_lost_countdown,7.39,-0.78,,,,,,,,,,,,,,0.76
90.796,1974,0,tag_lost_countdown,7.39,-0.78,,,,,,,,,,,,,,0.8
90.835,1975,0,tag_lost_countdown,7.39,-0.78,,,,,,,,,,,,,,0.84
90.877,1976,0,tag_lost_countdown,7.39,-0.78,,,,,,,,,,,,,,0.88
90.921,1977,0,tag_lost_countdown,7.39,-0.78,,,,,,,,,,,,,,0.93
90.963,1978,0,tag_lost_countdown,7.39,-0.78,,,,,,,,,,,,,,0.97
91.001,1979,0,tag_lost_countdown,7.39,-0.78,,,,,,,,,,,,,,1.01
91.043,1980,0,tag_lost_countdown,7.39,-0.78,,,,,,,,,,,,,,1.05
91.083,1981,0,tag_lost_countdown,7.39,-0.78,,,,,,,,,,,,,,1.09
91.127,1982,0,tag_lost_countdown,7.39,-0.78,,,,,,,,,,,,,,1.13
91.174,1983,0,tag_lost_countdown,7.39,-0.78,,,,,,,,,,,,,,1.19
91.225,1984,0,tag_lost_countdown,7.39,-0.78,,,,,,,,,,,,,,1.22
91.264,1985,0,tag_lost_countdown,7.39,-0.78,,,,,,,,,,,,,,1.27
91.307,1986,0,tag_lost_countdown,7.39,-0.78,,,,,,,,,,,,,,1.31
91.353,1987,0,tag_lost_countdown,7.39,-0.78,,,,,,,,,,,,,,1.35
91.399,1988,0,tag_lost_countdown,7.39,-0.78,,,,,,,,,,,,,,1.4
91.438,1989,0,tag_lost_countdown,7.39,-0.78,,,,,,,,,,,,,,1.45
91.483,1990,0,tag_lost_countdown,7.39,-0.78,,,,,,,,,,,,,,1.49
91.524,1991,0,tag_lost_countdown,7.39,-0.78,,,,,,,,,,,,,,1.53
91.574,1992,0,tag_lost_countdown,7.39,-0.78,,,,,,,,,,,,,,1.57
91.614,1993,0,tag_lost_countdown,7.39,-0.78,,,,,,,,,,,,,,1.62
91.660,1994,0,tag_lost_countdown,7.39,-0.78,,,,,,,,,,,,,,1.66
91.700,1995,0,tag_lost_countdown,7.39,-0.78,,,,,,,,,,,,,,1.71
91.743,1996,0,tag_lost_countdown,7.39,-0.78,,,,,,,,,,,,,,1.75
91.782,1997,0,tag_lost_countdown,7.39,-0.78,,,,,,,,,,,,,,1.79
91.828,1998,0,tag_lost_countdown,7.39,-0.78,,,,,,,,,,,,,,1.83
91.869,1999,0,tag_lost_countdown,7.39,-0.78,,,,,,,,,,,,,,1.88
91.914,2000,0,tag_lost_countdown,7.39,-0.78,,,,,,,,,,,,,,1.92
91.952,2001,0,tag_lost_countdown,7.39,-0.78,,,,,,,,,,,,,,1.96
91.997,2002,0,tag_lost_countdown,7.39,-0.78,,,,,,,,,,,,,,2.0
92.033,2003,0,tag_lost_countdown,7.39,-0.78,,,,,,,,,,,,,,2.04
92.075,2004,0,tag_lost_countdown,7.39,-0.78,,,,,,,,,,,,,,2.08
92.113,2005,0,tag_lost_countdown,7.39,-0.78,,,,,,,,,,,,,,2.12
92.156,2006,0,tag_lost_countdown,7.39,-0.78,,,,,,,,,,,,,,2.16
92.201,2007,0,tag_lost_countdown,7.39,-0.78,,,,,,,,,,,,,,2.2
92.246,2008,0,tag_lost_countdown,7.39,-0.78,,,,,,,,,,,,,,2.25
92.285,2009,0,tag_lost_countdown,7.39,-0.78,,,,,,,,,,,,,,2.29
92.330,2010,0,tag_lost_countdown,7.39,-0.78,,,,,,,,,,,,,,2.33
92.371,2011,0,tag_lost_countdown,7.39,-0.78,,,,,,,,,,,,,,2.38
92.416,2012,0,tag_lost_countdown,7.39,-0.78,,,,,,,,,,,,,,2.42
92.456,2013,0,tag_lost_countdown,7.39,-0.78,,,,,,,,,,,,,,2.46
92.502,2014,0,tag_lost_countdown,7.39,-0.78,,,,,,,,,,,,,,2.5
92.541,2015,0,tag_lost_countdown,7.39,-0.78,,,,,,,,,,,,,,2.55
92.587,2016,0,tag_lost_countdown,7.39,-0.78,,,,,,,,,,,,,,2.59
92.625,2017,0,tag_lost_countdown,7.39,-0.78,,,,,,,,,,,,,,2.63
92.667,2018,0,tag_lost_countdown,7.39,-0.78,,,,,,,,,,,,,,2.67
92.708,2019,0,tag_lost_countdown,7.39,-0.78,,,,,,,,,,,,,,2.71
92.752,2020,0,tag_lost_countdown,7.39,-0.78,,,,,,,,,,,,,,2.76
92.792,2021,0,tag_lost_countdown,7.39,-0.78,,,,,,,,,,,,,,2.8
92.836,2022,0,tag_lost_countdown,7.39,-0.78,,,,,,,,,,,,,,2.84
92.875,2023,0,tag_lost_countdown,7.39,-0.78,,,,,,,,,,,,,,2.88
92.917,2024,0,tag_lost_countdown,7.39,-0.78,,,,,,,,,,,,,,2.92
92.957,2025,0,tag_lost_countdown,7.39,-0.78,,,,,,,,,,,,,,2.96
93.003,2026,0,tag_lost_countdown,7.39,-0.78,,,,,,,,,,,,,,3.0
93.045,2027,0,tag_lost_countdown,7.39,-0.78,,,,,,,,,,,,,,3.05
93.094,2028,0,tag_lost_countdown,7.39,-0.78,,,,,,,,,,,,,,3.1
93.133,2029,0,tag_lost_countdown,7.39,-0.78,,,,,,,,,,,,,,3.14
93.176,2030,0,tag_lost_countdown,7.39,-0.78,,,,,,,,,,,,,,3.18
93.216,2031,0,tag_lost_countdown,7.39,-0.78,,,,,,,,,,,,,,3.22
93.268,2032,0,tag_lost_countdown,7.39,-0.78,,,,,,,,,,,,,,3.26
93.309,2033,0,tag_lost_countdown,7.39,-0.78,,,,,,,,,,,,,,3.32
93.354,2034,0,tag_lost_countdown,7.39,-0.78,,,,,,,,,,,,,,3.36
93.396,2035,0,tag_lost_countdown,7.39,-0.78,,,,,,,,,,,,,,3.4
93.445,2036,0,tag_lost_countdown,7.39,-0.78,,,,,,,,,,,,,,3.44
93.486,2037,0,tag_lost_countdown,7.39,-0.78,,,,,,,,,,,,,,3.49
93.533,2038,0,tag_lost_countdown,7.39,-0.78,,,,,,,,,,,,,,3.53
93.573,2039,0,tag_lost_countdown,7.39,-0.78,,,,,,,,,,,,,,3.58
93.620,2040,0,tag_lost_countdown,7.39,-0.78,,,,,,,,,,,,,,3.62
93.659,2041,0,tag_lost_countdown,7.39,-0.78,,,,,,,,,,,,,,3.67
93.709,2042,0,tag_lost_countdown,7.39,-0.78,,,,,,,,,,,,,,3.71
93.749,2043,0,tag_lost_countdown,7.39,-0.78,,,,,,,,,,,,,,3.76
93.793,2044,0,tag_lost_countdown,7.39,-0.78,,,,,,,,,,,,,,3.8
93.832,2045,0,tag_lost_countdown,7.39,-0.78,,,,,,,,,,,,,,3.84
93.878,2046,0,tag_lost_countdown,7.39,-0.78,,,,,,,,,,,,,,3.88
93.921,2047,0,tag_lost_countdown,7.39,-0.78,,,,,,,,,,,,,,3.93
93.966,2048,0,tag_lost_countdown,7.39,-0.78,,,,,,,,,,,,,,3.97
94.004,2049,0,tag_lost_countdown,7.39,-0.78,,,,,,,,,,,,,,4.01
94.051,2050,0,tag_lost_countdown,7.39,-0.78,,,,,,,,,,,,,,4.05
94.092,2051,1,ibvs_active,5.39,0.02,-276.0,-17.0,-220.2,-16.0,276.5,-2.0,0.8,0.0,0,0,0,1,20.5,
94.147,2052,1,ibvs_active,3.39,0.73,-280.0,-13.6,-268.1,-14.1,280.3,-2.0,0.704,0.0,0,0,0,1,29.1,
94.188,2053,1,ibvs_active,1.39,1.61,-278.7,-18.6,-276.6,-17.7,279.3,-2.0,0.884,0.0,0,0,0,1,27.2,
94.235,2054,1,ibvs_active,-0.61,2.03,-270.0,-6.2,-271.3,-8.5,270.1,-2.0,0.423,0.0,0,0,0,1,28.2,
94.276,2055,0,tag_lost_countdown,-0.61,2.03,,,,,,,,,,,,,,0.0
94.319,2056,0,tag_lost_countdown,-0.61,2.03,,,,,,,,,,,,,,0.04
94.361,2057,1,ibvs_active,-2.61,1.4,-204.8,18.0,-218.1,12.7,205.6,-2.0,-0.633,0.0,0,0,0,1,25.6,
94.410,2058,1,ibvs_active,-4.61,0.57,-199.0,17.6,-202.8,16.6,199.8,-2.0,-0.832,0.0,0,0,0,1,27.4,
94.453,2059,1,ibvs_active,-6.61,-0.3,-198.7,17.7,-199.5,17.5,199.5,-2.0,-0.873,0.0,0,0,0,1,25.6,
94.499,2060,0,tag_lost_countdown,-6.61,-0.3,,,,,,,,,,,,,,0.0
94.538,2061,0,tag_lost_countdown,-6.61,-0.3,,,,,,,,,,,,,,0.05
94.582,2062,0,tag_lost_countdown,-6.61,-0.3,,,,,,,,,,,,,,0.08
94.623,2063,1,ibvs_active,-8.61,-0.67,-134.1,4.8,-147.2,7.3,134.2,-2.0,-0.366,0.0,0,0,0,1,28.2,
94.673,2064,1,ibvs_active,-10.61,-0.96,-133.0,5.4,-135.9,5.7,133.1,-2.0,-0.287,0.0,0,0,0,1,26.6,
94.717,2065,1,ibvs_active,-12.61,-1.21,-132.4,4.9,-133.1,5.0,132.5,-2.0,-0.252,0.0,0,0,0,1,27.9,
94.761,2066,0,tag_lost_countdown,-12.61,-1.21,,,,,,,,,,,,,,0.0
94.800,2067,0,tag_lost_countdown,-12.61,-1.21,,,,,,,,,,,,,,0.04
94.845,2068,0,tag_lost_countdown,-12.61,-1.21,,,,,,,,,,,,,,0.08
94.889,2069,1,ibvs_active,-14.61,-0.98,-70.5,-6.9,-83.0,-4.5,70.9,-2.0,0.225,0.0,0,0,0,1,26.4,
94.939,2070,1,ibvs_active,-16.61,-0.66,-70.7,-7.1,-73.2,-6.6,71.1,-2.0,0.328,0.0,0,0,0,1,27.0,
94.984,2071,1,ibvs_active,-18.61,-0.31,-70.7,-7.1,-71.2,-7.0,71.1,-2.0,0.35,0.0,0,0,0,1,27.0,
95.032,2072,0,tag_lost_countdown,-18.61,-0.31,,,,,,,,,,,,,,0.0
95.075,2073,1,ibvs_active,-20.61,-0.05,-42.3,-4.7,-48.0,-5.2,42.5,-2.0,0.259,0.0,0,0,0,1,27.9,
95.119,2074,0,tag_lost_countdown,-20.61,-0.05,,,,,,,,,,,,,,0.0
95.160,2075,0,tag_lost_countdown,-20.61,-0.05,,,,,,,,,,,,,,0.04
95.209,2076,1,ibvs_active,-20.82,-0.06,-7.2,2.8,-15.4,1.2,7.7,-0.208,-0.017,0.0,0,0,0,1,26.2,
95.255,2077,1,deadband,-20.82,-0.06,-7.8,2.0,-9.3,1.8,8.1,0.0,0.0,0.0,1,0,0,0,29.6,
95.301,2078,1,deadband,-20.82,-0.06,-7.6,2.2,-7.9,2.1,7.9,0.0,0.0,0.0,1,0,0,0,28.8,
95.342,2079,1,deadband,-20.82,-0.06,-7.4,2.1,-7.5,2.1,7.7,0.0,0.0,0.0,1,0,0,0,24.2,
95.390,2080,1,deadband,-20.82,-0.06,0.8,2.7,-0.9,2.5,2.8,0.0,0.0,0.0,1,0,0,0,29.5,
95.433,2081,1,deadband,-20.82,-0.06,0.6,2.1,0.3,2.2,2.2,0.0,0.0,0.0,1,0,0,0,29.4,
95.495,2082,1,deadband,-20.82,-0.06,0.4,2.1,0.4,2.1,2.1,0.0,0.0,0.0,1,0,0,0,29.7,
95.537,2083,1,deadband,-20.82,-0.06,0.5,2.0,0.5,2.0,2.0,0.0,0.0,0.0,1,0,0,0,29.6,
95.587,2084,1,deadband,-20.82,-0.06,0.5,2.0,0.5,2.0,2.1,0.0,0.0,0.0,1,0,0,0,29.7,
95.634,2085,1,deadband,-20.82,-0.06,0.5,1.9,0.5,2.0,2.0,0.0,0.0,0.0,1,0,0,0,29.7,
95.683,2086,1,deadband,-20.82,-0.06,0.5,2.0,0.5,2.0,2.0,0.0,0.0,0.0,1,0,0,0,29.4,
95.729,2087,1,deadband,-20.82,-0.06,0.5,2.0,0.5,2.0,2.0,0.0,0.0,0.0,1,0,0,0,29.6,
95.780,2088,1,deadband,-20.82,-0.06,0.4,2.0,0.4,2.0,2.0,0.0,0.0,0.0,1,0,0,0,29.6,
95.824,2089,1,deadband,-20.82,-0.06,0.3,2.0,0.4,2.0,2.0,0.0,0.0,0.0,1,0,0,0,29.9,
95.878,2090,1,deadband,-20.82,-0.06,0.4,2.0,0.4,2.0,2.1,0.0,0.0,0.0,1,0,0,0,28.8,
95.921,2091,1,deadband,-20.82,-0.06,0.5,1.9,0.5,1.9,2.0,0.0,0.0,0.0,1,0,0,0,29.4,
95.969,2092,1,deadband,-20.82,-0.06,0.4,2.3,0.4,2.2,2.4,0.0,0.0,0.0,1,0,0,0,29.8,
96.013,2093,0,tag_lost_countdown,-20.82,-0.06,,,,,,,,,,,,,,0.0
96.059,2094,0,tag_lost_countdown,-20.82,-0.06,,,,,,,,,,,,,,0.04
96.099,2095,0,tag_lost_countdown,-20.82,-0.06,,,,,,,,,,,,,,0.09
96.142,2096,0,tag_lost_countdown,-20.82,-0.06,,,,,,,,,,,,,,0.13
96.181,2097,0,tag_lost_countdown,-20.82,-0.06,,,,,,,,,,,,,,0.17
96.229,2098,0,tag_lost_countdown,-20.82,-0.06,,,,,,,,,,,,,,0.21
96.272,2099,0,tag_lost_countdown,-20.82,-0.06,,,,,,,,,,,,,,0.26
96.315,2100,0,tag_lost_countdown,-20.82,-0.06,,,,,,,,,,,,,,0.3
96.357,2101,0,tag_lost_countdown,-20.82,-0.06,,,,,,,,,,,,,,0.34
96.401,2102,0,tag_lost_countdown,-20.82,-0.06,,,,,,,,,,,,,,0.39
96.439,2103,0,tag_lost_countdown,-20.82,-0.06,,,,,,,,,,,,,,0.43
96.485,2104,0,tag_lost_countdown,-20.82,-0.06,,,,,,,,,,,,,,0.47
96.531,2105,1,ibvs_active,-22.59,0.05,-44.4,-3.4,-35.4,-2.2,44.5,-1.771,0.112,0.0,0,0,0,1,29.2,
96.575,2106,0,tag_lost_countdown,-22.59,0.05,,,,,,,,,,,,,,0.0
96.617,2107,1,ibvs_active,-24.59,0.1,-43.4,-0.8,-41.8,-1.1,43.4,-2.0,0.054,0.0,0,0,0,1,26.9,
96.664,2108,1,ibvs_active,-25.73,0.07,-23.3,1.2,-27.0,0.8,23.3,-1.145,-0.032,0.0,0,0,0,1,25.2,
96.707,2109,1,ibvs_active,-26.61,0.02,-23.7,1.6,-24.3,1.4,23.7,-0.875,-0.052,0.0,0,0,0,1,29.3,
96.754,2110,0,tag_lost_countdown,-26.61,0.02,,,,,,,,,,,,,,0.0
96.799,2111,1,deadband,-26.61,0.02,5.0,1.5,-0.9,1.5,5.2,0.0,0.0,0.0,1,0,0,0,28.1,
96.847,2112,0,tag_lost_countdown,-26.61,0.02,,,,,,,,,,,,,,0.0
96.892,2113,1,ibvs_active,-26.54,0.01,15.5,1.8,12.2,1.7,15.6,0.072,-0.01,0.0,0,0,0,1,30.0,
96.944,2114,1,ibvs_active,-26.35,-0.01,15.5,1.8,14.9,1.8,15.6,0.185,-0.022,0.0,0,0,0,1,28.4,
97.003,2115,1,ibvs_active,-26.15,-0.04,15.3,1.5,15.2,1.6,15.3,0.2,-0.021,0.0,0,0,0,1,29.2,
97.057,2116,1,ibvs_active,-25.94,-0.06,15.4,1.6,15.3,1.6,15.4,0.207,-0.022,0.0,0,0,0,1,29.8,
97.103,2117,1,ibvs_active,-25.74,-0.08,15.3,1.6,15.3,1.6,15.4,0.207,-0.021,0.0,0,0,0,1,28.8,
97.156,2118,1,ibvs_active,-25.53,-0.1,15.2,1.5,15.2,1.5,15.3,0.203,-0.02,0.0,0,0,0,1,29.6,
97.199,2119,0,tag_lost_countdown,-25.53,-0.1,,,,,,,,,,,,,,0.0
97.244,2120,0,tag_lost_countdown,-25.53,-0.1,,,,,,,,,,,,,,0.04
97.290,2121,0,tag_lost_countdown,-25.53,-0.1,,,,,,,,,,,,,,0.09
97.335,2122,0,tag_lost_countdown,-25.53,-0.1,,,,,,,,,,,,,,0.13
97.379,2123,0,tag_lost_countdown,-25.53,-0.1,,,,,,,,,,,,,,0.18
97.430,2124,0,tag_lost_countdown,-25.53,-0.1,,,,,,,,,,,,,,0.23
97.470,2125,0,tag_lost_countdown,-25.53,-0.1,,,,,,,,,,,,,,0.27
97.512,2126,0,tag_lost_countdown,-25.53,-0.1,,,,,,,,,,,,,,0.31
97.555,2127,0,tag_lost_countdown,-25.53,-0.1,,,,,,,,,,,,,,0.36
97.601,2128,1,ibvs_active,-27.53,0.2,-171.0,-8.0,-133.7,-6.1,171.1,-2.0,0.303,0.0,0,0,0,1,27.2,
97.643,2129,1,ibvs_active,-29.53,0.36,-167.0,-2.4,-160.4,-3.1,167.0,-2.0,0.155,0.0,0,0,0,1,28.2,
97.693,2130,1,ibvs_active,-31.53,0.52,-164.7,-3.4,-163.9,-3.3,164.8,-2.0,0.165,0.0,0,0,0,1,29.2,
97.734,2131,0,tag_lost_countdown,-31.53,0.52,,,,,,,,,,,,,,0.0
97.777,2132,0,tag_lost_countdown,-31.53,0.52,,,,,,,,,,,,,,0.04
97.821,2133,0,tag_lost_countdown,-31.53,0.52,,,,,,,,,,,,,,0.08
97.871,2134,1,ibvs_active,-33.53,0.41,-110.8,3.6,-121.4,2.3,110.9,-2.0,-0.113,0.0,0,0,0,1,29.0,
97.914,2135,1,ibvs_active,-35.53,0.24,-110.7,3.8,-112.8,3.5,110.8,-2.0,-0.176,0.0,0,0,0,1,27.5,
97.961,2136,0,tag_lost_countdown,-35.53,0.24,,,,,,,,,,,,,,0.0
98.006,2137,1,ibvs_active,-37.53,0.04,-89.8,4.1,-94.4,4.0,89.9,-2.0,-0.2,0.0,0,0,0,1,28.1,
98.049,2138,0,tag_lost_countdown,-37.53,0.04,,,,,,,,,,,,,,0.0
98.092,2139,0,tag_lost_countdown,-37.53,0.04,,,,,,,,,,,,,,0.04
98.141,2140,1,ibvs_active,-39.53,-0.17,-49.6,4.2,-58.6,4.1,49.8,-2.0,-0.206,0.0,0,0,0,1,27.9,
98.187,2141,1,ibvs_active,-41.53,-0.38,-49.8,4.1,-51.5,4.1,49.9,-2.0,-0.205,0.0,0,0,0,1,27.7,
98.238,2142,1,ibvs_active,-43.53,-0.58,-49.5,4.1,-49.9,4.1,49.7,-2.0,-0.206,0.0,0,0,0,1,20.3,
98.282,2143,1,ibvs_active,-45.18,-0.78,-28.7,4.0,-32.9,4.0,29.0,-1.647,-0.201,0.0,0,0,0,1,23.3,
98.331,2144,1,ibvs_active,-45.33,-0.82,-9.1,3.7,-13.9,3.7,9.8,-0.152,-0.041,0.0,0,0,0,1,24.4,
98.376,2145,1,deadband,-45.33,-0.82,5.6,3.2,1.7,3.3,6.4,0.0,0.0,0.0,1,0,0,0,25.0,
98.420,2146,0,tag_lost_countdown,-45.33,-0.82,,,,,,,,,,,,,,0.0
98.466,2147,1,ibvs_active,-44.66,-0.68,26.9,-6.7,21.8,-4.7,27.7,0.674,0.145,0.0,0,0,0,1,30.1,
98.517,2148,0,tag_lost_countdown,-44.66,-0.68,,,,,,,,,,,,,,0.0
98.559,2149,0,tag_lost_countdown,-44.66,-0.68,,,,,,,,,,,,,,0.05
98.602,2150,0,tag_lost_countdown,-44.66,-0.68,,,,,,,,,,,,,,0.09
98.642,2151,0,tag_lost_countdown,-44.66,-0.68,,,,,,,,,,,,,,0.14
98.687,2152,0,tag_lost_countdown,-44.66,-0.68,,,,,,,,,,,,,,0.18
98.728,2153,0,tag_lost_countdown,-44.66,-0.68,,,,,,,,,,,,,,0.22
98.774,2154,0,tag_lost_countdown,-44.66,-0.68,,,,,,,,,,,,,,0.26
98.815,2155,0,tag_lost_countdown,-44.66,-0.68,,,,,,,,,,,,,,0.31
98.858,2156,0,tag_lost_countdown,-44.66,-0.68,,,,,,,,,,,,,,0.35
98.898,2157,0,tag_lost_countdown,-44.66,-0.68,,,,,,,,,,,,,,0.39
98.945,2158,1,ibvs_active,-46.66,-0.53,-147.1,-2.6,-113.3,-3.0,147.2,-2.0,0.151,0.0,0,0,0,1,26.8,
98.990,2159,1,ibvs_active,-48.66,-0.28,-145.8,-5.4,-139.3,-4.9,145.9,-2.0,0.247,0.0,0,0,0,1,29.1,
99.040,2160,1,ibvs_active,-50.66,-0.01,-145.4,-5.6,-144.2,-5.5,145.5,-2.0,0.275,0.0,0,0,0,1,28.4,
99.095,2161,0,tag_lost_countdown,-50.66,-0.01,,,,,,,,,,,,,,0.0
99.167,2162,0,tag_lost_countdown,-50.66,-0.01,,,,,,,,,,,,,,0.08
99.214,2163,1,ibvs_active,-52.66,0.05,-86.4,0.1,-98.0,-1.0,86.4,-2.0,0.051,0.0,0,0,0,1,29.0,
99.263,2164,1,ibvs_active,-54.66,0.04,-85.7,0.4,-88.1,0.1,85.7,-2.0,-0.006,0.0,0,0,0,1,29.2,
99.309,2165,1,ibvs_active,-56.66,0.03,-81.9,0.2,-83.2,0.2,82.0,-2.0,-0.01,0.0,0,0,0,1,30.5,
99.374,2166,0,tag_lost_countdown,-56.66,0.03,,,,,,,,,,,,,,0.0
99.443,2167,1,ibvs_active,-58.66,0.01,-39.8,0.3,-48.5,0.3,39.8,-2.0,-0.016,0.0,0,0,0,1,30.1,
99.494,2168,1,ibvs_active,-59.99,0.0,-23.7,0.2,-28.6,0.3,23.7,-1.333,-0.012,0.0,0,0,0,1,29.3,
99.541,2169,1,ibvs_active,-60.89,-0.01,-23.6,0.4,-24.6,0.4,23.6,-0.895,-0.015,0.0,0,0,0,1,24.5,
99.592,2170,0,tag_lost_countdown,-60.89,-0.01,,,,,,,,,,,,,,0.0
99.642,2171,1,ibvs_active,-60.84,-0.02,20.7,0.8,11.6,0.8,20.7,0.048,-0.003,0.0,0,0,0,1,23.5,
99.694,2172,1,ibvs_active,-59.77,-0.07,29.9,1.3,26.3,1.2,30.0,1.07,-0.049,0.0,0,0,0,1,22.8,
99.741,2173,1,ibvs_active,-58.31,-0.11,30.5,0.8,29.6,0.9,30.5,1.454,-0.042,0.0,0,0,0,1,30.6,
99.795,2174,1,ibvs_active,-56.8,-0.14,30.4,0.7,30.3,0.7,30.4,1.513,-0.036,0.0,0,0,0,1,31.4,
99.839,2175,1,ibvs_active,-55.38,-0.18,29.2,0.6,29.4,0.6,29.2,1.424,-0.031,0.0,0,0,0,1,22.9,
99.891,2176,0,tag_lost_countdown,-55.38,-0.18,,,,,,,,,,,,,,0.0
99.934,2177,0,tag_lost_countdown,-55.38,-0.18,,,,,,,,,,,,,,0.05
99.981,2178,0,tag_lost_countdown,-55.38,-0.18,,,,,,,,,,,,,,0.09
100.025,2179,0,tag_lost_countdown,-55.38,-0.18,,,,,,,,,,,,,,0.14
100.070,2180,0,tag_lost_countdown,-55.38,-0.18,,,,,,,,,,,,,,0.18
100.109,2181,0,tag_lost_countdown,-55.38,-0.18,,,,,,,,,,,,,,0.23
100.156,2182,0,tag_lost_countdown,-55.38,-0.18,,,,,,,,,,,,,,0.27
100.195,2183,0,tag_lost_countdown,-55.38,-0.18,,,,,,,,,,,,,,0.32
100.238,2184,0,tag_lost_countdown,-55.38,-0.18,,,,,,,,,,,,,,0.35
100.283,2185,0,tag_lost_countdown,-55.38,-0.18,,,,,,,,,,,,,,0.4
100.327,2186,0,tag_lost_countdown,-55.38,-0.18,,,,,,,,,,,,,,0.44
100.365,2187,0,tag_lost_countdown,-55.38,-0.18,,,,,,,,,,,,,,0.49
100.415,2188,1,ibvs_active,-57.38,-0.11,-187.1,-1.9,-143.8,-1.4,187.1,-2.0,0.069,0.0,0,0,0,1,28.6,
100.465,2189,1,ibvs_active,-59.38,-0.12,-188.3,0.7,-179.4,0.3,188.3,-2.0,-0.014,0.0,0,0,0,1,27.9,
100.514,2190,1,ibvs_active,-61.38,-0.15,-189.5,0.7,-187.4,0.6,189.5,-2.0,-0.03,0.0,0,0,0,1,28.4,
100.555,2191,0,tag_lost_countdown,-61.38,-0.15,,,,,,,,,,,,,,0.0
100.600,2192,0,tag_lost_countdown,-61.38,-0.15,,,,,,,,,,,,,,0.04
100.639,2193,1,ibvs_active,-63.38,-0.31,-125.8,3.9,-138.1,3.2,125.9,-2.0,-0.162,0.0,0,0,0,1,21.3,
100.688,2194,1,ibvs_active,-65.38,-0.49,-125.0,3.7,-127.7,3.6,125.1,-2.0,-0.181,0.0,0,0,0,1,28.3,
100.728,2195,1,ibvs_active,-67.38,-0.67,-124.7,3.6,-125.3,3.6,124.8,-2.0,-0.181,0.0,0,0,0,1,26.0,
100.776,2196,1,ibvs_active,-69.38,-0.88,-106.9,4.2,-110.6,4.1,107.0,-2.0,-0.203,0.0,0,0,0,1,20.6,
100.817,2197,0,tag_lost_countdown,-69.38,-0.88,,,,,,,,,,,,,,0.0
100.867,2198,1,ibvs_active,-71.38,-1.1,-61.3,4.5,-71.2,4.4,61.5,-2.0,-0.222,0.0,0,0,0,1,28.5,
100.910,2199,0,tag_lost_countdown,-71.38,-1.1,,,,,,,,,,,,,,0.0
100.958,2200,0,tag_lost_countdown,-71.38,-1.1,,,,,,,,,,,,,,0.04
101.001,2201,1,ibvs_active,-73.38,-1.33,-62.3,4.7,-64.1,4.6,62.5,-2.0,-0.231,0.0,0,0,0,1,27.8,
101.048,2202,1,ibvs_active,-75.38,-1.5,-61.1,3.0,-61.7,3.3,61.1,-2.0,-0.166,0.0,0,0,0,1,28.6,
101.088,2203,0,tag_lost_countdown,-75.38,-1.5,,,,,,,,,,,,,,0.0
101.138,2204,0,tag_lost_countdown,-75.38,-1.5,,,,,,,,,,,,,,0.05
101.178,2205,0,tag_lost_countdown,-75.38,-1.5,,,,,,,,,,,,,,0.09
101.224,2206,0,tag_lost_countdown,-75.38,-1.5,,,,,,,,,,,,,,0.13
101.262,2207,0,tag_lost_countdown,-75.38,-1.5,,,,,,,,,,,,,,0.18
101.308,2208,0,tag_lost_countdown,-75.38,-1.5,,,,,,,,,,,,,,0.21
101.357,2209,0,tag_lost_countdown,-75.38,-1.5,,,,,,,,,,,,,,0.27
101.401,2210,0,tag_lost_countdown,-75.38,-1.5,,,,,,,,,,,,,,0.31
101.441,2211,0,tag_lost_countdown,-75.38,-1.5,,,,,,,,,,,,,,0.35
101.490,2212,1,ibvs_active,-77.38,-1.44,-210.6,-2.3,-180.8,-1.2,210.6,-2.0,0.06,0.0,0,0,0,1,22.4,
101.533,2213,1,ibvs_active,-79.38,-1.38,-213.1,-1.0,-206.6,-1.1,213.1,-2.0,0.053,0.0,0,0,0,1,28.7,
101.583,2214,1,ibvs_active,-81.38,-1.33,-213.8,-0.9,-212.4,-1.0,213.8,-2.0,0.048,0.0,0,0,0,1,28.5,
101.628,2215,1,ibvs_active,-83.38,-1.29,-200.6,-1.0,-202.9,-1.0,200.6,-2.0,0.049,0.0,0,0,0,1,29.3,
101.675,2216,0,tag_lost_countdown,-83.38,-1.29,,,,,,,,,,,,,,0.0
101.715,2217,0,tag_lost_countdown,-83.38,-1.29,,,,,,,,,,,,,,0.05
101.763,2218,1,ibvs_active,-85.38,-1.24,-128.3,-0.8,-143.2,-0.9,128.3,-2.0,0.043,0.0,0,0,0,1,29.0,
101.804,2219,1,ibvs_active,-87.38,-1.21,-127.7,-0.5,-130.8,-0.6,127.7,-2.0,0.028,0.0,0,0,0,1,27.5,
101.854,2220,1,ibvs_active,-89.38,-1.19,-127.8,-0.5,-128.4,-0.5,127.8,-2.0,0.027,0.0,0,0,0,1,28.7,
101.895,2221,0,tag_lost_countdown,-89.38,-1.19,,,,,,,,,,,,,,0.0
101.939,2222,0,tag_lost_countdown,-89.38,-1.19,,,,,,,,,,,,,,0.04
101.979,2223,0,tag_lost_countdown,-89.38,-1.19,,,,,,,,,,,,,,0.08
102.029,2224,1,ibvs_active,-90.0,-0.98,-49.6,-5.0,-65.4,-4.1,49.9,-2.0,0.204,0.0,0,1,0,1,29.4,
102.073,2225,1,ibvs_active,-90.0,-0.74,-49.5,-5.0,-52.7,-4.8,49.7,-2.0,0.241,0.0,0,1,0,1,29.1,
102.122,2226,1,ibvs_active,-90.0,-0.5,-49.5,-4.9,-50.1,-4.9,49.7,-2.0,0.244,0.0,0,1,0,1,28.4,
102.173,2227,1,ibvs_active,-90.0,-0.25,-49.5,-5.0,-49.6,-5.0,49.8,-2.0,0.248,0.0,0,1,0,1,29.0,
102.222,2228,1,ibvs_active,-90.0,-0.01,-49.6,-4.9,-49.6,-4.9,49.8,-2.0,0.245,0.0,0,1,0,1,28.2,
102.265,2229,1,ibvs_active,-90.0,0.23,-49.6,-4.8,-49.6,-4.8,49.8,-2.0,0.24,0.0,0,1,0,1,29.6,
102.313,2230,1,ibvs_active,-90.0,0.42,-50.4,-3.3,-50.3,-3.6,50.5,-2.0,0.181,0.0,0,1,0,1,28.7,
102.358,2231,1,ibvs_active,-90.0,0.37,-51.0,1.9,-50.8,0.8,51.0,-2.0,-0.041,0.0,0,1,0,1,28.7,
102.407,2232,1,ibvs_active,-90.0,0.1,-51.4,6.6,-51.3,5.4,51.8,-2.0,-0.271,0.0,0,1,0,1,27.4,
102.451,2233,1,ibvs_active,-90.0,-0.31,-51.2,9.0,-51.2,8.3,52.0,-2.0,-0.413,0.0,0,1,0,1,28.9,
102.497,2234,0,tag_lost_countdown,-90.0,-0.31,,,,,,,,,,,,,,0.0
102.538,2235,0,tag_lost_countdown,-90.0,-0.31,,,,,,,,,,,,,,0.05
102.583,2236,0,tag_lost_countdown,-90.0,-0.31,,,,,,,,,,,,,,0.09
102.632,2237,0,tag_lost_countdown,-90.0,-0.31,,,,,,,,,,,,,,0.13
102.677,2238,0,tag_lost_countdown,-90.0,-0.31,,,,,,,,,,,,,,0.18
102.716,2239,0,tag_lost_countdown,-90.0,-0.31,,,,,,,,,,,,,,0.23
102.762,2240,0,tag_lost_countdown,-90.0,-0.31,,,,,,,,,,,,,,0.27
102.799,2241,0,tag_lost_countdown,-90.0,-0.31,,,,,,,,,,,,,,0.31
102.883,2242,1,ibvs_active,-90.0,-0.58,-225.4,4.7,-190.5,5.4,225.4,-2.0,-0.27,0.0,0,1,0,1,21.8,
102.926,2243,1,ibvs_active,-90.0,-0.75,-226.8,2.9,-219.6,3.4,226.8,-2.0,-0.169,0.0,0,1,0,1,27.7,
102.976,2244,1,ibvs_active,-90.0,-0.95,-226.8,4.1,-225.3,4.0,226.8,-2.0,-0.199,0.0,0,1,0,1,27.1,
103.020,2245,1,ibvs_active,-90.0,-1.23,-229.8,6.1,-228.9,5.7,229.8,-2.0,-0.283,0.0,0,1,0,1,27.0,
103.072,2246,1,ibvs_active,-90.0,-1.33,-228.4,1.0,-228.5,1.9,228.4,-2.0,-0.096,0.0,0,1,0,1,26.7,
103.139,2247,1,ibvs_active,-90.0,-1.16,-228.4,-4.7,-228.4,-3.4,228.4,-2.0,0.17,0.0,0,1,0,1,27.3,
103.203,2248,1,ibvs_active,-90.0,-0.67,-227.9,-11.2,-228.0,-9.7,228.2,-2.0,0.484,0.0,0,1,0,1,27.8,
103.250,2249,1,ibvs_active,-90.0,-0.11,-228.4,-11.5,-228.3,-11.2,228.7,-2.0,0.559,0.0,0,1,0,1,26.8,
103.301,2250,1,ibvs_active,-90.0,0.43,-227.8,-10.8,-227.9,-10.8,228.1,-2.0,0.542,0.0,0,1,0,1,28.2,
103.344,2251,1,ibvs_active,-90.0,0.93,-228.1,-9.7,-228.1,-9.9,228.3,-2.0,0.497,0.0,0,1,0,1,27.9,
103.422,2252,1,ibvs_active,-90.0,1.17,-228.5,-3.6,-228.4,-4.9,228.5,-2.0,0.245,0.0,0,1,0,1,29.1,
103.476,2253,1,ibvs_active,-90.0,1.04,-229.0,4.5,-228.9,2.6,229.1,-2.0,-0.131,0.0,0,1,0,1,29.5,
103.526,2254,1,ibvs_active,-90.0,0.83,-228.8,4.5,-228.8,4.1,228.8,-2.0,-0.206,0.0,0,1,0,1,28.5,
103.570,2255,1,ibvs_active,-90.0,0.26,-229.3,13.2,-229.2,11.4,229.7,-2.0,-0.571,0.0,0,1,0,1,28.6,
103.622,2256,1,ibvs_active,-90.0,-0.38,-229.4,13.2,-229.3,12.8,229.7,-2.0,-0.64,0.0,0,1,0,1,28.7,
103.695,2257,1,ibvs_active,-90.0,-1.01,-229.4,12.6,-229.4,12.7,229.7,-2.0,-0.634,0.0,0,1,0,1,28.8,
103.754,2258,0,tag_lost_countdown,-90.0,-1.01,,,,,,,,,,,,,,0.0
103.802,2259,1,ibvs_active,-90.0,-1.06,-228.8,-2.0,-228.9,1.0,228.8,-2.0,-0.049,0.0,0,1,0,1,27.0,
103.852,2260,1,ibvs_active,-90.0,-0.99,-228.9,-1.9,-228.9,-1.3,228.9,-2.0,0.065,0.0,0,1,0,1,27.3,
103.899,2261,1,ibvs_active,-90.0,-0.9,-228.8,-1.9,-228.8,-1.8,228.8,-2.0,0.09,0.0,0,1,0,1,26.7,
103.978,2262,1,ibvs_active,-90.0,-0.81,-228.7,-2.0,-228.7,-2.0,228.7,-2.0,0.098,0.0,0,1,0,1,26.0,
104.029,2263,1,ibvs_active,-90.0,-0.71,-228.6,-1.9,-228.6,-1.9,228.6,-2.0,0.096,0.0,0,1,0,1,27.1,
104.079,2264,1,ibvs_active,-90.0,-0.62,-228.6,-1.9,-228.6,-1.9,228.6,-2.0,0.094,0.0,0,1,0,1,29.2,
104.125,2265,1,ibvs_active,-90.0,-0.52,-228.8,-1.9,-228.7,-1.9,228.8,-2.0,0.093,0.0,0,1,0,1,27.8,
104.176,2266,1,ibvs_active,-90.0,-0.43,-228.7,-1.8,-228.7,-1.8,228.7,-2.0,0.092,0.0,0,1,0,1,26.9,
104.240,2267,1,ibvs_active,-90.0,-0.34,-228.8,-1.8,-228.7,-1.8,228.8,-2.0,0.092,0.0,0,1,0,1,27.0,
104.311,2268,1,ibvs_active,-90.0,-0.25,-228.8,-1.8,-228.8,-1.8,228.8,-2.0,0.092,0.0,0,1,0,1,27.7,
104.358,2269,1,ibvs_active,-90.0,-0.15,-228.7,-1.9,-228.7,-1.9,228.7,-2.0,0.094,0.0,0,1,0,1,28.5,
104.408,2270,1,ibvs_active,-90.0,-0.06,-228.8,-1.9,-228.8,-1.9,228.8,-2.0,0.093,0.0,0,1,0,1,27.2,
104.453,2271,1,ibvs_active,-90.0,0.03,-228.8,-1.9,-228.8,-1.9,228.8,-2.0,0.094,0.0,0,1,0,1,27.2,
104.544,2272,1,ibvs_active,-90.0,0.13,-228.8,-1.9,-228.8,-1.9,228.8,-2.0,0.095,0.0,0,1,0,1,27.2,
104.589,2273,1,ibvs_active,-90.0,0.22,-228.8,-1.9,-228.8,-1.9,228.8,-2.0,0.094,0.0,0,1,0,1,27.2,
104.639,2274,1,ibvs_active,-90.0,0.32,-228.7,-1.9,-228.7,-1.9,228.7,-2.0,0.094,0.0,0,1,0,1,26.5,
104.685,2275,1,ibvs_active,-90.0,0.41,-228.7,-1.9,-228.7,-1.9,228.7,-2.0,0.095,0.0,0,1,0,1,26.7,
104.735,2276,1,ibvs_active,-90.0,0.35,-228.8,1.9,-228.8,1.1,228.8,-2.0,-0.057,0.0,0,1,0,1,27.9,
104.797,2277,1,ibvs_active,-90.0,0.26,-229.0,2.0,-228.9,1.8,229.0,-2.0,-0.09,0.0,0,1,0,1,28.2,
104.870,2278,1,ibvs_active,-90.0,0.17,-228.8,2.0,-228.8,2.0,228.8,-2.0,-0.098,0.0,0,1,0,1,26.7,
104.919,2279,1,ibvs_active,-90.0,0.07,-228.7,2.0,-228.8,2.0,228.8,-2.0,-0.101,0.0,0,1,0,1,27.5,
104.969,2280,1,ibvs_active,-90.0,-0.03,-228.8,2.0,-228.8,2.0,228.8,-2.0,-0.099,0.0,0,1,0,1,27.6,
105.013,2281,1,ibvs_active,-90.0,-0.13,-228.8,1.9,-228.8,1.9,228.8,-2.0,-0.097,0.0,0,1,0,1,27.1,
105.090,2282,1,ibvs_active,-90.0,-0.23,-228.8,2.0,-228.8,2.0,228.8,-2.0,-0.098,0.0,0,1,0,1,27.2,
105.145,2283,1,ibvs_active,-90.0,-0.32,-228.7,1.9,-228.7,1.9,228.7,-2.0,-0.095,0.0,0,1,0,1,27.1,
105.195,2284,1,ibvs_active,-90.0,-0.42,-228.8,2.0,-228.8,2.0,228.8,-2.0,-0.098,0.0,0,1,0,1,27.3,
105.238,2285,1,ibvs_active,-90.0,-0.52,-228.7,1.9,-228.7,1.9,228.7,-2.0,-0.096,0.0,0,1,0,1,27.0,
105.291,2286,1,ibvs_active,-90.0,-0.61,-228.6,1.9,-228.7,1.9,228.7,-2.0,-0.094,0.0,0,1,0,1,27.9,
105.352,2287,1,ibvs_active,-90.0,-0.71,-228.7,1.9,-228.7,1.9,228.7,-2.0,-0.096,0.0,0,1,0,1,28.3,
105.427,2288,1,ibvs_active,-90.0,-0.81,-228.8,2.0,-228.8,2.0,228.8,-2.0,-0.098,0.0,0,1,0,1,27.0,
105.476,2289,1,ibvs_active,-90.0,-0.9,-228.7,2.0,-228.7,2.0,228.7,-2.0,-0.098,0.0,0,1,0,1,27.8,
105.524,2290,1,ibvs_active,-90.0,-1.0,-228.7,1.9,-228.7,1.9,228.7,-2.0,-0.096,0.0,0,1,0,1,26.9,
105.568,2291,1,ibvs_active,-90.0,-1.06,-228.2,1.1,-228.3,1.3,228.2,-2.0,-0.064,0.0,0,1,0,1,28.9,
105.645,2292,1,ibvs_active,-90.0,-0.89,-228.2,-4.7,-228.2,-3.5,228.3,-2.0,0.176,0.0,0,1,0,1,27.6,
105.700,2293,1,ibvs_active,-90.0,-0.55,-228.2,-7.4,-228.2,-6.7,228.3,-2.0,0.333,0.0,0,1,0,1,27.3,
105.752,2294,1,ibvs_active,-90.0,-0.19,-228.1,-7.5,-228.1,-7.3,228.3,-2.0,0.365,0.0,0,1,0,1,28.3,
105.798,2295,1,ibvs_active,-90.0,0.18,-228.2,-7.5,-228.2,-7.4,228.3,-2.0,0.372,0.0,0,1,0,1,27.5,
105.848,2296,1,ibvs_active,-90.0,0.56,-228.3,-7.5,-228.3,-7.5,228.4,-2.0,0.373,0.0,0,1,0,1,28.8,
105.907,2297,1,ibvs_active,-90.0,0.85,-228.0,-5.6,-228.1,-5.9,228.1,-2.0,0.297,0.0,0,1,0,1,29.1,
105.979,2298,0,tag_lost_countdown,-90.0,0.85,,,,,,,,,,,,,,0.0
106.027,2299,1,ibvs_active,-90.0,0.75,-229.0,4.1,-228.8,2.1,229.0,-2.0,-0.104,0.0,0,1,0,1,28.0,
106.077,2300,1,ibvs_active,-90.0,0.56,-228.9,4.1,-228.9,3.7,229.0,-2.0,-0.186,0.0,0,1,0,1,27.8,
106.124,2301,1,ibvs_active,-90.0,0.36,-229.0,4.1,-229.0,4.0,229.1,-2.0,-0.202,0.0,0,1,0,1,26.7,
106.200,2302,1,ibvs_active,-90.0,0.16,-228.9,4.1,-228.9,4.1,228.9,-2.0,-0.203,0.0,0,1,0,1,28.0,
106.255,2303,1,ibvs_active,-90.0,-0.05,-229.0,4.1,-229.0,4.1,229.0,-2.0,-0.205,0.0,0,1,0,1,28.1,
106.308,2304,1,ibvs_active,-90.0,-0.25,-228.9,4.1,-228.9,4.1,229.0,-2.0,-0.205,0.0,0,1,0,1,28.1,
106.353,2305,1,ibvs_active,-90.0,-0.46,-229.1,4.2,-229.0,4.1,229.1,-2.0,-0.207,0.0,0,1,0,1,28.3,
106.404,2306,1,ibvs_active,-90.0,-0.66,-229.0,4.1,-229.0,4.1,229.0,-2.0,-0.204,0.0,0,1,0,1,27.7,
106.473,2307,1,ibvs_active,-90.0,-0.86,-229.1,4.0,-229.1,4.0,229.1,-2.0,-0.201,0.0,0,1,0,1,27.2,
106.537,2308,1,ibvs_active,-90.0,-1.07,-228.9,4.0,-228.9,4.0,228.9,-2.0,-0.202,0.0,0,1,0,1,26.4,
106.584,2309,1,ibvs_active,-90.0,-1.25,-228.8,3.7,-228.8,3.7,228.8,-2.0,-0.187,0.0,0,1,0,1,26.7,
106.631,2310,1,ibvs_active,-90.0,-1.01,-227.8,-7.0,-228.0,-4.8,227.9,-2.0,0.241,0.0,0,1,0,1,28.1,
106.675,2311,1,ibvs_active,-90.0,-0.68,-227.9,-7.1,-227.9,-6.7,228.0,-2.0,0.333,0.0,0,1,0,1,27.5,
106.755,2312,1,ibvs_active,-90.0,-0.17,-227.8,-11.1,-227.8,-10.2,228.0,-2.0,0.512,0.0,0,1,0,1,27.5,
106.810,2313,1,ibvs_active,-90.0,0.3,-227.8,-9.2,-227.8,-9.4,227.9,-2.0,0.471,0.0,0,1,0,1,28.4,
106.860,2314,1,ibvs_active,-90.0,0.76,-227.6,-8.9,-227.7,-9.0,227.8,-2.0,0.452,0.0,0,1,0,1,29.4,
106.906,2315,1,ibvs_active,-90.0,1.21,-227.4,-9.0,-227.5,-9.0,227.6,-2.0,0.45,0.0,0,1,0,1,29.3,
106.950,2316,0,tag_lost_countdown,-90.0,1.21,,,,,,,,,,,,,,0.0
107.019,2317,1,ibvs_active,-90.0,1.04,-228.7,6.5,-228.5,3.4,228.8,-2.0,-0.169,0.0,0,1,0,1,29.7,
107.092,2318,1,ibvs_active,-90.0,0.47,-229.5,13.4,-229.3,11.4,229.9,-2.0,-0.569,0.0,0,1,0,1,28.2,
107.141,2319,1,ibvs_active,-90.0,-0.17,-229.3,13.2,-229.3,12.8,229.7,-2.0,-0.642,0.0,0,1,0,1,26.8,
107.192,2320,1,ibvs_active,-90.0,-0.8,-229.4,12.5,-229.4,12.6,229.8,-2.0,-0.629,0.0,0,1,0,1,28.3,
107.238,2321,1,ibvs_active,-90.0,-1.43,-229.4,12.5,-229.4,12.5,229.7,-2.0,-0.627,0.0,0,1,0,1,27.3,
107.321,2322,1,ibvs_active,-90.0,-2.03,-229.6,12.0,-229.5,12.1,229.9,-2.0,-0.604,0.0,0,1,0,1,26.9,
107.365,2323,1,ibvs_active,-90.0,-1.96,-227.8,-4.9,-228.2,-1.5,227.9,-2.0,0.077,0.0,0,1,0,1,28.1,
107.416,2324,0,tag_lost_countdown,-90.0,-1.96,,,,,,,,,,,,,,0.0
107.463,2325,1,ibvs_active,-90.0,-1.32,-227.5,-15.6,-227.6,-12.8,228.0,-2.0,0.639,0.0,0,1,0,1,26.9,
107.515,2326,1,ibvs_active,-90.0,-0.56,-227.5,-15.7,-227.5,-15.1,228.1,-2.0,0.757,0.0,0,1,0,1,28.6,
107.580,2327,1,ibvs_active,-90.0,0.21,-227.6,-15.6,-227.6,-15.5,228.1,-2.0,0.776,0.0,0,1,0,1,28.8,
107.651,2328,1,ibvs_active,-90.0,0.99,-227.4,-15.5,-227.4,-15.5,227.9,-2.0,0.774,0.0,0,1,0,1,28.7,
107.692,2329,0,tag_lost_countdown,-90.0,0.99,,,,,,,,,,,,,,0.0
107.744,2330,1,ibvs_active,-90.0,0.98,-229.0,4.0,-228.7,0.1,229.0,-2.0,-0.004,0.0,0,1,0,1,28.8,
107.789,2331,1,ibvs_active,-90.0,0.82,-229.0,4.0,-228.9,3.2,229.0,-2.0,-0.161,0.0,0,1,0,1,27.9,
107.867,2332,1,ibvs_active,-90.0,0.63,-229.0,4.1,-229.0,3.9,229.0,-2.0,-0.195,0.0,0,1,0,1,28.0,
107.923,2333,1,ibvs_active,-90.0,0.43,-229.0,4.1,-229.0,4.0,229.0,-2.0,-0.202,0.0,0,1,0,1,27.7,
107.977,2334,1,ibvs_active,-90.0,0.22,-229.0,4.1,-229.0,4.1,229.0,-2.0,-0.205,0.0,0,1,0,1,27.4,
108.023,2335,1,ibvs_active,-90.0,0.02,-229.0,4.0,-229.0,4.0,229.0,-2.0,-0.202,0.0,0,1,0,1,28.2,
108.073,2336,1,ibvs_active,-90.0,-0.18,-229.1,4.0,-229.0,4.0,229.1,-2.0,-0.202,0.0,0,1,0,1,28.0,
108.129,2337,1,ibvs_active,-90.0,-0.38,-229.1,4.0,-229.1,4.0,229.1,-2.0,-0.201,0.0,0,1,0,1,28.5,
108.205,2338,1,ibvs_active,-90.0,-0.59,-229.0,4.1,-229.0,4.1,229.0,-2.0,-0.204,0.0,0,1,0,1,28.1,
108.249,2339,1,ibvs_active,-90.0,-0.79,-229.2,4.1,-229.2,4.1,229.2,-2.0,-0.206,0.0,0,1,0,1,28.3,
108.297,2340,1,ibvs_active,-90.0,-0.96,-228.6,3.2,-228.7,3.4,228.6,-2.0,-0.169,0.0,0,1,0,1,28.5,
108.344,2341,1,ibvs_active,-90.0,-1.09,-228.7,2.3,-228.7,2.5,228.7,-2.0,-0.124,0.0,0,1,0,1,28.1,
108.423,2342,0,tag_lost_countdown,-90.0,-1.09,,,,,,,,,,,,,,0.0
108.476,2343,1,ibvs_active,-90.0,-0.81,-228.2,-7.5,-228.3,-5.5,228.4,-2.0,0.274,0.0,0,1,0,1,27.4,
108.525,2344,1,ibvs_active,-90.0,-0.46,-228.3,-7.4,-228.3,-7.0,228.5,-2.0,0.352,0.0,0,1,0,1,28.0,
108.575,2345,1,ibvs_active,-90.0,-0.09,-228.2,-7.5,-228.2,-7.4,228.3,-2.0,0.371,0.0,0,1,0,1,27.7,
108.630,2346,1,ibvs_active,-90.0,0.28,-228.3,-7.4,-228.3,-7.4,228.4,-2.0,0.371,0.0,0,1,0,1,30.1,
108.711,2347,1,ibvs_active,-90.0,0.65,-228.3,-7.5,-228.3,-7.5,228.4,-2.0,0.374,0.0,0,1,0,1,28.3,
108.762,2348,1,ibvs_active,-90.0,1.02,-228.1,-7.3,-228.1,-7.3,228.2,-2.0,0.365,0.0,0,1,0,1,28.0,
108.809,2349,1,ibvs_active,-90.0,1.01,-229.0,2.1,-228.8,0.2,229.0,-2.0,-0.011,0.0,0,1,0,1,27.6,
108.858,2350,1,ibvs_active,-90.0,0.69,-229.6,8.0,-229.5,6.4,229.8,-2.0,-0.321,0.0,0,1,0,1,22.5,
108.903,2351,1,ibvs_active,-90.0,0.03,-229.8,14.8,-229.7,13.1,230.3,-2.0,-0.656,0.0,0,1,0,1,26.0,
108.951,2352,1,ibvs_active,-90.0,-0.56,-232.6,11.5,-232.0,11.9,232.9,-2.0,-0.593,0.0,0,1,0,1,28.7,
108.994,2353,0,tag_lost_countdown,-90.0,-0.56,,,,,,,,,,,,,,0.0
109.038,2354,0,tag_lost_countdown,-90.0,-0.56,,,,,,,,,,,,,,0.04
109.076,2355,0,tag_lost_countdown,-90.0,-0.56,,,,,,,,,,,,,,0.09
109.123,2356,0,tag_lost_countdown,-90.0,-0.56,,,,,,,,,,,,,,0.13
109.175,2357,0,tag_lost_countdown,-90.0,-0.56,,,,,,,,,,,,,,0.18
109.221,2358,0,tag_lost_countdown,-90.0,-0.56,,,,,,,,,,,,,,0.22
109.264,2359,1,ibvs_active,-90.0,-0.96,-130.8,6.9,-151.1,7.9,131.0,-2.0,-0.394,0.0,0,1,0,1,24.0,
109.313,2360,1,ibvs_active,-90.0,-1.08,-125.0,1.2,-130.2,2.6,125.0,-2.0,-0.128,0.0,0,1,0,1,29.0,
109.356,2361,1,ibvs_active,-90.0,-1.24,-130.0,3.4,-130.0,3.2,130.0,-2.0,-0.161,0.0,0,1,0,1,27.6,
109.404,2362,1,ibvs_active,-90.0,-1.33,-127.5,1.3,-128.0,1.7,127.5,-2.0,-0.084,0.0,0,1,0,1,27.7,
109.447,2363,1,ibvs_active,-90.0,-1.41,-128.3,1.5,-128.2,1.5,128.3,-2.0,-0.077,0.0,0,1,0,1,26.7,
109.493,2364,0,tag_lost_countdown,-90.0,-1.41,,,,,,,,,,,,,,0.0
109.539,2365,1,ibvs_active,-90.0,-0.98,-126.9,-11.0,-127.2,-8.5,127.4,-2.0,0.425,0.0,0,1,0,1,27.1,
109.589,2366,1,ibvs_active,-90.0,-0.45,-126.9,-11.1,-127.0,-10.5,127.4,-2.0,0.527,0.0,0,1,0,1,28.0,
109.635,2367,1,ibvs_active,-90.0,0.09,-127.0,-11.0,-127.0,-10.9,127.5,-2.0,0.545,0.0,0,1,0,1,28.2,
109.684,2368,1,ibvs_active,-90.0,0.64,-127.0,-11.0,-127.0,-11.0,127.5,-2.0,0.549,0.0,0,1,0,1,28.5,
109.727,2369,1,ibvs_active,-90.0,1.09,-127.3,-8.5,-127.3,-9.0,127.6,-2.0,0.448,0.0,0,1,0,1,29.9,
109.784,2370,1,ibvs_active,-90.0,1.21,-127.6,-0.8,-127.5,-2.5,127.6,-2.0,0.123,0.0,0,1,0,1,25.3,
109.826,2371,1,ibvs_active,-90.0,0.88,-128.4,8.8,-128.2,6.6,128.7,-2.0,-0.329,0.0,0,1,0,1,28.4,
109.876,2372,1,ibvs_active,-90.0,0.45,-128.8,9.3,-128.7,8.7,129.1,-2.0,-0.436,0.0,0,1,0,1,23.0,
109.920,2373,1,ibvs_active,-90.0,-0.31,-128.7,16.7,-128.7,15.1,129.8,-2.0,-0.756,0.0,0,1,0,1,27.6,
109.968,2374,1,ibvs_active,-90.0,-1.12,-129.1,16.4,-129.0,16.2,130.1,-2.0,-0.809,0.0,0,1,0,1,27.2,
110.011,2375,1,ibvs_active,-90.0,-1.85,-129.5,14.2,-129.4,14.6,130.3,-2.0,-0.73,0.0,0,1,0,1,27.0,
110.057,2376,0,tag_lost_countdown,-90.0,-1.85,,,,,,,,,,,,,,0.0
110.097,2377,0,tag_lost_countdown,-90.0,-1.85,,,,,,,,,,,,,,0.05
110.143,2378,0,tag_lost_countdown,-90.0,-1.85,,,,,,,,,,,,,,0.09
110.184,2379,0,tag_lost_countdown,-90.0,-1.85,,,,,,,,,,,,,,0.13
110.230,2380,1,ibvs_active,-90.0,-1.52,-57.5,-11.8,-71.8,-6.5,58.7,-2.0,0.327,0.0,0,1,0,1,26.7,
110.272,2381,0,tag_lost_countdown,-90.0,-1.52,,,,,,,,,,,,,,0.0
110.315,2382,0,tag_lost_countdown,-90.0,-1.52,,,,,,,,,,,,,,0.04
110.355,2383,0,tag_lost_countdown,-90.0,-1.52,,,,,,,,,,,,,,0.08
110.405,2384,1,ibvs_active,-90.0,-0.89,-28.0,-14.2,-36.8,-12.7,31.4,-1.839,0.633,0.0,0,1,0,1,30.9,
110.456,2385,1,ibvs_active,-90.0,-0.22,-29.1,-13.5,-30.6,-13.3,32.0,-1.531,0.666,0.0,0,1,0,1,30.7,
110.507,2386,1,ibvs_active,-90.0,0.44,-29.2,-13.3,-29.5,-13.3,32.1,-1.474,0.664,0.0,0,1,0,1,30.9,
110.553,2387,1,ibvs_active,-90.0,1.08,-29.5,-12.7,-29.5,-12.9,32.1,-1.473,0.643,0.0,0,1,0,1,24.1,
110.601,2388,1,ibvs_active,-90.0,1.33,-29.7,-3.0,-29.6,-5.0,29.8,-1.482,0.249,0.0,0,1,0,1,30.5,
110.646,2389,1,ibvs_active,-90.0,1.47,-30.1,-2.1,-30.0,-2.7,30.2,-1.5,0.135,0.0,0,1,0,1,26.7,
110.696,2390,1,ibvs_active,-90.0,0.93,-30.6,14.1,-30.5,10.7,33.7,-1.526,-0.537,0.0,0,1,0,1,28.6,
110.742,2391,1,ibvs_active,-90.0,0.26,-30.7,14.1,-30.7,13.4,33.8,-1.533,-0.67,0.0,0,1,0,1,30.5,
110.794,2392,1,ibvs_active,-90.0,-0.53,-30.8,16.5,-30.8,15.8,34.9,-1.54,-0.792,0.0,0,1,0,1,29.3,
110.845,2393,1,ibvs_active,-90.0,-1.32,-31.0,15.9,-30.9,15.9,34.8,-1.547,-0.793,0.0,0,1,0,1,29.5,
110.895,2394,1,ibvs_active,-90.0,-2.11,-31.1,15.6,-31.1,15.6,34.8,-1.554,-0.782,0.0,0,1,0,1,27.6,
110.936,2395,0,tag_lost_countdown,-90.0,-2.11,,,,,,,,,,,,,,0.0
110.986,2396,1,ibvs_active,-90.0,-1.77,-29.5,-12.2,-29.8,-6.7,31.9,-1.49,0.333,0.0,0,1,0,1,26.3,
111.033,2397,1,ibvs_active,-90.0,-1.22,-29.6,-12.2,-29.6,-11.1,32.0,-1.48,0.555,0.0,0,1,0,1,28.9,
111.085,2398,1,ibvs_active,-90.0,-0.62,-29.5,-12.2,-29.5,-12.0,31.9,-1.476,0.6,0.0,0,1,0,1,29.1,
111.133,2399,1,ibvs_active,-90.0,-0.01,-29.4,-12.2,-29.5,-12.1,31.9,-1.473,0.607,0.0,0,1,0,1,30.3,
111.184,2400,1,ibvs_active,-90.0,0.6,-29.4,-12.2,-29.4,-12.2,31.8,-1.471,0.609,0.0,0,1,0,1,31.0,
111.231,2401,1,ibvs_active,-90.0,1.14,-29.6,-10.4,-29.6,-10.7,31.4,-1.479,0.537,0.0,0,1,0,1,30.6,
111.279,2402,1,ibvs_active,-90.0,1.49,-30.4,-6.3,-30.2,-7.2,31.0,-1.512,0.358,0.0,0,1,0,1,29.9,
111.322,2403,1,ibvs_active,-90.0,1.25,-30.7,7.8,-30.6,4.8,31.7,-1.531,-0.241,0.0,0,1,0,1,31.2,
111.370,2404,0,tag_lost_countdown,-90.0,1.25,,,,,,,,,,,,,,0.0
111.416,2405,1,ibvs_active,-90.0,0.49,-31.0,17.9,-31.0,15.3,35.8,-1.548,-0.764,0.0,0,1,0,1,29.5,
111.465,2406,1,ibvs_active,-90.0,-0.38,-31.0,17.9,-31.0,17.4,35.8,-1.551,-0.869,0.0,0,1,0,1,29.8,
111.511,2407,1,ibvs_active,-90.0,-1.27,-31.0,17.9,-31.0,17.8,35.8,-1.551,-0.89,0.0,0,1,0,1,30.0,
111.557,2408,0,tag_lost_countdown,-90.0,-1.27,,,,,,,,,,,,,,0.0
111.602,2409,1,ibvs_active,-90.0,-1.52,-30.1,1.9,-30.3,5.0,30.2,-1.515,-0.252,0.0,0,1,0,1,27.9,
111.652,2410,0,tag_lost_countdown,-90.0,-1.52,,,,,,,,,,,,,,0.0
111.701,2411,1,ibvs_active,-90.0,-1.08,-29.4,-12.2,-29.6,-8.7,31.9,-1.48,0.437,0.0,0,1,0,1,29.4,
111.752,2412,1,ibvs_active,-90.0,-0.5,-29.5,-12.4,-29.5,-11.6,32.0,-1.477,0.582,0.0,0,1,0,1,29.0,
111.801,2413,1,ibvs_active,-90.0,0.11,-29.6,-12.3,-29.6,-12.2,32.0,-1.478,0.609,0.0,0,1,0,1,29.2,
111.852,2414,1,ibvs_active,-90.0,0.72,-29.5,-12.3,-29.5,-12.3,32.0,-1.476,0.615,0.0,0,1,0,1,30.6,
111.897,2415,1,ibvs_active,-90.0,1.26,-29.6,-10.4,-29.6,-10.7,31.4,-1.48,0.537,0.0,0,1,0,1,30.2,
111.952,2416,1,ibvs_active,-90.0,1.5,-29.5,-3.5,-29.6,-4.9,29.7,-1.475,0.247,0.0,0,1,0,1,27.6,
111.998,2417,1,ibvs_active,-90.0,1.23,-30.5,8.1,-30.3,5.5,31.5,-1.515,-0.273,0.0,0,1,0,1,30.6,
112.050,2418,1,ibvs_active,-90.0,0.64,-30.7,13.4,-30.6,11.8,33.5,-1.531,-0.592,0.0,0,1,0,1,24.7,
112.095,2419,1,ibvs_active,-90.0,-0.13,-30.9,16.2,-30.9,15.3,34.9,-1.544,-0.767,0.0,0,1,0,1,29.4,
112.144,2420,1,ibvs_active,-90.0,-0.92,-30.9,16.0,-30.9,15.9,34.8,-1.546,-0.793,0.0,0,1,0,1,30.4,
112.189,2421,1,ibvs_active,-90.0,-1.71,-31.1,15.8,-31.0,15.8,34.9,-1.552,-0.791,0.0,0,1,0,1,30.1,
112.235,2422,0,tag_lost_countdown,-90.0,-1.71,,,,,,,,,,,,,,0.0
112.280,2423,1,ibvs_active,-90.0,-1.75,-29.5,-3.0,-29.8,0.8,29.7,-1.481,-0.038,0.0,0,1,0,1,28.7,
112.327,2424,0,tag_lost_countdown,-90.0,-1.75,,,,,,,,,,,,,,0.0
112.379,2425,1,ibvs_active,-90.0,-1.18,-29.4,-14.4,-29.5,-11.4,32.8,-1.476,0.57,0.0,0,1,0,1,28.6,
112.430,2426,1,ibvs_active,-90.0,-0.48,-29.4,-14.6,-29.4,-13.9,32.8,-1.47,0.697,0.0,0,1,0,1,30.2,
112.475,2427,1,ibvs_active,-90.0,0.24,-29.3,-14.6,-29.3,-14.5,32.7,-1.466,0.723,0.0,0,1,0,1,31.2,
112.525,2428,1,ibvs_active,-90.0,0.88,-29.4,-12.3,-29.4,-12.7,31.9,-1.47,0.636,0.0,0,1,0,1,30.7,
112.573,2429,1,ibvs_active,-90.0,1.41,-29.6,-10.1,-29.6,-10.6,31.3,-1.479,0.531,0.0,0,1,0,1,30.9,
112.622,2430,1,ibvs_active,-90.0,1.34,-30.4,4.5,-30.3,1.5,30.8,-1.513,-0.073,0.0,0,1,0,1,32.4,
112.667,2431,1,ibvs_active,-90.0,1.02,-30.7,7.5,-30.6,6.3,31.6,-1.531,-0.315,0.0,0,1,0,1,30.4,
112.717,2432,1,ibvs_active,-90.0,0.64,-30.7,8.0,-30.7,7.7,31.7,-1.535,-0.384,0.0,0,1,0,1,27.3,
112.765,2433,1,ibvs_active,-90.0,0.01,-31.0,13.8,-30.9,12.6,33.9,-1.545,-0.628,0.0,0,1,0,1,30.0,
112.815,2434,1,ibvs_active,-90.0,-0.67,-31.0,13.7,-31.0,13.5,33.9,-1.549,-0.673,0.0,0,1,0,1,29.6,
112.863,2435,1,ibvs_active,-90.0,-1.34,-31.1,13.6,-31.1,13.5,33.9,-1.554,-0.677,0.0,0,1,0,1,29.1,
112.914,2436,1,ibvs_active,-90.0,-1.99,-30.7,12.9,-30.8,13.0,33.3,-1.538,-0.652,0.0,0,1,0,1,29.5,
112.958,2437,1,ibvs_active,-90.0,-2.08,-29.6,-1.0,-29.8,1.8,29.6,-1.48,-0.088,0.0,0,1,0,1,29.2,
113.005,2438,0,tag_lost_countdown,-90.0,-2.08,,,,,,,,,,,,,,0.0
113.056,2439,1,ibvs_active,-90.0,-1.63,-29.1,-11.7,-29.2,-9.0,31.4,-1.461,0.451,0.0,0,1,0,1,29.4,
113.105,2440,1,ibvs_active,-90.0,-0.96,-29.3,-14.5,-29.3,-13.4,32.7,-1.465,0.669,0.0,0,1,0,1,30.4,
113.150,2441,1,ibvs_active,-90.0,-0.25,-29.3,-14.5,-29.3,-14.3,32.7,-1.467,0.715,0.0,0,1,0,1,31.4,
113.201,2442,1,ibvs_active,-90.0,0.47,-29.3,-14.4,-29.3,-14.4,32.6,-1.466,0.718,0.0,0,1,0,1,30.2,
113.243,2443,1,ibvs_active,-90.0,1.06,-29.4,-11.1,-29.4,-11.7,31.4,-1.469,0.587,0.0,0,1,0,1,27.9,
113.290,2444,1,ibvs_active,-90.0,1.33,-29.9,-3.9,-29.8,-5.5,30.1,-1.488,0.273,0.0,0,1,0,1,29.9,
113.335,2445,1,ibvs_active,-90.0,1.26,-30.2,3.2,-30.1,1.4,30.3,-1.504,-0.072,0.0,0,1,0,1,31.0,
113.386,2446,1,ibvs_active,-90.0,0.69,-31.0,13.8,-30.8,11.3,33.9,-1.541,-0.566,0.0,0,1,0,1,30.6,
113.439,2447,1,ibvs_active,-90.0,0.03,-30.9,13.9,-30.9,13.3,33.9,-1.545,-0.667,0.0,0,1,0,1,29.5,
113.490,2448,1,ibvs_active,-90.0,-0.65,-31.0,13.7,-30.9,13.6,33.8,-1.547,-0.68,0.0,0,1,0,1,29.2,
113.538,2449,1,ibvs_active,-90.0,-1.33,-31.0,13.6,-31.0,13.6,33.8,-1.549,-0.68,0.0,0,1,0,1,28.8,
113.585,2450,1,ibvs_active,-90.0,-1.68,-30.0,5.2,-30.2,6.9,30.4,-1.508,-0.346,0.0,0,1,0,1,30.1,
113.627,2451,1,ibvs_active,-90.0,-1.83,-29.8,2.0,-29.9,3.0,29.9,-1.495,-0.151,0.0,0,1,0,1,30.6,
113.672,2452,0,tag_lost_countdown,-90.0,-1.83,,,,,,,,,,,,,,0.0
113.715,2453,1,ibvs_active,-90.0,-1.41,-29.0,-11.3,-29.2,-8.4,31.2,-1.46,0.422,0.0,0,1,0,1,29.5,
113.766,2454,1,ibvs_active,-90.0,-0.87,-29.1,-11.4,-29.1,-10.8,31.3,-1.457,0.539,0.0,0,1,0,1,30.3,
113.811,2455,1,ibvs_active,-90.0,-0.31,-29.0,-11.4,-29.1,-11.3,31.2,-1.453,0.563,0.0,0,1,0,1,31.9,
113.864,2456,1,ibvs_active,-90.0,0.26,-29.1,-11.5,-29.1,-11.4,31.2,-1.453,0.571,0.0,0,1,0,1,30.3,
113.909,2457,1,ibvs_active,-90.0,0.83,-29.1,-11.4,-29.1,-11.4,31.2,-1.454,0.571,0.0,0,1,0,1,30.9,
113.957,2458,1,ibvs_active,-90.0,1.05,-30.0,-2.5,-29.8,-4.3,30.1,-1.491,0.215,0.0,0,1,0,1,29.3,
114.002,2459,1,ibvs_active,-90.0,0.9,-30.0,4.9,-30.0,3.1,30.4,-1.498,-0.153,0.0,0,1,0,1,29.5,
114.053,2460,1,ibvs_active,-90.0,0.65,-30.3,5.3,-30.2,4.9,30.8,-1.511,-0.244,0.0,0,1,0,1,30.1,
114.099,2461,1,ibvs_active,-90.0,0.15,-30.7,11.3,-30.6,10.0,32.7,-1.528,-0.502,0.0,0,1,0,1,27.0,
114.147,2462,1,ibvs_active,-90.0,-0.56,-28.3,15.3,-28.7,14.2,32.1,-1.436,-0.712,0.0,0,1,0,1,29.6,
114.190,2463,0,tag_lost_countdown,-90.0,-0.56,,,,,,,,,,,,,,0.0
114.237,2464,0,tag_lost_countdown,-90.0,-0.56,,,,,,,,,,,,,,0.04
114.282,2465,0,tag_lost_countdown,-90.0,-0.56,,,,,,,,,,,,,,0.09
114.327,2466,0,tag_lost_countdown,-90.0,-0.56,,,,,,,,,,,,,,0.13
114.373,2467,1,deadband,-90.0,-0.56,17.7,3.1,8.4,5.3,18.0,0.0,0.0,0.0,1,0,0,0,23.4,
114.418,2468,0,tag_lost_countdown,-90.0,-0.56,,,,,,,,,,,,,,0.0
114.458,2469,0,tag_lost_countdown,-90.0,-0.56,,,,,,,,,,,,,,0.05
114.513,2470,0,tag_lost_countdown,-90.0,-0.56,,,,,,,,,,,,,,0.09
114.558,2471,1,ibvs_active,-88.21,-0.62,42.7,0.1,35.9,1.2,42.7,1.794,-0.059,0.0,0,0,0,1,32.1,
114.608,2472,1,ibvs_active,-86.21,-0.63,41.6,-0.2,40.4,0.1,41.6,2.0,-0.004,0.0,0,0,0,1,32.8,
114.655,2473,1,ibvs_active,-84.21,-0.62,41.8,-0.1,41.6,-0.0,41.8,2.0,0.001,0.0,0,0,0,1,31.9,
114.702,2474,0,tag_lost_countdown,-84.21,-0.62,,,,,,,,,,,,,,0.0
114.748,2475,1,ibvs_active,-83.74,-0.62,14.0,-0.1,19.5,-0.1,14.0,0.465,0.001,0.0,0,0,0,1,24.0,
114.797,2476,0,tag_lost_countdown,-83.74,-0.62,,,,,,,,,,,,,,0.0
114.842,2477,1,deadband,-83.74,-0.62,-7.4,0.7,-2.0,0.5,7.5,0.0,0.0,0.0,1,0,0,0,30.7,
114.898,2478,1,deadband,-83.74,-0.62,-7.4,0.7,-6.3,0.7,7.4,0.0,0.0,0.0,1,0,0,0,31.2,
114.943,2479,1,deadband,-83.74,-0.62,-7.4,0.7,-7.2,0.7,7.4,0.0,0.0,0.0,1,0,0,0,30.4,
114.995,2480,1,deadband,-83.74,-0.62,-7.4,0.7,-7.3,0.7,7.4,0.0,0.0,0.0,1,0,0,0,30.4,
115.041,2481,1,deadband,-83.74,-0.62,-7.4,0.7,-7.4,0.7,7.4,0.0,0.0,0.0,1,0,0,0,30.3,
115.089,2482,0,tag_lost_countdown,-83.74,-0.62,,,,,,,,,,,,,,0.0
115.131,2483,0,tag_lost_countdown,-83.74,-0.62,,,,,,,,,,,,,,0.05
115.180,2484,0,tag_lost_countdown,-83.74,-0.62,,,,,,,,,,,,,,0.09
115.222,2485,0,tag_lost_countdown,-83.74,-0.62,,,,,,,,,,,,,,0.14
115.269,2486,0,tag_lost_countdown,-83.74,-0.62,,,,,,,,,,,,,,0.18
115.312,2487,0,tag_lost_countdown,-83.74,-0.62,,,,,,,,,,,,,,0.23
115.366,2488,0,tag_lost_countdown,-83.74,-0.62,,,,,,,,,,,,,,0.28
115.411,2489,1,ibvs_active,-85.36,-0.67,-38.6,1.0,-32.3,0.9,38.6,-1.617,-0.046,0.0,0,0,0,1,24.1,
115.461,2490,1,ibvs_active,-85.44,-0.66,-7.5,-2.6,-12.4,-1.9,7.9,-0.08,0.012,0.0,0,0,0,1,25.3,
115.504,2491,0,tag_lost_countdown,-85.44,-0.66,,,,,,,,,,,,,,0.0
115.549,2492,0,tag_lost_countdown,-85.44,-0.66,,,,,,,,,,,,,,0.04
115.588,2493,0,tag_lost_countdown,-85.44,-0.66,,,,,,,,,,,,,,0.09
115.634,2494,0,tag_lost_countdown,-85.44,-0.66,,,,,,,,,,,,,,0.13
115.677,2495,1,ibvs_active,-83.44,-0.35,74.5,-7.1,57.1,-6.1,74.8,2.0,0.303,0.0,0,0,0,1,32.0,
115.728,2496,1,ibvs_active,-81.44,0.01,74.1,-7.5,70.7,-7.2,74.4,2.0,0.361,0.0,0,0,0,1,34.2,
115.773,2497,1,ibvs_active,-79.44,0.36,72.7,-7.0,72.3,-7.0,73.0,2.0,0.352,0.0,0,0,0,1,33.9,
115.820,2498,0,tag_lost_countdown,-79.44,0.36,,,,,,,,,,,,,,0.0
115.865,2499,0,tag_lost_countdown,-79.44,0.36,,,,,,,,,,,,,,0.05
115.912,2500,0,tag_lost_countdown,-79.44,0.36,,,,,,,,,,,,,,0.09
115.959,2501,1,ibvs_active,-78.89,0.4,7.7,0.2,20.6,-1.3,7.7,0.551,0.034,0.0,0,0,0,1,34.3,
116.013,2502,1,ibvs_active,-78.88,0.4,7.7,0.2,10.3,-0.1,7.7,0.008,0.0,0.0,0,0,0,1,33.2,
116.056,2503,1,deadband,-78.88,0.4,7.7,0.1,8.2,0.1,7.7,0.0,0.0,0.0,1,0,0,0,32.3,
116.107,2504,1,deadband,-78.88,0.4,7.7,0.2,7.8,0.1,7.7,0.0,0.0,0.0,1,0,0,0,32.3,
116.151,2505,1,deadband,-78.88,0.4,7.7,0.1,7.7,0.1,7.7,0.0,0.0,0.0,1,0,0,0,32.4,
116.202,2506,1,deadband,-78.88,0.4,7.6,0.1,7.6,0.1,7.6,0.0,0.0,0.0,1,0,0,0,31.7,
116.249,2507,1,deadband,-78.88,0.4,7.6,0.2,7.6,0.2,7.6,0.0,0.0,0.0,1,0,0,0,32.4,
116.299,2508,1,deadband,-78.88,0.4,7.6,0.1,7.6,0.1,7.6,0.0,0.0,0.0,1,0,0,0,33.1,
116.344,2509,1,deadband,-78.88,0.4,7.5,0.2,7.6,0.2,7.5,0.0,0.0,0.0,1,0,0,0,32.9,
116.397,2510,1,deadband,-78.88,0.4,7.6,0.1,7.6,0.1,7.6,0.0,0.0,0.0,1,0,0,0,31.6,
116.444,2511,1,deadband,-78.88,0.4,7.5,0.2,7.5,0.2,7.5,0.0,0.0,0.0,1,0,0,0,32.6,
116.493,2512,1,deadband,-78.88,0.4,7.5,0.2,7.5,0.2,7.5,0.0,0.0,0.0,1,0,0,0,33.1,
116.538,2513,1,deadband,-78.88,0.4,7.5,0.2,7.5,0.2,7.5,0.0,0.0,0.0,1,0,0,0,32.5,
116.592,2514,1,deadband,-78.88,0.4,7.5,0.2,7.5,0.2,7.5,0.0,0.0,0.0,1,0,0,0,32.1,
116.637,2515,1,deadband,-78.88,0.4,7.6,0.2,7.6,0.2,7.6,0.0,0.0,0.0,1,0,0,0,32.2,
116.687,2516,1,deadband,-78.88,0.4,7.5,0.2,7.5,0.2,7.5,0.0,0.0,0.0,1,0,0,0,32.2,
116.732,2517,1,deadband,-78.88,0.4,7.5,0.2,7.5,0.2,7.5,0.0,0.0,0.0,1,0,0,0,32.2,
116.780,2518,1,deadband,-78.88,0.4,7.6,0.2,7.6,0.2,7.6,0.0,0.0,0.0,1,0,0,0,32.2,
116.824,2519,1,deadband,-78.88,0.4,7.5,0.2,7.5,0.2,7.5,0.0,0.0,0.0,1,0,0,0,31.7,
116.876,2520,1,deadband,-78.88,0.4,7.6,0.2,7.6,0.2,7.6,0.0,0.0,0.0,1,0,0,0,32.4,
116.920,2521,1,deadband,-78.88,0.4,7.6,0.2,7.6,0.2,7.6,0.0,0.0,0.0,1,0,0,0,32.7,
116.972,2522,1,deadband,-78.88,0.4,7.6,0.2,7.6,0.2,7.6,0.0,0.0,0.0,1,0,0,0,32.2,
117.018,2523,1,deadband,-78.88,0.4,7.5,0.2,7.5,0.2,7.5,0.0,0.0,0.0,1,0,0,0,32.6,
117.067,2524,1,deadband,-78.88,0.4,7.5,0.2,7.5,0.2,7.5,0.0,0.0,0.0,1,0,0,0,32.5,
117.116,2525,1,deadband,-78.88,0.4,7.5,0.2,7.5,0.2,7.5,0.0,0.0,0.0,1,0,0,0,32.3,
117.164,2526,1,deadband,-78.88,0.4,7.6,0.1,7.6,0.2,7.6,0.0,0.0,0.0,1,0,0,0,32.4,
117.210,2527,1,deadband,-78.88,0.4,7.5,0.2,7.5,0.2,7.5,0.0,0.0,0.0,1,0,0,0,33.5,
117.261,2528,1,deadband,-78.88,0.4,7.6,0.2,7.6,0.2,7.6,0.0,0.0,0.0,1,0,0,0,33.4,
117.307,2529,1,deadband,-78.88,0.4,7.6,0.2,7.6,0.2,7.6,0.0,0.0,0.0,1,0,0,0,32.1,
117.358,2530,1,deadband,-78.88,0.4,8.1,0.6,8.0,0.5,8.1,0.0,0.0,0.0,1,0,0,0,33.0,
117.401,2531,0,tag_lost_countdown,-78.88,0.4,,,,,,,,,,,,,,0.0
117.448,2532,0,tag_lost_countdown,-78.88,0.4,,,,,,,,,,,,,,0.04
117.486,2533,0,tag_lost_countdown,-78.88,0.4,,,,,,,,,,,,,,0.09
117.535,2534,0,tag_lost_countdown,-78.88,0.4,,,,,,,,,,,,,,0.13
117.574,2535,0,tag_lost_countdown,-78.88,0.4,,,,,,,,,,,,,,0.18
117.621,2536,0,tag_lost_countdown,-78.88,0.4,,,,,,,,,,,,,,0.22
117.660,2537,0,tag_lost_countdown,-78.88,0.4,,,,,,,,,,,,,,0.26
117.705,2538,0,tag_lost_countdown,-78.88,0.4,,,,,,,,,,,,,,0.3
117.744,2539,0,tag_lost_countdown,-78.88,0.4,,,,,,,,,,,,,,0.35
117.791,2540,0,tag_lost_countdown,-78.88,0.4,,,,,,,,,,,,,,0.39
117.831,2541,0,tag_lost_countdown,-78.88,0.4,,,,,,,,,,,,,,0.43
117.874,2542,0,tag_lost_countdown,-78.88,0.4,,,,,,,,,,,,,,0.47
117.913,2543,0,tag_lost_countdown,-78.88,0.4,,,,,,,,,,,,,,0.52
117.956,2544,0,tag_lost_countdown,-78.88,0.4,,,,,,,,,,,,,,0.55
117.998,2545,0,tag_lost_countdown,-78.88,0.4,,,,,,,,,,,,,,0.6
118.040,2546,0,tag_lost_countdown,-78.88,0.4,,,,,,,,,,,,,,0.64
118.079,2547,0,tag_lost_countdown,-78.88,0.4,,,,,,,,,,,,,,0.68
118.124,2548,0,tag_lost_countdown,-78.88,0.4,,,,,,,,,,,,,,0.72
118.166,2549,0,tag_lost_countdown,-78.88,0.4,,,,,,,,,,,,,,0.77
118.211,2550,0,tag_lost_countdown,-78.88,0.4,,,,,,,,,,,,,,0.81
118.252,2551,0,tag_lost_countdown,-78.88,0.4,,,,,,,,,,,,,,0.85
118.300,2552,0,tag_lost_countdown,-78.88,0.4,,,,,,,,,,,,,,0.89
118.343,2553,0,tag_lost_countdown,-78.88,0.4,,,,,,,,,,,,,,0.94
118.390,2554,0,tag_lost_countdown,-78.88,0.4,,,,,,,,,,,,,,0.99
118.432,2555,0,tag_lost_countdown,-78.88,0.4,,,,,,,,,,,,,,1.03
118.480,2556,0,tag_lost_countdown,-78.88,0.4,,,,,,,,,,,,,,1.07
118.521,2557,0,tag_lost_countdown,-78.88,0.4,,,,,,,,,,,,,,1.12
118.565,2558,0,tag_lost_countdown,-78.88,0.4,,,,,,,,,,,,,,1.16
118.606,2559,0,tag_lost_countdown,-78.88,0.4,,,,,,,,,,,,,,1.21
118.650,2560,0,tag_lost_countdown,-78.88,0.4,,,,,,,,,,,,,,1.25
118.693,2561,0,tag_lost_countdown,-78.88,0.4,,,,,,,,,,,,,,1.29
118.736,2562,0,tag_lost_countdown,-78.88,0.4,,,,,,,,,,,,,,1.34
118.774,2563,0,tag_lost_countdown,-78.88,0.4,,,,,,,,,,,,,,1.38
118.822,2564,0,tag_lost_countdown,-78.88,0.4,,,,,,,,,,,,,,1.42
118.862,2565,0,tag_lost_countdown,-78.88,0.4,,,,,,,,,,,,,,1.46
118.906,2566,0,tag_lost_countdown,-78.88,0.4,,,,,,,,,,,,,,1.5
118.946,2567,0,tag_lost_countdown,-78.88,0.4,,,,,,,,,,,,,,1.55
118.993,2568,0,tag_lost_countdown,-78.88,0.4,,,,,,,,,,,,,,1.59
119.035,2569,0,tag_lost_countdown,-78.88,0.4,,,,,,,,,,,,,,1.64
119.081,2570,0,tag_lost_countdown,-78.88,0.4,,,,,,,,,,,,,,1.68
119.123,2571,0,tag_lost_countdown,-78.88,0.4,,,,,,,,,,,,,,1.72
119.170,2572,0,tag_lost_countdown,-78.88,0.4,,,,,,,,,,,,,,1.77
119.214,2573,0,tag_lost_countdown,-78.88,0.4,,,,,,,,,,,,,,1.81
119.262,2574,0,tag_lost_countdown,-78.88,0.4,,,,,,,,,,,,,,1.86
119.305,2575,0,tag_lost_countdown,-78.88,0.4,,,,,,,,,,,,,,1.9
119.354,2576,0,tag_lost_countdown,-78.88,0.4,,,,,,,,,,,,,,1.95
119.397,2577,0,tag_lost_countdown,-78.88,0.4,,,,,,,,,,,,,,2.0
119.445,2578,0,tag_lost_countdown,-78.88,0.4,,,,,,,,,,,,,,2.04
119.489,2579,0,tag_lost_countdown,-78.88,0.4,,,,,,,,,,,,,,2.09
119.538,2580,0,tag_lost_countdown,-78.88,0.4,,,,,,,,,,,,,,2.13
119.580,2581,0,tag_lost_countdown,-78.88,0.4,,,,,,,,,,,,,,2.18
119.628,2582,0,tag_lost_countdown,-78.88,0.4,,,,,,,,,,,,,,2.22
119.671,2583,0,tag_lost_countdown,-78.88,0.4,,,,,,,,,,,,,,2.27
119.718,2584,0,tag_lost_countdown,-78.88,0.4,,,,,,,,,,,,,,2.31
119.760,2585,0,tag_lost_countdown,-78.88,0.4,,,,,,,,,,,,,,2.36
119.807,2586,0,tag_lost_countdown,-78.88,0.4,,,,,,,,,,,,,,2.4
119.851,2587,0,tag_lost_countdown,-78.88,0.4,,,,,,,,,,,,,,2.45
119.899,2588,0,tag_lost_countdown,-78.88,0.4,,,,,,,,,,,,,,2.49
119.942,2589,0,tag_lost_countdown,-78.88,0.4,,,,,,,,,,,,,,2.54
119.988,2590,0,tag_lost_countdown,-78.88,0.4,,,,,,,,,,,,,,2.58
120.031,2591,0,tag_lost_countdown,-78.88,0.4,,,,,,,,,,,,,,2.63
120.075,2592,0,tag_lost_countdown,-78.88,0.4,,,,,,,,,,,,,,2.67
120.112,2593,0,tag_lost_countdown,-78.88,0.4,,,,,,,,,,,,,,2.72
120.157,2594,0,tag_lost_countdown,-78.88,0.4,,,,,,,,,,,,,,2.75
120.195,2595,0,tag_lost_countdown,-78.88,0.4,,,,,,,,,,,,,,2.8
120.239,2596,0,tag_lost_countdown,-78.88,0.4,,,,,,,,,,,,,,2.84
120.281,2597,0,tag_lost_countdown,-78.88,0.4,,,,,,,,,,,,,,2.88
120.327,2598,0,tag_lost_countdown,-78.88,0.4,,,,,,,,,,,,,,2.92
120.367,2599,0,tag_lost_countdown,-78.88,0.4,,,,,,,,,,,,,,2.97
120.420,2600,1,ibvs_active,-76.88,0.66,221.8,-6.7,179.0,-5.3,221.9,2.0,0.264,0.0,0,0,0,1,36.6,
120.467,2601,1,ibvs_active,-74.88,1.02,222.0,-7.6,213.4,-7.1,222.1,2.0,0.357,0.0,0,0,0,1,35.8,
120.520,2602,1,ibvs_active,-72.88,1.37,221.5,-7.2,219.9,-7.2,221.6,2.0,0.358,0.0,0,0,0,1,36.1,
120.565,2603,0,tag_lost_countdown,-72.88,1.37,,,,,,,,,,,,,,0.0
120.616,2604,1,ibvs_active,-70.88,1.34,167.5,2.7,177.9,0.7,167.5,2.0,-0.034,0.0,0,0,0,1,36.5,
120.659,2605,1,ibvs_active,-68.88,1.2,147.3,3.2,153.4,2.7,147.3,2.0,-0.136,0.0,0,0,0,1,20.5,
120.709,2606,1,ibvs_active,-66.88,1.04,146.7,3.4,148.1,3.2,146.8,2.0,-0.161,0.0,0,0,0,1,37.1,
120.755,2607,1,ibvs_active,-64.88,0.83,127.2,4.4,131.4,4.2,127.3,2.0,-0.21,0.0,0,0,0,1,35.5,
120.804,2608,0,tag_lost_countdown,-64.88,0.83,,,,,,,,,,,,,,0.0
120.851,2609,1,ibvs_active,-62.88,0.51,84.3,7.0,93.7,6.5,84.6,2.0,-0.323,0.0,0,0,0,1,36.1,
120.899,2610,0,tag_lost_countdown,-62.88,0.51,,,,,,,,,,,,,,0.0
120.937,2611,0,tag_lost_countdown,-62.88,0.51,,,,,,,,,,,,,,0.05
120.986,2612,0,tag_lost_countdown,-62.88,0.51,,,,,,,,,,,,,,0.09
121.028,2613,0,tag_lost_countdown,-62.88,0.51,,,,,,,,,,,,,,0.14
121.076,2614,0,tag_lost_countdown,-62.88,0.51,,,,,,,,,,,,,,0.18
121.121,2615,1,ibvs_active,-60.88,0.19,32.9,6.3,45.1,6.4,33.5,2.0,-0.318,0.0,0,0,0,1,34.2,
121.173,2616,1,ibvs_active,-59.11,-0.11,32.9,6.1,35.4,6.1,33.5,1.768,-0.306,0.0,0,0,0,1,33.1,
121.218,2617,1,ibvs_active,-57.44,-0.41,32.9,6.0,33.4,6.0,33.4,1.669,-0.3,0.0,0,0,0,1,33.8,
121.267,2618,0,tag_lost_countdown,-57.44,-0.41,,,,,,,,,,,,,,0.0
121.308,2619,0,tag_lost_countdown,-57.44,-0.41,,,,,,,,,,,,,,0.05
121.352,2620,0,tag_lost_countdown,-57.44,-0.41,,,,,,,,,,,,,,0.09
121.396,2621,0,tag_lost_countdown,-57.44,-0.41,,,,,,,,,,,,,,0.13
121.449,2622,1,ibvs_active,-57.55,-0.39,-24.6,-4.9,-13.0,-2.7,25.1,-0.106,0.022,0.0,0,0,0,1,32.5,
121.497,2623,1,ibvs_active,-58.25,-0.25,-24.6,-4.8,-22.2,-4.4,25.0,-0.704,0.139,0.0,0,0,0,1,32.9,
121.549,2624,1,ibvs_active,-59.14,-0.08,-24.6,-4.8,-24.1,-4.7,25.1,-0.882,0.172,0.0,0,0,0,1,32.4,
121.596,2625,1,ibvs_active,-60.05,0.09,-24.6,-4.7,-24.5,-4.7,25.1,-0.918,0.176,0.0,0,0,0,1,32.2,
121.648,2626,1,ibvs_active,-60.96,0.27,-24.4,-4.8,-24.4,-4.8,24.9,-0.911,0.179,0.0,0,0,0,1,32.8,
121.690,2627,0,tag_lost_countdown,-60.96,0.27,,,,,,,,,,,,,,0.0
121.737,2628,0,tag_lost_countdown,-60.96,0.27,,,,,,,,,,,,,,0.04
121.777,2629,0,tag_lost_countdown,-60.96,0.27,,,,,,,,,,,,,,0.09
121.827,2630,1,deadband,-60.96,0.27,13.0,-0.4,5.5,-1.3,13.0,0.0,0.0,0.0,1,0,0,0,31.9,
121.873,2631,1,ibvs_active,-60.92,0.27,13.0,-0.4,11.5,-0.5,13.0,0.044,0.002,0.0,0,0,0,1,32.9,
121.925,2632,1,ibvs_active,-60.83,0.28,13.0,-0.4,12.7,-0.4,13.0,0.086,0.003,0.0,0,0,0,1,32.7,
121.972,2633,1,ibvs_active,-60.74,0.28,13.0,-0.4,13.0,-0.4,13.0,0.096,0.003,0.0,0,0,0,1,32.9,
122.021,2634,1,ibvs_active,-60.64,0.28,13.0,-0.4,13.0,-0.4,13.0,0.097,0.003,0.0,0,0,0,1,33.6,
122.068,2635,1,ibvs_active,-60.54,0.29,13.0,-0.5,13.0,-0.5,13.0,0.098,0.004,0.0,0,0,0,1,32.6,
122.119,2636,1,ibvs_active,-60.44,0.29,13.0,-0.5,13.0,-0.5,13.0,0.099,0.004,0.0,0,0,0,1,33.1,
122.164,2637,1,ibvs_active,-60.35,0.29,13.0,-0.4,13.0,-0.4,13.0,0.098,0.003,0.0,0,0,0,1,32.5,
122.217,2638,1,ibvs_active,-60.25,0.3,13.0,-0.4,13.0,-0.4,13.1,0.099,0.003,0.0,0,0,0,1,32.8,
122.267,2639,1,ibvs_active,-60.15,0.3,13.0,-0.5,13.0,-0.5,13.0,0.098,0.003,0.0,0,0,0,1,33.9,
122.320,2640,1,ibvs_active,-60.05,0.3,13.0,-0.5,13.0,-0.5,13.0,0.099,0.004,0.0,0,0,0,1,32.3,
122.368,2641,1,ibvs_active,-59.95,0.31,13.0,-0.5,13.0,-0.5,13.0,0.097,0.004,0.0,0,0,0,1,33.0,
122.419,2642,1,ibvs_active,-59.92,0.31,10.7,-0.5,11.1,-0.5,10.7,0.032,0.001,0.0,0,0,0,1,32.8,
122.468,2643,1,ibvs_active,-59.9,0.31,10.5,-0.4,10.6,-0.4,10.5,0.017,0.001,0.0,0,0,0,1,33.0,
122.520,2644,1,ibvs_active,-59.89,0.31,10.5,-0.5,10.5,-0.5,10.5,0.014,0.001,0.0,0,0,0,1,32.3,
122.568,2645,1,ibvs_active,-59.88,0.31,10.5,-0.4,10.5,-0.4,10.5,0.013,0.001,0.0,0,0,0,1,33.2,
122.620,2646,1,ibvs_active,-59.86,0.31,10.5,-0.5,10.5,-0.5,10.5,0.013,0.001,0.0,0,0,0,1,31.1,
122.667,2647,1,ibvs_active,-59.85,0.31,10.5,-0.5,10.5,-0.5,10.5,0.013,0.001,0.0,0,0,0,1,33.1,
122.721,2648,1,ibvs_active,-59.84,0.31,10.6,-0.4,10.5,-0.4,10.6,0.015,0.001,0.0,0,0,0,1,31.9,
122.770,2649,1,ibvs_active,-59.81,0.31,11.0,-0.1,10.9,-0.1,11.0,0.024,0.0,0.0,0,0,0,1,31.9,
122.818,2650,0,tag_lost_countdown,-59.81,0.31,,,,,,,,,,,,,,0.0
122.861,2651,1,ibvs_active,-59.41,0.26,20.4,3.4,18.5,2.7,20.7,0.402,-0.058,0.0,0,0,0,1,30.4,
122.905,2652,0,tag_lost_countdown,-59.41,0.26,,,,,,,,,,,,,,0.0
122.945,2653,0,tag_lost_countdown,-59.41,0.26,,,,,,,,,,,,,,0.04
122.992,2654,0,tag_lost_countdown,-59.41,0.26,,,,,,,,,,,,,,0.08
123.033,2655,0,tag_lost_countdown,-59.41,0.26,,,,,,,,,,,,,,0.13
123.080,2656,0,tag_lost_countdown,-59.41,0.26,,,,,,,,,,,,,,0.17
123.121,2657,0,tag_lost_countdown,-59.41,0.26,,,,,,,,,,,,,,0.22
123.165,2658,0,tag_lost_countdown,-59.41,0.26,,,,,,,,,,,,,,0.26
123.209,2659,1,ibvs_active,-57.41,0.22,172.1,0.3,141.3,0.8,172.1,2.0,-0.039,0.0,0,0,0,1,25.4,
123.259,2660,1,ibvs_active,-55.41,0.5,175.2,-7.3,168.5,-5.7,175.4,2.0,0.285,0.0,0,0,0,1,35.0,
123.304,2661,0,tag_lost_countdown,-55.41,0.5,,,,,,,,,,,,,,0.0
123.354,2662,0,tag_lost_countdown,-55.41,0.5,,,,,,,,,,,,,,0.04
123.397,2663,1,ibvs_active,-53.41,0.64,114.9,-2.0,125.6,-2.7,114.9,2.0,0.136,0.0,0,0,0,1,20.9,
123.448,2664,1,ibvs_active,-51.41,0.75,110.8,-2.2,113.7,-2.3,110.8,2.0,0.114,0.0,0,0,0,1,37.3,
123.495,2665,1,ibvs_active,-49.41,0.85,110.6,-1.9,111.2,-2.0,110.6,2.0,0.098,0.0,0,0,0,1,35.3,
123.544,2666,1,ibvs_active,-47.41,0.89,94.9,-0.7,98.2,-0.9,94.9,2.0,0.046,0.0,0,0,0,1,24.4,
123.589,2667,1,ibvs_active,-45.41,0.82,74.6,2.2,79.3,1.6,74.6,2.0,-0.078,0.0,0,0,0,1,29.0,
123.637,2668,0,tag_lost_countdown,-45.41,0.82,,,,,,,,,,,,,,0.0
123.684,2669,1,ibvs_active,-43.41,0.66,31.3,3.4,40.9,3.0,31.4,2.0,-0.152,0.0,0,0,0,1,32.3,
123.735,2670,1,ibvs_active,-42.93,0.56,14.1,4.5,19.4,4.2,14.8,0.479,-0.104,0.0,0,0,0,1,23.0,
123.781,2671,1,ibvs_active,-42.72,0.51,14.1,3.7,15.1,3.8,14.6,0.212,-0.054,0.0,0,0,0,1,32.1,
123.831,2672,0,tag_lost_countdown,-42.72,0.51,,,,,,,,,,,,,,0.0
123.877,2673,1,ibvs_active,-42.79,0.49,-18.6,3.5,-11.8,3.6,18.9,-0.07,-0.021,0.0,0,0,0,1,32.4,
123.931,2674,1,ibvs_active,-43.13,0.41,-18.8,4.0,-17.4,3.9,19.2,-0.34,-0.076,0.0,0,0,0,1,32.2,
123.977,2675,1,ibvs_active,-43.55,0.33,-19.0,3.6,-18.7,3.7,19.3,-0.42,-0.083,0.0,0,0,0,1,31.2,
124.029,2676,1,ibvs_active,-43.98,0.24,-18.9,3.9,-18.8,3.8,19.2,-0.432,-0.088,0.0,0,0,0,1,31.9,
124.077,2677,1,ibvs_active,-44.42,0.15,-18.9,3.7,-18.9,3.7,19.3,-0.437,-0.087,0.0,0,0,0,1,32.6,
124.128,2678,1,ibvs_active,-44.85,0.06,-18.8,3.8,-18.8,3.8,19.2,-0.433,-0.088,0.0,0,0,0,1,30.9,
124.174,2679,1,ibvs_active,-45.25,-0.0,-18.2,2.9,-18.3,3.1,18.5,-0.394,-0.066,0.0,0,0,0,1,30.5,
124.222,2680,0,tag_lost_countdown,-45.25,-0.0,,,,,,,,,,,,,,0.0
124.264,2681,0,tag_lost_countdown,-45.25,-0.0,,,,,,,,,,,,,,0.05
124.313,2682,0,tag_lost_countdown,-45.25,-0.0,,,,,,,,,,,,,,0.09
124.353,2683,0,tag_lost_countdown,-45.25,-0.0,,,,,,,,,,,,,,0.14
124.398,2684,0,tag_lost_countdown,-45.25,-0.0,,,,,,,,,,,,,,0.18
124.438,2685,0,tag_lost_countdown,-45.25,-0.0,,,,,,,,,,,,,,0.22
124.485,2686,0,tag_lost_countdown,-45.25,-0.0,,,,,,,,,,,,,,0.26
124.524,2687,0,tag_lost_countdown,-45.25,-0.0,,,,,,,,,,,,,,0.31
124.568,2688,0,tag_lost_countdown,-45.25,-0.0,,,,,,,,,,,,,,0.35
124.614,2689,1,ibvs_active,-43.25,-0.16,90.9,3.1,69.1,3.1,91.0,2.0,-0.154,0.0,0,0,0,1,29.7,
124.664,2690,1,ibvs_active,-41.25,-0.4,90.8,5.4,86.5,4.9,91.0,2.0,-0.247,0.0,0,0,0,1,32.1,
124.709,2691,1,ibvs_active,-39.25,-0.66,90.4,5.3,89.6,5.2,90.6,2.0,-0.26,0.0,0,0,0,1,31.4,
124.760,2692,1,ibvs_active,-37.25,-0.93,84.8,5.3,85.7,5.3,84.9,2.0,-0.263,0.0,0,0,0,1,32.8,
124.802,2693,1,ibvs_active,-35.25,-0.94,60.7,-1.0,65.7,0.3,60.7,2.0,-0.013,0.0,0,0,0,1,20.1,
124.850,2694,0,tag_lost_countdown,-35.25,-0.94,,,,,,,,,,,,,,0.0
124.891,2695,0,tag_lost_countdown,-35.25,-0.94,,,,,,,,,,,,,,0.05
124.941,2696,1,ibvs_active,-34.83,-0.94,7.2,0.3,18.9,0.3,7.2,0.418,-0.006,0.0,0,0,0,1,33.0,
124.984,2697,1,deadband,-34.83,-0.94,7.1,0.3,9.5,0.3,7.1,0.0,0.0,0.0,1,0,0,0,31.6,
125.035,2698,1,deadband,-34.83,-0.94,6.8,0.0,7.3,0.1,6.8,0.0,0.0,0.0,1,0,0,0,32.0,
125.081,2699,1,deadband,-34.83,-0.94,6.9,0.2,7.0,0.2,6.9,0.0,0.0,0.0,1,0,0,0,32.2,
125.132,2700,1,deadband,-34.83,-0.94,6.8,0.1,6.9,0.1,6.8,0.0,0.0,0.0,1,0,0,0,31.8,
125.186,2701,1,deadband,-34.83,-0.94,6.9,0.2,6.9,0.1,6.9,0.0,0.0,0.0,1,0,0,0,31.6,
125.236,2702,1,deadband,-34.83,-0.94,6.9,0.1,6.9,0.1,6.9,0.0,0.0,0.0,1,0,0,0,30.9,
125.283,2703,1,deadband,-34.83,-0.94,6.8,0.1,6.8,0.1,6.8,0.0,0.0,0.0,1,0,0,0,32.7,
125.337,2704,1,deadband,-34.83,-0.94,6.9,0.2,6.9,0.1,6.9,0.0,0.0,0.0,1,0,0,0,31.1,
125.382,2705,1,deadband,-34.83,-0.94,6.8,0.1,6.8,0.1,6.8,0.0,0.0,0.0,1,0,0,0,31.6,
125.433,2706,1,deadband,-34.83,-0.94,6.8,0.1,6.8,0.1,6.8,0.0,0.0,0.0,1,0,0,0,31.0,
125.478,2707,1,deadband,-34.83,-0.94,6.8,0.1,6.8,0.1,6.8,0.0,0.0,0.0,1,0,0,0,31.6,
125.529,2708,1,deadband,-34.83,-0.94,6.8,0.1,6.8,0.1,6.8,0.0,0.0,0.0,1,0,0,0,31.0,
125.581,2709,1,deadband,-34.83,-0.94,6.8,-1.3,6.8,-1.0,7.0,0.0,0.0,0.0,1,0,0,0,24.2,
125.628,2710,1,deadband,-34.83,-0.94,8.7,3.0,8.3,2.2,9.2,0.0,0.0,0.0,1,0,0,0,22.0,
125.671,2711,1,ibvs_active,-34.7,-0.93,15.0,-1.9,13.7,-1.1,15.2,0.128,0.01,0.0,0,0,0,1,29.9,
125.719,2712,1,ibvs_active,-34.36,-0.89,18.6,-2.7,17.6,-2.4,18.8,0.34,0.046,0.0,0,0,0,1,25.8,
125.759,2713,0,tag_lost_countdown,-34.36,-0.89,,,,,,,,,,,,,,0.0
125.807,2714,0,tag_lost_countdown,-34.36,-0.89,,,,,,,,,,,,,,0.04
125.851,2715,0,tag_lost_countdown,-34.36,-0.89,,,,,,,,,,,,,,0.09
125.899,2716,0,tag_lost_countdown,-34.36,-0.89,,,,,,,,,,,,,,0.13
125.939,2717,0,tag_lost_countdown,-34.36,-0.89,,,,,,,,,,,,,,0.18
125.981,2718,0,tag_lost_countdown,-34.36,-0.89,,,,,,,,,,,,,,0.22
126.021,2719,0,tag_lost_countdown,-34.36,-0.89,,,,,,,,,,,,,,0.26
126.068,2720,0,tag_lost_countdown,-34.36,-0.89,,,,,,,,,,,,,,0.3
126.112,2721,1,ibvs_active,-32.36,-0.27,236.3,-15.0,192.5,-12.4,236.7,2.0,0.622,0.0,0,0,0,1,30.0,
126.160,2722,1,ibvs_active,-30.36,0.59,237.3,-18.4,228.4,-17.2,238.0,2.0,0.86,0.0,0,0,0,1,34.1,
126.203,2723,1,ibvs_active,-28.36,1.37,236.3,-15.0,234.7,-15.5,236.7,2.0,0.774,0.0,0,0,0,1,20.3,
126.249,2724,0,tag_lost_countdown,-28.36,1.37,,,,,,,,,,,,,,0.0
126.292,2725,0,tag_lost_countdown,-28.36,1.37,,,,,,,,,,,,,,0.05
126.346,2726,1,ibvs_active,-26.36,1.14,163.9,9.6,178.0,4.6,164.1,2.0,-0.23,0.0,0,0,0,1,35.1,
126.392,2727,1,ibvs_active,-24.36,0.69,164.3,10.1,167.0,9.0,164.6,2.0,-0.448,0.0,0,0,0,1,34.2,
126.450,2728,0,tag_lost_countdown,-24.36,0.69,,,,,,,,,,,,,,0.0
126.493,2729,1,ibvs_active,-22.36,0.2,138.0,9.9,143.8,9.7,138.4,2.0,-0.487,0.0,0,0,0,1,32.9,
126.543,2730,1,ibvs_active,-20.36,-0.33,120.0,10.8,124.8,10.6,120.5,2.0,-0.528,0.0,0,0,0,1,33.1,
126.590,2731,1,ibvs_active,-18.36,-0.86,120.1,10.7,121.1,10.6,120.6,2.0,-0.532,0.0,0,0,0,1,32.6,
126.636,2732,0,tag_lost_countdown,-18.36,-0.86,,,,,,,,,,,,,,0.0
126.680,2733,1,ibvs_active,-16.36,-0.82,78.7,-3.7,87.1,-0.8,78.7,2.0,0.04,0.0,0,0,0,1,31.6,
126.729,2734,0,tag_lost_countdown,-16.36,-0.82,,,,,,,,,,,,,,0.0
126.773,2735,0,tag_lost_countdown,-16.36,-0.82,,,,,,,,,,,,,,0.05
126.824,2736,1,ibvs_active,-14.36,-0.74,34.7,-1.7,45.2,-1.5,34.7,2.0,0.076,0.0,0,0,0,1,31.3,
126.883,2737,1,ibvs_active,-12.52,-0.66,34.7,-1.6,36.8,-1.6,34.7,1.839,0.079,0.0,0,0,0,1,29.9,
126.937,2738,1,ibvs_active,-10.77,-0.58,34.5,-1.6,35.0,-1.6,34.5,1.748,0.079,0.0,0,0,0,1,20.6,
126.980,2739,0,tag_lost_countdown,-10.77,-0.58,,,,,,,,,,,,,,0.0
127.029,2740,1,ibvs_active,-10.6,-0.57,9.5,-1.5,14.6,-1.5,9.6,0.17,0.018,0.0,0,0,0,1,31.3,
127.072,2741,1,deadband,-10.6,-0.57,-6.0,-1.2,-1.9,-1.3,6.1,0.0,0.0,0.0,1,0,0,0,29.4,
127.124,2742,1,deadband,-10.6,-0.57,-5.8,-1.2,-5.0,-1.2,5.9,0.0,0.0,0.0,1,0,0,0,29.9,
127.170,2743,1,deadband,-10.6,-0.57,-5.9,-1.2,-5.7,-1.2,6.0,0.0,0.0,0.0,1,0,0,0,29.3,
127.222,2744,1,deadband,-10.6,-0.57,-5.8,-1.2,-5.8,-1.2,5.9,0.0,0.0,0.0,1,0,0,0,30.7,
127.268,2745,1,deadband,-10.6,-0.57,-5.8,-1.1,-5.8,-1.1,5.9,0.0,0.0,0.0,1,0,0,0,29.4,
127.324,2746,1,deadband,-10.6,-0.57,-5.9,-1.1,-5.8,-1.1,6.0,0.0,0.0,0.0,1,0,0,0,29.5,
127.369,2747,1,deadband,-10.6,-0.57,-5.9,-1.1,-5.9,-1.1,6.0,0.0,0.0,0.0,1,0,0,0,29.8,
127.419,2748,1,deadband,-10.6,-0.57,-5.9,-1.1,-5.9,-1.1,6.0,0.0,0.0,0.0,1,0,0,0,28.8,
127.462,2749,1,deadband,-10.6,-0.57,-5.9,-1.2,-5.9,-1.1,6.0,0.0,0.0,0.0,1,0,0,0,29.9,
127.517,2750,1,deadband,-10.6,-0.57,-5.8,-1.1,-5.8,-1.1,5.9,0.0,0.0,0.0,1,0,0,0,30.4,
127.574,2751,1,deadband,-10.6,-0.57,-5.8,-1.1,-5.8,-1.1,5.9,0.0,0.0,0.0,1,0,0,0,28.9,
127.624,2752,1,deadband,-10.6,-0.57,-5.8,-1.1,-5.8,-1.1,5.9,0.0,0.0,0.0,1,0,0,0,29.5,
127.670,2753,1,deadband,-10.6,-0.57,-5.8,-1.1,-5.8,-1.1,5.9,0.0,0.0,0.0,1,0,0,0,29.2,
127.721,2754,1,deadband,-10.6,-0.57,-5.8,-1.1,-5.8,-1.1,5.9,0.0,0.0,0.0,1,0,0,0,29.8,
127.765,2755,1,deadband,-10.6,-0.57,-5.8,-1.1,-5.8,-1.1,5.9,0.0,0.0,0.0,1,0,0,0,30.8,
127.815,2756,1,deadband,-10.6,-0.57,-5.8,-1.1,-5.8,-1.1,5.9,0.0,0.0,0.0,1,0,0,0,29.9,
127.860,2757,1,deadband,-10.6,-0.57,-5.8,-1.1,-5.8,-1.1,5.9,0.0,0.0,0.0,1,0,0,0,29.9,
127.911,2758,1,deadband,-10.6,-0.57,-5.8,-1.1,-5.8,-1.1,5.9,0.0,0.0,0.0,1,0,0,0,29.4,
127.955,2759,1,deadband,-10.6,-0.57,-5.8,-1.1,-5.8,-1.1,5.9,0.0,0.0,0.0,1,0,0,0,29.0,
128.014,2760,1,deadband,-10.6,-0.57,-6.0,-1.2,-5.9,-1.2,6.1,0.0,0.0,0.0,1,0,0,0,30.1,
128.058,2761,1,deadband,-10.6,-0.57,-5.8,-1.1,-5.8,-1.2,5.9,0.0,0.0,0.0,1,0,0,0,30.6,
128.108,2762,1,deadband,-10.6,-0.57,-5.8,-1.1,-5.8,-1.1,5.9,0.0,0.0,0.0,1,0,0,0,30.3,
128.153,2763,1,deadband,-10.6,-0.57,-5.8,-1.1,-5.8,-1.1,5.9,0.0,0.0,0.0,1,0,0,0,29.5,
128.205,2764,1,deadband,-10.6,-0.57,-5.9,-1.1,-5.9,-1.1,6.0,0.0,0.0,0.0,1,0,0,0,30.0,
128.249,2765,1,deadband,-10.6,-0.57,-5.9,-1.1,-5.9,-1.1,6.0,0.0,0.0,0.0,1,0,0,0,29.1,
128.300,2766,1,deadband,-10.6,-0.57,-5.9,-1.1,-5.9,-1.1,6.0,0.0,0.0,0.0,1,0,0,0,30.0,
128.346,2767,1,deadband,-10.6,-0.57,-5.8,-1.1,-5.8,-1.1,5.9,0.0,0.0,0.0,1,0,0,0,29.8,
128.405,2768,1,deadband,-10.6,-0.57,-6.0,-1.2,-5.9,-1.2,6.1,0.0,0.0,0.0,1,0,0,0,29.8,
128.450,2769,1,deadband,-10.6,-0.57,-5.9,-1.1,-5.9,-1.1,6.0,0.0,0.0,0.0,1,0,0,0,29.8,
128.501,2770,1,deadband,-10.6,-0.57,-5.9,-1.1,-5.9,-1.1,6.0,0.0,0.0,0.0,1,0,0,0,29.7,
128.546,2771,1,deadband,-10.6,-0.57,-5.9,-1.1,-5.9,-1.1,6.0,0.0,0.0,0.0,1,0,0,0,29.2,
128.597,2772,1,deadband,-10.6,-0.57,-5.9,-1.1,-5.9,-1.1,6.0,0.0,0.0,0.0,1,0,0,0,29.8,
128.643,2773,1,deadband,-10.6,-0.57,-5.9,-1.1,-5.9,-1.1,6.0,0.0,0.0,0.0,1,0,0,0,28.9,
128.694,2774,1,deadband,-10.6,-0.57,-5.9,-1.1,-5.9,-1.1,6.0,0.0,0.0,0.0,1,0,0,0,29.8,
128.739,2775,1,deadband,-10.6,-0.57,-5.9,-1.0,-5.9,-1.0,6.0,0.0,0.0,0.0,1,0,0,0,28.9,
128.790,2776,1,deadband,-10.6,-0.57,-5.8,-1.1,-5.8,-1.1,5.9,0.0,0.0,0.0,1,0,0,0,29.9,
128.840,2777,1,deadband,-10.6,-0.57,-5.8,-1.0,-5.8,-1.0,5.9,0.0,0.0,0.0,1,0,0,0,30.1,
128.891,2778,1,deadband,-10.6,-0.57,-5.9,-1.1,-5.9,-1.1,6.0,0.0,0.0,0.0,1,0,0,0,29.8,
128.938,2779,1,deadband,-10.6,-0.57,-5.9,-1.2,-5.9,-1.2,6.1,0.0,0.0,0.0,1,0,0,0,29.7,
128.990,2780,1,deadband,-10.6,-0.57,-5.9,-1.1,-5.9,-1.1,6.0,0.0,0.0,0.0,1,0,0,0,30.5,
129.033,2781,1,deadband,-10.6,-0.57,-5.9,-1.1,-5.9,-1.1,6.0,0.0,0.0,0.0,1,0,0,0,29.6,
129.083,2782,1,deadband,-10.6,-0.57,-5.9,-1.1,-5.9,-1.1,6.0,0.0,0.0,0.0,1,0,0,0,30.7,
129.128,2783,1,deadband,-10.6,-0.57,-5.9,-1.1,-5.9,-1.1,6.0,0.0,0.0,0.0,1,0,0,0,29.5,
129.177,2784,1,deadband,-10.6,-0.57,-5.8,-1.1,-5.8,-1.1,5.9,0.0,0.0,0.0,1,0,0,0,29.2,
129.223,2785,1,deadband,-10.6,-0.57,-5.8,-1.1,-5.8,-1.1,5.9,0.0,0.0,0.0,1,0,0,0,29.8,
129.280,2786,1,deadband,-10.6,-0.57,-5.9,-1.1,-5.9,-1.1,6.0,0.0,0.0,0.0,1,0,0,0,29.5,
129.327,2787,1,deadband,-10.6,-0.57,-5.9,-1.1,-5.9,-1.1,6.0,0.0,0.0,0.0,1,0,0,0,29.6,
129.377,2788,1,deadband,-10.6,-0.57,-5.9,-1.1,-5.9,-1.1,6.0,0.0,0.0,0.0,1,0,0,0,29.6,
129.423,2789,1,deadband,-10.6,-0.57,-5.9,-1.1,-5.9,-1.1,6.0,0.0,0.0,0.0,1,0,0,0,29.6,
129.472,2790,1,deadband,-10.6,-0.57,-5.9,-1.0,-5.9,-1.1,5.9,0.0,0.0,0.0,1,0,0,0,29.7,
129.528,2791,1,deadband,-10.6,-0.57,-5.9,-1.1,-5.9,-1.1,6.0,0.0,0.0,0.0,1,0,0,0,29.6,
129.578,2792,1,deadband,-10.6,-0.57,-5.9,-1.1,-5.9,-1.1,6.0,0.0,0.0,0.0,1,0,0,0,29.1,
129.623,2793,1,deadband,-10.6,-0.57,-5.9,-1.1,-5.9,-1.1,6.0,0.0,0.0,0.0,1,0,0,0,29.7,
129.672,2794,1,deadband,-10.6,-0.57,-5.9,-1.1,-5.9,-1.1,6.0,0.0,0.0,0.0,1,0,0,0,29.5,
129.718,2795,1,deadband,-10.6,-0.57,-5.9,-1.1,-5.9,-1.1,6.0,0.0,0.0,0.0,1,0,0,0,29.5,
129.768,2796,1,deadband,-10.6,-0.57,-5.8,-1.1,-5.8,-1.1,5.9,0.0,0.0,0.0,1,0,0,0,30.1,
129.811,2797,1,deadband,-10.6,-0.57,-6.0,-1.2,-5.9,-1.2,6.1,0.0,0.0,0.0,1,0,0,0,29.3,
129.863,2798,1,deadband,-10.6,-0.57,-5.9,-1.1,-5.9,-1.1,6.0,0.0,0.0,0.0,1,0,0,0,30.0,
129.909,2799,1,deadband,-10.6,-0.57,-5.9,-1.1,-5.9,-1.1,6.0,0.0,0.0,0.0,1,0,0,0,29.1,
129.966,2800,1,deadband,-10.6,-0.57,-5.9,-1.1,-5.9,-1.1,6.0,0.0,0.0,0.0,1,0,0,0,29.3,
130.012,2801,1,deadband,-10.6,-0.57,-5.9,-1.1,-5.9,-1.1,6.0,0.0,0.0,0.0,1,0,0,0,29.6,
130.062,2802,1,deadband,-10.6,-0.57,-5.8,-1.1,-5.8,-1.1,5.9,0.0,0.0,0.0,1,0,0,0,29.8,
130.109,2803,1,deadband,-10.6,-0.57,-5.9,-1.1,-5.9,-1.1,6.0,0.0,0.0,0.0,1,0,0,0,29.5,
130.159,2804,1,deadband,-10.6,-0.57,-5.9,-1.2,-5.9,-1.2,6.1,0.0,0.0,0.0,1,0,0,0,29.1,
130.204,2805,1,deadband,-10.6,-0.57,-5.8,-1.1,-5.8,-1.1,5.9,0.0,0.0,0.0,1,0,0,0,29.5,
130.254,2806,1,deadband,-10.6,-0.57,-5.9,-1.2,-5.9,-1.2,6.0,0.0,0.0,0.0,1,0,0,0,29.4,
130.301,2807,1,deadband,-10.6,-0.57,-5.8,-1.1,-5.9,-1.1,5.9,0.0,0.0,0.0,1,0,0,0,29.9,
130.362,2808,1,deadband,-10.6,-0.57,-5.9,-1.1,-5.9,-1.1,6.0,0.0,0.0,0.0,1,0,0,0,29.6,
130.407,2809,1,deadband,-10.6,-0.57,-5.8,-1.1,-5.9,-1.1,6.0,0.0,0.0,0.0,1,0,0,0,29.1,
130.457,2810,1,deadband,-10.6,-0.57,-5.9,-1.1,-5.9,-1.1,6.0,0.0,0.0,0.0,1,0,0,0,29.1,
130.501,2811,1,deadband,-10.6,-0.57,-5.9,-1.1,-5.9,-1.1,6.0,0.0,0.0,0.0,1,0,0,0,28.9,
130.552,2812,1,deadband,-10.6,-0.57,-5.9,-1.2,-5.9,-1.1,6.0,0.0,0.0,0.0,1,0,0,0,29.7,
130.596,2813,1,deadband,-10.6,-0.57,-5.8,-1.1,-5.8,-1.1,5.9,0.0,0.0,0.0,1,0,0,0,29.9,
130.646,2814,1,deadband,-10.6,-0.57,-5.9,-1.1,-5.9,-1.1,6.0,0.0,0.0,0.0,1,0,0,0,30.0,
130.691,2815,1,deadband,-10.6,-0.57,-5.9,-1.1,-5.9,-1.1,6.0,0.0,0.0,0.0,1,0,0,0,29.8,
130.741,2816,1,deadband,-10.6,-0.57,-5.8,-1.0,-5.8,-1.0,5.9,0.0,0.0,0.0,1,0,0,0,28.9,
130.793,2817,1,deadband,-10.6,-0.57,-5.9,-1.1,-5.8,-1.1,6.0,0.0,0.0,0.0,1,0,0,0,29.3,
130.845,2818,1,deadband,-10.6,-0.57,-5.9,-1.1,-5.9,-1.1,6.0,0.0,0.0,0.0,1,0,0,0,30.0,
130.891,2819,1,deadband,-10.6,-0.57,-5.8,-1.1,-5.8,-1.1,5.9,0.0,0.0,0.0,1,0,0,0,29.6,
130.940,2820,1,deadband,-10.6,-0.57,-5.9,-1.1,-5.9,-1.1,6.0,0.0,0.0,0.0,1,0,0,0,29.6,
130.984,2821,1,deadband,-10.6,-0.57,-5.9,-1.1,-5.9,-1.1,6.0,0.0,0.0,0.0,1,0,0,0,29.2,
131.034,2822,1,deadband,-10.6,-0.57,-5.9,-1.1,-5.9,-1.1,6.0,0.0,0.0,0.0,1,0,0,0,29.2,
131.078,2823,1,deadband,-10.6,-0.57,-5.9,-1.1,-5.9,-1.1,6.0,0.0,0.0,0.0,1,0,0,0,29.5,
131.128,2824,1,deadband,-10.6,-0.57,-5.9,-1.1,-5.9,-1.1,6.0,0.0,0.0,0.0,1,0,0,0,29.8,
131.174,2825,1,deadband,-10.6,-0.57,-5.9,-1.1,-5.9,-1.1,6.0,0.0,0.0,0.0,1,0,0,0,28.9,
131.232,2826,1,deadband,-10.6,-0.57,-5.9,-1.1,-5.9,-1.1,6.0,0.0,0.0,0.0,1,0,0,0,30.4,
131.276,2827,1,deadband,-10.6,-0.57,-5.8,-1.1,-5.8,-1.1,5.9,0.0,0.0,0.0,1,0,0,0,30.2,
131.329,2828,1,deadband,-10.6,-0.57,-5.9,-1.0,-5.9,-1.0,6.0,0.0,0.0,0.0,1,0,0,0,30.0,
131.372,2829,1,deadband,-10.6,-0.57,-5.8,-1.1,-5.8,-1.1,5.9,0.0,0.0,0.0,1,0,0,0,29.4,
131.423,2830,1,deadband,-10.6,-0.57,-5.9,-1.1,-5.9,-1.1,6.0,0.0,0.0,0.0,1,0,0,0,29.6,
131.480,2831,1,deadband,-10.6,-0.57,-5.9,-1.1,-5.9,-1.1,6.0,0.0,0.0,0.0,1,0,0,0,29.8,
131.530,2832,1,deadband,-10.6,-0.57,-6.0,-1.1,-5.9,-1.1,6.0,0.0,0.0,0.0,1,0,0,0,29.1,
131.575,2833,1,deadband,-10.6,-0.57,-6.0,-1.2,-6.0,-1.1,6.1,0.0,0.0,0.0,1,0,0,0,28.9,
131.625,2834,1,deadband,-10.6,-0.57,-5.8,-1.1,-5.9,-1.1,6.0,0.0,0.0,0.0,1,0,0,0,29.8,
131.670,2835,1,deadband,-10.6,-0.57,-5.9,-1.1,-5.9,-1.1,6.0,0.0,0.0,0.0,1,0,0,0,29.8,
131.719,2836,1,deadband,-10.6,-0.57,-5.9,-1.1,-5.9,-1.1,6.0,0.0,0.0,0.0,1,0,0,0,29.2,
131.763,2837,1,deadband,-10.6,-0.57,-5.9,-1.1,-5.9,-1.1,6.0,0.0,0.0,0.0,1,0,0,0,29.8,
131.813,2838,1,deadband,-10.6,-0.57,-5.8,-1.1,-5.8,-1.1,5.9,0.0,0.0,0.0,1,0,0,0,29.1,
131.860,2839,1,deadband,-10.6,-0.57,-5.9,-1.1,-5.9,-1.1,6.0,0.0,0.0,0.0,1,0,0,0,29.7,
131.920,2840,1,deadband,-10.6,-0.57,-5.8,-1.1,-5.8,-1.1,5.9,0.0,0.0,0.0,1,0,0,0,29.2,
131.966,2841,1,deadband,-10.6,-0.57,-5.9,-1.1,-5.9,-1.1,6.0,0.0,0.0,0.0,1,0,0,0,30.6,
132.016,2842,1,deadband,-10.6,-0.57,-5.8,-1.0,-5.8,-1.0,5.9,0.0,0.0,0.0,1,0,0,0,29.7,
132.062,2843,1,deadband,-10.6,-0.57,-5.9,-1.1,-5.9,-1.1,6.0,0.0,0.0,0.0,1,0,0,0,30.6,
132.112,2844,1,deadband,-10.6,-0.57,-5.9,-1.0,-5.9,-1.0,6.0,0.0,0.0,0.0,1,0,0,0,29.8,
132.156,2845,1,deadband,-10.6,-0.57,-5.8,-1.1,-5.9,-1.1,5.9,0.0,0.0,0.0,1,0,0,0,29.7,
132.206,2846,1,deadband,-10.6,-0.57,-5.9,-1.0,-5.9,-1.0,6.0,0.0,0.0,0.0,1,0,0,0,29.1,
132.252,2847,1,deadband,-10.6,-0.57,-5.8,-1.1,-5.8,-1.0,5.9,0.0,0.0,0.0,1,0,0,0,29.4,
132.311,2848,1,deadband,-10.6,-0.57,-5.9,-1.1,-5.9,-1.1,6.0,0.0,0.0,0.0,1,0,0,0,29.5,
132.356,2849,1,deadband,-10.6,-0.57,-5.9,-1.1,-5.9,-1.1,6.0,0.0,0.0,0.0,1,0,0,0,30.0,
132.405,2850,1,deadband,-10.6,-0.57,-6.0,-1.1,-6.0,-1.1,6.1,0.0,0.0,0.0,1,0,0,0,29.4,
132.449,2851,1,deadband,-10.6,-0.57,-5.9,-1.1,-5.9,-1.1,6.0,0.0,0.0,0.0,1,0,0,0,28.9,
132.500,2852,1,deadband,-10.6,-0.57,-5.9,-1.1,-5.9,-1.1,6.0,0.0,0.0,0.0,1,0,0,0,28.1,
132.544,2853,1,deadband,-10.6,-0.57,-5.9,-1.1,-5.9,-1.1,6.0,0.0,0.0,0.0,1,0,0,0,30.3,
132.594,2854,1,deadband,-10.6,-0.57,-5.9,-1.1,-5.9,-1.1,6.0,0.0,0.0,0.0,1,0,0,0,28.9,
132.637,2855,1,deadband,-10.6,-0.57,-6.0,-1.2,-5.9,-1.2,6.1,0.0,0.0,0.0,1,0,0,0,29.3,
132.688,2856,1,deadband,-10.6,-0.57,-5.9,-1.1,-5.9,-1.1,6.0,0.0,0.0,0.0,1,0,0,0,29.1,
132.743,2857,1,deadband,-10.6,-0.57,-5.9,-1.2,-5.9,-1.2,6.0,0.0,0.0,0.0,1,0,0,0,30.0,
132.793,2858,1,deadband,-10.6,-0.57,-6.0,-1.2,-5.9,-1.2,6.1,0.0,0.0,0.0,1,0,0,0,29.5,
132.838,2859,1,deadband,-10.6,-0.57,-5.9,-1.1,-5.9,-1.1,6.0,0.0,0.0,0.0,1,0,0,0,29.4,
132.887,2860,1,deadband,-10.6,-0.57,-5.8,-1.1,-5.8,-1.1,5.9,0.0,0.0,0.0,1,0,0,0,29.1,
132.932,2861,1,deadband,-10.6,-0.57,-5.9,-1.1,-5.9,-1.1,6.0,0.0,0.0,0.0,1,0,0,0,29.0,
132.984,2862,1,deadband,-10.6,-0.57,-5.8,-1.1,-5.8,-1.1,5.9,0.0,0.0,0.0,1,0,0,0,29.0,
133.027,2863,1,deadband,-10.6,-0.57,-5.8,-1.1,-5.8,-1.1,5.9,0.0,0.0,0.0,1,0,0,0,29.8,
133.078,2864,1,deadband,-10.6,-0.57,-5.9,-1.2,-5.9,-1.2,6.1,0.0,0.0,0.0,1,0,0,0,30.2,
133.124,2865,1,deadband,-10.6,-0.57,-5.8,-1.0,-5.8,-1.1,5.9,0.0,0.0,0.0,1,0,0,0,29.7,
133.181,2866,1,deadband,-10.6,-0.57,-5.8,-1.0,-5.8,-1.0,5.9,0.0,0.0,0.0,1,0,0,0,29.0,
133.226,2867,1,deadband,-10.6,-0.57,-5.8,-1.1,-5.8,-1.1,5.9,0.0,0.0,0.0,1,0,0,0,29.1,
133.278,2868,1,deadband,-10.6,-0.57,-5.9,-1.1,-5.9,-1.1,6.0,0.0,0.0,0.0,1,0,0,0,30.0,
133.322,2869,1,deadband,-10.6,-0.57,-5.9,-1.0,-5.9,-1.0,6.0,0.0,0.0,0.0,1,0,0,0,29.4,
133.371,2870,1,deadband,-10.6,-0.57,-5.9,-1.0,-5.9,-1.0,6.0,0.0,0.0,0.0,1,0,0,0,29.7,
133.419,2871,1,deadband,-10.6,-0.57,-5.9,-1.1,-5.9,-1.1,5.9,0.0,0.0,0.0,1,0,0,0,28.9,
133.468,2872,1,deadband,-10.6,-0.57,-5.9,-1.1,-5.9,-1.1,5.9,0.0,0.0,0.0,1,0,0,0,29.5,
133.513,2873,1,deadband,-10.6,-0.57,-5.8,-1.1,-5.8,-1.1,5.9,0.0,0.0,0.0,1,0,0,0,29.3,
133.564,2874,1,deadband,-10.6,-0.57,-5.9,-1.1,-5.9,-1.1,6.0,0.0,0.0,0.0,1,0,0,0,29.6,
133.616,2875,1,deadband,-10.6,-0.57,-5.9,-1.1,-5.9,-1.1,6.0,0.0,0.0,0.0,1,0,0,0,29.5,
133.666,2876,1,deadband,-10.6,-0.57,-5.9,-1.1,-5.9,-1.1,6.0,0.0,0.0,0.0,1,0,0,0,30.1,
133.711,2877,1,deadband,-10.6,-0.57,-5.9,-1.1,-5.9,-1.1,6.0,0.0,0.0,0.0,1,0,0,0,29.7,
133.762,2878,1,deadband,-10.6,-0.57,-5.9,-1.1,-5.9,-1.1,6.0,0.0,0.0,0.0,1,0,0,0,28.3,
133.807,2879,1,deadband,-10.6,-0.57,-5.8,-1.1,-5.8,-1.1,5.9,0.0,0.0,0.0,1,0,0,0,28.6,
133.855,2880,1,deadband,-10.6,-0.57,-5.0,-1.8,-5.2,-1.6,5.3,0.0,0.0,0.0,1,0,0,0,29.5,
133.896,2881,1,deadband,-10.6,-0.57,8.4,1.4,5.7,0.8,8.5,0.0,0.0,0.0,1,0,0,0,21.9,
133.944,2882,1,deadband,-10.6,-0.57,5.7,5.7,5.7,4.7,8.1,0.0,0.0,0.0,1,0,0,0,32.4,
133.984,2883,0,tag_lost_countdown,-10.6,-0.57,,,,,,,,,,,,,,0.0
134.030,2884,0,tag_lost_countdown,-10.6,-0.57,,,,,,,,,,,,,,0.04
134.069,2885,0,tag_lost_countdown,-10.6,-0.57,,,,,,,,,,,,,,0.09
134.116,2886,0,tag_lost_countdown,-10.6,-0.57,,,,,,,,,,,,,,0.13
134.153,2887,0,tag_lost_countdown,-10.6,-0.57,,,,,,,,,,,,,,0.17
134.194,2888,0,tag_lost_countdown,-10.6,-0.57,,,,,,,,,,,,,,0.21
134.235,2889,0,tag_lost_countdown,-10.6,-0.57,,,,,,,,,,,,,,0.25
134.275,2890,0,tag_lost_countdown,-10.6,-0.57,,,,,,,,,,,,,,0.29
134.314,2891,0,tag_lost_countdown,-10.6,-0.57,,,,,,,,,,,,,,0.33
134.358,2892,1,ibvs_active,-8.6,-0.51,177.0,-2.7,142.7,-1.2,177.0,2.0,0.061,0.0,0,0,0,1,24.8,
134.401,2893,1,ibvs_active,-6.6,-0.56,180.8,1.7,173.2,1.1,180.8,2.0,-0.055,0.0,0,0,0,1,20.9,
134.448,2894,1,ibvs_active,-4.6,-0.59,179.7,0.4,178.4,0.5,179.7,2.0,-0.026,0.0,0,0,0,1,32.7,
134.489,2895,0,tag_lost_countdown,-4.6,-0.59,,,,,,,,,,,,,,0.0
134.534,2896,0,tag_lost_countdown,-4.6,-0.59,,,,,,,,,,,,,,0.04
134.575,2897,0,tag_lost_countdown,-4.6,-0.59,,,,,,,,,,,,,,0.09
134.625,2898,1,ibvs_active,-2.6,-0.64,117.6,1.3,129.7,1.1,117.6,2.0,-0.056,0.0,0,0,0,1,31.9,
134.669,2899,1,ibvs_active,-0.6,-0.7,117.6,1.1,120.0,1.1,117.6,2.0,-0.057,0.0,0,0,0,1,31.5,
134.724,2900,1,ibvs_active,1.4,-0.76,117.7,1.2,118.1,1.2,117.7,2.0,-0.06,0.0,0,0,0,1,32.1,
134.766,2901,0,tag_lost_countdown,1.4,-0.76,,,,,,,,,,,,,,0.0
134.816,2902,1,ibvs_active,3.4,-0.88,69.0,2.7,78.8,2.4,69.1,2.0,-0.119,0.0,0,0,0,1,32.1,
134.859,2903,1,ibvs_active,5.4,-1.0,41.6,2.5,49.0,2.5,41.7,2.0,-0.124,0.0,0,0,0,1,29.4,
134.910,2904,0,tag_lost_countdown,5.4,-1.0,,,,,,,,,,,,,,0.0
134.954,2905,1,ibvs_active,6.98,-1.14,27.3,2.8,31.6,2.8,27.4,1.581,-0.139,0.0,0,0,0,1,31.8,
135.004,2906,1,ibvs_active,7.19,-1.18,11.2,3.1,15.3,3.0,11.7,0.215,-0.043,0.0,0,0,0,1,30.9,
135.047,2907,1,ibvs_active,7.29,-1.21,11.7,3.9,12.4,3.7,12.3,0.091,-0.027,0.0,0,0,0,1,31.7,
135.098,2908,0,tag_lost_countdown,7.29,-1.21,,,,,,,,,,,,,,0.0
135.141,2909,1,deadband,7.29,-1.21,-6.1,-1.4,-2.4,-0.4,6.2,0.0,0.0,0.0,1,0,0,0,31.8,
135.189,2910,1,deadband,7.29,-1.21,-5.3,-5.1,-4.7,-4.2,7.4,0.0,0.0,0.0,1,0,0,0,30.6,
135.232,2911,1,deadband,7.29,-1.21,-6.2,-6.0,-5.9,-5.6,8.6,0.0,0.0,0.0,1,0,0,0,31.3,
135.283,2912,1,deadband,7.29,-1.21,-6.1,-6.0,-6.1,-5.9,8.6,0.0,0.0,0.0,1,0,0,0,31.0,
135.343,2913,1,deadband,7.29,-1.21,-6.3,-6.0,-6.2,-6.0,8.7,0.0,0.0,0.0,1,0,0,0,30.6,
135.408,2914,1,deadband,7.29,-1.21,-6.1,-6.0,-6.2,-6.0,8.6,0.0,0.0,0.0,1,0,0,0,31.7,
135.456,2915,1,deadband,7.29,-1.21,-6.2,-6.0,-6.2,-6.0,8.6,0.0,0.0,0.0,1,0,0,0,30.8,
135.504,2916,1,deadband,7.29,-1.21,-6.2,-6.0,-6.2,-6.0,8.6,0.0,0.0,0.0,1,0,0,0,30.8,
135.549,2917,1,deadband,7.29,-1.21,-6.2,-6.1,-6.2,-6.0,8.6,0.0,0.0,0.0,1,0,0,0,31.9,
135.601,2918,1,deadband,7.29,-1.21,-6.3,-6.0,-6.2,-6.0,8.6,0.0,0.0,0.0,1,0,0,0,30.5,
135.645,2919,1,deadband,7.29,-1.21,-6.1,-6.0,-6.1,-6.0,8.5,0.0,0.0,0.0,1,0,0,0,31.1,
135.696,2920,1,deadband,7.29,-1.21,-6.2,-6.0,-6.2,-6.0,8.7,0.0,0.0,0.0,1,0,0,0,31.8,
135.739,2921,1,deadband,7.29,-1.21,-6.2,-5.9,-6.2,-6.0,8.6,0.0,0.0,0.0,1,0,0,0,30.6,
135.788,2922,1,deadband,7.29,-1.21,-6.1,-5.9,-6.2,-5.9,8.6,0.0,0.0,0.0,1,0,0,0,31.2,
135.833,2923,1,deadband,7.29,-1.21,-6.3,-6.0,-6.3,-6.0,8.7,0.0,0.0,0.0,1,0,0,0,30.4,
135.882,2924,1,deadband,7.29,-1.21,-6.3,-6.0,-6.3,-6.0,8.7,0.0,0.0,0.0,1,0,0,0,31.4,
135.925,2925,1,deadband,7.29,-1.21,-6.2,-5.9,-6.2,-5.9,8.6,0.0,0.0,0.0,1,0,0,0,31.5,
135.981,2926,1,deadband,7.29,-1.21,-6.1,-6.0,-6.2,-6.0,8.6,0.0,0.0,0.0,1,0,0,0,30.6,
136.024,2927,1,deadband,7.29,-1.21,-6.3,-5.9,-6.2,-5.9,8.6,0.0,0.0,0.0,1,0,0,0,31.6,
136.074,2928,1,deadband,7.29,-1.21,-6.1,-5.9,-6.2,-5.9,8.5,0.0,0.0,0.0,1,0,0,0,30.6,
136.120,2929,1,deadband,7.29,-1.21,-6.3,-6.0,-6.3,-6.0,8.7,0.0,0.0,0.0,1,0,0,0,31.7,
136.170,2930,1,deadband,7.29,-1.21,-6.4,-5.9,-6.4,-5.9,8.7,0.0,0.0,0.0,1,0,0,0,30.8,
136.216,2931,1,deadband,7.29,-1.21,-6.3,-5.9,-6.3,-5.9,8.6,0.0,0.0,0.0,1,0,0,0,30.3,
136.267,2932,1,deadband,7.29,-1.21,-6.3,-6.0,-6.3,-6.0,8.7,0.0,0.0,0.0,1,0,0,0,31.5,
136.314,2933,1,deadband,7.29,-1.21,-6.3,-6.0,-6.3,-6.0,8.7,0.0,0.0,0.0,1,0,0,0,30.7,
136.367,2934,1,deadband,7.29,-1.21,-6.3,-5.9,-6.3,-5.9,8.6,0.0,0.0,0.0,1,0,0,0,31.7,
136.411,2935,1,deadband,7.29,-1.21,-6.2,-6.0,-6.2,-6.0,8.6,0.0,0.0,0.0,1,0,0,0,31.2,
136.460,2936,1,deadband,7.29,-1.21,-6.3,-5.9,-6.3,-5.9,8.7,0.0,0.0,0.0,1,0,0,0,31.2,
136.503,2937,1,deadband,7.29,-1.21,-6.3,-5.9,-6.3,-5.9,8.7,0.0,0.0,0.0,1,0,0,0,30.0,
136.556,2938,1,deadband,7.29,-1.21,-6.1,-5.9,-6.2,-5.9,8.5,0.0,0.0,0.0,1,0,0,0,31.0,
136.599,2939,1,deadband,7.29,-1.21,-6.3,-5.9,-6.3,-5.9,8.6,0.0,0.0,0.0,1,0,0,0,31.2,
136.650,2940,1,deadband,7.29,-1.21,-6.3,-5.9,-6.3,-5.9,8.6,0.0,0.0,0.0,1,0,0,0,31.3,
136.695,2941,1,deadband,7.29,-1.21,-6.3,-5.9,-6.3,-5.9,8.7,0.0,0.0,0.0,1,0,0,0,31.6,
136.744,2942,1,deadband,7.29,-1.21,-6.2,-5.8,-6.2,-5.8,8.5,0.0,0.0,0.0,1,0,0,0,30.6,
136.788,2943,1,deadband,7.29,-1.21,-6.1,-5.9,-6.2,-5.9,8.5,0.0,0.0,0.0,1,0,0,0,31.3,
136.839,2944,1,deadband,7.29,-1.21,-6.1,-5.9,-6.1,-5.9,8.5,0.0,0.0,0.0,1,0,0,0,30.6,
136.883,2945,1,deadband,7.29,-1.21,-6.3,-5.8,-6.2,-5.9,8.6,0.0,0.0,0.0,1,0,0,0,30.6,
136.930,2946,1,deadband,7.29,-1.21,-6.2,-5.9,-6.2,-5.9,8.5,0.0,0.0,0.0,1,0,0,0,32.2,
136.974,2947,1,deadband,7.29,-1.21,-6.4,-5.9,-6.3,-5.9,8.7,0.0,0.0,0.0,1,0,0,0,31.5,
137.026,2948,1,deadband,7.29,-1.21,-6.2,-5.8,-6.2,-5.9,8.5,0.0,0.0,0.0,1,0,0,0,31.4,
137.070,2949,1,deadband,7.29,-1.21,-6.3,-5.9,-6.3,-5.9,8.6,0.0,0.0,0.0,1,0,0,0,30.5,
137.120,2950,1,deadband,7.29,-1.21,-6.2,-5.9,-6.2,-5.9,8.6,0.0,0.0,0.0,1,0,0,0,31.7,
137.164,2951,1,deadband,7.29,-1.21,-6.2,-5.9,-6.2,-5.9,8.6,0.0,0.0,0.0,1,0,0,0,31.2,
137.212,2952,1,deadband,7.29,-1.21,-6.2,-5.8,-6.2,-5.8,8.5,0.0,0.0,0.0,1,0,0,0,31.8,
137.258,2953,1,deadband,7.29,-1.21,-6.1,-5.9,-6.2,-5.9,8.5,0.0,0.0,0.0,1,0,0,0,31.1,
137.307,2954,1,deadband,7.29,-1.21,-6.2,-5.9,-6.2,-5.9,8.6,0.0,0.0,0.0,1,0,0,0,31.6,
137.351,2955,1,deadband,7.29,-1.21,-6.2,-5.9,-6.2,-5.9,8.6,0.0,0.0,0.0,1,0,0,0,32.0,
137.401,2956,1,deadband,7.29,-1.21,-6.3,-5.9,-6.3,-5.9,8.6,0.0,0.0,0.0,1,0,0,0,31.2,
137.448,2957,1,deadband,7.29,-1.21,-6.2,-5.9,-6.2,-5.9,8.6,0.0,0.0,0.0,1,0,0,0,31.7,
137.497,2958,1,deadband,7.29,-1.21,-6.1,-5.9,-6.2,-5.9,8.5,0.0,0.0,0.0,1,0,0,0,31.7,
137.542,2959,1,deadband,7.29,-1.21,-6.1,-5.9,-6.1,-5.9,8.5,0.0,0.0,0.0,1,0,0,0,30.9,
137.592,2960,1,deadband,7.29,-1.21,-6.1,-5.9,-6.1,-5.9,8.5,0.0,0.0,0.0,1,0,0,0,30.9,
137.638,2961,1,deadband,7.29,-1.21,-6.1,-5.9,-6.1,-5.9,8.5,0.0,0.0,0.0,1,0,0,0,31.8,
137.687,2962,1,deadband,7.29,-1.21,-6.2,-5.9,-6.1,-5.9,8.5,0.0,0.0,0.0,1,0,0,0,31.8,
137.731,2963,1,deadband,7.29,-1.21,-6.2,-5.9,-6.2,-5.9,8.5,0.0,0.0,0.0,1,0,0,0,30.6,
137.779,2964,1,deadband,7.29,-1.21,-6.2,-5.8,-6.2,-5.8,8.5,0.0,0.0,0.0,1,0,0,0,30.9,
137.822,2965,1,deadband,7.29,-1.21,-6.2,-5.9,-6.2,-5.9,8.6,0.0,0.0,0.0,1,0,0,0,31.4,
137.873,2966,1,deadband,7.29,-1.21,-6.1,-5.9,-6.1,-5.9,8.5,0.0,0.0,0.0,1,0,0,0,31.2,
137.917,2967,1,deadband,7.29,-1.21,-6.2,-5.9,-6.2,-5.9,8.5,0.0,0.0,0.0,1,0,0,0,30.1,
137.967,2968,1,deadband,7.29,-1.21,-6.2,-5.8,-6.2,-5.8,8.5,0.0,0.0,0.0,1,0,0,0,31.3,
138.011,2969,1,deadband,7.29,-1.21,-6.2,-5.9,-6.2,-5.9,8.5,0.0,0.0,0.0,1,0,0,0,31.4,
138.059,2970,1,deadband,7.29,-1.21,-6.2,-5.9,-6.2,-5.9,8.6,0.0,0.0,0.0,1,0,0,0,31.3,
138.102,2971,1,deadband,7.29,-1.21,-6.2,-5.9,-6.2,-5.9,8.6,0.0,0.0,0.0,1,0,0,0,30.1,
138.152,2972,1,deadband,7.29,-1.21,-6.4,-5.9,-6.3,-5.9,8.7,0.0,0.0,0.0,1,0,0,0,30.7,
138.196,2973,1,deadband,7.29,-1.21,-6.3,-5.9,-6.3,-5.9,8.6,0.0,0.0,0.0,1,0,0,0,30.3,
138.247,2974,1,deadband,7.29,-1.21,-6.2,-5.9,-6.3,-5.9,8.6,0.0,0.0,0.0,1,0,0,0,31.4,
138.296,2975,1,deadband,7.29,-1.21,-6.3,-5.9,-6.3,-5.9,8.6,0.0,0.0,0.0,1,0,0,0,30.4,
138.344,2976,1,deadband,7.29,-1.21,-6.3,-5.9,-6.3,-5.9,8.6,0.0,0.0,0.0,1,0,0,0,31.4,
138.390,2977,1,deadband,7.29,-1.21,-6.2,-5.8,-6.3,-5.8,8.5,0.0,0.0,0.0,1,0,0,0,31.1,
138.440,2978,1,deadband,7.29,-1.21,-6.2,-5.9,-6.2,-5.9,8.5,0.0,0.0,0.0,1,0,0,0,31.5,
138.485,2979,1,deadband,7.29,-1.21,-6.1,-5.8,-6.1,-5.8,8.5,0.0,0.0,0.0,1,0,0,0,31.2,
138.536,2980,1,deadband,7.29,-1.21,-6.3,-5.9,-6.2,-5.9,8.6,0.0,0.0,0.0,1,0,0,0,31.0,
138.579,2981,1,deadband,7.29,-1.21,-6.2,-5.9,-6.2,-5.9,8.6,0.0,0.0,0.0,1,0,0,0,31.5,
138.630,2982,1,deadband,7.29,-1.21,-6.2,-5.9,-6.2,-5.9,8.6,0.0,0.0,0.0,1,0,0,0,31.6,
138.674,2983,1,deadband,7.29,-1.21,-6.2,-5.9,-6.2,-5.9,8.5,0.0,0.0,0.0,1,0,0,0,31.4,
138.724,2984,1,deadband,7.29,-1.21,-6.2,-5.9,-6.2,-5.9,8.6,0.0,0.0,0.0,1,0,0,0,31.5,
138.768,2985,1,deadband,7.29,-1.21,-6.3,-5.9,-6.3,-5.9,8.6,0.0,0.0,0.0,1,0,0,0,31.6,
138.819,2986,1,deadband,7.29,-1.21,-6.2,-5.9,-6.2,-5.9,8.5,0.0,0.0,0.0,1,0,0,0,30.6,
138.864,2987,1,deadband,7.29,-1.21,-6.2,-5.9,-6.2,-5.9,8.6,0.0,0.0,0.0,1,0,0,0,30.6,
138.912,2988,1,deadband,7.29,-1.21,-6.2,-5.9,-6.2,-5.9,8.6,0.0,0.0,0.0,1,0,0,0,30.9,
138.955,2989,0,tag_lost_countdown,7.29,-1.21,,,,,,,,,,,,,,0.0
139.003,2990,0,tag_lost_countdown,7.29,-1.21,,,,,,,,,,,,,,0.04
139.047,2991,1,deadband,7.29,-1.21,3.5,-1.3,1.6,-2.2,3.7,0.0,0.0,0.0,1,0,0,0,27.9,
139.096,2992,1,deadband,7.29,-1.21,-9.9,-6.2,-7.6,-5.4,11.7,0.0,0.0,0.0,1,0,0,0,31.4,
139.138,2993,0,tag_lost_countdown,7.29,-1.21,,,,,,,,,,,,,,0.0
139.184,2994,0,tag_lost_countdown,7.29,-1.21,,,,,,,,,,,,,,0.04
139.228,2995,1,ibvs_active,7.15,-1.07,-11.0,-12.4,-10.3,-11.0,16.6,-0.131,0.14,0.0,0,0,0,1,27.4,
139.274,2996,1,deadband,7.15,-1.07,-8.3,-6.9,-8.7,-7.7,10.8,0.0,0.0,0.0,1,0,0,0,27.3,
139.318,2997,1,deadband,7.15,-1.07,-8.9,-8.8,-8.9,-8.6,12.5,0.0,0.0,0.0,1,0,0,0,30.1,
139.370,2998,1,deadband,7.15,-1.07,-9.0,-8.8,-9.0,-8.8,12.6,0.0,0.0,0.0,1,0,0,0,30.3,
139.413,2999,1,deadband,7.15,-1.07,-8.9,-8.9,-9.0,-8.9,12.6,0.0,0.0,0.0,1,0,0,0,30.5,
139.463,3000,1,deadband,7.15,-1.07,-8.9,-8.8,-8.9,-8.8,12.5,0.0,0.0,0.0,1,0,0,0,32.3,
139.509,3001,1,deadband,7.15,-1.07,-8.9,-8.8,-8.9,-8.8,12.5,0.0,0.0,0.0,1,0,0,0,31.8,
139.566,3002,1,deadband,7.15,-1.07,-9.0,-8.9,-9.0,-8.9,12.7,0.0,0.0,0.0,1,0,0,0,30.4,
139.611,3003,1,deadband,7.15,-1.07,-8.9,-8.8,-8.9,-8.8,12.5,0.0,0.0,0.0,1,0,0,0,30.4,
139.662,3004,1,deadband,7.15,-1.07,-8.9,-8.8,-8.9,-8.8,12.6,0.0,0.0,0.0,1,0,0,0,30.5,
139.709,3005,1,deadband,7.15,-1.07,-9.0,-8.9,-9.0,-8.9,12.6,0.0,0.0,0.0,1,0,0,0,31.2,
139.761,3006,1,deadband,7.15,-1.07,-8.9,-8.8,-8.9,-8.8,12.5,0.0,0.0,0.0,1,0,0,0,30.6,
139.808,3007,1,deadband,7.15,-1.07,-9.0,-8.9,-8.9,-8.9,12.6,0.0,0.0,0.0,1,0,0,0,31.8,
139.860,3008,1,deadband,7.15,-1.07,-9.0,-8.9,-9.0,-8.9,12.6,0.0,0.0,0.0,1,0,0,0,31.0,
139.908,3009,1,deadband,7.15,-1.07,-8.9,-8.8,-8.9,-8.8,12.5,0.0,0.0,0.0,1,0,0,0,30.2,
139.959,3010,1,deadband,7.15,-1.07,-8.9,-8.7,-8.9,-8.8,12.5,0.0,0.0,0.0,1,0,0,0,30.3,
140.005,3011,1,deadband,7.15,-1.07,-8.9,-8.8,-8.9,-8.8,12.5,0.0,0.0,0.0,1,0,0,0,30.6,
140.057,3012,1,deadband,7.15,-1.07,-9.0,-8.9,-9.0,-8.9,12.7,0.0,0.0,0.0,1,0,0,0,30.9,
140.103,3013,1,deadband,7.15,-1.07,-9.0,-8.9,-9.0,-8.9,12.6,0.0,0.0,0.0,1,0,0,0,31.1,
140.155,3014,1,deadband,7.15,-1.07,-8.9,-8.8,-8.9,-8.8,12.5,0.0,0.0,0.0,1,0,0,0,30.7,
140.200,3015,1,deadband,7.15,-1.07,-9.0,-8.9,-9.0,-8.9,12.6,0.0,0.0,0.0,1,0,0,0,31.7,
140.253,3016,1,deadband,7.15,-1.07,-9.0,-8.9,-9.0,-8.9,12.6,0.0,0.0,0.0,1,0,0,0,29.8,
140.297,3017,1,deadband,7.15,-1.07,-9.0,-8.9,-9.0,-8.9,12.7,0.0,0.0,0.0,1,0,0,0,30.3,
140.350,3018,1,deadband,7.15,-1.07,-8.9,-8.9,-8.9,-8.9,12.6,0.0,0.0,0.0,1,0,0,0,30.7,
140.401,3019,1,deadband,7.15,-1.07,-8.9,-8.8,-8.9,-8.8,12.5,0.0,0.0,0.0,1,0,0,0,30.6,
140.452,3020,1,deadband,7.15,-1.07,-8.9,-8.9,-8.9,-8.9,12.6,0.0,0.0,0.0,1,0,0,0,31.4,
140.499,3021,1,deadband,7.15,-1.07,-8.9,-8.8,-8.9,-8.8,12.5,0.0,0.0,0.0,1,0,0,0,30.8,
140.548,3022,1,deadband,7.15,-1.07,-9.0,-8.9,-8.9,-8.9,12.6,0.0,0.0,0.0,1,0,0,0,30.4,
140.592,3023,0,tag_lost_countdown,7.15,-1.07,,,,,,,,,,,,,,0.0
140.634,3024,0,tag_lost_countdown,7.15,-1.07,,,,,,,,,,,,,,0.04
140.675,3025,0,tag_lost_countdown,7.15,-1.07,,,,,,,,,,,,,,0.08
140.723,3026,1,ibvs_active,7.07,-0.95,-8.0,-12.4,-8.2,-11.7,14.7,-0.088,0.124,0.0,0,0,0,1,24.9,
140.763,3027,0,tag_lost_countdown,7.07,-0.95,,,,,,,,,,,,,,0.0
140.814,3028,0,tag_lost_countdown,7.07,-0.95,,,,,,,,,,,,,,0.04
140.858,3029,1,ibvs_active,6.87,-0.85,-15.3,-5.9,-13.9,-7.1,16.4,-0.195,0.099,0.0,0,0,0,1,26.9,
140.906,3030,0,tag_lost_countdown,6.87,-0.85,,,,,,,,,,,,,,0.0
140.946,3031,0,tag_lost_countdown,6.87,-0.85,,,,,,,,,,,,,,0.05
141.003,3032,1,ibvs_active,6.19,-0.56,-23.0,-9.3,-21.2,-8.8,24.8,-0.684,0.286,0.0,0,0,0,1,30.9,
141.049,3033,1,ibvs_active,5.53,-0.33,-21.2,-7.2,-21.2,-7.5,22.4,-0.66,0.234,0.0,0,0,0,1,32.1,
141.099,3034,1,ibvs_active,4.88,-0.11,-21.0,-7.1,-21.1,-7.2,22.2,-0.646,0.221,0.0,0,0,0,1,31.2,
141.146,3035,1,ibvs_active,4.21,0.15,-21.3,-8.4,-21.2,-8.2,22.9,-0.676,0.26,0.0,0,0,0,1,31.2,
141.194,3036,1,ibvs_active,3.82,0.3,-16.6,-6.4,-17.5,-6.8,17.8,-0.383,0.148,0.0,0,0,0,1,28.9,
141.243,3037,1,ibvs_active,3.6,0.41,-14.0,-6.9,-14.7,-6.9,15.6,-0.227,0.107,0.0,0,0,0,1,30.8,
141.292,3038,0,tag_lost_countdown,3.6,0.41,,,,,,,,,,,,,,0.0
141.340,3039,1,deadband,3.6,0.41,-1.0,3.3,-3.7,1.2,3.4,0.0,0.0,0.0,1,0,0,0,31.1,
141.389,3040,1,deadband,3.6,0.41,-1.1,3.3,-1.6,2.9,3.4,0.0,0.0,0.0,1,0,0,0,30.3,
141.431,3041,0,tag_lost_countdown,3.6,0.41,,,,,,,,,,,,,,0.0
141.478,3042,1,deadband,3.6,0.41,-1.9,11.0,-1.9,9.3,11.1,0.0,0.0,0.0,1,0,0,0,29.7,
141.519,3043,1,deadband,3.6,0.41,-6.8,4.3,-5.8,5.3,8.1,0.0,0.0,0.0,1,0,0,0,30.8,
141.571,3044,1,deadband,3.6,0.41,-8.5,2.3,-7.9,2.9,8.8,0.0,0.0,0.0,1,0,0,0,30.9,
141.613,3045,1,ibvs_active,3.56,0.4,-11.1,4.4,-10.5,4.1,12.0,-0.033,-0.013,0.0,0,0,0,1,29.8,
141.663,3046,1,ibvs_active,3.33,0.34,-16.9,3.8,-15.6,3.9,17.3,-0.237,-0.059,0.0,0,0,0,1,29.5,
141.706,3047,1,ibvs_active,2.91,0.23,-19.2,4.8,-18.4,4.6,19.8,-0.416,-0.104,0.0,0,0,0,1,29.5,
141.755,3048,1,ibvs_active,2.29,0.13,-22.0,3.4,-21.3,3.7,22.3,-0.618,-0.106,0.0,0,0,0,1,30.5,
141.793,3049,0,tag_lost_countdown,2.29,0.13,,,,,,,,,,,,,,0.0
141.840,3050,0,tag_lost_countdown,2.29,0.13,,,,,,,,,,,,,,0.04
141.890,3051,1,ibvs_active,1.94,0.16,-17.0,-3.3,-17.8,-1.9,17.3,-0.355,0.037,0.0,0,0,0,1,22.0,
141.938,3052,1,ibvs_active,1.6,0.21,-17.3,-2.7,-17.4,-2.5,17.6,-0.333,0.049,0.0,0,0,0,1,29.9,
141.982,3053,1,ibvs_active,1.24,0.24,-18.1,-1.2,-18.0,-1.5,18.1,-0.361,0.029,0.0,0,0,0,1,30.8,
142.030,3054,0,tag_lost_countdown,1.24,0.24,,,,,,,,,,,,,,0.0
142.070,3055,0,tag_lost_countdown,1.24,0.24,,,,,,,,,,,,,,0.05
142.115,3056,0,tag_lost_countdown,1.24,0.24,,,,,,,,,,,,,,0.09
142.157,3057,1,ibvs_active,0.44,0.42,-24.6,-6.2,-23.3,-5.2,25.4,-0.806,0.181,0.0,0,0,0,1,28.7,
142.205,3058,1,ibvs_active,-0.82,0.52,-29.1,-1.3,-28.0,-2.1,29.2,-1.26,0.095,0.0,0,0,0,1,30.2,
142.247,3059,1,ibvs_active,-2.38,0.72,-31.9,-4.4,-31.1,-3.9,32.2,-1.557,0.197,0.0,0,0,0,1,30.2,
142.293,3060,1,ibvs_active,-3.88,0.98,-29.8,-5.7,-30.1,-5.4,30.4,-1.504,0.269,0.0,0,0,0,1,29.6,
142.334,3061,0,tag_lost_countdown,-3.88,0.98,,,,,,,,,,,,,,0.0
142.382,3062,1,ibvs_active,-4.07,1.17,-7.0,-13.1,-11.6,-11.6,14.9,-0.185,0.184,0.0,0,0,0,1,28.9,
142.424,3063,1,ibvs_active,-4.07,1.21,1.6,-11.2,-1.0,-11.3,11.3,-0.003,0.037,0.0,0,0,0,1,30.3,
142.468,3064,1,deadband,-4.07,1.21,5.4,-7.2,4.1,-8.0,9.0,0.0,0.0,0.0,1,0,0,0,27.0,
142.513,3065,1,ibvs_active,-4.04,1.21,12.6,-1.5,10.9,-2.8,12.7,0.035,0.009,0.0,0,0,0,1,23.8,
142.561,3066,1,ibvs_active,-3.84,1.2,16.2,2.5,15.2,1.4,16.4,0.198,-0.019,0.0,0,0,0,1,31.1,
142.605,3067,1,ibvs_active,-3.6,1.17,16.2,1.6,16.0,1.5,16.2,0.241,-0.023,0.0,0,0,0,1,29.8,
142.654,3068,1,ibvs_active,-3.33,1.13,16.4,2.8,16.3,2.6,16.7,0.267,-0.042,0.0,0,0,0,1,30.2,
142.698,3069,1,ibvs_active,-3.06,1.1,16.4,2.1,16.4,2.2,16.6,0.269,-0.035,0.0,0,0,0,1,30.8,
142.757,3070,1,ibvs_active,-2.78,1.06,16.6,2.4,16.6,2.4,16.8,0.279,-0.04,0.0,0,0,0,1,30.5,
142.805,3071,1,ibvs_active,-2.51,1.02,16.4,2.3,16.5,2.3,16.6,0.272,-0.038,0.0,0,0,0,1,30.9,
142.857,3072,1,ibvs_active,-2.29,0.98,15.1,2.8,15.4,2.7,15.4,0.217,-0.039,0.0,0,0,0,1,29.7,
142.902,3073,1,ibvs_active,-2.1,0.94,14.8,2.7,14.9,2.7,15.1,0.193,-0.035,0.0,0,0,0,1,29.9,
142.951,3074,1,ibvs_active,-1.91,0.91,14.8,2.7,14.8,2.7,15.0,0.186,-0.034,0.0,0,0,0,1,30.6,
142.995,3075,1,ibvs_active,-1.72,0.88,14.8,2.7,14.8,2.7,15.1,0.188,-0.034,0.0,0,0,0,1,30.9,
143.041,3076,1,ibvs_active,-1.57,0.85,14.1,2.6,14.2,2.6,14.3,0.158,-0.029,0.0,0,0,0,1,23.9,
143.085,3077,1,deadband,-1.57,0.85,4.2,2.6,6.2,2.6,5.0,0.0,0.0,0.0,1,0,0,0,30.9,
143.143,3078,1,deadband,-1.57,0.85,4.1,2.5,4.6,2.5,4.8,0.0,0.0,0.0,1,0,0,0,29.6,
143.189,3079,1,deadband,-1.57,0.85,4.2,2.6,4.2,2.6,4.9,0.0,0.0,0.0,1,0,0,0,30.1,
143.240,3080,1,deadband,-1.57,0.85,4.1,2.5,4.1,2.5,4.8,0.0,0.0,0.0,1,0,0,0,30.4,
143.285,3081,1,deadband,-1.57,0.85,4.2,2.5,4.2,2.5,4.9,0.0,0.0,0.0,1,0,0,0,30.5,
143.335,3082,1,deadband,-1.57,0.85,4.1,2.6,4.1,2.6,4.9,0.0,0.0,0.0,1,0,0,0,30.7,
143.382,3083,1,deadband,-1.57,0.85,4.1,2.5,4.1,2.5,4.8,0.0,0.0,0.0,1,0,0,0,30.9,
143.430,3084,1,deadband,-1.57,0.85,4.1,2.6,4.1,2.6,4.9,0.0,0.0,0.0,1,0,0,0,30.3,
143.477,3085,1,deadband,-1.57,0.85,4.1,2.5,4.1,2.5,4.8,0.0,0.0,0.0,1,0,0,0,30.7,
143.526,3086,1,deadband,-1.57,0.85,4.2,2.5,4.2,2.5,4.9,0.0,0.0,0.0,1,0,0,0,30.0,
143.574,3087,1,deadband,-1.57,0.85,4.2,2.5,4.2,2.5,4.9,0.0,0.0,0.0,1,0,0,0,30.2,
143.624,3088,1,deadband,-1.57,0.85,4.2,2.5,4.2,2.5,4.9,0.0,0.0,0.0,1,0,0,0,30.2,
143.670,3089,1,deadband,-1.57,0.85,4.2,2.6,4.2,2.6,4.9,0.0,0.0,0.0,1,0,0,0,31.8,
143.721,3090,1,deadband,-1.57,0.85,4.2,2.4,4.2,2.5,4.8,0.0,0.0,0.0,1,0,0,0,31.2,
143.766,3091,1,deadband,-1.57,0.85,4.2,2.5,4.2,2.5,4.9,0.0,0.0,0.0,1,0,0,0,30.6,
143.817,3092,1,deadband,-1.57,0.85,4.1,2.5,4.1,2.5,4.8,0.0,0.0,0.0,1,0,0,0,31.1,
143.862,3093,1,deadband,-1.57,0.85,4.2,2.5,4.2,2.5,4.9,0.0,0.0,0.0,1,0,0,0,30.4,
143.910,3094,1,deadband,-1.57,0.85,4.2,2.5,4.2,2.5,4.9,0.0,0.0,0.0,1,0,0,0,30.2,
143.956,3095,1,deadband,-1.57,0.85,4.2,2.5,4.2,2.5,4.9,0.0,0.0,0.0,1,0,0,0,31.0,
144.010,3096,1,deadband,-1.57,0.85,4.2,2.6,4.2,2.5,4.9,0.0,0.0,0.0,1,0,0,0,30.2,
144.056,3097,1,deadband,-1.57,0.85,4.2,2.5,4.2,2.5,4.9,0.0,0.0,0.0,1,0,0,0,30.5,
144.105,3098,1,deadband,-1.57,0.85,4.2,2.5,4.2,2.5,4.9,0.0,0.0,0.0,1,0,0,0,30.8,
144.151,3099,1,deadband,-1.57,0.85,4.1,2.5,4.1,2.5,4.8,0.0,0.0,0.0,1,0,0,0,30.9,
144.202,3100,1,deadband,-1.57,0.85,4.2,2.6,4.2,2.6,4.9,0.0,0.0,0.0,1,0,0,0,30.9,
144.254,3101,1,deadband,-1.57,0.85,4.1,2.5,4.2,2.5,4.8,0.0,0.0,0.0,1,0,0,0,30.2,
144.303,3102,1,deadband,-1.57,0.85,4.2,2.5,4.2,2.5,4.8,0.0,0.0,0.0,1,0,0,0,30.6,
144.348,3103,1,deadband,-1.57,0.85,4.1,2.5,4.1,2.5,4.8,0.0,0.0,0.0,1,0,0,0,30.4,
144.398,3104,1,deadband,-1.57,0.85,4.2,2.5,4.2,2.5,4.8,0.0,0.0,0.0,1,0,0,0,30.4,
144.443,3105,1,deadband,-1.57,0.85,4.2,2.5,4.2,2.5,4.9,0.0,0.0,0.0,1,0,0,0,31.4,
144.495,3106,1,deadband,-1.57,0.85,4.1,2.5,4.2,2.5,4.9,0.0,0.0,0.0,1,0,0,0,31.1,
144.541,3107,1,deadband,-1.57,0.85,4.2,2.5,4.2,2.5,4.8,0.0,0.0,0.0,1,0,0,0,30.6,
144.592,3108,1,deadband,-1.57,0.85,4.2,2.4,4.2,2.4,4.8,0.0,0.0,0.0,1,0,0,0,31.1,
144.636,3109,1,deadband,-1.57,0.85,4.1,2.5,4.1,2.5,4.8,0.0,0.0,0.0,1,0,0,0,31.7,
144.695,3110,1,deadband,-1.57,0.85,4.2,2.5,4.2,2.5,4.9,0.0,0.0,0.0,1,0,0,0,30.8,
144.742,3111,1,deadband,-1.57,0.85,4.2,2.5,4.2,2.5,4.9,0.0,0.0,0.0,1,0,0,0,31.2,
144.791,3112,1,deadband,-1.57,0.85,4.2,2.5,4.2,2.5,4.9,0.0,0.0,0.0,1,0,0,0,30.2,
144.837,3113,1,deadband,-1.57,0.85,4.2,2.5,4.2,2.5,4.9,0.0,0.0,0.0,1,0,0,0,30.8,
144.887,3114,1,deadband,-1.57,0.85,4.2,2.5,4.2,2.5,4.8,0.0,0.0,0.0,1,0,0,0,30.6,
144.932,3115,1,deadband,-1.57,0.85,4.1,2.6,4.1,2.5,4.9,0.0,0.0,0.0,1,0,0,0,30.4,
144.981,3116,1,deadband,-1.57,0.85,4.2,2.5,4.2,2.5,4.9,0.0,0.0,0.0,1,0,0,0,31.1,
145.026,3117,1,deadband,-1.57,0.85,4.2,2.5,4.2,2.5,4.9,0.0,0.0,0.0,1,0,0,0,30.3,
145.083,3118,1,deadband,-1.57,0.85,4.1,2.5,4.2,2.5,4.8,0.0,0.0,0.0,1,0,0,0,30.7,
145.127,3119,1,deadband,-1.57,0.85,4.1,2.5,4.1,2.5,4.8,0.0,0.0,0.0,1,0,0,0,32.1,
145.179,3120,1,deadband,-1.57,0.85,4.1,2.5,4.1,2.5,4.8,0.0,0.0,0.0,1,0,0,0,30.1,
145.221,3121,1,deadband,-1.57,0.85,4.1,2.5,4.1,2.5,4.8,0.0,0.0,0.0,1,0,0,0,30.6,
145.270,3122,1,deadband,-1.57,0.85,4.2,2.5,4.2,2.5,4.9,0.0,0.0,0.0,1,0,0,0,29.9,
145.315,3123,1,deadband,-1.57,0.85,4.2,2.5,4.2,2.5,4.9,0.0,0.0,0.0,1,0,0,0,30.5,
145.365,3124,1,deadband,-1.57,0.85,4.2,2.6,4.2,2.5,4.9,0.0,0.0,0.0,1,0,0,0,30.5,
145.409,3125,1,deadband,-1.57,0.85,4.2,2.4,4.2,2.5,4.9,0.0,0.0,0.0,1,0,0,0,30.2,
145.459,3126,1,deadband,-1.57,0.85,4.2,2.5,4.2,2.5,4.9,0.0,0.0,0.0,1,0,0,0,30.4,
145.508,3127,1,deadband,-1.57,0.85,4.2,2.5,4.2,2.5,4.9,0.0,0.0,0.0,1,0,0,0,30.9,
145.559,3128,1,deadband,-1.57,0.85,4.2,2.5,4.2,2.5,4.9,0.0,0.0,0.0,1,0,0,0,31.0,
145.605,3129,1,deadband,-1.57,0.85,4.1,2.5,4.2,2.5,4.8,0.0,0.0,0.0,1,0,0,0,30.5,
145.655,3130,1,deadband,-1.57,0.85,4.2,2.5,4.2,2.5,4.9,0.0,0.0,0.0,1,0,0,0,31.4,
145.700,3131,1,deadband,-1.57,0.85,4.2,2.5,4.2,2.5,4.9,0.0,0.0,0.0,1,0,0,0,31.0,
145.750,3132,1,deadband,-1.57,0.85,4.2,2.5,4.2,2.5,4.9,0.0,0.0,0.0,1,0,0,0,30.5,
145.794,3133,1,deadband,-1.57,0.85,4.2,2.5,4.2,2.5,4.9,0.0,0.0,0.0,1,0,0,0,30.6,
145.845,3134,1,deadband,-1.57,0.85,4.3,2.5,4.3,2.5,4.9,0.0,0.0,0.0,1,0,0,0,30.8,
145.889,3135,1,deadband,-1.57,0.85,3.9,2.9,4.0,2.8,4.9,0.0,0.0,0.0,1,0,0,0,30.6,
145.942,3136,0,tag_lost_countdown,-1.57,0.85,,,,,,,,,,,,,,0.0
145.982,3137,0,tag_lost_countdown,-1.57,0.85,,,,,,,,,,,,,,0.05
146.027,3138,1,deadband,-1.57,0.85,3.9,5.7,3.9,5.1,6.9,0.0,0.0,0.0,1,0,0,0,27.4,
146.070,3139,1,deadband,-1.57,0.85,-1.7,5.0,-0.5,5.0,5.3,0.0,0.0,0.0,1,0,0,0,29.4,
146.115,3140,1,deadband,-1.57,0.85,-0.2,5.5,-0.3,5.4,5.5,0.0,0.0,0.0,1,0,0,0,29.7,
146.157,3141,1,deadband,-1.57,0.85,-3.7,-1.8,-3.0,-0.4,4.1,0.0,0.0,0.0,1,0,0,0,24.3,
146.200,3142,1,deadband,-1.57,0.85,-10.2,3.0,-8.7,2.3,10.6,0.0,0.0,0.0,1,0,0,0,28.2,
146.241,3143,1,ibvs_active,-1.68,0.76,-11.6,10.1,-11.1,8.5,15.4,-0.109,-0.084,0.0,0,0,0,1,29.5,
146.286,3144,1,ibvs_active,-2.0,0.65,-18.3,4.9,-16.9,5.6,19.0,-0.329,-0.11,0.0,0,0,0,1,28.1,
146.326,3145,1,ibvs_active,-2.5,0.66,-20.8,-2.0,-20.0,-0.5,20.9,-0.499,0.011,0.0,0,0,0,1,30.4,
146.372,3146,1,ibvs_active,-3.27,0.65,-24.0,0.6,-23.2,0.4,24.0,-0.766,-0.014,0.0,0,0,0,1,30.2,
146.413,3147,1,ibvs_active,-4.53,0.66,-29.2,-0.3,-28.0,-0.1,29.2,-1.258,0.006,0.0,0,0,0,1,30.5,
146.457,3148,1,ibvs_active,-6.16,0.81,-33.8,-3.8,-32.7,-3.1,34.0,-1.633,0.154,0.0,0,0,0,1,31.1,
146.499,3149,1,ibvs_active,-8.02,0.99,-38.2,-3.6,-37.1,-3.5,38.4,-1.856,0.177,0.0,0,0,0,1,31.4,
146.544,3150,0,tag_lost_countdown,-8.02,0.99,,,,,,,,,,,,,,0.0
146.583,3151,0,tag_lost_countdown,-8.02,0.99,,,,,,,,,,,,,,0.04
146.628,3152,0,tag_lost_countdown,-8.02,0.99,,,,,,,,,,,,,,0.08
146.667,3153,0,tag_lost_countdown,-8.02,0.99,,,,,,,,,,,,,,0.13
146.710,3154,0,tag_lost_countdown,-8.02,0.99,,,,,,,,,,,,,,0.17
146.750,3155,1,ibvs_active,-8.09,1.03,-4.0,-7.9,-10.6,-7.0,8.8,-0.072,0.048,0.0,0,0,0,1,31.7,
146.796,3156,1,ibvs_active,-8.26,1.24,-10.6,-14.0,-10.6,-12.6,17.6,-0.172,0.204,0.0,0,0,0,1,31.4,
146.836,3157,1,ibvs_active,-8.38,1.36,-10.3,-10.0,-10.3,-10.5,14.3,-0.123,0.125,0.0,0,0,0,1,32.3,
146.882,3158,1,deadband,-8.38,1.36,-6.3,-5.4,-7.1,-6.4,8.3,0.0,0.0,0.0,1,0,0,0,31.7,
146.925,3159,1,deadband,-8.38,1.36,-6.8,-5.8,-6.9,-5.9,9.0,0.0,0.0,0.0,1,0,0,0,31.2,
146.970,3160,1,deadband,-8.38,1.36,-5.3,-3.3,-5.6,-3.8,6.3,0.0,0.0,0.0,1,0,0,0,31.5,
147.009,3161,1,deadband,-8.38,1.36,-6.0,-8.3,-5.9,-7.4,10.3,0.0,0.0,0.0,1,0,0,0,32.0,
147.055,3162,1,deadband,-8.38,1.36,-6.0,-6.7,-6.0,-6.8,9.0,0.0,0.0,0.0,1,0,0,0,31.2,
147.095,3163,1,deadband,-8.38,1.36,-6.0,-6.5,-6.0,-6.6,8.9,0.0,0.0,0.0,1,0,0,0,32.0,
147.143,3164,1,deadband,-8.38,1.36,-6.2,-6.9,-6.2,-6.8,9.3,0.0,0.0,0.0,1,0,0,0,32.2,
147.186,3165,1,deadband,-8.38,1.36,-6.0,-6.7,-6.0,-6.7,8.9,0.0,0.0,0.0,1,0,0,0,32.7,
147.233,3166,1,deadband,-8.38,1.36,-6.1,-6.8,-6.1,-6.8,9.1,0.0,0.0,0.0,1,0,0,0,32.1,
147.274,3167,1,deadband,-8.38,1.36,-6.1,-6.6,-6.1,-6.6,9.0,0.0,0.0,0.0,1,0,0,0,31.2,
147.323,3168,1,deadband,-8.38,1.36,-6.2,-6.7,-6.2,-6.7,9.1,0.0,0.0,0.0,1,0,0,0,33.0,
147.365,3169,1,deadband,-8.38,1.36,-6.1,-6.7,-6.1,-6.7,9.0,0.0,0.0,0.0,1,0,0,0,32.5,
147.413,3170,1,deadband,-8.38,1.36,-6.2,-6.7,-6.1,-6.7,9.1,0.0,0.0,0.0,1,0,0,0,31.9,
147.462,3171,1,deadband,-8.38,1.36,-6.2,-6.9,-6.2,-6.8,9.2,0.0,0.0,0.0,1,0,0,0,32.3,
147.512,3172,1,deadband,-8.38,1.36,-6.2,-6.8,-6.2,-6.8,9.2,0.0,0.0,0.0,1,0,0,0,31.7,
147.551,3173,1,deadband,-8.38,1.36,-5.8,-5.5,-5.8,-5.8,8.0,0.0,0.0,0.0,1,0,0,0,26.6,
147.597,3174,1,deadband,-8.38,1.36,3.8,10.8,1.8,7.5,11.4,0.0,0.0,0.0,1,0,0,0,31.0,
147.642,3175,1,deadband,-8.38,1.36,7.7,-2.8,6.5,-0.7,8.2,0.0,0.0,0.0,1,0,0,0,24.4,
147.689,3176,1,deadband,-8.38,1.36,8.4,4.4,8.0,3.4,9.5,0.0,0.0,0.0,1,0,0,0,31.4,
147.729,3177,0,tag_lost_countdown,-8.38,1.36,,,,,,,,,,,,,,0.0
147.773,3178,0,tag_lost_countdown,-8.38,1.36,,,,,,,,,,,,,,0.04
147.812,3179,1,ibvs_active,-8.37,1.41,2.4,-14.8,3.5,-11.1,14.9,0.015,0.047,0.0,0,0,0,1,23.9,
147.864,3180,1,ibvs_active,-8.39,1.65,-3.0,-17.1,-1.7,-15.9,17.4,-0.026,0.238,0.0,0,0,0,1,31.7,
147.905,3181,1,ibvs_active,-8.51,2.08,-5.7,-19.3,-4.9,-18.6,20.1,-0.112,0.428,0.0,0,0,0,1,23.5,
147.951,3182,1,ibvs_active,-8.53,2.16,-2.1,-10.9,-2.6,-12.4,11.1,-0.018,0.084,0.0,0,0,0,1,31.7,
147.994,3183,1,ibvs_active,-8.54,2.25,-2.3,-12.8,-2.4,-12.7,13.0,-0.018,0.094,0.0,0,0,0,1,31.8,
148.040,3184,1,deadband,-8.54,2.25,-2.7,-8.0,-2.7,-8.9,8.4,0.0,0.0,0.0,1,0,0,0,31.5,
148.083,3185,1,deadband,-8.54,2.25,-2.5,-8.0,-2.6,-8.2,8.4,0.0,0.0,0.0,1,0,0,0,32.1,
148.132,3186,1,deadband,-8.54,2.25,-2.7,-7.9,-2.7,-8.0,8.3,0.0,0.0,0.0,1,0,0,0,31.0,
148.175,3187,1,deadband,-8.54,2.25,-2.7,-8.0,-2.7,-8.0,8.4,0.0,0.0,0.0,1,0,0,0,32.0,
148.219,3188,1,deadband,-8.54,2.25,1.8,10.9,0.9,7.2,11.1,0.0,0.0,0.0,1,0,0,0,31.5,
148.259,3189,1,deadband,-8.54,2.25,2.6,1.8,2.3,2.8,3.2,0.0,0.0,0.0,1,0,0,0,31.5,
148.304,3190,1,deadband,-8.54,2.25,-0.7,-7.8,-0.1,-5.7,7.8,0.0,0.0,0.0,1,0,0,0,32.3,
148.346,3191,1,deadband,-8.54,2.25,-2.4,-4.9,-1.9,-5.0,5.4,0.0,0.0,0.0,1,0,0,0,31.4,
148.389,3192,0,tag_lost_countdown,-8.54,2.25,,,,,,,,,,,,,,0.0
148.428,3193,1,ibvs_active,-8.59,2.37,-6.6,-14.2,-5.6,-12.4,15.6,-0.051,0.111,0.0,0,0,0,1,20.3,
148.474,3194,1,ibvs_active,-8.73,2.67,-7.8,-16.8,-7.4,-16.0,18.6,-0.139,0.302,0.0,0,0,0,1,33.3,
148.515,3195,1,ibvs_active,-9.48,3.29,-22.5,-16.3,-19.5,-16.3,27.8,-0.747,0.624,0.0,0,0,0,1,32.5,
148.563,3196,1,ibvs_active,-10.66,4.2,-24.7,-18.8,-23.6,-18.3,31.1,-1.177,0.912,0.0,0,0,0,1,32.1,
148.606,3197,1,ibvs_active,-11.66,4.84,-23.0,-13.7,-23.2,-14.6,26.8,-1.006,0.634,0.0,0,0,0,1,32.2,
148.652,3198,1,ibvs_active,-11.73,4.84,-9.4,3.3,-12.1,-0.3,9.9,-0.064,0.001,0.0,0,0,0,1,23.6,
148.691,3199,1,deadband,-11.73,4.84,2.2,5.0,-0.7,3.9,5.4,0.0,0.0,0.0,1,0,0,0,34.0,
148.743,3200,1,ibvs_active,-11.71,4.78,5.2,13.4,4.1,11.5,14.4,0.022,-0.063,0.0,0,0,0,1,34.3,
148.786,3201,1,ibvs_active,-11.65,4.63,5.6,13.9,5.3,13.4,15.0,0.059,-0.149,0.0,0,0,0,1,32.8,
148.833,3202,1,ibvs_active,-11.58,4.44,5.5,14.4,5.5,14.2,15.4,0.071,-0.184,0.0,0,0,0,1,32.6,
148.874,3203,1,ibvs_active,-11.5,4.25,5.4,14.4,5.4,14.3,15.3,0.072,-0.19,0.0,0,0,0,1,33.0,
148.924,3204,1,ibvs_active,-11.43,4.06,5.5,14.3,5.5,14.3,15.3,0.073,-0.189,0.0,0,0,0,1,33.0,
148.966,3205,1,ibvs_active,-11.36,3.87,5.3,14.4,5.4,14.4,15.3,0.071,-0.191,0.0,0,0,0,1,32.3,
149.015,3206,1,ibvs_active,-11.29,3.68,5.4,14.4,5.4,14.4,15.4,0.072,-0.193,0.0,0,0,0,1,32.2,
149.056,3207,1,ibvs_active,-11.22,3.5,5.7,14.0,5.6,14.1,15.1,0.073,-0.181,0.0,0,0,0,1,32.9,
149.103,3208,1,ibvs_active,-11.17,3.4,5.6,11.7,5.6,12.1,12.9,0.047,-0.103,0.0,0,0,0,1,33.1,
149.145,3209,1,ibvs_active,-11.13,3.32,5.6,11.3,5.6,11.5,12.6,0.038,-0.078,0.0,0,0,0,1,32.8,
149.195,3210,1,ibvs_active,-11.09,3.24,5.5,11.3,5.5,11.3,12.5,0.035,-0.073,0.0,0,0,0,1,32.0,
149.238,3211,1,ibvs_active,-11.06,3.17,5.7,11.4,5.6,11.4,12.7,0.038,-0.076,0.0,0,0,0,1,32.4,
149.287,3212,1,ibvs_active,-11.02,3.09,5.5,11.3,5.6,11.3,12.6,0.036,-0.074,0.0,0,0,0,1,32.5,
149.331,3213,1,ibvs_active,-10.99,3.02,5.5,11.3,5.5,11.3,12.6,0.035,-0.072,0.0,0,0,0,1,31.9,
149.378,3214,1,deadband,-10.99,3.02,5.9,6.6,5.8,7.6,8.8,0.0,0.0,0.0,1,0,0,0,35.0,
149.418,3215,1,deadband,-10.99,3.02,5.8,3.1,5.8,4.0,6.5,0.0,0.0,0.0,1,0,0,0,33.2,
149.465,3216,1,deadband,-10.99,3.02,6.1,3.5,6.0,3.6,7.0,0.0,0.0,0.0,1,0,0,0,32.0,
149.505,3217,1,deadband,-10.99,3.02,6.1,3.4,6.1,3.4,7.0,0.0,0.0,0.0,1,0,0,0,32.1,
149.555,3218,1,deadband,-10.99,3.02,6.0,3.3,6.0,3.3,6.8,0.0,0.0,0.0,1,0,0,0,32.1,
149.597,3219,1,deadband,-10.99,3.02,6.2,3.6,6.1,3.5,7.1,0.0,0.0,0.0,1,0,0,0,32.3,
149.641,3220,1,deadband,-10.99,3.02,6.0,3.3,6.0,3.3,6.9,0.0,0.0,0.0,1,0,0,0,31.7,
149.682,3221,1,deadband,-10.99,3.02,6.1,3.5,6.1,3.5,7.0,0.0,0.0,0.0,1,0,0,0,32.7,
149.728,3222,1,deadband,-10.99,3.02,6.0,3.3,6.0,3.3,6.9,0.0,0.0,0.0,1,0,0,0,32.2,
149.770,3223,1,deadband,-10.99,3.02,6.0,3.2,6.0,3.2,6.8,0.0,0.0,0.0,1,0,0,0,32.3,
149.815,3224,1,deadband,-10.99,3.02,6.1,3.3,6.1,3.3,7.0,0.0,0.0,0.0,1,0,0,0,32.1,
149.859,3225,1,deadband,-10.99,3.02,6.1,3.3,6.1,3.3,7.0,0.0,0.0,0.0,1,0,0,0,32.4,
149.905,3226,1,deadband,-10.99,3.02,6.0,3.4,6.0,3.3,6.9,0.0,0.0,0.0,1,0,0,0,32.2,
149.949,3227,1,deadband,-10.99,3.02,6.0,3.3,6.0,3.3,6.9,0.0,0.0,0.0,1,0,0,0,32.4,
149.995,3228,1,deadband,-10.99,3.02,6.0,3.2,6.0,3.3,6.8,0.0,0.0,0.0,1,0,0,0,32.6,
150.037,3229,1,deadband,-10.99,3.02,6.0,3.3,6.0,3.3,6.9,0.0,0.0,0.0,1,0,0,0,31.9,
150.084,3230,1,deadband,-10.99,3.02,6.0,3.3,6.0,3.3,6.9,0.0,0.0,0.0,1,0,0,0,32.3,
150.128,3231,1,deadband,-10.99,3.02,6.0,3.3,6.0,3.3,6.8,0.0,0.0,0.0,1,0,0,0,32.0,
150.174,3232,1,deadband,-10.99,3.02,6.1,3.2,6.1,3.2,6.9,0.0,0.0,0.0,1,0,0,0,32.4,
150.214,3233,1,deadband,-10.99,3.02,6.5,2.0,6.4,2.3,6.8,0.0,0.0,0.0,1,0,0,0,32.1,
150.259,3234,1,deadband,-10.99,3.02,0.4,3.1,1.6,3.0,3.2,0.0,0.0,0.0,1,0,0,0,30.5,
150.300,3235,1,deadband,-10.99,3.02,-4.6,-0.8,-3.3,-0.0,4.6,0.0,0.0,0.0,1,0,0,0,33.3,
150.344,3236,1,deadband,-10.99,3.02,-10.0,3.1,-8.7,2.5,10.4,0.0,0.0,0.0,1,0,0,0,32.0,
150.385,3237,1,ibvs_active,-11.05,2.98,-11.0,7.5,-10.5,6.5,13.3,-0.063,-0.039,0.0,0,0,0,1,32.0,
150.428,3238,1,deadband,-11.05,2.98,-3.4,9.3,-4.8,8.7,9.9,0.0,0.0,0.0,1,0,0,0,28.9,
150.469,3239,1,deadband,-11.05,2.98,3.9,-2.0,2.1,0.2,4.3,0.0,0.0,0.0,1,0,0,0,31.8,
150.513,3240,1,deadband,-11.05,2.98,8.1,4.2,6.9,3.4,9.1,0.0,0.0,0.0,1,0,0,0,31.1,
150.553,3241,1,ibvs_active,-10.83,2.73,12.7,15.9,11.6,13.4,20.3,0.222,-0.256,0.0,0,0,0,1,33.0,
150.598,3242,1,ibvs_active,-10.09,2.28,22.9,12.5,20.7,12.6,26.1,0.734,-0.449,0.0,0,0,0,1,31.9,
150.638,3243,1,ibvs_active,-8.98,1.8,26.5,10.4,25.3,10.8,28.4,1.109,-0.474,0.0,0,0,0,1,30.5,
150.682,3244,1,ibvs_active,-7.36,0.69,34.3,25.1,32.5,22.2,42.5,1.626,-1.111,0.0,0,0,0,1,26.8,
150.721,3245,0,tag_lost_countdown,-7.36,0.69,,,,,,,,,,,,,,0.0
150.764,3246,0,tag_lost_countdown,-7.36,0.69,,,,,,,,,,,,,,0.04
150.806,3247,0,tag_lost_countdown,-7.36,0.69,,,,,,,,,,,,,,0.08
150.853,3248,1,ibvs_active,-6.68,0.58,19.3,-0.8,22.0,3.8,19.4,0.676,-0.118,0.0,0,0,0,1,30.5,
150.893,3249,1,ibvs_active,-5.81,0.58,25.0,-1.0,24.4,-0.1,25.0,0.876,0.003,0.0,0,0,0,1,30.8,
150.940,3250,1,ibvs_active,-4.48,0.59,29.6,-0.2,28.6,-0.2,29.6,1.328,0.009,0.0,0,0,0,1,31.7,
150.983,3251,1,ibvs_active,-3.02,0.31,29.5,6.9,29.3,5.5,30.3,1.453,-0.273,0.0,0,0,0,1,31.6,
151.029,3252,1,ibvs_active,-1.76,0.47,27.5,-5.7,27.9,-3.5,28.1,1.263,0.157,0.0,0,0,0,1,20.9,
151.071,3253,0,tag_lost_countdown,-1.76,0.47,,,,,,,,,,,,,,0.0
151.116,3254,1,deadband,-1.76,0.47,4.9,0.8,9.5,-0.1,5.0,0.0,0.0,0.0,1,0,0,0,27.4,
151.158,3255,1,deadband,-1.76,0.47,-4.6,0.9,-1.8,0.7,4.7,0.0,0.0,0.0,1,0,0,0,30.8,
151.201,3256,1,deadband,-1.76,0.47,-2.3,4.5,-2.2,3.8,5.1,0.0,0.0,0.0,1,0,0,0,30.8,
151.240,3257,1,deadband,-1.76,0.47,9.0,9.1,6.8,8.1,12.9,0.0,0.0,0.0,1,0,0,0,29.7,
151.286,3258,1,deadband,-1.76,0.47,10.7,3.7,10.0,4.6,11.4,0.0,0.0,0.0,1,0,0,0,30.1,
151.327,3259,1,ibvs_active,-1.66,0.41,12.2,7.3,11.8,6.7,14.2,0.105,-0.06,0.0,0,0,0,1,31.6,
151.376,3260,1,ibvs_active,-1.51,0.36,13.9,4.5,13.5,5.0,14.7,0.148,-0.054,0.0,0,0,0,1,30.1,
151.418,3261,1,ibvs_active,-0.94,0.23,22.3,4.4,20.5,4.5,22.7,0.566,-0.124,0.0,0,0,0,1,31.6,
151.466,3262,1,ibvs_active,-0.28,0.06,21.8,5.9,21.5,5.6,22.6,0.66,-0.171,0.0,0,0,0,1,31.2,
151.517,3263,1,ibvs_active,0.58,-0.28,23.5,10.2,23.1,9.3,25.6,0.858,-0.344,0.0,0,0,0,1,28.3,
151.566,3264,1,ibvs_active,1.4,-0.31,24.0,-1.4,23.8,0.7,24.0,0.823,-0.025,0.0,0,0,0,1,21.0,
151.778,3265,0,tag_lost_countdown,1.4,-0.31,,,,,,,,,,,,,,0.0
151.829,3266,1,ibvs_active,1.89,-0.31,19.0,-0.3,19.9,-0.1,19.0,0.496,0.002,0.0,0,0,0,1,28.9,
151.872,3267,1,ibvs_active,2.33,-0.26,18.9,-2.3,19.1,-1.9,19.1,0.44,0.043,0.0,0,0,0,1,24.9,
151.921,3268,1,ibvs_active,3.33,-0.29,27.2,1.4,25.6,0.8,27.2,0.997,-0.03,0.0,0,0,0,1,29.7,
151.963,3269,1,ibvs_active,4.86,-0.44,31.9,3.5,30.6,2.9,32.1,1.532,-0.147,0.0,0,0,0,1,30.6,
152.012,3270,1,ibvs_active,6.28,-0.56,28.9,2.4,29.3,2.5,29.0,1.419,-0.121,0.0,0,0,0,1,29.9,
152.054,3271,1,ibvs_active,7.21,-0.68,23.6,3.5,24.8,3.3,23.9,0.928,-0.123,0.0,0,0,0,1,30.1,
152.103,3272,1,ibvs_active,7.5,-0.74,14.6,3.5,16.6,3.5,15.0,0.292,-0.061,0.0,0,0,0,1,26.2,
152.145,3273,1,deadband,7.5,-0.74,5.0,1.8,7.3,2.1,5.3,0.0,0.0,0.0,1,0,0,0,31.3,
152.191,3274,0,tag_lost_countdown,7.5,-0.74,,,,,,,,,,,,,,0.0
152.235,3275,1,ibvs_active,7.57,-1.05,2.6,20.6,3.6,16.9,20.8,0.065,-0.308,0.0,0,0,0,1,30.5,
152.281,3276,1,ibvs_active,7.57,-1.07,-0.3,9.1,0.5,10.7,9.1,0.001,-0.018,0.0,0,0,0,1,30.8,
152.324,3277,1,deadband,7.57,-1.07,-1.9,7.1,-1.4,7.9,7.4,0.0,0.0,0.0,1,0,0,0,28.4,
152.372,3278,1,deadband,7.57,-1.07,-0.9,2.1,-1.0,3.2,2.2,0.0,0.0,0.0,1,0,0,0,26.3,
152.416,3279,1,deadband,7.57,-1.07,-1.4,0.3,-1.3,0.9,1.5,0.0,0.0,0.0,1,0,0,0,30.1,
152.466,3280,1,deadband,7.57,-1.07,-1.6,1.2,-1.5,1.1,2.0,0.0,0.0,0.0,1,0,0,0,29.1,
152.510,3281,1,deadband,7.57,-1.07,-1.6,0.5,-1.5,0.6,1.6,0.0,0.0,0.0,1,0,0,0,30.7,
152.569,3282,1,deadband,7.57,-1.07,-1.6,0.8,-1.6,0.7,1.8,0.0,0.0,0.0,1,0,0,0,29.7,
152.615,3283,1,deadband,7.57,-1.07,-1.6,0.7,-1.6,0.7,1.8,0.0,0.0,0.0,1,0,0,0,30.0,
152.664,3284,1,deadband,7.57,-1.07,-1.5,0.5,-1.5,0.5,1.6,0.0,0.0,0.0,1,0,0,0,30.7,
152.707,3285,1,deadband,7.57,-1.07,-1.6,0.5,-1.6,0.5,1.7,0.0,0.0,0.0,1,0,0,0,29.3,
152.757,3286,1,deadband,7.57,-1.07,-1.5,0.5,-1.5,0.5,1.6,0.0,0.0,0.0,1,0,0,0,30.1,
152.802,3287,1,deadband,7.57,-1.07,-1.6,0.5,-1.6,0.5,1.7,0.0,0.0,0.0,1,0,0,0,30.4,
152.851,3288,1,deadband,7.57,-1.07,-1.5,0.5,-1.5,0.5,1.6,0.0,0.0,0.0,1,0,0,0,29.4,
152.895,3289,1,deadband,7.57,-1.07,-1.6,0.6,-1.6,0.6,1.7,0.0,0.0,0.0,1,0,0,0,30.2,
152.944,3290,1,deadband,7.57,-1.07,-1.5,0.5,-1.5,0.5,1.6,0.0,0.0,0.0,1,0,0,0,30.8,
152.998,3291,1,deadband,7.57,-1.07,-1.5,0.4,-1.5,0.4,1.6,0.0,0.0,0.0,1,0,0,0,30.4,
153.047,3292,1,deadband,7.57,-1.07,-1.5,0.5,-1.5,0.5,1.6,0.0,0.0,0.0,1,0,0,0,29.4,
153.092,3293,1,deadband,7.57,-1.07,-1.5,0.4,-1.5,0.4,1.6,0.0,0.0,0.0,1,0,0,0,30.8,
153.142,3294,1,deadband,7.57,-1.07,-1.5,0.6,-1.5,0.5,1.6,0.0,0.0,0.0,1,0,0,0,30.3,
153.187,3295,1,deadband,7.57,-1.07,-1.5,0.6,-1.5,0.6,1.7,0.0,0.0,0.0,1,0,0,0,30.6,
153.238,3296,1,deadband,7.57,-1.07,-1.5,0.3,-1.5,0.4,1.6,0.0,0.0,0.0,1,0,0,0,30.7,
153.283,3297,1,deadband,7.57,-1.07,-1.5,0.4,-1.5,0.4,1.5,0.0,0.0,0.0,1,0,0,0,29.2,
153.334,3298,1,deadband,7.57,-1.07,-1.5,0.4,-1.5,0.4,1.5,0.0,0.0,0.0,1,0,0,0,29.8,
153.380,3299,1,deadband,7.57,-1.07,-1.5,0.6,-1.5,0.5,1.6,0.0,0.0,0.0,1,0,0,0,30.1,
153.436,3300,1,deadband,7.57,-1.07,-1.5,0.4,-1.5,0.4,1.6,0.0,0.0,0.0,1,0,0,0,29.4,
153.481,3301,1,deadband,7.57,-1.07,-1.5,0.4,-1.5,0.4,1.5,0.0,0.0,0.0,1,0,0,0,30.5,
153.532,3302,1,deadband,7.57,-1.07,-1.5,0.5,-1.5,0.5,1.6,0.0,0.0,0.0,1,0,0,0,29.6,
153.575,3303,1,deadband,7.57,-1.07,-1.5,0.5,-1.5,0.5,1.6,0.0,0.0,0.0,1,0,0,0,30.4,
153.625,3304,1,deadband,7.57,-1.07,-1.4,0.4,-1.4,0.4,1.5,0.0,0.0,0.0,1,0,0,0,30.2,
153.675,3305,1,deadband,7.57,-1.07,-1.5,0.5,-1.5,0.5,1.6,0.0,0.0,0.0,1,0,0,0,30.2,
153.724,3306,1,deadband,7.57,-1.07,-1.5,0.4,-1.5,0.4,1.5,0.0,0.0,0.0,1,0,0,0,29.7,
153.769,3307,1,deadband,7.57,-1.07,-1.4,0.3,-1.4,0.4,1.4,0.0,0.0,0.0,1,0,0,0,30.2,
153.818,3308,1,deadband,7.57,-1.07,-1.4,0.3,-1.4,0.3,1.4,0.0,0.0,0.0,1,0,0,0,30.4,
153.866,3309,1,deadband,7.57,-1.07,-1.4,0.4,-1.4,0.4,1.5,0.0,0.0,0.0,1,0,0,0,30.4,
153.916,3310,1,deadband,7.57,-1.07,-1.5,0.4,-1.4,0.4,1.5,0.0,0.0,0.0,1,0,0,0,29.9,
153.960,3311,1,deadband,7.57,-1.07,-1.5,0.3,-1.4,0.4,1.5,0.0,0.0,0.0,1,0,0,0,30.8,
154.011,3312,1,deadband,7.57,-1.07,-1.5,0.5,-1.5,0.5,1.6,0.0,0.0,0.0,1,0,0,0,29.9,
154.057,3313,1,deadband,7.57,-1.07,-1.4,0.3,-1.4,0.4,1.5,0.0,0.0,0.0,1,0,0,0,29.7,
154.106,3314,1,deadband,7.57,-1.07,-1.5,0.5,-1.5,0.5,1.6,0.0,0.0,0.0,1,0,0,0,31.1,
154.150,3315,1,deadband,7.57,-1.07,-1.4,0.3,-1.4,0.3,1.5,0.0,0.0,0.0,1,0,0,0,29.6,
154.199,3316,1,deadband,7.57,-1.07,-1.5,0.5,-1.5,0.5,1.5,0.0,0.0,0.0,1,0,0,0,29.9,
154.243,3317,1,deadband,7.57,-1.07,-1.4,0.4,-1.4,0.4,1.5,0.0,0.0,0.0,1,0,0,0,30.0,
154.300,3318,1,deadband,7.57,-1.07,-1.4,0.3,-1.4,0.3,1.4,0.0,0.0,0.0,1,0,0,0,29.9,
154.345,3319,1,deadband,7.57,-1.07,-1.5,0.5,-1.5,0.5,1.5,0.0,0.0,0.0,1,0,0,0,30.0,
154.396,3320,1,deadband,7.57,-1.07,-1.4,0.3,-1.4,0.4,1.4,0.0,0.0,0.0,1,0,0,0,29.9,
154.443,3321,1,deadband,7.57,-1.07,-1.4,0.3,-1.4,0.3,1.4,0.0,0.0,0.0,1,0,0,0,29.4,
154.492,3322,1,deadband,7.57,-1.07,-1.4,0.3,-1.4,0.3,1.5,0.0,0.0,0.0,1,0,0,0,30.1,
154.547,3323,1,deadband,7.57,-1.07,-1.4,0.3,-1.4,0.3,1.5,0.0,0.0,0.0,1,0,0,0,29.9,
154.597,3324,1,deadband,7.57,-1.07,-1.4,0.4,-1.4,0.3,1.4,0.0,0.0,0.0,1,0,0,0,29.1,
154.641,3325,1,deadband,7.57,-1.07,-1.5,0.3,-1.5,0.3,1.5,0.0,0.0,0.0,1,0,0,0,30.0,
154.689,3326,1,deadband,7.57,-1.07,4.5,3.1,3.3,2.5,5.5,0.0,0.0,0.0,1,0,0,0,21.4,
154.735,3327,0,tag_lost_countdown,7.57,-1.07,,,,,,,,,,,,,,0.0
154.778,3328,0,tag_lost_countdown,7.57,-1.07,,,,,,,,,,,,,,0.04
154.818,3329,0,tag_lost_countdown,7.57,-1.07,,,,,,,,,,,,,,0.09
154.863,3330,0,tag_lost_countdown,7.57,-1.07,,,,,,,,,,,,,,0.13
154.903,3331,1,deadband,7.57,-1.07,0.3,-0.9,0.9,-0.2,1.0,0.0,0.0,0.0,1,0,0,0,21.4,
154.949,3332,0,tag_lost_countdown,7.57,-1.07,,,,,,,,,,,,,,0.0
154.988,3333,0,tag_lost_countdown,7.57,-1.07,,,,,,,,,,,,,,0.05
155.033,3334,0,tag_lost_countdown,7.57,-1.07,,,,,,,,,,,,,,0.09
155.073,3335,0,tag_lost_countdown,7.57,-1.07,,,,,,,,,,,,,,0.13
155.116,3336,0,tag_lost_countdown,7.57,-1.07,,,,,,,,,,,,,,0.17
155.158,3337,0,tag_lost_countdown,7.57,-1.07,,,,,,,,,,,,,,0.21
155.207,3338,0,tag_lost_countdown,7.57,-1.07,,,,,,,,,,,,,,0.26
155.250,3339,0,tag_lost_countdown,7.57,-1.07,,,,,,,,,,,,,,0.3
155.299,3340,0,tag_lost_countdown,7.57,-1.07,,,,,,,,,,,,,,0.35
155.338,3341,0,tag_lost_countdown,7.57,-1.07,,,,,,,,,,,,,,0.4
155.385,3342,0,tag_lost_countdown,7.57,-1.07,,,,,,,,,,,,,,0.44
155.430,3343,0,tag_lost_countdown,7.57,-1.07,,,,,,,,,,,,,,0.48
155.479,3344,0,tag_lost_countdown,7.57,-1.07,,,,,,,,,,,,,,0.53
155.521,3345,0,tag_lost_countdown,7.57,-1.07,,,,,,,,,,,,,,0.58
155.570,3346,0,tag_lost_countdown,7.57,-1.07,,,,,,,,,,,,,,0.62
155.620,3347,0,tag_lost_countdown,7.57,-1.07,,,,,,,,,,,,,,0.68
155.671,3348,0,tag_lost_countdown,7.57,-1.07,,,,,,,,,,,,,,0.72
155.718,3349,0,tag_lost_countdown,7.57,-1.07,,,,,,,,,,,,,,0.77
155.769,3350,0,tag_lost_countdown,7.57,-1.07,,,,,,,,,,,,,,0.82
155.814,3351,0,tag_lost_countdown,7.57,-1.07,,,,,,,,,,,,,,0.87
155.863,3352,0,tag_lost_countdown,7.57,-1.07,,,,,,,,,,,,,,0.91
155.905,3353,0,tag_lost_countdown,7.57,-1.07,,,,,,,,,,,,,,0.96
155.955,3354,0,tag_lost_countdown,7.57,-1.07,,,,,,,,,,,,,,1.0
155.998,3355,0,tag_lost_countdown,7.57,-1.07,,,,,,,,,,,,,,1.05
156.058,3356,0,tag_lost_countdown,7.57,-1.07,,,,,,,,,,,,,,1.11
156.105,3357,0,tag_lost_countdown,7.57,-1.07,,,,,,,,,,,,,,1.16
156.152,3358,0,tag_lost_countdown,7.57,-1.07,,,,,,,,,,,,,,1.2
156.196,3359,0,tag_lost_countdown,7.57,-1.07,,,,,,,,,,,,,,1.25
156.246,3360,0,tag_lost_countdown,7.57,-1.07,,,,,,,,,,,,,,1.29
156.292,3361,0,tag_lost_countdown,7.57,-1.07,,,,,,,,,,,,,,1.34
156.340,3362,0,tag_lost_countdown,7.57,-1.07,,,,,,,,,,,,,,1.39
156.385,3363,0,tag_lost_countdown,7.57,-1.07,,,,,,,,,,,,,,1.44
156.435,3364,0,tag_lost_countdown,7.57,-1.07,,,,,,,,,,,,,,1.48
156.487,3365,0,tag_lost_countdown,7.57,-1.07,,,,,,,,,,,,,,1.54
156.535,3366,0,tag_lost_countdown,7.57,-1.07,,,,,,,,,,,,,,1.59
156.579,3367,0,tag_lost_countdown,7.57,-1.07,,,,,,,,,,,,,,1.63
156.629,3368,0,tag_lost_countdown,7.57,-1.07,,,,,,,,,,,,,,1.68
156.675,3369,0,tag_lost_countdown,7.57,-1.07,,,,,,,,,,,,,,1.73
156.724,3370,0,tag_lost_countdown,7.57,-1.07,,,,,,,,,,,,,,1.77
156.770,3371,0,tag_lost_countdown,7.57,-1.07,,,,,,,,,,,,,,1.82
156.821,3372,0,tag_lost_countdown,7.57,-1.07,,,,,,,,,,,,,,1.87
156.865,3373,0,tag_lost_countdown,7.57,-1.07,,,,,,,,,,,,,,1.92
156.922,3374,0,tag_lost_countdown,7.57,-1.07,,,,,,,,,,,,,,1.97
156.967,3375,0,tag_lost_countdown,7.57,-1.07,,,,,,,,,,,,,,2.02
157.014,3376,0,tag_lost_countdown,7.57,-1.07,,,,,,,,,,,,,,2.06
157.060,3377,0,tag_lost_countdown,7.57,-1.07,,,,,,,,,,,,,,2.11
157.108,3378,0,tag_lost_countdown,7.57,-1.07,,,,,,,,,,,,,,2.16
157.154,3379,0,tag_lost_countdown,7.57,-1.07,,,,,,,,,,,,,,2.21
157.203,3380,0,tag_lost_countdown,7.57,-1.07,,,,,,,,,,,,,,2.25
157.250,3381,0,tag_lost_countdown,7.57,-1.07,,,,,,,,,,,,,,2.3
157.300,3382,0,tag_lost_countdown,7.57,-1.07,,,,,,,,,,,,,,2.35
157.350,3383,0,tag_lost_countdown,7.57,-1.07,,,,,,,,,,,,,,2.4
157.400,3384,0,tag_lost_countdown,7.57,-1.07,,,,,,,,,,,,,,2.45
157.445,3385,0,tag_lost_countdown,7.57,-1.07,,,,,,,,,,,,,,2.5
157.492,3386,0,tag_lost_countdown,7.57,-1.07,,,,,,,,,,,,,,2.54
157.535,3387,0,tag_lost_countdown,7.57,-1.07,,,,,,,,,,,,,,2.59
157.586,3388,0,tag_lost_countdown,7.57,-1.07,,,,,,,,,,,,,,2.63
157.632,3389,0,tag_lost_countdown,7.57,-1.07,,,,,,,,,,,,,,2.68
157.680,3390,0,tag_lost_countdown,7.57,-1.07,,,,,,,,,,,,,,2.73
157.723,3391,0,tag_lost_countdown,7.57,-1.07,,,,,,,,,,,,,,2.78
157.771,3392,0,tag_lost_countdown,7.57,-1.07,,,,,,,,,,,,,,2.82
157.817,3393,0,tag_lost_countdown,7.57,-1.07,,,,,,,,,,,,,,2.87
157.868,3394,0,tag_lost_countdown,7.57,-1.07,,,,,,,,,,,,,,2.91
157.912,3395,0,tag_lost_countdown,7.57,-1.07,,,,,,,,,,,,,,2.97
157.965,3396,0,tag_lost_countdown,7.57,-1.07,,,,,,,,,,,,,,3.01
158.011,3397,0,tag_lost_countdown,7.57,-1.07,,,,,,,,,,,,,,3.06
158.060,3398,0,tag_lost_countdown,7.57,-1.07,,,,,,,,,,,,,,3.11
158.106,3399,0,tag_lost_countdown,7.57,-1.07,,,,,,,,,,,,,,3.16
158.156,3400,0,tag_lost_countdown,7.57,-1.07,,,,,,,,,,,,,,3.2
158.213,3401,0,tag_lost_countdown,7.57,-1.07,,,,,,,,,,,,,,3.25
158.263,3402,0,tag_lost_countdown,7.57,-1.07,,,,,,,,,,,,,,3.31
158.310,3403,0,tag_lost_countdown,7.57,-1.07,,,,,,,,,,,,,,3.36
158.362,3404,0,tag_lost_countdown,7.57,-1.07,,,,,,,,,,,,,,3.41
158.409,3405,0,tag_lost_countdown,7.57,-1.07,,,,,,,,,,,,,,3.46
158.458,3406,0,tag_lost_countdown,7.57,-1.07,,,,,,,,,,,,,,3.51
158.502,3407,0,tag_lost_countdown,7.57,-1.07,,,,,,,,,,,,,,3.56
158.550,3408,0,tag_lost_countdown,7.57,-1.07,,,,,,,,,,,,,,3.6
158.605,3409,0,tag_lost_countdown,7.57,-1.07,,,,,,,,,,,,,,3.65
158.653,3410,0,tag_lost_countdown,7.57,-1.07,,,,,,,,,,,,,,3.7
158.698,3411,0,tag_lost_countdown,7.57,-1.07,,,,,,,,,,,,,,3.75
158.746,3412,0,tag_lost_countdown,7.57,-1.07,,,,,,,,,,,,,,3.8
158.793,3413,0,tag_lost_countdown,7.57,-1.07,,,,,,,,,,,,,,3.84
158.842,3414,0,tag_lost_countdown,7.57,-1.07,,,,,,,,,,,,,,3.89
158.886,3415,0,tag_lost_countdown,7.57,-1.07,,,,,,,,,,,,,,3.94
158.937,3416,0,tag_lost_countdown,7.57,-1.07,,,,,,,,,,,,,,3.98
158.982,3417,0,tag_lost_countdown,7.57,-1.07,,,,,,,,,,,,,,4.03
159.039,3418,0,tag_lost_countdown,7.57,-1.07,,,,,,,,,,,,,,4.08
159.085,3419,0,tag_lost_countdown,7.57,-1.07,,,,,,,,,,,,,,4.14
159.133,3420,0,tag_lost_countdown,7.57,-1.07,,,,,,,,,,,,,,4.18
159.176,3421,0,tag_lost_countdown,7.57,-1.07,,,,,,,,,,,,,,4.23
159.227,3422,0,tag_lost_countdown,7.57,-1.07,,,,,,,,,,,,,,4.27
159.274,3423,0,tag_lost_countdown,7.57,-1.07,,,,,,,,,,,,,,4.33
159.325,3424,0,tag_lost_countdown,7.57,-1.07,,,,,,,,,,,,,,4.37
159.371,3425,0,tag_lost_countdown,7.57,-1.07,,,,,,,,,,,,,,4.42
159.422,3426,0,tag_lost_countdown,7.57,-1.07,,,,,,,,,,,,,,4.47
159.469,3427,0,tag_lost_countdown,7.57,-1.07,,,,,,,,,,,,,,4.52
159.519,3428,0,tag_lost_countdown,7.57,-1.07,,,,,,,,,,,,,,4.57
159.565,3429,0,tag_lost_countdown,7.57,-1.07,,,,,,,,,,,,,,4.62
159.614,3430,0,tag_lost_countdown,7.57,-1.07,,,,,,,,,,,,,,4.66
159.665,3431,0,tag_lost_countdown,7.57,-1.07,,,,,,,,,,,,,,4.71
159.719,3432,0,tag_lost_countdown,7.57,-1.07,,,,,,,,,,,,,,4.76
159.762,3433,0,tag_lost_countdown,7.57,-1.07,,,,,,,,,,,,,,4.82
159.809,3434,0,tag_lost_countdown,7.57,-1.07,,,,,,,,,,,,,,4.86
159.857,3435,0,tag_lost_countdown,7.57,-1.07,,,,,,,,,,,,,,4.91
159.906,3436,0,tag_lost_countdown,7.57,-1.07,,,,,,,,,,,,,,4.95
159.953,3437,0,chasing,0.0,0.0,,,,,,,,,,,,,,
159.998,3438,0,tag_lost_countdown,0.0,0.0,,,,,,,,,,,,,,0.0
160.038,3439,0,tag_lost_countdown,0.0,0.0,,,,,,,,,,,,,,0.05
160.082,3440,0,tag_lost_countdown,0.0,0.0,,,,,,,,,,,,,,0.09
160.121,3441,0,tag_lost_countdown,0.0,0.0,,,,,,,,,,,,,,0.13
160.166,3442,0,tag_lost_countdown,0.0,0.0,,,,,,,,,,,,,,0.17
160.208,3443,1,ibvs_active,-2.0,0.5,-129.8,-12.5,-103.9,-10.0,130.4,-2.0,0.5,0.0,0,0,0,1,31.0,
160.257,3444,1,ibvs_active,-4.0,1.29,-132.6,-17.3,-126.9,-15.8,133.8,-2.0,0.792,0.0,0,0,0,1,23.8,
160.300,3445,1,ibvs_active,-6.0,2.06,-132.6,-15.2,-131.4,-15.3,133.4,-2.0,0.767,0.0,0,0,0,1,30.0,
160.346,3446,0,tag_lost_countdown,-6.0,2.06,,,,,,,,,,,,,,0.0
160.383,3447,0,tag_lost_countdown,-6.0,2.06,,,,,,,,,,,,,,0.04
160.427,3448,0,tag_lost_countdown,-6.0,2.06,,,,,,,,,,,,,,0.08
160.470,3449,1,ibvs_active,-8.0,1.79,-62.6,10.5,-76.4,5.3,63.5,-2.0,-0.266,0.0,0,0,0,1,30.4,
160.519,3450,1,ibvs_active,-10.0,1.35,-61.8,9.6,-64.7,8.8,62.5,-2.0,-0.439,0.0,0,0,0,1,30.3,
160.561,3451,1,ibvs_active,-12.0,0.88,-61.8,9.6,-62.4,9.5,62.6,-2.0,-0.473,0.0,0,0,0,1,30.4,
160.610,3452,0,tag_lost_countdown,-12.0,0.88,,,,,,,,,,,,,,0.0
160.652,3453,1,ibvs_active,-13.36,0.34,-18.9,11.3,-27.6,10.9,22.0,-1.358,-0.538,0.0,0,0,0,1,22.2,
160.699,3454,1,deadband,-13.36,0.34,-4.3,8.2,-9.0,8.7,9.2,0.0,0.0,0.0,1,0,0,0,22.7,
160.740,3455,1,deadband,-13.36,0.34,-4.3,8.4,-5.2,8.4,9.4,0.0,0.0,0.0,1,0,0,0,29.7,
160.785,3456,1,deadband,-13.36,0.34,7.2,6.8,4.7,7.2,9.9,0.0,0.0,0.0,1,0,0,0,23.4,
160.827,3457,1,deadband,-13.36,0.34,9.2,0.6,8.3,1.9,9.2,0.0,0.0,0.0,1,0,0,0,30.2,
160.877,3458,1,deadband,-13.36,0.34,9.6,0.9,9.3,1.1,9.6,0.0,0.0,0.0,1,0,0,0,29.1,
160.921,3459,1,deadband,-13.36,0.34,9.8,0.7,9.7,0.7,9.8,0.0,0.0,0.0,1,0,0,0,30.3,
160.980,3460,1,deadband,-13.36,0.34,9.8,0.7,9.7,0.7,9.8,0.0,0.0,0.0,1,0,0,0,30.8,
161.024,3461,1,deadband,-13.36,0.34,9.7,0.8,9.7,0.8,9.7,0.0,0.0,0.0,1,0,0,0,30.9,
161.072,3462,1,deadband,-13.36,0.34,9.9,0.7,9.9,0.7,9.9,0.0,0.0,0.0,1,0,0,0,30.5,
161.115,3463,1,deadband,-13.36,0.34,9.8,0.8,9.8,0.7,9.9,0.0,0.0,0.0,1,0,0,0,31.0,
161.163,3464,1,deadband,-13.36,0.34,9.8,0.8,9.8,0.8,9.8,0.0,0.0,0.0,1,0,0,0,30.7,
161.205,3465,1,deadband,-13.36,0.34,9.8,0.8,9.8,0.8,9.8,0.0,0.0,0.0,1,0,0,0,30.6,
161.255,3466,1,deadband,-13.36,0.34,9.8,0.8,9.8,0.8,9.8,0.0,0.0,0.0,1,0,0,0,30.5,
161.298,3467,1,deadband,-13.36,0.34,9.8,0.7,9.8,0.8,9.9,0.0,0.0,0.0,1,0,0,0,30.9,
161.347,3468,1,deadband,-13.36,0.34,9.8,0.7,9.8,0.7,9.8,0.0,0.0,0.0,1,0,0,0,30.5,
161.392,3469,1,deadband,-13.36,0.34,9.8,0.7,9.8,0.7,9.8,0.0,0.0,0.0,1,0,0,0,31.1,
161.451,3470,1,deadband,-13.36,0.34,9.8,0.8,9.8,0.7,9.8,0.0,0.0,0.0,1,0,0,0,31.2,
161.494,3471,1,deadband,-13.36,0.34,9.8,0.7,9.8,0.7,9.8,0.0,0.0,0.0,1,0,0,0,30.4,
161.543,3472,1,deadband,-13.36,0.34,9.8,0.8,9.8,0.7,9.8,0.0,0.0,0.0,1,0,0,0,31.2,
161.587,3473,1,deadband,-13.36,0.34,9.7,0.9,9.7,0.8,9.7,0.0,0.0,0.0,1,0,0,0,30.3,
161.648,3474,0,tag_lost_countdown,-13.36,0.34,,,,,,,,,,,,,,0.0
161.688,3475,0,tag_lost_countdown,-13.36,0.34,,,,,,,,,,,,,,0.06
161.732,3476,0,tag_lost_countdown,-13.36,0.34,,,,,,,,,,,,,,0.1
161.771,3477,0,tag_lost_countdown,-13.36,0.34,,,,,,,,,,,,,,0.14
161.816,3478,0,tag_lost_countdown,-13.36,0.34,,,,,,,,,,,,,,0.18
161.857,3479,0,tag_lost_countdown,-13.36,0.34,,,,,,,,,,,,,,0.23
161.902,3480,0,tag_lost_countdown,-13.36,0.34,,,,,,,,,,,,,,0.27
161.943,3481,1,ibvs_active,-15.36,0.41,-117.6,-2.0,-92.1,-1.4,117.6,-2.0,0.071,0.0,0,0,0,1,27.2,
161.989,3482,1,ibvs_active,-17.36,0.87,-109.6,-11.0,-106.1,-9.1,110.2,-2.0,0.454,0.0,0,0,0,1,21.9,
162.030,3483,1,ibvs_active,-19.36,1.05,-109.5,-2.4,-108.8,-3.7,109.6,-2.0,0.186,0.0,0,0,0,1,23.7,
162.076,3484,0,tag_lost_countdown,-19.36,1.05,,,,,,,,,,,,,,0.0
162.119,3485,1,ibvs_active,-21.36,1.28,-81.8,-4.7,-87.2,-4.5,82.0,-2.0,0.223,0.0,0,0,0,1,30.9,
162.166,3486,0,tag_lost_countdown,-21.36,1.28,,,,,,,,,,,,,,0.0
162.209,3487,1,ibvs_active,-23.36,1.19,-67.6,3.2,-71.5,1.7,67.7,-2.0,-0.085,0.0,0,0,0,1,22.3,
162.266,3488,1,ibvs_active,-25.36,1.02,-50.1,4.0,-54.4,3.5,50.2,-2.0,-0.176,0.0,0,0,0,1,21.4,
162.309,3489,1,ibvs_active,-27.36,0.84,-44.7,3.6,-46.6,3.6,44.8,-2.0,-0.178,0.0,0,0,0,1,22.9,
162.356,3490,1,ibvs_active,-28.44,0.68,-21.1,3.9,-26.2,3.9,21.5,-1.079,-0.159,0.0,0,0,0,1,25.6,
162.399,3491,0,tag_lost_countdown,-28.44,0.68,,,,,,,,,,,,,,0.0
162.534,3492,1,ibvs_active,-28.4,0.67,19.5,4.6,10.4,4.5,20.1,0.034,-0.015,0.0,0,0,0,1,27.3,
162.578,3493,1,ibvs_active,-27.41,0.51,29.1,3.7,25.4,3.9,29.4,0.993,-0.151,0.0,0,0,0,1,31.0,
162.628,3494,1,ibvs_active,-26.1,0.34,29.0,3.7,28.3,3.7,29.3,1.312,-0.172,0.0,0,0,0,1,31.6,
162.673,3495,1,ibvs_active,-24.7,0.16,29.2,3.8,29.0,3.8,29.5,1.401,-0.184,0.0,0,0,0,1,31.6,
162.720,3496,1,ibvs_active,-23.31,-0.02,28.9,3.6,28.9,3.7,29.1,1.387,-0.175,0.0,0,0,0,1,31.6,
162.762,3497,1,ibvs_active,-22.47,-0.13,22.6,2.9,23.9,3.1,22.8,0.842,-0.109,0.0,0,0,0,1,31.3,
162.805,3498,0,tag_lost_countdown,-22.47,-0.13,,,,,,,,,,,,,,0.0
162.844,3499,0,tag_lost_countdown,-22.47,-0.13,,,,,,,,,,,,,,0.04
162.895,3500,0,tag_lost_countdown,-22.47,-0.13,,,,,,,,,,,,,,0.08
162.942,3501,1,ibvs_active,-23.04,-0.2,-32.1,2.5,-20.9,2.6,32.2,-0.576,-0.072,0.0,0,0,0,1,20.0,
162.989,3502,0,tag_lost_countdown,-23.04,-0.2,,,,,,,,,,,,,,0.0
163.032,3503,0,tag_lost_countdown,-23.04,-0.2,,,,,,,,,,,,,,0.05
163.079,3504,0,tag_lost_countdown,-23.04,-0.2,,,,,,,,,,,,,,0.09
163.125,3505,1,ibvs_active,-25.04,0.03,-114.2,-6.4,-95.5,-4.6,114.4,-2.0,0.231,0.0,0,0,0,1,31.4,
163.174,3506,1,ibvs_active,-27.04,0.35,-104.5,-6.7,-102.7,-6.3,104.7,-2.0,0.316,0.0,0,0,0,1,30.9,
163.215,3507,1,ibvs_active,-29.04,0.83,-108.1,-10.4,-107.0,-9.6,108.6,-2.0,0.48,0.0,0,0,0,1,31.4,
163.266,3508,1,ibvs_active,-31.04,1.21,-93.8,-7.0,-96.4,-7.6,94.0,-2.0,0.378,0.0,0,0,0,1,20.3,
163.307,3509,1,ibvs_active,-33.04,1.56,-71.1,-7.0,-76.1,-7.1,71.4,-2.0,0.356,0.0,0,0,0,1,26.0,
163.358,3510,1,ibvs_active,-35.04,1.87,-52.7,-5.9,-57.4,-6.2,53.0,-2.0,0.309,0.0,0,0,0,1,20.7,
163.399,3511,1,ibvs_active,-36.92,1.74,-32.5,4.8,-37.5,2.6,32.8,-1.874,-0.129,0.0,0,0,0,1,27.2,
163.447,3512,1,ibvs_active,-37.28,1.63,-12.6,5.9,-17.5,5.2,13.9,-0.364,-0.109,0.0,0,0,0,1,24.6,
163.488,3513,0,tag_lost_countdown,-37.28,1.63,,,,,,,,,,,,,,0.0
163.532,3514,0,tag_lost_countdown,-37.28,1.63,,,,,,,,,,,,,,0.04
163.576,3515,1,ibvs_active,-36.68,1.48,30.4,5.5,20.8,5.4,30.9,0.599,-0.157,0.0,0,0,0,1,32.2,
163.625,3516,1,ibvs_active,-35.26,1.21,31.1,5.4,29.1,5.4,31.6,1.423,-0.266,0.0,0,0,0,1,31.8,
163.669,3517,1,ibvs_active,-33.73,0.94,31.1,5.5,30.7,5.5,31.5,1.533,-0.273,0.0,0,0,0,1,32.8,
163.719,3518,1,ibvs_active,-32.18,0.66,31.0,5.4,30.9,5.4,31.5,1.546,-0.272,0.0,0,0,0,1,32.2,
163.770,3519,1,ibvs_active,-30.86,0.37,27.5,6.4,28.2,6.2,28.2,1.325,-0.291,0.0,0,0,0,1,34.6,
163.817,3520,1,ibvs_active,-30.62,0.29,12.0,5.4,15.3,5.6,13.2,0.238,-0.087,0.0,0,0,0,1,26.8,
163.859,3521,1,deadband,-30.62,0.29,-5.1,5.1,-1.1,5.2,7.2,0.0,0.0,0.0,1,0,0,0,27.6,
163.907,3522,1,ibvs_active,-30.86,0.26,-19.6,1.0,-15.9,1.9,19.6,-0.239,-0.028,0.0,0,0,0,1,29.9,
163.949,3523,1,ibvs_active,-31.29,0.24,-19.9,0.4,-19.1,0.7,19.9,-0.436,-0.015,0.0,0,0,0,1,32.9,
164.000,3524,1,ibvs_active,-31.78,0.23,-20.0,0.5,-19.8,0.6,20.0,-0.488,-0.014,0.0,0,0,0,1,32.3,
164.046,3525,1,ibvs_active,-32.28,0.22,-20.0,0.5,-20.0,0.5,20.0,-0.5,-0.012,0.0,0,0,0,1,32.3,
164.097,3526,1,ibvs_active,-32.79,0.21,-20.1,0.4,-20.1,0.4,20.1,-0.507,-0.01,0.0,0,0,0,1,31.9,
164.140,3527,1,ibvs_active,-33.28,0.2,-19.9,0.4,-19.9,0.4,19.9,-0.495,-0.011,0.0,0,0,0,1,32.2,
164.199,3528,1,ibvs_active,-33.63,0.18,-17.3,0.7,-17.9,0.6,17.4,-0.351,-0.012,0.0,0,0,0,1,32.1,
164.242,3529,1,ibvs_active,-33.94,0.18,-16.9,0.4,-17.1,0.5,16.9,-0.302,-0.009,0.0,0,0,0,1,32.1,
164.291,3530,1,ibvs_active,-33.95,0.18,-8.8,0.4,-10.4,0.4,8.8,-0.011,-0.0,0.0,0,0,0,1,31.5,
164.332,3531,1,deadband,-33.95,0.18,-6.0,0.4,-6.9,0.4,6.0,0.0,0.0,0.0,1,0,0,0,31.7,
164.380,3532,1,deadband,-33.95,0.18,-0.6,0.4,-1.9,0.4,0.7,0.0,0.0,0.0,1,0,0,0,31.9,
164.422,3533,1,deadband,-33.95,0.18,-0.6,0.1,-0.8,0.2,0.6,0.0,0.0,0.0,1,0,0,0,32.1,
164.471,3534,1,deadband,-33.95,0.18,-0.5,0.3,-0.6,0.3,0.6,0.0,0.0,0.0,1,0,0,0,31.9,
164.515,3535,1,deadband,-33.95,0.18,-0.5,0.3,-0.5,0.3,0.5,0.0,0.0,0.0,1,0,0,0,32.2,
164.564,3536,1,deadband,-33.95,0.18,-0.5,0.3,-0.5,0.3,0.6,0.0,0.0,0.0,1,0,0,0,32.2,
164.606,3537,1,deadband,-33.95,0.18,-0.5,0.3,-0.5,0.3,0.6,0.0,0.0,0.0,1,0,0,0,32.0,
164.656,3538,1,deadband,-33.95,0.18,-0.4,0.4,-0.5,0.4,0.6,0.0,0.0,0.0,1,0,0,0,31.4,
164.699,3539,1,deadband,-33.95,0.18,-0.5,0.4,-0.5,0.4,0.6,0.0,0.0,0.0,1,0,0,0,31.7,
164.749,3540,1,deadband,-33.95,0.18,-0.5,0.3,-0.5,0.3,0.6,0.0,0.0,0.0,1,0,0,0,31.6,
164.793,3541,1,deadband,-33.95,0.18,-0.5,0.2,-0.5,0.3,0.5,0.0,0.0,0.0,1,0,0,0,32.4,
164.849,3542,1,deadband,-33.95,0.18,-0.5,0.3,-0.5,0.3,0.6,0.0,0.0,0.0,1,0,0,0,32.1,
164.893,3543,1,deadband,-33.95,0.18,-0.5,0.4,-0.5,0.4,0.6,0.0,0.0,0.0,1,0,0,0,31.9,
164.945,3544,1,deadband,-33.95,0.18,-0.5,0.3,-0.5,0.3,0.6,0.0,0.0,0.0,1,0,0,0,31.9,
164.988,3545,1,deadband,-33.95,0.18,-0.5,0.3,-0.5,0.3,0.6,0.0,0.0,0.0,1,0,0,0,30.8,
165.037,3546,1,deadband,-33.95,0.18,-0.5,0.3,-0.5,0.3,0.6,0.0,0.0,0.0,1,0,0,0,31.7,
165.081,3547,1,deadband,-33.95,0.18,-0.5,0.3,-0.5,0.3,0.6,0.0,0.0,0.0,1,0,0,0,32.2,
165.132,3548,1,deadband,-33.95,0.18,-0.5,0.3,-0.5,0.3,0.5,0.0,0.0,0.0,1,0,0,0,32.1,
165.173,3549,1,deadband,-33.95,0.18,-0.5,0.4,-0.5,0.3,0.6,0.0,0.0,0.0,1,0,0,0,32.0,
165.221,3550,1,deadband,-33.95,0.18,-0.5,0.2,-0.5,0.2,0.5,0.0,0.0,0.0,1,0,0,0,31.7,
165.272,3551,1,deadband,-33.95,0.18,-0.5,0.3,-0.5,0.3,0.6,0.0,0.0,0.0,1,0,0,0,32.0,
165.319,3552,1,deadband,-33.95,0.18,-0.4,0.3,-0.4,0.3,0.5,0.0,0.0,0.0,1,0,0,0,31.3,
165.364,3553,1,deadband,-33.95,0.18,-0.5,0.3,-0.5,0.3,0.5,0.0,0.0,0.0,1,0,0,0,31.8,
165.413,3554,1,deadband,-33.95,0.18,-0.5,0.2,-0.5,0.2,0.5,0.0,0.0,0.0,1,0,0,0,32.3,
165.457,3555,1,deadband,-33.95,0.18,-0.5,0.3,-0.5,0.3,0.6,0.0,0.0,0.0,1,0,0,0,31.7,
165.505,3556,1,deadband,-33.95,0.18,-0.5,0.3,-0.5,0.3,0.6,0.0,0.0,0.0,1,0,0,0,31.7,
165.549,3557,1,deadband,-33.95,0.18,-0.4,0.3,-0.4,0.3,0.5,0.0,0.0,0.0,1,0,0,0,32.8,
165.599,3558,1,deadband,-33.95,0.18,-0.5,0.2,-0.5,0.2,0.6,0.0,0.0,0.0,1,0,0,0,32.1,
165.642,3559,1,deadband,-33.95,0.18,-0.5,0.3,-0.5,0.3,0.6,0.0,0.0,0.0,1,0,0,0,31.3,
165.691,3560,1,deadband,-33.95,0.18,-0.5,0.3,-0.5,0.3,0.6,0.0,0.0,0.0,1,0,0,0,31.6,
165.744,3561,1,deadband,-33.95,0.18,-0.5,0.3,-0.5,0.3,0.6,0.0,0.0,0.0,1,0,0,0,32.1,
165.794,3562,1,deadband,-33.95,0.18,-0.5,0.3,-0.5,0.3,0.6,0.0,0.0,0.0,1,0,0,0,31.7,
165.840,3563,1,deadband,-33.95,0.18,-0.5,0.3,-0.5,0.3,0.6,0.0,0.0,0.0,1,0,0,0,31.5,
165.889,3564,1,deadband,-33.95,0.18,-0.5,0.3,-0.5,0.3,0.5,0.0,0.0,0.0,1,0,0,0,32.1,
165.933,3565,1,deadband,-33.95,0.18,-0.5,0.3,-0.5,0.3,0.5,0.0,0.0,0.0,1,0,0,0,32.7,
165.982,3566,1,deadband,-33.95,0.18,-0.5,0.2,-0.5,0.3,0.5,0.0,0.0,0.0,1,0,0,0,31.4,
166.023,3567,1,deadband,-33.95,0.18,-0.4,0.2,-0.4,0.2,0.5,0.0,0.0,0.0,1,0,0,0,32.0,
166.074,3568,1,deadband,-33.95,0.18,-0.5,0.2,-0.5,0.2,0.6,0.0,0.0,0.0,1,0,0,0,32.0,
166.117,3569,1,deadband,-33.95,0.18,-0.5,0.3,-0.5,0.3,0.6,0.0,0.0,0.0,1,0,0,0,31.9,
166.172,3570,1,deadband,-33.95,0.18,-0.5,0.2,-0.5,0.2,0.5,0.0,0.0,0.0,1,0,0,0,32.0,
166.217,3571,1,deadband,-33.95,0.18,-0.5,0.3,-0.5,0.3,0.6,0.0,0.0,0.0,1,0,0,0,31.7,
166.265,3572,1,deadband,-33.95,0.18,-0.5,0.2,-0.5,0.2,0.5,0.0,0.0,0.0,1,0,0,0,30.7,
166.308,3573,1,deadband,-33.95,0.18,-0.5,0.2,-0.5,0.2,0.6,0.0,0.0,0.0,1,0,0,0,32.1,
166.356,3574,1,deadband,-33.95,0.18,-0.5,0.2,-0.5,0.2,0.6,0.0,0.0,0.0,1,0,0,0,31.5,
166.398,3575,1,deadband,-33.95,0.18,-0.5,0.2,-0.5,0.2,0.6,0.0,0.0,0.0,1,0,0,0,32.1,
166.447,3576,1,deadband,-33.95,0.18,-0.5,0.3,-0.5,0.3,0.5,0.0,0.0,0.0,1,0,0,0,32.1,
166.490,3577,1,deadband,-33.95,0.18,-0.5,0.2,-0.5,0.2,0.6,0.0,0.0,0.0,1,0,0,0,31.6,
166.538,3578,1,deadband,-33.95,0.18,-0.6,0.2,-0.6,0.2,0.6,0.0,0.0,0.0,1,0,0,0,32.2,
166.582,3579,1,deadband,-33.95,0.18,-0.5,0.3,-0.5,0.2,0.6,0.0,0.0,0.0,1,0,0,0,32.6,
166.630,3580,1,deadband,-33.95,0.18,-0.5,0.2,-0.5,0.2,0.5,0.0,0.0,0.0,1,0,0,0,32.9,
166.673,3581,1,deadband,-33.95,0.18,-0.5,0.2,-0.5,0.2,0.5,0.0,0.0,0.0,1,0,0,0,31.6,
166.724,3582,1,deadband,-33.95,0.18,-0.5,0.2,-0.5,0.2,0.5,0.0,0.0,0.0,1,0,0,0,31.9,
166.774,3583,1,deadband,-33.95,0.18,-0.4,0.2,-0.4,0.2,0.5,0.0,0.0,0.0,1,0,0,0,32.7,
166.824,3584,1,deadband,-33.95,0.18,-0.5,0.2,-0.5,0.2,0.5,0.0,0.0,0.0,1,0,0,0,31.6,
166.868,3585,1,deadband,-33.95,0.18,-0.5,0.1,-0.5,0.1,0.5,0.0,0.0,0.0,1,0,0,0,32.0,
166.917,3586,1,deadband,-33.95,0.18,-0.5,0.3,-0.5,0.3,0.6,0.0,0.0,0.0,1,0,0,0,31.5,
166.961,3587,1,deadband,-33.95,0.18,-0.5,0.3,-0.5,0.3,0.5,0.0,0.0,0.0,1,0,0,0,32.1,
167.008,3588,1,deadband,-33.95,0.18,-0.5,0.2,-0.5,0.2,0.5,0.0,0.0,0.0,1,0,0,0,32.5,
167.052,3589,1,deadband,-33.95,0.18,-0.5,0.2,-0.5,0.2,0.5,0.0,0.0,0.0,1,0,0,0,32.5,
167.102,3590,1,deadband,-33.95,0.18,-0.5,0.2,-0.5,0.2,0.5,0.0,0.0,0.0,1,0,0,0,31.3,
167.147,3591,1,deadband,-33.95,0.18,-0.5,0.2,-0.5,0.2,0.5,0.0,0.0,0.0,1,0,0,0,31.9,
167.205,3592,1,deadband,-33.95,0.18,-0.5,0.3,-0.5,0.3,0.6,0.0,0.0,0.0,1,0,0,0,32.6,
167.248,3593,1,deadband,-33.95,0.18,-0.4,0.2,-0.4,0.2,0.5,0.0,0.0,0.0,1,0,0,0,32.2,
167.296,3594,1,deadband,-33.95,0.18,-0.5,0.2,-0.5,0.2,0.5,0.0,0.0,0.0,1,0,0,0,31.6,
167.339,3595,1,deadband,-33.95,0.18,-0.5,0.2,-0.5,0.2,0.5,0.0,0.0,0.0,1,0,0,0,31.9,
167.388,3596,1,deadband,-33.95,0.18,-0.5,0.2,-0.5,0.2,0.5,0.0,0.0,0.0,1,0,0,0,32.0,
167.431,3597,1,deadband,-33.95,0.18,-0.5,0.1,-0.5,0.2,0.5,0.0,0.0,0.0,1,0,0,0,31.4,
167.478,3598,1,deadband,-33.95,0.18,-0.5,0.2,-0.5,0.2,0.5,0.0,0.0,0.0,1,0,0,0,32.3,
167.520,3599,1,deadband,-33.95,0.18,-0.5,0.2,-0.5,0.2,0.5,0.0,0.0,0.0,1,0,0,0,31.9,
167.573,3600,1,deadband,-33.95,0.18,-0.5,0.2,-0.5,0.2,0.5,0.0,0.0,0.0,1,0,0,0,31.8,
167.619,3601,1,deadband,-33.95,0.18,-0.4,0.5,-0.4,0.4,0.6,0.0,0.0,0.0,1,0,0,0,31.0,
167.672,3602,0,tag_lost_countdown,-33.95,0.18,,,,,,,,,,,,,,0.0
167.713,3603,1,ibvs_active,-33.48,0.09,24.2,4.3,19.3,3.5,24.6,0.463,-0.084,0.0,0,0,0,1,24.3,
167.761,3604,1,ibvs_active,-33.12,0.18,17.3,-6.1,17.7,-4.2,18.3,0.362,0.086,0.0,0,0,0,1,30.2,
167.802,3605,0,tag_lost_countdown,-33.12,0.18,,,,,,,,,,,,,,0.0
167.849,3606,0,tag_lost_countdown,-33.12,0.18,,,,,,,,,,,,,,0.04
167.890,3607,0,tag_lost_countdown,-33.12,0.18,,,,,,,,,,,,,,0.09
167.933,3608,0,tag_lost_countdown,-33.12,0.18,,,,,,,,,,,,,,0.13
167.974,3609,1,ibvs_active,-35.12,0.63,-118.6,-10.4,-91.3,-9.1,119.0,-2.0,0.457,0.0,0,0,0,1,30.7,
168.021,3610,1,ibvs_active,-37.12,0.93,-117.8,-5.2,-112.5,-6.0,117.9,-2.0,0.298,0.0,0,0,0,1,31.0,
168.065,3611,1,ibvs_active,-39.12,1.24,-110.0,-6.1,-110.5,-6.1,110.2,-2.0,0.304,0.0,0,0,0,1,31.1,
168.112,3612,1,ibvs_active,-41.12,1.52,-109.8,-5.7,-110.0,-5.8,110.0,-2.0,0.288,0.0,0,0,0,1,23.2,
168.150,3613,0,tag_lost_countdown,-41.12,1.52,,,,,,,,,,,,,,0.0
168.194,3614,0,tag_lost_countdown,-41.12,1.52,,,,,,,,,,,,,,0.04
168.236,3615,1,ibvs_active,-43.12,1.36,-40.6,5.4,-54.4,3.2,40.9,-2.0,-0.16,0.0,0,0,0,1,32.0,
168.287,3616,1,ibvs_active,-45.12,1.09,-40.6,5.9,-43.4,5.4,41.0,-2.0,-0.27,0.0,0,0,0,1,32.5,
168.327,3617,1,ibvs_active,-47.12,0.8,-40.4,6.0,-41.0,5.9,40.8,-2.0,-0.295,0.0,0,0,0,1,24.3,
168.374,3618,1,ibvs_active,-48.18,0.53,-21.8,6.8,-25.6,6.6,22.8,-1.052,-0.271,0.0,0,0,0,1,29.6,
168.416,3619,0,tag_lost_countdown,-48.18,0.53,,,,,,,,,,,,,,0.0
168.461,3620,0,tag_lost_countdown,-48.18,0.53,,,,,,,,,,,,,,0.04
168.502,3621,1,ibvs_active,-47.79,0.51,29.3,-0.5,18.3,0.9,29.3,0.383,-0.019,0.0,0,0,0,1,32.6,
168.549,3622,1,ibvs_active,-46.52,0.51,30.5,-0.3,28.1,-0.0,30.5,1.272,0.001,0.0,0,0,0,1,32.5,
168.592,3623,1,ibvs_active,-44.98,0.53,31.4,-0.4,30.7,-0.4,31.4,1.537,0.018,0.0,0,0,0,1,32.2,
168.641,3624,1,ibvs_active,-43.42,0.55,31.4,-0.5,31.2,-0.5,31.4,1.562,0.023,0.0,0,0,0,1,32.7,
168.680,3625,1,ibvs_active,-42.16,0.59,27.2,-0.9,28.0,-0.8,27.2,1.261,0.036,0.0,0,0,0,1,33.7,
168.727,3626,0,tag_lost_countdown,-42.16,0.59,,,,,,,,,,,,,,0.0
168.767,3627,1,deadband,-42.16,0.59,-6.8,-0.4,0.2,-0.4,6.8,0.0,0.0,0.0,1,0,0,0,28.5,
168.813,3628,0,tag_lost_countdown,-42.16,0.59,,,,,,,,,,,,,,0.0
168.856,3629,1,ibvs_active,-42.77,0.6,-26.8,-0.6,-21.4,-0.5,26.8,-0.613,0.016,0.0,0,0,0,1,34.0,
168.906,3630,1,ibvs_active,-43.77,0.62,-26.7,-0.4,-25.6,-0.4,26.7,-1.001,0.016,0.0,0,0,0,1,33.6,
168.957,3631,1,ibvs_active,-44.86,0.63,-26.6,-0.3,-26.4,-0.4,26.6,-1.082,0.014,0.0,0,0,0,1,33.5,
169.005,3632,1,ibvs_active,-45.67,0.64,-23.1,-0.1,-23.7,-0.2,23.1,-0.816,0.005,0.0,0,0,0,1,33.0,
169.047,3633,1,ibvs_active,-46.43,0.64,-23.0,-0.1,-23.2,-0.1,23.0,-0.761,0.003,0.0,0,0,0,1,33.4,
169.096,3634,0,tag_lost_countdown,-46.43,0.64,,,,,,,,,,,,,,0.0
169.137,3635,1,deadband,-46.43,0.64,0.9,0.2,-3.9,0.1,0.9,0.0,0.0,0.0,1,0,0,0,32.0,
169.184,3636,1,ibvs_active,-46.39,0.64,15.4,0.1,11.5,0.1,15.4,0.044,-0.0,0.0,0,0,0,1,21.6,
169.226,3637,1,ibvs_active,-46.18,0.64,16.5,0.0,15.5,0.0,16.5,0.212,-0.0,0.0,0,0,0,1,33.4,
169.275,3638,1,ibvs_active,-45.92,0.64,16.5,0.0,16.3,0.0,16.5,0.258,-0.0,0.0,0,0,0,1,33.4,
169.318,3639,1,ibvs_active,-45.65,0.64,16.5,-0.1,16.5,-0.1,16.5,0.267,0.001,0.0,0,0,0,1,32.7,
169.369,3640,1,ibvs_active,-45.39,0.64,16.5,-0.1,16.5,-0.1,16.5,0.267,0.001,0.0,0,0,0,1,33.1,
169.412,3641,1,ibvs_active,-45.11,0.64,16.6,-0.1,16.5,-0.1,16.6,0.27,0.001,0.0,0,0,0,1,33.4,
169.459,3642,1,ibvs_active,-44.84,0.65,16.6,-0.1,16.6,-0.1,16.6,0.272,0.001,0.0,0,0,0,1,33.2,
169.501,3643,1,ibvs_active,-44.58,0.65,16.4,-0.1,16.5,-0.1,16.4,0.266,0.002,0.0,0,0,0,1,32.0,
169.547,3644,1,ibvs_active,-44.37,0.64,15.0,1.2,15.3,0.9,15.0,0.202,-0.012,0.0,0,0,0,1,29.8,
169.589,3645,1,ibvs_active,-44.36,0.64,9.4,-0.4,10.6,-0.1,9.4,0.016,0.0,0.0,0,0,0,1,32.6,
169.635,3646,1,deadband,-44.36,0.64,9.3,-0.4,9.6,-0.3,9.4,0.0,0.0,0.0,1,0,0,0,32.8,
169.678,3647,1,deadband,-44.36,0.64,7.5,0.4,7.9,0.3,7.5,0.0,0.0,0.0,1,0,0,0,33.0,
169.725,3648,1,deadband,-44.36,0.64,4.1,-0.2,4.9,-0.1,4.1,0.0,0.0,0.0,1,0,0,0,32.4,
169.766,3649,1,deadband,-44.36,0.64,4.2,-0.2,4.3,-0.2,4.2,0.0,0.0,0.0,1,0,0,0,33.5,
169.818,3650,1,deadband,-44.36,0.64,4.2,-0.1,4.2,-0.1,4.2,0.0,0.0,0.0,1,0,0,0,32.4,
169.858,3651,1,deadband,-44.36,0.64,4.1,-0.3,4.1,-0.2,4.1,0.0,0.0,0.0,1,0,0,0,33.1,
169.906,3652,1,deadband,-44.36,0.64,4.2,-0.2,4.2,-0.2,4.2,0.0,0.0,0.0,1,0,0,0,33.2,
169.947,3653,1,deadband,-44.36,0.64,4.1,-0.2,4.2,-0.2,4.2,0.0,0.0,0.0,1,0,0,0,33.6,
170.000,3654,1,deadband,-44.36,0.64,4.1,-0.2,4.2,-0.2,4.2,0.0,0.0,0.0,1,0,0,0,33.0,
170.041,3655,1,deadband,-44.36,0.64,4.1,-0.2,4.1,-0.2,4.1,0.0,0.0,0.0,1,0,0,0,33.1,
170.088,3656,1,deadband,-44.36,0.64,4.1,-0.2,4.1,-0.2,4.1,0.0,0.0,0.0,1,0,0,0,33.1,
170.129,3657,1,deadband,-44.36,0.64,4.2,-0.2,4.2,-0.2,4.2,0.0,0.0,0.0,1,0,0,0,34.5,
170.177,3658,1,deadband,-44.36,0.64,4.1,-0.2,4.1,-0.2,4.1,0.0,0.0,0.0,1,0,0,0,33.5,
170.220,3659,1,deadband,-44.36,0.64,4.1,-0.2,4.1,-0.2,4.1,0.0,0.0,0.0,1,0,0,0,33.7,
170.266,3660,1,deadband,-44.36,0.64,4.1,-0.1,4.1,-0.2,4.1,0.0,0.0,0.0,1,0,0,0,32.9,
170.308,3661,1,deadband,-44.36,0.64,4.1,-0.2,4.1,-0.2,4.1,0.0,0.0,0.0,1,0,0,0,32.5,
170.355,3662,1,deadband,-44.36,0.64,4.2,-0.1,4.2,-0.1,4.2,0.0,0.0,0.0,1,0,0,0,32.9,
170.397,3663,1,deadband,-44.36,0.64,4.2,-0.2,4.2,-0.2,4.2,0.0,0.0,0.0,1,0,0,0,32.7,
170.462,3664,1,deadband,-44.36,0.64,4.1,-0.2,4.1,-0.2,4.1,0.0,0.0,0.0,1,0,0,0,33.4,
170.514,3665,1,deadband,-44.36,0.64,4.2,-0.1,4.2,-0.1,4.2,0.0,0.0,0.0,1,0,0,0,33.5,
170.562,3666,1,deadband,-44.36,0.64,4.1,-0.2,4.1,-0.2,4.1,0.0,0.0,0.0,1,0,0,0,33.3,
170.603,3667,1,deadband,-44.36,0.64,4.1,-0.2,4.1,-0.2,4.2,0.0,0.0,0.0,1,0,0,0,33.4,
170.650,3668,1,deadband,-44.36,0.64,4.1,-0.2,4.1,-0.2,4.1,0.0,0.0,0.0,1,0,0,0,33.4,
170.691,3669,1,deadband,-44.36,0.64,4.2,-0.2,4.2,-0.2,4.2,0.0,0.0,0.0,1,0,0,0,33.2,
170.739,3670,1,deadband,-44.36,0.64,4.2,-0.2,4.2,-0.2,4.2,0.0,0.0,0.0,1,0,0,0,33.6,
170.782,3671,1,deadband,-44.36,0.64,4.1,-0.3,4.1,-0.3,4.1,0.0,0.0,0.0,1,0,0,0,32.8,
170.831,3672,1,deadband,-44.36,0.64,4.1,-0.3,4.1,-0.3,4.1,0.0,0.0,0.0,1,0,0,0,34.0,
170.872,3673,1,deadband,-44.36,0.64,4.1,-0.2,4.1,-0.2,4.1,0.0,0.0,0.0,1,0,0,0,33.4,
170.918,3674,1,deadband,-44.36,0.64,4.2,-0.3,4.1,-0.3,4.2,0.0,0.0,0.0,1,0,0,0,33.2,
170.959,3675,1,deadband,-44.36,0.64,4.1,-0.2,4.1,-0.2,4.1,0.0,0.0,0.0,1,0,0,0,33.4,
171.006,3676,1,deadband,-44.36,0.64,4.1,-0.2,4.1,-0.2,4.1,0.0,0.0,0.0,1,0,0,0,32.4,
171.048,3677,1,deadband,-44.36,0.64,4.1,-0.2,4.1,-0.2,4.1,0.0,0.0,0.0,1,0,0,0,33.6,
171.105,3678,1,deadband,-44.36,0.64,4.2,-0.2,4.2,-0.2,4.2,0.0,0.0,0.0,1,0,0,0,33.4,
171.146,3679,1,deadband,-44.36,0.64,4.2,-0.2,4.2,-0.2,4.2,0.0,0.0,0.0,1,0,0,0,33.4,
171.194,3680,1,deadband,-44.36,0.64,4.1,-0.2,4.1,-0.2,4.1,0.0,0.0,0.0,1,0,0,0,33.2,
171.233,3681,1,deadband,-44.36,0.64,4.1,-0.3,4.1,-0.2,4.1,0.0,0.0,0.0,1,0,0,0,33.4,
171.287,3682,1,deadband,-44.36,0.64,4.2,-0.3,4.2,-0.3,4.2,0.0,0.0,0.0,1,0,0,0,32.9,
171.328,3683,1,deadband,-44.36,0.64,3.9,-1.4,4.0,-1.1,4.2,0.0,0.0,0.0,1,0,0,0,26.6,
171.371,3684,0,tag_lost_countdown,-44.36,0.64,,,,,,,,,,,,,,0.0
171.412,3685,1,ibvs_active,-44.37,0.64,-14.1,-0.9,-10.5,-0.9,14.1,-0.013,0.001,0.0,0,0,0,1,33.1,
171.458,3686,1,ibvs_active,-44.61,0.66,-17.3,-1.5,-15.9,-1.4,17.4,-0.239,0.021,0.0,0,0,0,1,33.6,
171.499,3687,1,ibvs_active,-44.83,0.64,-15.4,1.8,-15.5,1.2,15.5,-0.215,-0.016,0.0,0,0,0,1,32.7,
171.546,3688,1,ibvs_active,-44.9,0.65,-11.3,-2.8,-12.2,-2.0,11.7,-0.071,0.012,0.0,0,0,0,1,36.4,
171.588,3689,1,deadband,-44.9,0.65,-2.7,1.5,-4.6,0.8,3.1,0.0,0.0,0.0,1,0,0,0,31.8,
171.632,3690,0,tag_lost_countdown,-44.9,0.65,,,,,,,,,,,,,,0.0
171.675,3691,1,ibvs_active,-43.91,0.63,33.0,0.5,25.5,0.6,33.0,0.99,-0.021,0.0,0,0,0,1,32.3,
171.721,3692,1,ibvs_active,-42.2,0.65,36.2,-0.6,34.1,-0.3,36.2,1.703,0.017,0.0,0,0,0,1,31.2,
171.761,3693,1,ibvs_active,-40.2,-0.06,52.4,17.9,48.7,14.2,55.3,2.0,-0.712,0.0,0,0,0,1,21.6,
171.806,3694,0,tag_lost_countdown,-40.2,-0.06,,,,,,,,,,,,,,0.0
171.844,3695,0,tag_lost_countdown,-40.2,-0.06,,,,,,,,,,,,,,0.04
171.895,3696,1,ibvs_active,-39.16,-0.23,20.1,1.6,25.8,4.2,20.2,1.043,-0.168,0.0,0,0,0,1,32.4,
171.937,3697,1,ibvs_active,-38.99,-0.25,11.7,1.3,14.5,1.9,11.8,0.169,-0.022,0.0,0,0,0,1,31.6,
171.986,3698,1,ibvs_active,-38.93,-0.26,11.4,0.9,12.1,1.1,11.5,0.064,-0.006,0.0,0,0,0,1,31.8,
172.028,3699,1,deadband,-38.93,-0.26,-1.4,-5.7,1.3,-4.4,5.9,0.0,0.0,0.0,1,0,0,0,31.6,
172.077,3700,1,deadband,-38.93,-0.26,-1.3,-5.3,-0.8,-5.2,5.5,0.0,0.0,0.0,1,0,0,0,33.1,
172.119,3701,1,deadband,-38.93,-0.26,-1.4,-5.6,-1.3,-5.5,5.8,0.0,0.0,0.0,1,0,0,0,32.0,
172.177,3702,1,deadband,-38.93,-0.26,-1.4,-5.5,-1.3,-5.5,5.7,0.0,0.0,0.0,1,0,0,0,32.0,
172.222,3703,1,deadband,-38.93,-0.26,-1.4,-5.5,-1.4,-5.5,5.7,0.0,0.0,0.0,1,0,0,0,32.6,
172.269,3704,1,deadband,-38.93,-0.26,-1.4,-5.5,-1.4,-5.5,5.7,0.0,0.0,0.0,1,0,0,0,32.1,
172.315,3705,1,deadband,-38.93,-0.26,-1.3,-5.5,-1.3,-5.5,5.6,0.0,0.0,0.0,1,0,0,0,32.4,
172.367,3706,1,deadband,-38.93,-0.26,-1.4,-5.6,-1.4,-5.6,5.7,0.0,0.0,0.0,1,0,0,0,32.1,
172.414,3707,1,deadband,-38.93,-0.26,-1.4,-5.5,-1.4,-5.5,5.7,0.0,0.0,0.0,1,0,0,0,32.5,
172.463,3708,1,deadband,-38.93,-0.26,-1.4,-5.5,-1.4,-5.5,5.7,0.0,0.0,0.0,1,0,0,0,32.7,
172.504,3709,1,deadband,-38.93,-0.26,-3.6,-3.6,-3.2,-4.0,5.1,0.0,0.0,0.0,1,0,0,0,22.4,
172.554,3710,1,deadband,-38.93,-0.26,-6.2,-7.2,-5.6,-6.6,9.5,0.0,0.0,0.0,1,0,0,0,32.6,
172.600,3711,1,deadband,-38.93,-0.26,-4.5,-7.6,-4.7,-7.4,8.8,0.0,0.0,0.0,1,0,0,0,31.4,
172.646,3712,1,deadband,-38.93,-0.26,0.1,-7.9,-0.8,-7.8,7.9,0.0,0.0,0.0,1,0,0,0,32.1,
172.688,3713,1,deadband,-38.93,-0.26,5.7,-2.8,4.4,-3.8,6.3,0.0,0.0,0.0,1,0,0,0,31.1,
172.733,3714,1,ibvs_active,-38.62,-0.13,19.4,-7.1,16.4,-6.4,20.6,0.311,0.123,0.0,0,0,0,1,32.2,
172.783,3715,1,ibvs_active,-37.79,0.05,25.3,-4.8,23.5,-5.1,25.7,0.827,0.18,0.0,0,0,0,1,31.0,
172.830,3716,1,ibvs_active,-36.02,0.32,38.4,-5.6,35.4,-5.5,38.8,1.772,0.275,0.0,0,0,0,1,31.3,
172.870,3717,0,tag_lost_countdown,-36.02,0.32,,,,,,,,,,,,,,0.0
172.917,3718,1,ibvs_active,-34.02,0.06,54.9,8.0,51.0,5.3,55.5,2.0,-0.263,0.0,0,0,0,1,25.7,
172.960,3719,1,ibvs_active,-33.26,0.15,16.1,-4.9,23.1,-2.8,16.8,0.763,0.094,0.0,0,0,0,1,25.3,
173.006,3720,1,ibvs_active,-32.95,0.2,15.5,-2.9,17.0,-2.9,15.8,0.31,0.052,0.0,0,0,0,1,30.0,
173.050,3721,1,deadband,-32.95,0.2,4.0,-6.2,6.6,-5.5,7.3,0.0,0.0,0.0,1,0,0,0,31.6,
173.096,3722,1,deadband,-32.95,0.2,-8.9,-4.2,-5.8,-4.5,9.9,0.0,0.0,0.0,1,0,0,0,28.5,
173.140,3723,1,ibvs_active,-33.18,0.27,-17.8,-4.7,-15.4,-4.7,18.5,-0.237,0.072,0.0,0,0,0,1,30.6,
173.192,3724,1,ibvs_active,-33.54,0.38,-17.9,-5.4,-17.4,-5.3,18.7,-0.356,0.108,0.0,0,0,0,1,32.3,
173.236,3725,1,ibvs_active,-33.91,0.49,-17.7,-5.0,-17.6,-5.1,18.4,-0.367,0.106,0.0,0,0,0,1,30.7,
173.288,3726,1,ibvs_active,-34.29,0.6,-17.8,-5.3,-17.8,-5.3,18.6,-0.379,0.113,0.0,0,0,0,1,31.6,
173.334,3727,1,ibvs_active,-34.65,0.71,-17.5,-5.4,-17.5,-5.3,18.3,-0.366,0.111,0.0,0,0,0,1,31.5,
173.383,3728,1,ibvs_active,-34.88,0.79,-14.6,-4.9,-15.2,-5.0,15.4,-0.226,0.074,0.0,0,0,0,1,31.3,
173.429,3729,1,ibvs_active,-35.06,0.78,-14.8,2.2,-14.8,0.7,14.9,-0.181,-0.009,0.0,0,0,0,1,30.8,
173.479,3730,1,ibvs_active,-35.08,0.77,-9.5,2.1,-10.6,1.9,9.7,-0.019,-0.003,0.0,0,0,0,1,25.2,
173.521,3731,1,deadband,-35.08,0.77,-2.0,1.7,-3.7,1.7,2.6,0.0,0.0,0.0,1,0,0,0,30.9,
173.569,3732,1,deadband,-35.08,0.77,-11.2,2.2,-9.7,2.1,11.4,0.0,0.0,0.0,1,0,0,0,30.8,
173.612,3733,1,ibvs_active,-35.1,0.77,-10.4,4.0,-10.3,3.6,11.2,-0.023,-0.008,0.0,0,0,0,1,30.5,
173.657,3734,1,ibvs_active,-35.15,0.76,-11.6,2.2,-11.4,2.5,11.8,-0.046,-0.01,0.0,0,0,0,1,30.6,
173.698,3735,1,deadband,-35.15,0.76,-9.4,0.1,-9.8,0.6,9.4,0.0,0.0,0.0,1,0,0,0,24.7,
173.745,3736,1,ibvs_active,-35.27,0.63,-10.8,12.8,-10.6,10.3,16.7,-0.127,-0.124,0.0,0,0,0,1,31.2,
173.784,3737,0,tag_lost_countdown,-35.27,0.63,,,,,,,,,,,,,,0.0
173.830,3738,0,tag_lost_countdown,-35.27,0.63,,,,,,,,,,,,,,0.04
173.873,3739,0,tag_lost_countdown,-35.27,0.63,,,,,,,,,,,,,,0.09
173.954,3740,0,tag_lost_countdown,-35.27,0.63,,,,,,,,,,,,,,0.16
173.998,3741,1,ibvs_active,-33.37,-0.2,50.4,18.1,38.2,16.6,53.5,1.908,-0.828,0.0,0,0,0,1,27.5,
174.043,3742,1,ibvs_active,-31.37,-0.88,50.4,13.0,47.9,13.7,52.0,2.0,-0.684,0.0,0,0,0,1,27.7,
174.088,3743,1,ibvs_active,-29.37,-1.33,46.9,7.9,47.1,9.1,47.5,2.0,-0.453,0.0,0,0,0,1,29.7,
174.163,3744,0,tag_lost_countdown,-29.37,-1.33,,,,,,,,,,,,,,0.0
174.232,3745,0,tag_lost_countdown,-29.37,-1.33,,,,,,,,,,,,,,0.1
174.280,3746,1,deadband,-29.37,-1.33,-8.7,-11.5,2.5,-7.4,14.4,0.0,0.0,0.0,1,0,0,0,29.2,
174.326,3747,1,ibvs_active,-29.41,-1.27,-9.0,-11.3,-6.7,-10.5,14.5,-0.042,0.066,0.0,0,0,0,1,29.4,
174.375,3748,1,ibvs_active,-29.49,-1.15,-8.9,-11.5,-8.5,-11.3,14.5,-0.087,0.117,0.0,0,0,0,1,30.5,
174.458,3749,1,ibvs_active,-29.59,-1.02,-9.0,-11.5,-8.9,-11.4,14.6,-0.099,0.128,0.0,0,0,0,1,31.3,
174.522,3750,1,ibvs_active,-29.7,-0.89,-8.9,-11.5,-8.9,-11.5,14.6,-0.101,0.131,0.0,0,0,0,1,30.8,
174.569,3751,1,ibvs_active,-29.8,-0.76,-8.9,-11.4,-8.9,-11.5,14.5,-0.101,0.129,0.0,0,0,0,1,30.1,
174.620,3752,1,ibvs_active,-29.9,-0.63,-9.0,-11.5,-9.0,-11.5,14.6,-0.102,0.131,0.0,0,0,0,1,30.8,
174.667,3753,1,ibvs_active,-30.0,-0.5,-9.0,-11.5,-9.0,-11.5,14.6,-0.102,0.131,0.0,0,0,0,1,31.2,
174.739,3754,1,ibvs_active,-30.1,-0.37,-9.0,-11.5,-9.0,-11.5,14.6,-0.102,0.13,0.0,0,0,0,1,30.9,
174.793,3755,1,deadband,-30.1,-0.37,-8.7,-7.9,-8.7,-8.6,11.7,0.0,0.0,0.0,1,0,0,0,30.1,
174.844,3756,1,deadband,-30.1,-0.37,-7.8,-7.6,-8.0,-7.8,10.9,0.0,0.0,0.0,1,0,0,0,30.9,
174.889,3757,1,deadband,-30.1,-0.37,-7.7,-7.8,-7.8,-7.8,10.9,0.0,0.0,0.0,1,0,0,0,30.7,
174.938,3758,1,deadband,-30.1,-0.37,-7.8,-7.7,-7.8,-7.7,11.0,0.0,0.0,0.0,1,0,0,0,30.7,
174.996,3759,1,deadband,-30.1,-0.37,-7.8,-7.6,-7.8,-7.6,10.9,0.0,0.0,0.0,1,0,0,0,29.8,
175.070,3760,1,deadband,-30.1,-0.37,-7.7,-7.7,-7.8,-7.7,10.9,0.0,0.0,0.0,1,0,0,0,30.2,
175.115,3761,1,deadband,-30.1,-0.37,-7.8,-7.7,-7.8,-7.7,11.0,0.0,0.0,0.0,1,0,0,0,31.8,
175.166,3762,1,deadband,-30.1,-0.37,-7.7,-7.7,-7.8,-7.7,10.9,0.0,0.0,0.0,1,0,0,0,30.8,
175.211,3763,1,deadband,-30.1,-0.37,-7.8,-7.6,-7.8,-7.6,10.9,0.0,0.0,0.0,1,0,0,0,30.4,
175.278,3764,1,deadband,-30.1,-0.37,-7.8,-7.7,-7.8,-7.7,10.9,0.0,0.0,0.0,1,0,0,0,30.9,
175.348,3765,1,deadband,-30.1,-0.37,-7.8,-7.7,-7.8,-7.7,10.9,0.0,0.0,0.0,1,0,0,0,29.7,
175.399,3766,1,deadband,-30.1,-0.37,-7.7,-7.7,-7.7,-7.7,10.9,0.0,0.0,0.0,1,0,0,0,30.6,
175.441,3767,1,deadband,-30.1,-0.37,-7.7,-7.6,-7.7,-7.6,10.9,0.0,0.0,0.0,1,0,0,0,30.9,
175.490,3768,1,deadband,-30.1,-0.37,-7.8,-7.7,-7.8,-7.7,10.9,0.0,0.0,0.0,1,0,0,0,30.6,
175.562,3769,1,deadband,-30.1,-0.37,-7.8,-7.7,-7.8,-7.7,11.0,0.0,0.0,0.0,1,0,0,0,30.6,
175.634,3770,1,deadband,-30.1,-0.37,-7.7,-7.8,-7.7,-7.8,11.0,0.0,0.0,0.0,1,0,0,0,30.1,
175.680,3771,1,deadband,-30.1,-0.37,-7.8,-7.7,-7.8,-7.7,11.0,0.0,0.0,0.0,1,0,0,0,31.0,
175.730,3772,1,deadband,-30.1,-0.37,-7.8,-7.6,-7.8,-7.6,10.9,0.0,0.0,0.0,1,0,0,0,31.3,
175.774,3773,1,deadband,-30.1,-0.37,-7.8,-7.7,-7.8,-7.7,10.9,0.0,0.0,0.0,1,0,0,0,30.6,
175.855,3774,1,deadband,-30.1,-0.37,-7.8,-7.6,-7.8,-7.6,10.9,0.0,0.0,0.0,1,0,0,0,30.2,
175.910,3775,1,deadband,-30.1,-0.37,-7.8,-7.7,-7.8,-7.7,10.9,0.0,0.0,0.0,1,0,0,0,30.1,
175.960,3776,1,deadband,-30.1,-0.37,-7.7,-7.8,-7.7,-7.7,11.0,0.0,0.0,0.0,1,0,0,0,31.0,
176.002,3777,1,deadband,-30.1,-0.37,-8.1,-8.7,-8.1,-8.5,11.9,0.0,0.0,0.0,1,0,0,0,25.3,
176.049,3778,1,deadband,-30.1,-0.37,-8.6,-7.9,-8.5,-8.0,11.6,0.0,0.0,0.0,1,0,0,0,30.6,
176.091,3779,1,ibvs_active,-30.23,-0.27,-12.2,-9.1,-11.4,-8.9,15.2,-0.128,0.1,0.0,0,0,0,1,31.2,
176.139,3780,1,ibvs_active,-30.41,-0.15,-13.2,-8.7,-12.8,-8.7,15.8,-0.176,0.12,0.0,0,0,0,1,31.8,
176.183,3781,1,ibvs_active,-30.57,-0.03,-12.0,-9.4,-12.1,-9.3,15.2,-0.16,0.122,0.0,0,0,0,1,32.4,
176.228,3782,1,deadband,-30.57,-0.03,-7.7,-9.5,-8.6,-9.4,12.2,0.0,0.0,0.0,1,0,0,0,29.2,
176.272,3783,1,ibvs_active,-30.59,0.02,-5.2,-10.5,-5.9,-10.3,11.7,-0.027,0.048,0.0,0,0,0,1,31.6,
176.321,3784,1,deadband,-30.59,0.02,-2.7,-7.7,-3.3,-8.2,8.1,0.0,0.0,0.0,1,0,0,0,20.7,
176.363,3785,1,deadband,-30.59,0.02,11.7,-0.9,8.7,-2.3,11.8,0.0,0.0,0.0,1,0,0,0,31.0,
176.410,3786,1,deadband,-30.59,0.02,10.0,-4.4,9.7,-4.0,10.9,0.0,0.0,0.0,1,0,0,0,31.1,
176.455,3787,1,deadband,-30.59,0.02,4.7,-6.7,5.7,-6.2,8.2,0.0,0.0,0.0,1,0,0,0,30.5,
176.513,3788,1,deadband,-30.59,0.02,5.6,-4.6,5.6,-4.9,7.3,0.0,0.0,0.0,1,0,0,0,29.8,
176.556,3789,1,deadband,-30.59,0.02,5.4,-4.4,5.5,-4.5,7.0,0.0,0.0,0.0,1,0,0,0,29.8,
176.605,3790,1,deadband,-30.59,0.02,5.5,-4.7,5.5,-4.7,7.2,0.0,0.0,0.0,1,0,0,0,30.7,
176.648,3791,1,deadband,-30.59,0.02,5.5,-4.4,5.5,-4.5,7.0,0.0,0.0,0.0,1,0,0,0,30.4,
176.695,3792,1,deadband,-30.59,0.02,5.5,-4.5,5.5,-4.5,7.1,0.0,0.0,0.0,1,0,0,0,29.7,
176.738,3793,1,deadband,-30.59,0.02,5.5,-4.6,5.5,-4.6,7.2,0.0,0.0,0.0,1,0,0,0,30.1,
176.787,3794,1,deadband,-30.59,0.02,5.5,-4.6,5.5,-4.6,7.2,0.0,0.0,0.0,1,0,0,0,29.4,
176.830,3795,1,deadband,-30.59,0.02,5.5,-4.6,5.5,-4.6,7.1,0.0,0.0,0.0,1,0,0,0,29.7,
176.879,3796,1,deadband,-30.59,0.02,5.4,-4.6,5.5,-4.6,7.1,0.0,0.0,0.0,1,0,0,0,30.7,
176.921,3797,1,deadband,-30.59,0.02,5.5,-4.6,5.5,-4.6,7.1,0.0,0.0,0.0,1,0,0,0,29.1,
176.971,3798,1,deadband,-30.59,0.02,5.4,-4.6,5.5,-4.6,7.1,0.0,0.0,0.0,1,0,0,0,29.5,
177.015,3799,1,deadband,-30.59,0.02,5.5,-4.6,5.5,-4.6,7.1,0.0,0.0,0.0,1,0,0,0,29.3,
177.063,3800,1,deadband,-30.59,0.02,5.5,-4.6,5.5,-4.6,7.2,0.0,0.0,0.0,1,0,0,0,29.2,
177.106,3801,1,deadband,-30.59,0.02,5.5,-4.6,5.5,-4.6,7.2,0.0,0.0,0.0,1,0,0,0,29.9,
177.162,3802,1,deadband,-30.59,0.02,5.5,-4.6,5.5,-4.6,7.2,0.0,0.0,0.0,1,0,0,0,29.4,
177.206,3803,1,deadband,-30.59,0.02,5.5,-4.6,5.5,-4.6,7.2,0.0,0.0,0.0,1,0,0,0,30.0,
177.254,3804,1,deadband,-30.59,0.02,5.5,-4.6,5.5,-4.6,7.2,0.0,0.0,0.0,1,0,0,0,29.8,
177.301,3805,1,deadband,-30.59,0.02,5.5,-4.6,5.5,-4.6,7.2,0.0,0.0,0.0,1,0,0,0,30.5,
177.350,3806,1,deadband,-30.59,0.02,5.5,-4.6,5.5,-4.6,7.2,0.0,0.0,0.0,1,0,0,0,29.4,
177.397,3807,1,deadband,-30.59,0.02,5.5,-4.6,5.5,-4.6,7.2,0.0,0.0,0.0,1,0,0,0,30.0,
177.445,3808,1,deadband,-30.59,0.02,5.5,-4.6,5.5,-4.6,7.2,0.0,0.0,0.0,1,0,0,0,30.4,
177.488,3809,1,deadband,-30.59,0.02,5.5,-4.6,5.5,-4.6,7.2,0.0,0.0,0.0,1,0,0,0,30.2,
177.536,3810,1,deadband,-30.59,0.02,5.5,-4.6,5.5,-4.6,7.1,0.0,0.0,0.0,1,0,0,0,29.5,
177.580,3811,1,deadband,-30.59,0.02,5.5,-4.6,5.5,-4.6,7.2,0.0,0.0,0.0,1,0,0,0,29.8,
177.638,3812,1,deadband,-30.59,0.02,5.5,-4.6,5.5,-4.6,7.2,0.0,0.0,0.0,1,0,0,0,30.6,
177.683,3813,1,deadband,-30.59,0.02,5.5,-4.7,5.5,-4.6,7.2,0.0,0.0,0.0,1,0,0,0,30.2,
177.733,3814,1,ibvs_active,-30.49,0.04,14.9,-1.6,13.0,-2.2,14.9,0.103,0.017,0.0,0,0,0,1,27.8,
177.773,3815,0,tag_lost_countdown,-30.49,0.04,,,,,,,,,,,,,,0.0
177.819,3816,0,tag_lost_countdown,-30.49,0.04,,,,,,,,,,,,,,0.04
177.860,3817,0,tag_lost_countdown,-30.49,0.04,,,,,,,,,,,,,,0.09
177.904,3818,0,tag_lost_countdown,-30.49,0.04,,,,,,,,,,,,,,0.13
177.943,3819,0,tag_lost_countdown,-30.49,0.04,,,,,,,,,,,,,,0.17
177.990,3820,0,tag_lost_countdown,-30.49,0.04,,,,,,,,,,,,,,0.21
178.032,3821,0,tag_lost_countdown,-30.49,0.04,,,,,,,,,,,,,,0.26
178.079,3822,0,tag_lost_countdown,-30.49,0.04,,,,,,,,,,,,,,0.3
178.123,3823,0,tag_lost_countdown,-30.49,0.04,,,,,,,,,,,,,,0.35
178.171,3824,0,tag_lost_countdown,-30.49,0.04,,,,,,,,,,,,,,0.39
178.209,3825,0,tag_lost_countdown,-30.49,0.04,,,,,,,,,,,,,,0.44
178.258,3826,0,tag_lost_countdown,-30.49,0.04,,,,,,,,,,,,,,0.48
178.300,3827,0,tag_lost_countdown,-30.49,0.04,,,,,,,,,,,,,,0.52
178.353,3828,0,tag_lost_countdown,-30.49,0.04,,,,,,,,,,,,,,0.57
178.394,3829,0,tag_lost_countdown,-30.49,0.04,,,,,,,,,,,,,,0.62
178.440,3830,0,tag_lost_countdown,-30.49,0.04,,,,,,,,,,,,,,0.66
178.483,3831,0,tag_lost_countdown,-30.49,0.04,,,,,,,,,,,,,,0.71
178.532,3832,0,tag_lost_countdown,-30.49,0.04,,,,,,,,,,,,,,0.75
178.574,3833,0,tag_lost_countdown,-30.49,0.04,,,,,,,,,,,,,,0.8
178.620,3834,0,tag_lost_countdown,-30.49,0.04,,,,,,,,,,,,,,0.84
178.660,3835,0,tag_lost_countdown,-30.49,0.04,,,,,,,,,,,,,,0.89
178.706,3836,0,tag_lost_countdown,-30.49,0.04,,,,,,,,,,,,,,0.93
178.754,3837,0,tag_lost_countdown,-30.49,0.04,,,,,,,,,,,,,,0.97
178.804,3838,0,tag_lost_countdown,-30.49,0.04,,,,,,,,,,,,,,1.02
178.848,3839,0,tag_lost_countdown,-30.49,0.04,,,,,,,,,,,,,,1.07
178.897,3840,0,tag_lost_countdown,-30.49,0.04,,,,,,,,,,,,,,1.11
178.942,3841,0,tag_lost_countdown,-30.49,0.04,,,,,,,,,,,,,,1.16
178.992,3842,0,tag_lost_countdown,-30.49,0.04,,,,,,,,,,,,,,1.21
179.036,3843,0,tag_lost_countdown,-30.49,0.04,,,,,,,,,,,,,,1.26
179.089,3844,0,tag_lost_countdown,-30.49,0.04,,,,,,,,,,,,,,1.3
179.129,3845,0,tag_lost_countdown,-30.49,0.04,,,,,,,,,,,,,,1.35
179.180,3846,0,tag_lost_countdown,-30.49,0.04,,,,,,,,,,,,,,1.4
179.222,3847,0,tag_lost_countdown,-30.49,0.04,,,,,,,,,,,,,,1.45
179.270,3848,0,tag_lost_countdown,-30.49,0.04,,,,,,,,,,,,,,1.49
179.312,3849,0,tag_lost_countdown,-30.49,0.04,,,,,,,,,,,,,,1.54
179.360,3850,0,tag_lost_countdown,-30.49,0.04,,,,,,,,,,,,,,1.58
179.397,3851,0,tag_lost_countdown,-30.49,0.04,,,,,,,,,,,,,,1.63
179.444,3852,0,tag_lost_countdown,-30.49,0.04,,,,,,,,,,,,,,1.66
179.483,3853,0,tag_lost_countdown,-30.49,0.04,,,,,,,,,,,,,,1.71
179.530,3854,0,tag_lost_countdown,-30.49,0.04,,,,,,,,,,,,,,1.75
179.573,3855,0,tag_lost_countdown,-30.49,0.04,,,,,,,,,,,,,,1.8
179.620,3856,0,tag_lost_countdown,-30.49,0.04,,,,,,,,,,,,,,1.84
179.660,3857,0,tag_lost_countdown,-30.49,0.04,,,,,,,,,,,,,,1.89
179.704,3858,0,tag_lost_countdown,-30.49,0.04,,,,,,,,,,,,,,1.93
179.745,3859,0,tag_lost_countdown,-30.49,0.04,,,,,,,,,,,,,,1.97
179.794,3860,0,tag_lost_countdown,-30.49,0.04,,,,,,,,,,,,,,2.01
179.837,3861,0,tag_lost_countdown,-30.49,0.04,,,,,,,,,,,,,,2.06
179.886,3862,0,tag_lost_countdown,-30.49,0.04,,,,,,,,,,,,,,2.1
179.926,3863,0,tag_lost_countdown,-30.49,0.04,,,,,,,,,,,,,,2.15
179.979,3864,0,tag_lost_countdown,-30.49,0.04,,,,,,,,,,,,,,2.2
180.017,3865,0,tag_lost_countdown,-30.49,0.04,,,,,,,,,,,,,,2.25
180.060,3866,0,tag_lost_countdown,-30.49,0.04,,,,,,,,,,,,,,2.28
180.101,3867,0,tag_lost_countdown,-30.49,0.04,,,,,,,,,,,,,,2.33
180.170,3868,0,tag_lost_countdown,-30.49,0.04,,,,,,,,,,,,,,2.37
180.252,3869,0,tag_lost_countdown,-30.49,0.04,,,,,,,,,,,,,,2.48
180.296,3870,0,tag_lost_countdown,-30.49,0.04,,,,,,,,,,,,,,2.52
180.334,3871,0,tag_lost_countdown,-30.49,0.04,,,,,,,,,,,,,,2.56
180.377,3872,0,tag_lost_countdown,-30.49,0.04,,,,,,,,,,,,,,2.6
180.418,3873,0,tag_lost_countdown,-30.49,0.04,,,,,,,,,,,,,,2.64
180.464,3874,0,tag_lost_countdown,-30.49,0.04,,,,,,,,,,,,,,2.69
180.506,3875,0,tag_lost_countdown,-30.49,0.04,,,,,,,,,,,,,,2.73
180.550,3876,0,tag_lost_countdown,-30.49,0.04,,,,,,,,,,,,,,2.77
180.593,3877,0,tag_lost_countdown,-30.49,0.04,,,,,,,,,,,,,,2.82
180.645,3878,0,tag_lost_countdown,-30.49,0.04,,,,,,,,,,,,,,2.86
180.685,3879,0,tag_lost_countdown,-30.49,0.04,,,,,,,,,,,,,,2.91
180.731,3880,0,tag_lost_countdown,-30.49,0.04,,,,,,,,,,,,,,2.95
180.768,3881,0,tag_lost_countdown,-30.49,0.04,,,,,,,,,,,,,,3.0
180.809,3882,0,tag_lost_countdown,-30.49,0.04,,,,,,,,,,,,,,3.04
180.846,3883,0,tag_lost_countdown,-30.49,0.04,,,,,,,,,,,,,,3.08
180.885,3884,0,tag_lost_countdown,-30.49,0.04,,,,,,,,,,,,,,3.11
180.917,3885,0,tag_lost_countdown,-30.49,0.04,,,,,,,,,,,,,,3.15
180.940,3886,0,tag_lost_countdown,-30.49,0.04,,,,,,,,,,,,,,3.18
180.956,3887,0,tag_lost_countdown,-30.49,0.04,,,,,,,,,,,,,,3.21
181.002,3888,0,tag_lost_countdown,-30.49,0.04,,,,,,,,,,,,,,3.24
181.048,3889,0,tag_lost_countdown,-30.49,0.04,,,,,,,,,,,,,,3.27
181.102,3890,0,tag_lost_countdown,-30.49,0.04,,,,,,,,,,,,,,3.32
181.139,3891,0,tag_lost_countdown,-30.49,0.04,,,,,,,,,,,,,,3.37
181.184,3892,0,tag_lost_countdown,-30.49,0.04,,,,,,,,,,,,,,3.41
181.221,3893,0,tag_lost_countdown,-30.49,0.04,,,,,,,,,,,,,,3.45
181.265,3894,0,tag_lost_countdown,-30.49,0.04,,,,,,,,,,,,,,3.49
181.311,3895,0,tag_lost_countdown,-30.49,0.04,,,,,,,,,,,,,,3.54
181.354,3896,0,tag_lost_countdown,-30.49,0.04,,,,,,,,,,,,,,3.58
181.393,3897,0,tag_lost_countdown,-30.49,0.04,,,,,,,,,,,,,,3.62
181.438,3898,0,tag_lost_countdown,-30.49,0.04,,,,,,,,,,,,,,3.66
181.477,3899,0,tag_lost_countdown,-30.49,0.04,,,,,,,,,,,,,,3.7
181.526,3900,0,tag_lost_countdown,-30.49,0.04,,,,,,,,,,,,,,3.75
181.566,3901,0,tag_lost_countdown,-30.49,0.04,,,,,,,,,,,,,,3.79
181.610,3902,0,tag_lost_countdown,-30.49,0.04,,,,,,,,,,,,,,3.83
181.646,3903,0,tag_lost_countdown,-30.49,0.04,,,,,,,,,,,,,,3.88
181.689,3904,0,tag_lost_countdown,-30.49,0.04,,,,,,,,,,,,,,3.91
181.734,3905,0,tag_lost_countdown,-30.49,0.04,,,,,,,,,,,,,,3.96
181.779,3906,0,tag_lost_countdown,-30.49,0.04,,,,,,,,,,,,,,4.0
181.820,3907,0,tag_lost_countdown,-30.49,0.04,,,,,,,,,,,,,,4.05
181.868,3908,0,tag_lost_countdown,-30.49,0.04,,,,,,,,,,,,,,4.09
181.909,3909,0,tag_lost_countdown,-30.49,0.04,,,,,,,,,,,,,,4.14
181.966,3910,0,tag_lost_countdown,-30.49,0.04,,,,,,,,,,,,,,4.19
182.009,3911,0,tag_lost_countdown,-30.49,0.04,,,,,,,,,,,,,,4.23
182.058,3912,0,tag_lost_countdown,-30.49,0.04,,,,,,,,,,,,,,4.27
182.104,3913,0,tag_lost_countdown,-30.49,0.04,,,,,,,,,,,,,,4.33
182.151,3914,0,tag_lost_countdown,-30.49,0.04,,,,,,,,,,,,,,4.37
182.197,3915,0,tag_lost_countdown,-30.49,0.04,,,,,,,,,,,,,,4.42
182.244,3916,0,tag_lost_countdown,-30.49,0.04,,,,,,,,,,,,,,4.46
182.289,3917,0,tag_lost_countdown,-30.49,0.04,,,,,,,,,,,,,,4.51
182.352,3918,0,tag_lost_countdown,-30.49,0.04,,,,,,,,,,,,,,4.56
182.396,3919,0,tag_lost_countdown,-30.49,0.04,,,,,,,,,,,,,,4.62
182.445,3920,0,tag_lost_countdown,-30.49,0.04,,,,,,,,,,,,,,4.66
182.487,3921,0,tag_lost_countdown,-30.49,0.04,,,,,,,,,,,,,,4.71
182.536,3922,0,tag_lost_countdown,-30.49,0.04,,,,,,,,,,,,,,4.75
182.582,3923,0,tag_lost_countdown,-30.49,0.04,,,,,,,,,,,,,,4.8
182.625,3924,0,tag_lost_countdown,-30.49,0.04,,,,,,,,,,,,,,4.85
182.666,3925,0,tag_lost_countdown,-30.49,0.04,,,,,,,,,,,,,,4.89
182.710,3926,0,tag_lost_countdown,-30.49,0.04,,,,,,,,,,,,,,4.93
182.746,3927,0,tag_lost_countdown,-30.49,0.04,,,,,,,,,,,,,,4.98
182.794,3928,0,chasing,0.0,0.0,,,,,,,,,,,,,,
182.832,3929,0,tag_lost_countdown,0.0,0.0,,,,,,,,,,,,,,0.0
182.874,3930,0,tag_lost_countdown,0.0,0.0,,,,,,,,,,,,,,0.04
182.919,3931,0,tag_lost_countdown,0.0,0.0,,,,,,,,,,,,,,0.08
182.974,3932,0,tag_lost_countdown,0.0,0.0,,,,,,,,,,,,,,0.13
183.019,3933,0,tag_lost_countdown,0.0,0.0,,,,,,,,,,,,,,0.18
183.070,3934,0,tag_lost_countdown,0.0,0.0,,,,,,,,,,,,,,0.23
183.112,3935,0,tag_lost_countdown,0.0,0.0,,,,,,,,,,,,,,0.28
183.164,3936,0,tag_lost_countdown,0.0,0.0,,,,,,,,,,,,,,0.32
183.212,3937,0,tag_lost_countdown,0.0,0.0,,,,,,,,,,,,,,0.37
183.264,3938,0,tag_lost_countdown,0.0,0.0,,,,,,,,,,,,,,0.42
183.309,3939,0,tag_lost_countdown,0.0,0.0,,,,,,,,,,,,,,0.47
183.359,3940,0,tag_lost_countdown,0.0,0.0,,,,,,,,,,,,,,0.52
183.405,3941,0,tag_lost_countdown,0.0,0.0,,,,,,,,,,,,,,0.57
183.457,3942,0,tag_lost_countdown,0.0,0.0,,,,,,,,,,,,,,0.61
183.501,3943,0,tag_lost_countdown,0.0,0.0,,,,,,,,,,,,,,0.66
183.550,3944,0,tag_lost_countdown,0.0,0.0,,,,,,,,,,,,,,0.71
183.593,3945,0,tag_lost_countdown,0.0,0.0,,,,,,,,,,,,,,0.76
183.648,3946,0,tag_lost_countdown,0.0,0.0,,,,,,,,,,,,,,0.8
183.695,3947,0,tag_lost_countdown,0.0,0.0,,,,,,,,,,,,,,0.85
183.745,3948,0,tag_lost_countdown,0.0,0.0,,,,,,,,,,,,,,0.9
183.791,3949,0,tag_lost_countdown,0.0,0.0,,,,,,,,,,,,,,0.95
183.845,3950,0,tag_lost_countdown,0.0,0.0,,,,,,,,,,,,,,1.0
183.900,3951,0,tag_lost_countdown,0.0,0.0,,,,,,,,,,,,,,1.06
183.952,3952,0,tag_lost_countdown,0.0,0.0,,,,,,,,,,,,,,1.11
183.999,3953,0,tag_lost_countdown,0.0,0.0,,,,,,,,,,,,,,1.16
184.051,3954,0,tag_lost_countdown,0.0,0.0,,,,,,,,,,,,,,1.21
184.099,3955,0,tag_lost_countdown,0.0,0.0,,,,,,,,,,,,,,1.26
184.150,3956,0,tag_lost_countdown,0.0,0.0,,,,,,,,,,,,,,1.3
184.193,3957,0,tag_lost_countdown,0.0,0.0,,,,,,,,,,,,,,1.36
184.239,3958,0,tag_lost_countdown,0.0,0.0,,,,,,,,,,,,,,1.4
184.286,3959,0,tag_lost_countdown,0.0,0.0,,,,,,,,,,,,,,1.44
184.347,3960,0,tag_lost_countdown,0.0,0.0,,,,,,,,,,,,,,1.5
184.391,3961,0,tag_lost_countdown,0.0,0.0,,,,,,,,,,,,,,1.55
184.434,3962,0,tag_lost_countdown,0.0,0.0,,,,,,,,,,,,,,1.6
184.477,3963,0,tag_lost_countdown,0.0,0.0,,,,,,,,,,,,,,1.64
184.549,3964,0,tag_lost_countdown,0.0,0.0,,,,,,,,,,,,,,1.68
184.590,3965,0,tag_lost_countdown,0.0,0.0,,,,,,,,,,,,,,1.75
184.635,3966,0,tag_lost_countdown,0.0,0.0,,,,,,,,,,,,,,1.8
184.676,3967,0,tag_lost_countdown,0.0,0.0,,,,,,,,,,,,,,1.84
184.725,3968,0,tag_lost_countdown,0.0,0.0,,,,,,,,,,,,,,1.88
184.767,3969,0,tag_lost_countdown,0.0,0.0,,,,,,,,,,,,,,1.93
184.817,3970,0,tag_lost_countdown,0.0,0.0,,,,,,,,,,,,,,1.98
184.860,3971,0,tag_lost_countdown,0.0,0.0,,,,,,,,,,,,,,2.02
184.909,3972,0,tag_lost_countdown,0.0,0.0,,,,,,,,,,,,,,2.07
184.954,3973,0,tag_lost_countdown,0.0,0.0,,,,,,,,,,,,,,2.11
185.004,3974,0,tag_lost_countdown,0.0,0.0,,,,,,,,,,,,,,2.16
185.047,3975,0,tag_lost_countdown,0.0,0.0,,,,,,,,,,,,,,2.21
185.099,3976,0,tag_lost_countdown,0.0,0.0,,,,,,,,,,,,,,2.25
185.143,3977,0,tag_lost_countdown,0.0,0.0,,,,,,,,,,,,,,2.31
185.199,3978,0,tag_lost_countdown,0.0,0.0,,,,,,,,,,,,,,2.35
185.246,3979,0,tag_lost_countdown,0.0,0.0,,,,,,,,,,,,,,2.4
185.297,3980,0,tag_lost_countdown,0.0,0.0,,,,,,,,,,,,,,2.45
185.347,3981,0,tag_lost_countdown,0.0,0.0,,,,,,,,,,,,,,2.5
185.395,3982,0,tag_lost_countdown,0.0,0.0,,,,,,,,,,,,,,2.55
185.449,3983,0,tag_lost_countdown,0.0,0.0,,,,,,,,,,,,,,2.6
185.502,3984,0,tag_lost_countdown,0.0,0.0,,,,,,,,,,,,,,2.66
185.551,3985,0,tag_lost_countdown,0.0,0.0,,,,,,,,,,,,,,2.71
185.606,3986,0,tag_lost_countdown,0.0,0.0,,,,,,,,,,,,,,2.76
185.656,3987,0,tag_lost_countdown,0.0,0.0,,,,,,,,,,,,,,2.82
185.706,3988,0,tag_lost_countdown,0.0,0.0,,,,,,,,,,,,,,2.86
185.752,3989,0,tag_lost_countdown,0.0,0.0,,,,,,,,,,,,,,2.91
185.800,3990,0,tag_lost_countdown,0.0,0.0,,,,,,,,,,,,,,2.96
185.843,3991,0,tag_lost_countdown,0.0,0.0,,,,,,,,,,,,,,3.01
185.896,3992,0,tag_lost_countdown,0.0,0.0,,,,,,,,,,,,,,3.05
185.941,3993,0,tag_lost_countdown,0.0,0.0,,,,,,,,,,,,,,3.1
185.992,3994,0,tag_lost_countdown,0.0,0.0,,,,,,,,,,,,,,3.15
186.044,3995,0,tag_lost_countdown,0.0,0.0,,,,,,,,,,,,,,3.2
186.093,3996,0,tag_lost_countdown,0.0,0.0,,,,,,,,,,,,,,3.25
186.139,3997,0,tag_lost_countdown,0.0,0.0,,,,,,,,,,,,,,3.3
186.190,3998,0,tag_lost_countdown,0.0,0.0,,,,,,,,,,,,,,3.35
186.236,3999,0,tag_lost_countdown,0.0,0.0,,,,,,,,,,,,,,3.4
186.286,4000,0,tag_lost_countdown,0.0,0.0,,,,,,,,,,,,,,3.44
186.332,4001,0,tag_lost_countdown,0.0,0.0,,,,,,,,,,,,,,3.49
186.384,4002,0,tag_lost_countdown,0.0,0.0,,,,,,,,,,,,,,3.54
186.428,4003,0,tag_lost_countdown,0.0,0.0,,,,,,,,,,,,,,3.59
186.480,4004,0,tag_lost_countdown,0.0,0.0,,,,,,,,,,,,,,3.63
186.519,4005,0,tag_lost_countdown,0.0,0.0,,,,,,,,,,,,,,3.69
186.562,4006,0,tag_lost_countdown,0.0,0.0,,,,,,,,,,,,,,3.73
186.601,4007,0,tag_lost_countdown,0.0,0.0,,,,,,,,,,,,,,3.77
186.644,4008,0,tag_lost_countdown,0.0,0.0,,,,,,,,,,,,,,3.81
186.685,4009,0,tag_lost_countdown,0.0,0.0,,,,,,,,,,,,,,3.85
186.727,4010,0,tag_lost_countdown,0.0,0.0,,,,,,,,,,,,,,3.89
186.765,4011,0,tag_lost_countdown,0.0,0.0,,,,,,,,,,,,,,3.93
186.814,4012,0,tag_lost_countdown,0.0,0.0,,,,,,,,,,,,,,3.97
186.856,4013,0,tag_lost_countdown,0.0,0.0,,,,,,,,,,,,,,4.02
186.907,4014,0,tag_lost_countdown,0.0,0.0,,,,,,,,,,,,,,4.06
186.947,4015,0,tag_lost_countdown,0.0,0.0,,,,,,,,,,,,,,4.11
186.992,4016,0,tag_lost_countdown,0.0,0.0,,,,,,,,,,,,,,4.15
187.029,4017,0,tag_lost_countdown,0.0,0.0,,,,,,,,,,,,,,4.2
187.074,4018,0,tag_lost_countdown,0.0,0.0,,,,,,,,,,,,,,4.24
187.113,4019,0,tag_lost_countdown,0.0,0.0,,,,,,,,,,,,,,4.28
187.159,4020,0,tag_lost_countdown,0.0,0.0,,,,,,,,,,,,,,4.32
187.197,4021,0,tag_lost_countdown,0.0,0.0,,,,,,,,,,,,,,4.37
187.247,4022,0,tag_lost_countdown,0.0,0.0,,,,,,,,,,,,,,4.4
187.286,4023,0,tag_lost_countdown,0.0,0.0,,,,,,,,,,,,,,4.45
187.335,4024,0,tag_lost_countdown,0.0,0.0,,,,,,,,,,,,,,4.49
187.374,4025,0,tag_lost_countdown,0.0,0.0,,,,,,,,,,,,,,4.54
187.422,4026,0,tag_lost_countdown,0.0,0.0,,,,,,,,,,,,,,4.58
187.465,4027,0,tag_lost_countdown,0.0,0.0,,,,,,,,,,,,,,4.63
187.511,4028,0,tag_lost_countdown,0.0,0.0,,,,,,,,,,,,,,4.67
187.553,4029,0,tag_lost_countdown,0.0,0.0,,,,,,,,,,,,,,4.72
187.600,4030,0,tag_lost_countdown,0.0,0.0,,,,,,,,,,,,,,4.76
187.642,4031,0,tag_lost_countdown,0.0,0.0,,,,,,,,,,,,,,4.81
187.688,4032,0,tag_lost_countdown,0.0,0.0,,,,,,,,,,,,,,4.85
187.732,4033,0,tag_lost_countdown,0.0,0.0,,,,,,,,,,,,,,4.89
187.780,4034,0,tag_lost_countdown,0.0,0.0,,,,,,,,,,,,,,4.94
187.825,4035,0,tag_lost_countdown,0.0,0.0,,,,,,,,,,,,,,4.99
187.874,4036,0,chasing,0.0,0.0,,,,,,,,,,,,,,
187.919,4037,0,tag_lost_countdown,0.0,0.0,,,,,,,,,,,,,,0.0
187.971,4038,0,tag_lost_countdown,0.0,0.0,,,,,,,,,,,,,,0.05
188.012,4039,0,tag_lost_countdown,0.0,0.0,,,,,,,,,,,,,,0.1
188.057,4040,0,tag_lost_countdown,0.0,0.0,,,,,,,,,,,,,,0.14
188.097,4041,0,tag_lost_countdown,0.0,0.0,,,,,,,,,,,,,,0.18
188.144,4042,0,tag_lost_countdown,0.0,0.0,,,,,,,,,,,,,,0.22
188.185,4043,0,tag_lost_countdown,0.0,0.0,,,,,,,,,,,,,,0.27
188.231,4044,0,tag_lost_countdown,0.0,0.0,,,,,,,,,,,,,,0.31
188.271,4045,0,tag_lost_countdown,0.0,0.0,,,,,,,,,,,,,,0.36
188.317,4046,0,tag_lost_countdown,0.0,0.0,,,,,,,,,,,,,,0.4
188.359,4047,0,tag_lost_countdown,0.0,0.0,,,,,,,,,,,,,,0.44
188.406,4048,0,tag_lost_countdown,0.0,0.0,,,,,,,,,,,,,,0.49
188.447,4049,0,tag_lost_countdown,0.0,0.0,,,,,,,,,,,,,,0.53
188.489,4050,0,tag_lost_countdown,0.0,0.0,,,,,,,,,,,,,,0.57
188.530,4051,0,tag_lost_countdown,0.0,0.0,,,,,,,,,,,,,,0.62
188.576,4052,0,tag_lost_countdown,0.0,0.0,,,,,,,,,,,,,,0.66
188.617,4053,0,tag_lost_countdown,0.0,0.0,,,,,,,,,,,,,,0.7
188.697,4054,0,tag_lost_countdown,0.0,0.0,,,,,,,,,,,,,,0.78
188.739,4055,0,tag_lost_countdown,0.0,0.0,,,,,,,,,,,,,,0.82
188.789,4056,0,tag_lost_countdown,0.0,0.0,,,,,,,,,,,,,,0.87
188.830,4057,0,tag_lost_countdown,0.0,0.0,,,,,,,,,,,,,,0.91
188.879,4058,0,tag_lost_countdown,0.0,0.0,,,,,,,,,,,,,,0.96
188.975,4059,0,tag_lost_countdown,0.0,0.0,,,,,,,,,,,,,,1.05
189.022,4060,0,tag_lost_countdown,0.0,0.0,,,,,,,,,,,,,,1.1
189.064,4061,0,tag_lost_countdown,0.0,0.0,,,,,,,,,,,,,,1.15
189.114,4062,0,tag_lost_countdown,0.0,0.0,,,,,,,,,,,,,,1.19
189.156,4063,0,tag_lost_countdown,0.0,0.0,,,,,,,,,,,,,,1.24
189.220,4064,0,tag_lost_countdown,0.0,0.0,,,,,,,,,,,,,,1.3
189.261,4065,0,tag_lost_countdown,0.0,0.0,,,,,,,,,,,,,,1.35
189.310,4066,0,tag_lost_countdown,0.0,0.0,,,,,,,,,,,,,,1.39
189.350,4067,0,tag_lost_countdown,0.0,0.0,,,,,,,,,,,,,,1.44
189.394,4068,0,tag_lost_countdown,0.0,0.0,,,,,,,,,,,,,,1.48
189.436,4069,0,tag_lost_countdown,0.0,0.0,,,,,,,,,,,,,,1.52
189.484,4070,0,tag_lost_countdown,0.0,0.0,,,,,,,,,,,,,,1.56
189.526,4071,0,tag_lost_countdown,0.0,0.0,,,,,,,,,,,,,,1.61
189.574,4072,0,tag_lost_countdown,0.0,0.0,,,,,,,,,,,,,,1.65
189.616,4073,0,tag_lost_countdown,0.0,0.0,,,,,,,,,,,,,,1.7
189.665,4074,0,tag_lost_countdown,0.0,0.0,,,,,,,,,,,,,,1.74
189.704,4075,0,tag_lost_countdown,0.0,0.0,,,,,,,,,,,,,,1.79
189.748,4076,0,tag_lost_countdown,0.0,0.0,,,,,,,,,,,,,,1.83
189.787,4077,0,tag_lost_countdown,0.0,0.0,,,,,,,,,,,,,,1.87
189.837,4078,0,tag_lost_countdown,0.0,0.0,,,,,,,,,,,,,,1.92
189.879,4079,0,tag_lost_countdown,0.0,0.0,,,,,,,,,,,,,,1.96
189.925,4080,0,tag_lost_countdown,0.0,0.0,,,,,,,,,,,,,,2.01
189.966,4081,0,tag_lost_countdown,0.0,0.0,,,,,,,,,,,,,,2.05
190.014,4082,0,tag_lost_countdown,0.0,0.0,,,,,,,,,,,,,,2.09
190.054,4083,0,tag_lost_countdown,0.0,0.0,,,,,,,,,,,,,,2.14
190.098,4084,0,tag_lost_countdown,0.0,0.0,,,,,,,,,,,,,,2.18
190.139,4085,0,tag_lost_countdown,0.0,0.0,,,,,,,,,,,,,,2.22
190.185,4086,0,tag_lost_countdown,0.0,0.0,,,,,,,,,,,,,,2.27
190.226,4087,0,tag_lost_countdown,0.0,0.0,,,,,,,,,,,,,,2.31
190.273,4088,0,tag_lost_countdown,0.0,0.0,,,,,,,,,,,,,,2.35
190.314,4089,0,tag_lost_countdown,0.0,0.0,,,,,,,,,,,,,,2.4
190.361,4090,0,tag_lost_countdown,0.0,0.0,,,,,,,,,,,,,,2.44
190.401,4091,0,tag_lost_countdown,0.0,0.0,,,,,,,,,,,,,,2.49
190.447,4092,0,tag_lost_countdown,0.0,0.0,,,,,,,,,,,,,,2.53
190.486,4093,0,tag_lost_countdown,0.0,0.0,,,,,,,,,,,,,,2.57
190.532,4094,0,tag_lost_countdown,0.0,0.0,,,,,,,,,,,,,,2.61
190.573,4095,0,tag_lost_countdown,0.0,0.0,,,,,,,,,,,,,,2.66
190.621,4096,0,tag_lost_countdown,0.0,0.0,,,,,,,,,,,,,,2.7
190.659,4097,0,tag_lost_countdown,0.0,0.0,,,,,,,,,,,,,,2.75
190.705,4098,0,tag_lost_countdown,0.0,0.0,,,,,,,,,,,,,,2.79
190.746,4099,0,tag_lost_countdown,0.0,0.0,,,,,,,,,,,,,,2.83
190.794,4100,0,tag_lost_countdown,0.0,0.0,,,,,,,,,,,,,,2.87
190.835,4101,0,tag_lost_countdown,0.0,0.0,,,,,,,,,,,,,,2.92
190.882,4102,0,tag_lost_countdown,0.0,0.0,,,,,,,,,,,,,,2.96
190.923,4103,0,tag_lost_countdown,0.0,0.0,,,,,,,,,,,,,,3.01
190.969,4104,0,tag_lost_countdown,0.0,0.0,,,,,,,,,,,,,,3.05
191.008,4105,0,tag_lost_countdown,0.0,0.0,,,,,,,,,,,,,,3.1
191.054,4106,0,tag_lost_countdown,0.0,0.0,,,,,,,,,,,,,,3.13
191.099,4107,0,tag_lost_countdown,0.0,0.0,,,,,,,,,,,,,,3.18
191.145,4108,0,tag_lost_countdown,0.0,0.0,,,,,,,,,,,,,,3.23
191.186,4109,0,tag_lost_countdown,0.0,0.0,,,,,,,,,,,,,,3.27
191.230,4110,0,tag_lost_countdown,0.0,0.0,,,,,,,,,,,,,,3.31
191.276,4111,0,tag_lost_countdown,0.0,0.0,,,,,,,,,,,,,,3.36
191.322,4112,0,tag_lost_countdown,0.0,0.0,,,,,,,,,,,,,,3.4
191.362,4113,0,tag_lost_countdown,0.0,0.0,,,,,,,,,,,,,,3.45
191.409,4114,0,tag_lost_countdown,0.0,0.0,,,,,,,,,,,,,,3.49
191.447,4115,0,tag_lost_countdown,0.0,0.0,,,,,,,,,,,,,,3.54
191.493,4116,0,tag_lost_countdown,0.0,0.0,,,,,,,,,,,,,,3.57
191.534,4117,0,tag_lost_countdown,0.0,0.0,,,,,,,,,,,,,,3.62
191.579,4118,0,tag_lost_countdown,0.0,0.0,,,,,,,,,,,,,,3.66
191.620,4119,0,tag_lost_countdown,0.0,0.0,,,,,,,,,,,,,,3.7
191.668,4120,0,tag_lost_countdown,0.0,0.0,,,,,,,,,,,,,,3.75
191.707,4121,0,tag_lost_countdown,0.0,0.0,,,,,,,,,,,,,,3.79
191.754,4122,0,tag_lost_countdown,0.0,0.0,,,,,,,,,,,,,,3.83
191.796,4123,0,tag_lost_countdown,0.0,0.0,,,,,,,,,,,,,,3.88
191.850,4124,0,tag_lost_countdown,0.0,0.0,,,,,,,,,,,,,,3.92
191.891,4125,0,tag_lost_countdown,0.0,0.0,,,,,,,,,,,,,,3.98
191.942,4126,0,tag_lost_countdown,0.0,0.0,,,,,,,,,,,,,,4.02
191.983,4127,0,tag_lost_countdown,0.0,0.0,,,,,,,,,,,,,,4.07
192.028,4128,0,tag_lost_countdown,0.0,0.0,,,,,,,,,,,,,,4.11
192.068,4129,0,tag_lost_countdown,0.0,0.0,,,,,,,,,,,,,,4.16
192.116,4130,0,tag_lost_countdown,0.0,0.0,,,,,,,,,,,,,,4.19
192.157,4131,0,tag_lost_countdown,0.0,0.0,,,,,,,,,,,,,,4.24
192.203,4132,0,tag_lost_countdown,0.0,0.0,,,,,,,,,,,,,,4.28
192.241,4133,0,tag_lost_countdown,0.0,0.0,,,,,,,,,,,,,,4.33
192.286,4134,0,tag_lost_countdown,0.0,0.0,,,,,,,,,,,,,,4.37
192.325,4135,0,tag_lost_countdown,0.0,0.0,,,,,,,,,,,,,,4.41
192.369,4136,0,tag_lost_countdown,0.0,0.0,,,,,,,,,,,,,,4.45
192.406,4137,0,tag_lost_countdown,0.0,0.0,,,,,,,,,,,,,,4.5
192.450,4138,0,tag_lost_countdown,0.0,0.0,,,,,,,,,,,,,,4.53
192.489,4139,0,tag_lost_countdown,0.0,0.0,,,,,,,,,,,,,,4.58
192.536,4140,0,tag_lost_countdown,0.0,0.0,,,,,,,,,,,,,,4.62
192.576,4141,0,tag_lost_countdown,0.0,0.0,,,,,,,,,,,,,,4.66
192.620,4142,0,tag_lost_countdown,0.0,0.0,,,,,,,,,,,,,,4.7
192.659,4143,0,tag_lost_countdown,0.0,0.0,,,,,,,,,,,,,,4.75
192.705,4144,0,tag_lost_countdown,0.0,0.0,,,,,,,,,,,,,,4.79
192.746,4145,0,tag_lost_countdown,0.0,0.0,,,,,,,,,,,,,,4.83
192.791,4146,0,tag_lost_countdown,0.0,0.0,,,,,,,,,,,,,,4.87
192.828,4147,0,tag_lost_countdown,0.0,0.0,,,,,,,,,,,,,,4.92
192.871,4148,0,tag_lost_countdown,0.0,0.0,,,,,,,,,,,,,,4.96
192.906,4149,0,tag_lost_countdown,0.0,0.0,,,,,,,,,,,,,,5.0
192.948,4150,0,chasing,0.0,0.0,,,,,,,,,,,,,,
193.014,4151,0,tag_lost_countdown,0.0,0.0,,,,,,,,,,,,,,0.0
193.056,4152,0,tag_lost_countdown,0.0,0.0,,,,,,,,,,,,,,0.06
193.092,4153,0,tag_lost_countdown,0.0,0.0,,,,,,,,,,,,,,0.1
193.134,4154,0,tag_lost_countdown,0.0,0.0,,,,,,,,,,,,,,0.14
193.170,4155,0,tag_lost_countdown,0.0,0.0,,,,,,,,,,,,,,0.18
193.212,4156,0,tag_lost_countdown,0.0,0.0,,,,,,,,,,,,,,0.22
193.254,4157,0,tag_lost_countdown,0.0,0.0,,,,,,,,,,,,,,0.26
193.297,4158,0,tag_lost_countdown,0.0,0.0,,,,,,,,,,,,,,0.3
193.335,4159,0,tag_lost_countdown,0.0,0.0,,,,,,,,,,,,,,0.34
193.379,4160,0,tag_lost_countdown,0.0,0.0,,,,,,,,,,,,,,0.38
193.417,4161,0,tag_lost_countdown,0.0,0.0,,,,,,,,,,,,,,0.42
193.461,4162,0,tag_lost_countdown,0.0,0.0,,,,,,,,,,,,,,0.46
193.503,4163,0,tag_lost_countdown,0.0,0.0,,,,,,,,,,,,,,0.51
193.546,4164,0,tag_lost_countdown,0.0,0.0,,,,,,,,,,,,,,0.55
193.584,4165,0,tag_lost_countdown,0.0,0.0,,,,,,,,,,,,,,0.59
193.627,4166,0,tag_lost_countdown,0.0,0.0,,,,,,,,,,,,,,0.63
193.666,4167,0,tag_lost_countdown,0.0,0.0,,,,,,,,,,,,,,0.67
193.712,4168,0,tag_lost_countdown,0.0,0.0,,,,,,,,,,,,,,0.71
193.752,4169,0,tag_lost_countdown,0.0,0.0,,,,,,,,,,,,,,0.76
193.796,4170,0,tag_lost_countdown,0.0,0.0,,,,,,,,,,,,,,0.8
193.837,4171,0,tag_lost_countdown,0.0,0.0,,,,,,,,,,,,,,0.84
193.884,4172,0,tag_lost_countdown,0.0,0.0,,,,,,,,,,,,,,0.88
193.923,4173,0,tag_lost_countdown,0.0,0.0,,,,,,,,,,,,,,0.93
193.969,4174,0,tag_lost_countdown,0.0,0.0,,,,,,,,,,,,,,0.97
194.008,4175,0,tag_lost_countdown,0.0,0.0,,,,,,,,,,,,,,1.01
194.054,4176,0,tag_lost_countdown,0.0,0.0,,,,,,,,,,,,,,1.05
194.097,4177,0,tag_lost_countdown,0.0,0.0,,,,,,,,,,,,,,1.1
194.142,4178,0,tag_lost_countdown,0.0,0.0,,,,,,,,,,,,,,1.14
194.180,4179,0,tag_lost_countdown,0.0,0.0,,,,,,,,,,,,,,1.19
194.229,4180,0,tag_lost_countdown,0.0,0.0,,,,,,,,,,,,,,1.23
194.266,4181,0,tag_lost_countdown,0.0,0.0,,,,,,,,,,,,,,1.27
194.315,4182,0,tag_lost_countdown,0.0,0.0,,,,,,,,,,,,,,1.32
194.354,4183,0,tag_lost_countdown,0.0,0.0,,,,,,,,,,,,,,1.36
194.395,4184,0,tag_lost_countdown,0.0,0.0,,,,,,,,,,,,,,1.4
194.430,4185,0,tag_lost_countdown,0.0,0.0,,,,,,,,,,,,,,1.44
194.471,4186,0,tag_lost_countdown,0.0,0.0,,,,,,,,,,,,,,1.48
194.505,4187,0,tag_lost_countdown,0.0,0.0,,,,,,,,,,,,,,1.52
194.545,4188,0,tag_lost_countdown,0.0,0.0,,,,,,,,,,,,,,1.55
194.581,4189,0,tag_lost_countdown,0.0,0.0,,,,,,,,,,,,,,1.59
194.621,4190,0,tag_lost_countdown,0.0,0.0,,,,,,,,,,,,,,1.63
194.655,4191,0,tag_lost_countdown,0.0,0.0,,,,,,,,,,,,,,1.67
194.699,4192,0,tag_lost_countdown,0.0,0.0,,,,,,,,,,,,,,1.7
194.733,4193,0,tag_lost_countdown,0.0,0.0,,,,,,,,,,,,,,1.74
194.770,4194,0,tag_lost_countdown,0.0,0.0,,,,,,,,,,,,,,1.78
194.804,4195,0,tag_lost_countdown,0.0,0.0,,,,,,,,,,,,,,1.82
194.841,4196,0,tag_lost_countdown,0.0,0.0,,,,,,,,,,,,,,1.85
194.872,4197,0,tag_lost_countdown,0.0,0.0,,,,,,,,,,,,,,1.89
194.913,4198,0,tag_lost_countdown,0.0,0.0,,,,,,,,,,,,,,1.92
194.943,4199,0,tag_lost_countdown,0.0,0.0,,,,,,,,,,,,,,1.96
194.977,4200,0,tag_lost_countdown,0.0,0.0,,,,,,,,,,,,,,1.99
195.005,4201,0,tag_lost_countdown,0.0,0.0,,,,,,,,,,,,,,2.02
195.038,4202,0,tag_lost_countdown,0.0,0.0,,,,,,,,,,,,,,2.05
195.066,4203,0,tag_lost_countdown,0.0,0.0,,,,,,,,,,,,,,2.08
195.098,4204,0,tag_lost_countdown,0.0,0.0,,,,,,,,,,,,,,2.11
195.129,4205,0,tag_lost_countdown,0.0,0.0,,,,,,,,,,,,,,2.14
195.162,4206,0,tag_lost_countdown,0.0,0.0,,,,,,,,,,,,,,2.18
195.188,4207,0,tag_lost_countdown,0.0,0.0,,,,,,,,,,,,,,2.21
195.225,4208,0,tag_lost_countdown,0.0,0.0,,,,,,,,,,,,,,2.24
195.254,4209,0,tag_lost_countdown,0.0,0.0,,,,,,,,,,,,,,2.27
195.292,4210,0,tag_lost_countdown,0.0,0.0,,,,,,,,,,,,,,2.31
195.320,4211,0,tag_lost_countdown,0.0,0.0,,,,,,,,,,,,,,2.34
195.378,4212,0,tag_lost_countdown,0.0,0.0,,,,,,,,,,,,,,2.37
195.430,4213,0,tag_lost_countdown,0.0,0.0,,,,,,,,,,,,,,2.45
195.463,4214,0,tag_lost_countdown,0.0,0.0,,,,,,,,,,,,,,2.48
195.490,4215,0,tag_lost_countdown,0.0,0.0,,,,,,,,,,,,,,2.51
195.530,4216,0,tag_lost_countdown,0.0,0.0,,,,,,,,,,,,,,2.54
195.561,4217,0,tag_lost_countdown,0.0,0.0,,,,,,,,,,,,,,2.58
195.601,4218,0,tag_lost_countdown,0.0,0.0,,,,,,,,,,,,,,2.61
195.636,4219,0,tag_lost_countdown,0.0,0.0,,,,,,,,,,,,,,2.65
195.678,4220,0,tag_lost_countdown,0.0,0.0,,,,,,,,,,,,,,2.68
195.713,4221,0,tag_lost_countdown,0.0,0.0,,,,,,,,,,,,,,2.72
195.756,4222,0,tag_lost_countdown,0.0,0.0,,,,,,,,,,,,,,2.76
195.790,4223,0,tag_lost_countdown,0.0,0.0,,,,,,,,,,,,,,2.8
195.839,4224,0,tag_lost_countdown,0.0,0.0,,,,,,,,,,,,,,2.84
195.876,4225,0,tag_lost_countdown,0.0,0.0,,,,,,,,,,,,,,2.88
195.920,4226,0,tag_lost_countdown,0.0,0.0,,,,,,,,,,,,,,2.92
195.959,4227,0,tag_lost_countdown,0.0,0.0,,,,,,,,,,,,,,2.97
196.004,4228,0,tag_lost_countdown,0.0,0.0,,,,,,,,,,,,,,3.01
196.041,4229,0,tag_lost_countdown,0.0,0.0,,,,,,,,,,,,,,3.05
196.089,4230,0,tag_lost_countdown,0.0,0.0,,,,,,,,,,,,,,3.09
196.121,4231,0,tag_lost_countdown,0.0,0.0,,,,,,,,,,,,,,3.14
196.158,4232,0,tag_lost_countdown,0.0,0.0,,,,,,,,,,,,,,3.17
196.172,4233,0,tag_lost_countdown,0.0,0.0,,,,,,,,,,,,,,3.2
196.192,4234,0,tag_lost_countdown,0.0,0.0,,,,,,,,,,,,,,3.22
196.213,4235,0,tag_lost_countdown,0.0,0.0,,,,,,,,,,,,,,3.24
196.274,4236,0,tag_lost_countdown,0.0,0.0,,,,,,,,,,,,,,3.27
196.330,4237,0,tag_lost_countdown,0.0,0.0,,,,,,,,,,,,,,3.34
196.375,4238,0,tag_lost_countdown,0.0,0.0,,,,,,,,,,,,,,3.38
196.418,4239,1,ibvs_active,0.23,1.55,5.6,-38.7,4.5,-31.0,39.1,0.226,1.549,0.0,0,0,0,1,30.0,
196.468,4240,1,ibvs_active,0.52,3.39,6.1,-38.2,5.8,-36.7,38.6,0.289,1.836,0.0,0,0,0,1,40.2,
196.518,4241,1,ibvs_active,0.82,5.29,6.1,-38.3,6.0,-38.0,38.8,0.302,1.9,0.0,0,0,0,1,39.1,
196.563,4242,1,ibvs_active,1.05,6.48,5.0,-24.4,5.2,-27.1,24.9,0.23,1.191,0.0,0,0,0,1,29.0,
196.604,4243,1,ibvs_active,1.08,6.58,3.2,-9.2,3.6,-12.8,9.7,0.029,0.105,0.0,0,0,0,1,35.1,
196.649,4244,1,deadband,1.08,6.58,3.1,12.0,3.2,7.0,12.4,0.0,0.0,0.0,1,0,0,0,28.5,
196.685,4245,0,tag_lost_countdown,1.08,6.58,,,,,,,,,,,,,,0.0
196.737,4246,1,ibvs_active,1.15,6.06,2.7,23.5,2.8,20.2,23.7,0.072,-0.527,0.0,0,0,0,1,33.0,
196.779,4247,1,ibvs_active,1.24,5.34,2.8,23.2,2.8,22.6,23.3,0.088,-0.719,0.0,0,0,0,1,31.5,
196.828,4248,1,ibvs_active,1.33,4.57,2.7,23.3,2.7,23.1,23.4,0.091,-0.769,0.0,0,0,0,1,30.5,
196.871,4249,1,ibvs_active,1.42,3.79,2.8,23.3,2.8,23.2,23.4,0.094,-0.779,0.0,0,0,0,1,30.3,
196.915,4250,1,ibvs_active,1.58,2.5,3.7,29.3,3.5,28.1,29.5,0.162,-1.285,0.0,0,0,0,1,24.4,
196.953,4251,0,tag_lost_countdown,1.58,2.5,,,,,,,,,,,,,,0.0
196.995,4252,0,tag_lost_countdown,1.58,2.5,,,,,,,,,,,,,,0.04
197.033,4253,0,tag_lost_countdown,1.58,2.5,,,,,,,,,,,,,,0.08
197.078,4254,1,deadband,1.58,2.5,-1.5,4.3,-0.5,9.1,4.6,0.0,0.0,0.0,1,0,0,0,29.1,
197.117,4255,0,tag_lost_countdown,1.58,2.5,,,,,,,,,,,,,,0.0
197.160,4256,0,tag_lost_countdown,1.58,2.5,,,,,,,,,,,,,,0.04
197.202,4257,1,ibvs_active,1.52,2.36,-6.7,14.3,-5.5,13.3,15.8,-0.059,-0.143,0.0,0,0,0,1,32.2,
197.249,4258,0,tag_lost_countdown,1.52,2.36,,,,,,,,,,,,,,0.0
197.290,4259,1,ibvs_active,1.63,2.14,9.9,14.9,6.9,14.6,17.9,0.104,-0.221,0.0,0,0,0,1,30.3,
197.335,4260,1,ibvs_active,1.71,2.08,11.5,5.9,10.5,7.7,12.9,0.08,-0.058,0.0,0,0,0,1,30.2,
197.376,4261,1,ibvs_active,2.01,1.88,16.2,10.4,15.1,9.8,19.2,0.3,-0.196,0.0,0,0,0,1,29.8,
197.422,4262,1,ibvs_active,2.74,1.49,22.5,11.9,21.0,11.4,25.4,0.733,-0.399,0.0,0,0,0,1,29.4,
197.460,4263,1,ibvs_active,3.93,1.2,28.4,5.1,26.9,6.4,28.8,1.187,-0.281,0.0,0,0,0,1,30.5,
197.507,4264,1,ibvs_active,5.52,0.95,33.1,4.9,31.8,5.2,33.4,1.592,-0.258,0.0,0,0,0,1,30.1,
197.547,4265,0,tag_lost_countdown,5.52,0.95,,,,,,,,,,,,,,0.0
197.594,4266,1,ibvs_active,6.26,0.73,19.9,6.9,22.3,6.6,21.1,0.74,-0.217,0.0,0,0,0,1,30.5,
197.632,4267,0,tag_lost_countdown,6.26,0.73,,,,,,,,,,,,,,0.0
197.679,4268,1,ibvs_active,6.54,0.72,15.3,-1.4,16.7,0.2,15.4,0.28,-0.004,0.0,0,0,0,1,30.8,
197.720,4269,1,ibvs_active,6.6,0.73,11.0,-0.7,12.1,-0.5,11.0,0.064,0.003,0.0,0,0,0,1,31.1,
197.769,4270,1,ibvs_active,6.65,0.73,11.5,0.3,11.6,0.2,11.5,0.047,-0.001,0.0,0,0,0,1,30.7,
197.812,4271,0,tag_lost_countdown,6.65,0.73,,,,,,,,,,,,,,0.0
197.857,4272,1,ibvs_active,7.06,0.73,20.5,0.0,18.7,0.1,20.5,0.409,-0.001,0.0,0,0,0,1,29.6,
197.899,4273,1,ibvs_active,7.91,0.59,25.2,4.6,23.9,3.7,25.6,0.845,-0.132,0.0,0,0,0,1,29.2,
197.944,4274,1,ibvs_active,8.96,0.47,26.6,2.9,26.0,3.0,26.7,1.054,-0.123,0.0,0,0,0,1,29.2,
197.987,4275,1,ibvs_active,10.1,0.31,27.0,3.9,26.8,3.7,27.3,1.144,-0.158,0.0,0,0,0,1,22.9,
198.031,4276,1,ibvs_active,10.98,0.52,23.3,-7.9,24.0,-5.6,24.6,0.875,0.203,0.0,0,0,0,1,23.2,
198.073,4277,1,ibvs_active,11.0,0.51,7.1,5.5,10.5,3.3,9.0,0.026,-0.008,0.0,0,0,0,1,27.7,
198.120,4278,1,deadband,11.0,0.51,5.3,1.4,6.3,1.8,5.4,0.0,0.0,0.0,1,0,0,0,30.3,
198.162,4279,1,deadband,11.0,0.51,3.6,3.1,4.2,2.8,4.8,0.0,0.0,0.0,1,0,0,0,30.3,
198.212,4280,1,deadband,11.0,0.51,7.9,2.6,7.2,2.7,8.3,0.0,0.0,0.0,1,0,0,0,23.6,
198.255,4281,0,tag_lost_countdown,11.0,0.51,,,,,,,,,,,,,,0.0
198.303,4282,1,deadband,11.0,0.51,7.2,9.5,7.2,8.1,11.9,0.0,0.0,0.0,1,0,0,0,23.6,
198.344,4283,1,ibvs_active,11.34,0.51,20.2,-1.9,17.6,0.1,20.3,0.335,-0.001,0.0,0,0,0,1,30.3,
198.395,4284,1,ibvs_active,11.77,0.45,19.3,2.8,18.9,2.3,19.5,0.429,-0.051,0.0,0,0,0,1,29.3,
198.437,4285,1,ibvs_active,12.74,0.17,26.2,8.4,24.8,7.1,27.5,0.976,-0.282,0.0,0,0,0,1,30.0,
198.487,4286,1,ibvs_active,14.18,-0.2,29.9,7.7,28.9,7.6,30.9,1.435,-0.375,0.0,0,0,0,1,28.9,
198.528,4287,1,ibvs_active,15.15,-0.25,24.4,-0.3,25.3,1.2,24.4,0.968,-0.048,0.0,0,0,0,1,20.2,
198.575,4288,1,ibvs_active,15.47,-0.46,13.0,12.3,15.5,10.1,17.9,0.327,-0.213,0.0,0,0,0,1,21.4,
198.615,4289,0,tag_lost_countdown,15.47,-0.46,,,,,,,,,,,,,,0.0
198.664,4290,1,ibvs_active,15.5,-0.47,9.2,1.5,10.5,3.2,9.4,0.025,-0.008,0.0,0,0,0,1,22.1,
198.705,4291,1,deadband,15.5,-0.47,7.0,-5.1,7.7,-3.4,8.6,0.0,0.0,0.0,1,0,0,0,29.3,
198.750,4292,0,tag_lost_countdown,15.5,-0.47,,,,,,,,,,,,,,0.0
198.794,4293,1,ibvs_active,15.8,-0.83,13.7,19.8,12.5,15.1,24.0,0.3,-0.363,0.0,0,0,0,1,30.3,
198.852,4294,1,ibvs_active,16.26,-1.14,18.4,10.6,17.2,11.5,21.2,0.46,-0.309,0.0,0,0,0,1,28.4,
198.897,4295,1,ibvs_active,16.45,-1.19,14.2,1.3,14.8,3.3,14.3,0.192,-0.043,0.0,0,0,0,1,26.6,
198.945,4296,1,deadband,16.45,-1.19,8.5,1.1,9.8,1.6,8.6,0.0,0.0,0.0,1,0,0,0,30.1,
198.989,4297,1,deadband,16.45,-1.19,6.5,1.6,7.1,1.6,6.7,0.0,0.0,0.0,1,0,0,0,30.0,
199.038,4298,1,deadband,16.45,-1.19,6.5,2.1,6.6,2.0,6.8,0.0,0.0,0.0,1,0,0,0,29.8,
199.082,4299,1,deadband,16.45,-1.19,4.5,2.7,4.9,2.5,5.2,0.0,0.0,0.0,1,0,0,0,30.0,
199.134,4300,1,deadband,16.45,-1.19,4.4,1.3,4.5,1.6,4.6,0.0,0.0,0.0,1,0,0,0,31.2,
199.177,4301,1,deadband,16.45,-1.19,4.0,2.2,4.1,2.1,4.6,0.0,0.0,0.0,1,0,0,0,29.1,
199.227,4302,1,deadband,16.45,-1.19,4.3,1.7,4.2,1.8,4.6,0.0,0.0,0.0,1,0,0,0,30.0,
199.273,4303,1,deadband,16.45,-1.19,4.0,2.1,4.1,2.0,4.6,0.0,0.0,0.0,1,0,0,0,30.3,
199.336,4304,1,deadband,16.45,-1.19,4.0,1.9,4.0,1.9,4.4,0.0,0.0,0.0,1,0,0,0,29.9,
199.382,4305,1,deadband,16.45,-1.19,4.1,1.9,4.1,1.9,4.5,0.0,0.0,0.0,1,0,0,0,29.7,
199.433,4306,1,deadband,16.45,-1.19,4.1,1.9,4.1,1.9,4.5,0.0,0.0,0.0,1,0,0,0,29.9,
199.477,4307,1,deadband,16.45,-1.19,4.2,1.9,4.1,1.9,4.6,0.0,0.0,0.0,1,0,0,0,30.4,
199.532,4308,1,deadband,16.45,-1.19,4.0,1.9,4.0,1.9,4.4,0.0,0.0,0.0,1,0,0,0,30.0,
199.578,4309,1,deadband,16.45,-1.19,4.1,1.9,4.1,1.9,4.6,0.0,0.0,0.0,1,0,0,0,29.9,
199.629,4310,1,deadband,16.45,-1.19,4.1,2.0,4.1,2.0,4.6,0.0,0.0,0.0,1,0,0,0,30.6,
199.678,4311,1,deadband,16.45,-1.19,4.2,1.8,4.2,1.8,4.6,0.0,0.0,0.0,1,0,0,0,29.3,
199.727,4312,1,deadband,16.45,-1.19,4.1,1.9,4.1,1.9,4.5,0.0,0.0,0.0,1,0,0,0,29.7,
199.773,4313,1,deadband,16.45,-1.19,4.2,1.9,4.2,1.9,4.6,0.0,0.0,0.0,1,0,0,0,30.4,
199.823,4314,1,deadband,16.45,-1.19,4.1,1.9,4.1,1.9,4.6,0.0,0.0,0.0,1,0,0,0,29.9,
199.868,4315,1,deadband,16.45,-1.19,4.1,1.8,4.1,1.8,4.5,0.0,0.0,0.0,1,0,0,0,30.5,
199.921,4316,1,deadband,16.45,-1.19,4.1,1.9,4.1,1.9,4.5,0.0,0.0,0.0,1,0,0,0,29.9,
199.973,4317,1,deadband,16.45,-1.19,4.1,1.9,4.1,1.9,4.5,0.0,0.0,0.0,1,0,0,0,29.5,
200.023,4318,1,deadband,16.45,-1.19,4.3,1.9,4.3,1.9,4.7,0.0,0.0,0.0,1,0,0,0,29.9,
200.067,4319,1,deadband,16.45,-1.19,4.1,1.8,4.1,1.8,4.5,0.0,0.0,0.0,1,0,0,0,30.8,
200.118,4320,1,deadband,16.45,-1.19,4.2,1.9,4.2,1.8,4.6,0.0,0.0,0.0,1,0,0,0,29.9,
200.164,4321,1,deadband,16.45,-1.19,4.2,1.8,4.2,1.8,4.6,0.0,0.0,0.0,1,0,0,0,30.1,
200.214,4322,1,deadband,16.45,-1.19,4.1,1.9,4.1,1.9,4.5,0.0,0.0,0.0,1,0,0,0,30.6,
200.259,4323,1,deadband,16.45,-1.19,4.1,1.7,4.1,1.8,4.5,0.0,0.0,0.0,1,0,0,0,30.5,
200.308,4324,1,deadband,16.45,-1.19,4.1,1.7,4.1,1.7,4.5,0.0,0.0,0.0,1,0,0,0,29.8,
200.352,4325,1,deadband,16.45,-1.19,4.1,1.8,4.1,1.8,4.5,0.0,0.0,0.0,1,0,0,0,30.1,
200.412,4326,1,deadband,16.45,-1.19,4.2,1.8,4.2,1.8,4.6,0.0,0.0,0.0,1,0,0,0,29.8,
200.458,4327,1,deadband,16.45,-1.19,4.3,1.8,4.3,1.8,4.6,0.0,0.0,0.0,1,0,0,0,29.2,
200.508,4328,1,deadband,16.45,-1.19,4.1,1.7,4.2,1.7,4.5,0.0,0.0,0.0,1,0,0,0,29.8,
200.553,4329,1,deadband,16.45,-1.19,4.2,1.7,4.2,1.7,4.5,0.0,0.0,0.0,1,0,0,0,30.2,
200.605,4330,1,deadband,16.45,-1.19,4.2,1.9,4.2,1.8,4.6,0.0,0.0,0.0,1,0,0,0,30.1,
200.667,4331,1,deadband,16.45,-1.19,4.1,1.7,4.1,1.7,4.5,0.0,0.0,0.0,1,0,0,0,30.4,
200.727,4332,1,deadband,16.45,-1.19,4.2,1.8,4.2,1.8,4.6,0.0,0.0,0.0,1,0,0,0,31.0,
200.772,4333,1,deadband,16.45,-1.19,4.2,1.7,4.2,1.8,4.6,0.0,0.0,0.0,1,0,0,0,30.4,
200.823,4334,1,deadband,16.45,-1.19,4.3,1.8,4.2,1.8,4.6,0.0,0.0,0.0,1,0,0,0,30.3,
200.866,4335,1,deadband,16.45,-1.19,4.2,1.7,4.2,1.8,4.6,0.0,0.0,0.0,1,0,0,0,30.1,
200.915,4336,1,deadband,16.45,-1.19,4.2,1.8,4.2,1.8,4.6,0.0,0.0,0.0,1,0,0,0,30.5,
200.962,4337,1,deadband,16.45,-1.19,4.2,1.7,4.2,1.7,4.5,0.0,0.0,0.0,1,0,0,0,30.3,
201.019,4338,1,deadband,16.45,-1.19,4.2,1.7,4.2,1.7,4.5,0.0,0.0,0.0,1,0,0,0,30.5,
201.062,4339,1,deadband,16.45,-1.19,4.3,1.8,4.3,1.8,4.6,0.0,0.0,0.0,1,0,0,0,30.0,
201.111,4340,1,deadband,16.45,-1.19,4.2,1.7,4.2,1.7,4.5,0.0,0.0,0.0,1,0,0,0,31.3,
201.155,4341,1,deadband,16.45,-1.19,4.1,1.8,4.1,1.8,4.5,0.0,0.0,0.0,1,0,0,0,30.9,
201.205,4342,1,deadband,16.45,-1.19,4.3,1.8,4.3,1.8,4.6,0.0,0.0,0.0,1,0,0,0,29.8,
201.251,4343,1,deadband,16.45,-1.19,4.3,1.7,4.3,1.7,4.6,0.0,0.0,0.0,1,0,0,0,30.1,
201.300,4344,1,deadband,16.45,-1.19,4.2,1.7,4.2,1.7,4.5,0.0,0.0,0.0,1,0,0,0,30.9,
201.345,4345,1,deadband,16.45,-1.19,4.2,1.7,4.2,1.7,4.5,0.0,0.0,0.0,1,0,0,0,30.8,
201.395,4346,1,deadband,16.45,-1.19,4.3,1.7,4.3,1.7,4.6,0.0,0.0,0.0,1,0,0,0,30.4,
201.437,4347,1,deadband,16.45,-1.19,4.2,1.6,4.2,1.7,4.5,0.0,0.0,0.0,1,0,0,0,31.5,
201.494,4348,1,deadband,16.45,-1.19,4.1,1.7,4.1,1.7,4.5,0.0,0.0,0.0,1,0,0,0,30.1,
201.537,4349,1,deadband,16.45,-1.19,4.2,1.7,4.2,1.7,4.6,0.0,0.0,0.0,1,0,0,0,30.2,
201.589,4350,1,deadband,16.45,-1.19,4.2,1.7,4.2,1.7,4.5,0.0,0.0,0.0,1,0,0,0,30.8,
201.633,4351,1,deadband,16.45,-1.19,4.3,1.7,4.3,1.7,4.6,0.0,0.0,0.0,1,0,0,0,30.6,
201.684,4352,1,deadband,16.45,-1.19,4.3,1.8,4.3,1.8,4.6,0.0,0.0,0.0,1,0,0,0,30.4,
201.727,4353,1,deadband,16.45,-1.19,4.3,1.7,4.3,1.7,4.6,0.0,0.0,0.0,1,0,0,0,29.9,
201.778,4354,1,deadband,16.45,-1.19,4.2,1.8,4.2,1.7,4.5,0.0,0.0,0.0,1,0,0,0,30.0,
201.822,4355,1,deadband,16.45,-1.19,4.2,1.7,4.2,1.7,4.6,0.0,0.0,0.0,1,0,0,0,30.4,
201.872,4356,1,deadband,16.45,-1.19,4.2,1.7,4.2,1.7,4.5,0.0,0.0,0.0,1,0,0,0,30.6,
201.927,4357,1,deadband,16.45,-1.19,4.3,1.7,4.3,1.7,4.6,0.0,0.0,0.0,1,0,0,0,30.9,
201.983,4358,1,deadband,16.45,-1.19,4.2,1.8,4.2,1.7,4.5,0.0,0.0,0.0,1,0,0,0,30.0,
202.027,4359,1,deadband,16.45,-1.19,4.1,1.7,4.1,1.7,4.5,0.0,0.0,0.0,1,0,0,0,29.3,
202.076,4360,1,deadband,16.45,-1.19,4.3,1.7,4.3,1.7,4.6,0.0,0.0,0.0,1,0,0,0,30.5,
202.119,4361,1,deadband,16.45,-1.19,4.2,1.7,4.2,1.7,4.6,0.0,0.0,0.0,1,0,0,0,30.8,
202.169,4362,1,deadband,16.45,-1.19,4.3,1.7,4.3,1.7,4.6,0.0,0.0,0.0,1,0,0,0,30.1,
202.213,4363,1,deadband,16.45,-1.19,4.3,1.7,4.3,1.7,4.6,0.0,0.0,0.0,1,0,0,0,30.8,
202.261,4364,1,deadband,16.45,-1.19,4.3,1.7,4.3,1.7,4.6,0.0,0.0,0.0,1,0,0,0,31.1,
202.306,4365,1,deadband,16.45,-1.19,4.3,1.6,4.3,1.6,4.6,0.0,0.0,0.0,1,0,0,0,29.6,
202.366,4366,1,deadband,16.45,-1.19,4.3,1.7,4.3,1.7,4.6,0.0,0.0,0.0,1,0,0,0,30.4,
202.410,4367,1,deadband,16.45,-1.19,4.2,1.7,4.2,1.7,4.5,0.0,0.0,0.0,1,0,0,0,29.3,
202.459,4368,1,deadband,16.45,-1.19,4.3,1.7,4.3,1.7,4.6,0.0,0.0,0.0,1,0,0,0,29.9,
202.501,4369,1,deadband,16.45,-1.19,4.3,1.7,4.3,1.7,4.6,0.0,0.0,0.0,1,0,0,0,29.8,
202.549,4370,1,deadband,16.45,-1.19,4.3,1.6,4.3,1.6,4.6,0.0,0.0,0.0,1,0,0,0,31.0,
202.596,4371,1,deadband,16.45,-1.19,4.3,1.7,4.3,1.6,4.6,0.0,0.0,0.0,1,0,0,0,29.3,
202.645,4372,1,deadband,16.45,-1.19,4.1,1.6,4.2,1.6,4.5,0.0,0.0,0.0,1,0,0,0,30.3,
202.690,4373,1,deadband,16.45,-1.19,4.3,1.6,4.3,1.6,4.6,0.0,0.0,0.0,1,0,0,0,29.8,
202.752,4374,1,deadband,16.45,-1.19,4.3,1.7,4.3,1.7,4.6,0.0,0.0,0.0,1,0,0,0,30.0,
202.797,4375,1,deadband,16.45,-1.19,4.3,1.6,4.3,1.6,4.6,0.0,0.0,0.0,1,0,0,0,30.4,
202.848,4376,1,deadband,16.45,-1.19,4.3,1.7,4.3,1.7,4.6,0.0,0.0,0.0,1,0,0,0,29.6,
202.893,4377,1,deadband,16.45,-1.19,4.2,1.6,4.3,1.6,4.5,0.0,0.0,0.0,1,0,0,0,30.7,
202.942,4378,1,deadband,16.45,-1.19,4.3,1.7,4.3,1.7,4.6,0.0,0.0,0.0,1,0,0,0,30.7,
SUMMARY,4378,2496,end,16.45,-1.19,280.0,38.7,,,,,,,1408,,,,,
