2026-06-27 21:21:46.247 [INFO ] [marker_detector] chase_toggle_on cycle=0 mode=manual_ibvs
2026-06-27 21:21:46.353 [INFO ] [marker_detector] ibvs_recording_start frames_dir=/home/jvpicar/picar_ros/logs/pi_session_20260627_212028/ibvs_frames_212146 csv=/home/jvpicar/picar_ros/logs/pi_session_20260627_212028/ibvs_log_212146.csv
2026-06-27 21:21:46.426 [DEBUG] [marker_detector] ibvs eu=-27 ev=+15 eu_s=-25.5 ev_s=+14.9 dpan=-1.24 dtilt=-0.72 pan=-2.0 tilt=-1.2 err=31px
2026-06-27 21:21:46.524 [DEBUG] [marker_detector] ibvs eu=-27 ev=+16 eu_s=-26.6 ev_s=+15.5 dpan=-1.33 dtilt=-0.77 pan=-4.7 tilt=-2.7 err=31px
2026-06-27 21:21:46.616 [DEBUG] [marker_detector] ibvs tag_lost timer start pan=-5.4 tilt=-3.3
2026-06-27 21:21:46.706 [DEBUG] [marker_detector] ibvs eu=+20 ev=-12 eu_s=+12.5 ev_s=-6.7 dpan=+0.13 dtilt=+0.07 pan=-5.2 tilt=-3.2 err=24px
2026-06-27 21:21:46.807 [DEBUG] [marker_detector] ibvs eu=+22 ev=-13 eu_s=+21.3 ev_s=-12.3 dpan=+0.78 dtilt=+0.45 pan=-3.8 tilt=-2.4 err=25px
2026-06-27 21:21:46.912 [DEBUG] [marker_detector] ibvs eu=+21 ev=-12 eu_s=+21.4 ev_s=-12.2 dpan=+0.79 dtilt=+0.45 pan=-2.2 tilt=-1.5 err=25px
2026-06-27 21:21:47.007 [DEBUG] [marker_detector] ibvs eu=+6 ev=-9 eu_s=+8.3 ev_s=-9.0 dpan=+0.00 dtilt=+0.00 pan=-1.9 tilt=-1.3 err=11px DB
2026-06-27 21:21:47.100 [DEBUG] [marker_detector] ibvs eu=-4 ev=-0 eu_s=-1.9 ev_s=-0.3 dpan=+0.00 dtilt=+0.00 pan=-1.9 tilt=-1.3 err=4px DB
2026-06-27 21:21:47.195 [DEBUG] [marker_detector] ibvs eu=-4 ev=+0 eu_s=-4.0 ev_s=+0.3 dpan=+0.00 dtilt=+0.00 pan=-1.9 tilt=-1.3 err=4px DB
2026-06-27 21:21:47.294 [DEBUG] [marker_detector] ibvs eu=-4 ev=+1 eu_s=-4.1 ev_s=+0.5 dpan=+0.00 dtilt=+0.00 pan=-1.9 tilt=-1.3 err=4px DB
2026-06-27 21:21:47.387 [DEBUG] [marker_detector] ibvs eu=-4 ev=+1 eu_s=-4.1 ev_s=+0.5 dpan=+0.00 dtilt=+0.00 pan=-1.9 tilt=-1.3 err=4px DB
2026-06-27 21:21:47.481 [DEBUG] [marker_detector] ibvs eu=-4 ev=+1 eu_s=-4.1 ev_s=+0.5 dpan=+0.00 dtilt=+0.00 pan=-1.9 tilt=-1.3 err=4px DB
2026-06-27 21:21:47.579 [DEBUG] [marker_detector] ibvs eu=-4 ev=+0 eu_s=-4.0 ev_s=+0.5 dpan=+0.00 dtilt=+0.00 pan=-1.9 tilt=-1.3 err=4px DB
2026-06-27 21:21:47.672 [DEBUG] [marker_detector] ibvs eu=-4 ev=+1 eu_s=-4.0 ev_s=+0.6 dpan=+0.00 dtilt=+0.00 pan=-1.9 tilt=-1.3 err=4px DB
2026-06-27 21:21:47.768 [DEBUG] [marker_detector] ibvs eu=-4 ev=+0 eu_s=-4.1 ev_s=+0.4 dpan=+0.00 dtilt=+0.00 pan=-1.9 tilt=-1.3 err=4px DB
2026-06-27 21:21:47.863 [DEBUG] [marker_detector] ibvs eu=-4 ev=+0 eu_s=-4.1 ev_s=+0.4 dpan=+0.00 dtilt=+0.00 pan=-1.9 tilt=-1.3 err=4px DB
2026-06-27 21:21:47.959 [DEBUG] [marker_detector] ibvs eu=-4 ev=+0 eu_s=-4.1 ev_s=+0.4 dpan=+0.00 dtilt=+0.00 pan=-1.9 tilt=-1.3 err=4px DB
2026-06-27 21:21:48.052 [DEBUG] [marker_detector] ibvs eu=-4 ev=+1 eu_s=-4.1 ev_s=+0.5 dpan=+0.00 dtilt=+0.00 pan=-1.9 tilt=-1.3 err=4px DB
2026-06-27 21:21:48.146 [DEBUG] [marker_detector] ibvs eu=-4 ev=+1 eu_s=-4.0 ev_s=+0.6 dpan=+0.00 dtilt=+0.00 pan=-1.9 tilt=-1.3 err=4px DB
2026-06-27 21:21:48.240 [DEBUG] [marker_detector] ibvs eu=-4 ev=+0 eu_s=-4.0 ev_s=+0.4 dpan=+0.00 dtilt=+0.00 pan=-1.9 tilt=-1.3 err=4px DB
2026-06-27 21:21:48.338 [DEBUG] [marker_detector] ibvs eu=-4 ev=+1 eu_s=-4.0 ev_s=+0.6 dpan=+0.00 dtilt=+0.00 pan=-1.9 tilt=-1.3 err=4px DB
2026-06-27 21:21:48.429 [DEBUG] [marker_detector] ibvs eu=-4 ev=+1 eu_s=-4.0 ev_s=+0.5 dpan=+0.00 dtilt=+0.00 pan=-1.9 tilt=-1.3 err=4px DB
2026-06-27 21:21:48.523 [DEBUG] [marker_detector] ibvs eu=-4 ev=+1 eu_s=-4.1 ev_s=+0.5 dpan=+0.00 dtilt=+0.00 pan=-1.9 tilt=-1.3 err=4px DB
2026-06-27 21:21:48.614 [DEBUG] [marker_detector] ibvs eu=-4 ev=+0 eu_s=-4.0 ev_s=+0.4 dpan=+0.00 dtilt=+0.00 pan=-1.9 tilt=-1.3 err=4px DB
2026-06-27 21:21:48.704 [DEBUG] [marker_detector] ibvs eu=-4 ev=+0 eu_s=-4.0 ev_s=+0.4 dpan=+0.00 dtilt=+0.00 pan=-1.9 tilt=-1.3 err=4px DB
2026-06-27 21:21:48.802 [DEBUG] [marker_detector] ibvs eu=-4 ev=+0 eu_s=-4.1 ev_s=+0.3 dpan=+0.00 dtilt=+0.00 pan=-1.9 tilt=-1.3 err=4px DB
2026-06-27 21:21:48.892 [DEBUG] [marker_detector] ibvs eu=-4 ev=+1 eu_s=-4.0 ev_s=+0.5 dpan=+0.00 dtilt=+0.00 pan=-1.9 tilt=-1.3 err=4px DB
2026-06-27 21:21:48.984 [DEBUG] [marker_detector] ibvs eu=-4 ev=+1 eu_s=-4.1 ev_s=+0.5 dpan=+0.00 dtilt=+0.00 pan=-1.9 tilt=-1.3 err=4px DB
2026-06-27 21:21:49.077 [DEBUG] [marker_detector] ibvs eu=-4 ev=+0 eu_s=-4.1 ev_s=+0.5 dpan=+0.00 dtilt=+0.00 pan=-1.9 tilt=-1.3 err=4px DB
2026-06-27 21:21:49.171 [DEBUG] [marker_detector] ibvs eu=-4 ev=+1 eu_s=-4.1 ev_s=+0.6 dpan=+0.00 dtilt=+0.00 pan=-1.9 tilt=-1.3 err=4px DB
2026-06-27 21:21:49.265 [DEBUG] [marker_detector] ibvs eu=-4 ev=+0 eu_s=-4.1 ev_s=+0.5 dpan=+0.00 dtilt=+0.00 pan=-1.9 tilt=-1.3 err=4px DB
2026-06-27 21:21:49.355 [DEBUG] [marker_detector] ibvs eu=-4 ev=+0 eu_s=-4.1 ev_s=+0.4 dpan=+0.00 dtilt=+0.00 pan=-1.9 tilt=-1.3 err=4px DB
2026-06-27 21:21:49.447 [DEBUG] [marker_detector] ibvs eu=-4 ev=+0 eu_s=-4.1 ev_s=+0.4 dpan=+0.00 dtilt=+0.00 pan=-1.9 tilt=-1.3 err=4px DB
2026-06-27 21:21:49.534 [DEBUG] [marker_detector] ibvs eu=-4 ev=+0 eu_s=-4.1 ev_s=+0.4 dpan=+0.00 dtilt=+0.00 pan=-1.9 tilt=-1.3 err=4px DB
2026-06-27 21:21:49.623 [DEBUG] [marker_detector] ibvs eu=-4 ev=+0 eu_s=-4.1 ev_s=+0.4 dpan=+0.00 dtilt=+0.00 pan=-1.9 tilt=-1.3 err=4px DB
2026-06-27 21:21:49.717 [DEBUG] [marker_detector] ibvs eu=-4 ev=+1 eu_s=-4.1 ev_s=+0.5 dpan=+0.00 dtilt=+0.00 pan=-1.9 tilt=-1.3 err=4px DB
2026-06-27 21:21:49.812 [DEBUG] [marker_detector] ibvs eu=-4 ev=+0 eu_s=-4.0 ev_s=+0.5 dpan=+0.00 dtilt=+0.00 pan=-1.9 tilt=-1.3 err=4px DB
2026-06-27 21:21:49.905 [DEBUG] [marker_detector] ibvs eu=-4 ev=+0 eu_s=-4.0 ev_s=+0.4 dpan=+0.00 dtilt=+0.00 pan=-1.9 tilt=-1.3 err=4px DB
2026-06-27 21:21:49.996 [DEBUG] [marker_detector] ibvs eu=-4 ev=+1 eu_s=-4.0 ev_s=+0.5 dpan=+0.00 dtilt=+0.00 pan=-1.9 tilt=-1.3 err=4px DB
2026-06-27 21:21:50.091 [DEBUG] [marker_detector] ibvs eu=-4 ev=+0 eu_s=-4.1 ev_s=+0.5 dpan=+0.00 dtilt=+0.00 pan=-1.9 tilt=-1.3 err=4px DB
2026-06-27 21:21:50.185 [DEBUG] [marker_detector] ibvs eu=-4 ev=+1 eu_s=-4.1 ev_s=+0.5 dpan=+0.00 dtilt=+0.00 pan=-1.9 tilt=-1.3 err=4px DB
2026-06-27 21:21:50.279 [DEBUG] [marker_detector] ibvs eu=-4 ev=+1 eu_s=-4.2 ev_s=+1.1 dpan=+0.00 dtilt=+0.00 pan=-1.9 tilt=-1.3 err=4px DB
2026-06-27 21:21:50.367 [DEBUG] [marker_detector] ibvs tag_lost timer start pan=-1.9 tilt=-1.3
2026-06-27 21:21:50.413 [DEBUG] [marker_detector] ibvs eu=-10 ev=+1 eu_s=-8.5 ev_s=+2.5 dpan=+0.00 dtilt=+0.00 pan=-1.9 tilt=-1.3 err=10px DB
2026-06-27 21:21:50.451 [DEBUG] [marker_detector] ibvs tag_lost timer start pan=-1.9 tilt=-1.3
2026-06-27 21:21:50.586 [DEBUG] [marker_detector] ibvs tag_lost timer start pan=-2.4 tilt=-1.3
2026-06-27 21:21:50.629 [DEBUG] [marker_detector] ibvs eu=-42 ev=-0 eu_s=-37.7 ev_s=-0.2 dpan=-1.88 dtilt=+0.01 pan=-4.3 tilt=-1.3 err=42px
2026-06-27 21:21:50.722 [DEBUG] [marker_detector] ibvs eu=-42 ev=-2 eu_s=-42.3 ev_s=-2.2 dpan=-2.00 dtilt=+0.11 pan=-8.3 tilt=-1.0 err=42px
2026-06-27 21:21:50.812 [DEBUG] [marker_detector] ibvs tag_lost timer start pan=-10.3 tilt=-0.7
2026-06-27 21:21:50.870 [DEBUG] [marker_detector] ibvs eu=-8 ev=-8 eu_s=-14.1 ev_s=-7.2 dpan=-0.21 dtilt=+0.11 pan=-10.5 tilt=-0.6 err=11px
2026-06-27 21:21:50.913 [DEBUG] [marker_detector] ibvs tag_lost timer start pan=-10.5 tilt=-0.6
2026-06-27 21:21:51.008 [DEBUG] [marker_detector] ibvs eu=+20 ev=+1 eu_s=+19.1 ev_s=+0.5 dpan=+0.43 dtilt=-0.01 pan=-9.9 tilt=-0.6 err=20px
2026-06-27 21:21:51.110 [DEBUG] [marker_detector] ibvs eu=+20 ev=+1 eu_s=+20.4 ev_s=+1.1 dpan=+0.53 dtilt=-0.03 pan=-8.9 tilt=-0.7 err=20px
2026-06-27 21:21:51.206 [DEBUG] [marker_detector] ibvs eu=+20 ev=+1 eu_s=+20.2 ev_s=+1.2 dpan=+0.52 dtilt=-0.03 pan=-7.8 tilt=-0.8 err=20px
2026-06-27 21:21:51.253 [DEBUG] [marker_detector] ibvs tag_lost timer start pan=-7.8 tilt=-0.8
2026-06-27 21:21:51.742 [DEBUG] [marker_detector] ibvs eu=+140 ev=-1 eu_s=+135.1 ev_s=-1.9 dpan=+2.00 dtilt=+0.09 pan=-3.8 tilt=-0.4 err=140px
2026-06-27 21:21:51.791 [DEBUG] [marker_detector] ibvs tag_lost timer start pan=-3.8 tilt=-0.4
2026-06-27 21:21:51.982 [DEBUG] [marker_detector] ibvs eu=+94 ev=-3 eu_s=+96.0 ev_s=-3.3 dpan=+2.00 dtilt=+0.16 pan=0.2 tilt=-0.1 err=94px
2026-06-27 21:21:52.028 [DEBUG] [marker_detector] ibvs tag_lost timer start pan=0.2 tilt=-0.1
2026-06-27 21:21:52.118 [DEBUG] [marker_detector] ibvs tag_lost timer start pan=2.2 tilt=0.0
2026-06-27 21:21:52.170 [DEBUG] [marker_detector] ibvs eu=+51 ev=-2 eu_s=+56.4 ev_s=-2.1 dpan=+2.00 dtilt=+0.11 pan=4.2 tilt=0.1 err=51px
2026-06-27 21:21:52.215 [DEBUG] [marker_detector] ibvs tag_lost timer start pan=4.2 tilt=0.1
2026-06-27 21:21:52.309 [DEBUG] [marker_detector] ibvs eu=+17 ev=-2 eu_s=+20.6 ev_s=-2.0 dpan=+0.55 dtilt=+0.05 pan=6.4 tilt=0.3 err=18px
2026-06-27 21:21:52.406 [DEBUG] [marker_detector] ibvs tag_lost timer start pan=6.6 tilt=0.3
2026-06-27 21:21:52.455 [DEBUG] [marker_detector] ibvs eu=-9 ev=+8 eu_s=-4.3 ev_s=+6.4 dpan=+0.00 dtilt=+0.00 pan=6.6 tilt=0.3 err=12px DB
2026-06-27 21:21:52.549 [DEBUG] [marker_detector] ibvs eu=-9 ev=+9 eu_s=-9.1 ev_s=+8.6 dpan=+0.00 dtilt=+0.00 pan=6.6 tilt=0.3 err=13px DB
2026-06-27 21:21:52.643 [DEBUG] [marker_detector] ibvs eu=-9 ev=+9 eu_s=-9.4 ev_s=+8.6 dpan=+0.00 dtilt=+0.00 pan=6.6 tilt=0.3 err=13px DB
2026-06-27 21:21:52.737 [DEBUG] [marker_detector] ibvs eu=-9 ev=+9 eu_s=-9.5 ev_s=+8.6 dpan=+0.00 dtilt=+0.00 pan=6.6 tilt=0.3 err=13px DB
2026-06-27 21:21:52.834 [DEBUG] [marker_detector] ibvs eu=-10 ev=+9 eu_s=-9.5 ev_s=+8.7 dpan=+0.00 dtilt=+0.00 pan=6.6 tilt=0.3 err=13px DB
2026-06-27 21:21:52.928 [DEBUG] [marker_detector] ibvs eu=-10 ev=+9 eu_s=-9.6 ev_s=+8.7 dpan=+0.00 dtilt=+0.00 pan=6.6 tilt=0.3 err=13px DB
2026-06-27 21:21:53.022 [DEBUG] [marker_detector] ibvs eu=-10 ev=+9 eu_s=-9.6 ev_s=+8.7 dpan=+0.00 dtilt=+0.00 pan=6.6 tilt=0.3 err=13px DB
2026-06-27 21:21:53.116 [DEBUG] [marker_detector] ibvs eu=-10 ev=+9 eu_s=-9.7 ev_s=+8.7 dpan=+0.00 dtilt=+0.00 pan=6.6 tilt=0.3 err=13px DB
2026-06-27 21:21:53.156 [DEBUG] [marker_detector] ibvs tag_lost timer start pan=6.6 tilt=0.3
2026-06-27 21:21:53.253 [DEBUG] [marker_detector] ibvs eu=-12 ev=+13 eu_s=-10.7 ev_s=+12.7 dpan=-0.18 dtilt=-0.21 pan=6.4 tilt=-0.0 err=18px
2026-06-27 21:21:53.348 [DEBUG] [marker_detector] ibvs eu=-18 ev=+10 eu_s=-18.0 ev_s=+9.8 dpan=-0.47 dtilt=-0.26 pan=5.5 tilt=-0.5 err=21px
2026-06-27 21:21:53.438 [DEBUG] [marker_detector] ibvs eu=-24 ev=+11 eu_s=-23.3 ev_s=+10.8 dpan=-0.91 dtilt=-0.42 pan=3.8 tilt=-1.3 err=26px
2026-06-27 21:21:53.487 [DEBUG] [marker_detector] ibvs tag_lost timer start pan=3.8 tilt=-1.3
2026-06-27 21:21:53.614 [DEBUG] [marker_detector] ibvs eu=-9 ev=-9 eu_s=-10.2 ev_s=-6.7 dpan=-0.05 dtilt=+0.04 pan=3.6 tilt=-1.3 err=13px
2026-06-27 21:21:53.708 [DEBUG] [marker_detector] ibvs eu=-14 ev=-7 eu_s=-13.9 ev_s=-7.0 dpan=-0.19 dtilt=+0.10 pan=3.3 tilt=-1.2 err=16px
2026-06-27 21:21:53.759 [DEBUG] [marker_detector] ibvs tag_lost timer start pan=3.3 tilt=-1.2
2026-06-27 21:21:54.373 [DEBUG] [marker_detector] ibvs eu=+221 ev=-3 eu_s=+211.1 ev_s=-4.8 dpan=+2.00 dtilt=+0.24 pan=7.3 tilt=-0.3 err=221px
2026-06-27 21:21:54.415 [DEBUG] [marker_detector] ibvs tag_lost timer start pan=7.3 tilt=-0.3
2026-06-27 21:21:54.505 [DEBUG] [marker_detector] ibvs tag_lost timer start pan=9.3 tilt=0.2
2026-06-27 21:21:54.553 [DEBUG] [marker_detector] ibvs eu=+204 ev=+11 eu_s=+205.6 ev_s=+7.3 dpan=+2.00 dtilt=-0.36 pan=11.3 tilt=-0.2 err=204px
2026-06-27 21:21:54.592 [DEBUG] [marker_detector] ibvs tag_lost timer start pan=11.3 tilt=-0.2
2026-06-27 21:21:58.160 [DEBUG] [marker_detector] ibvs eu=-241 ev=-23 eu_s=-223.5 ev_s=-22.5 dpan=-2.00 dtilt=+1.12 pan=7.3 tilt=1.9 err=242px
2026-06-27 21:21:58.245 [DEBUG] [marker_detector] ibvs eu=-241 ev=-23 eu_s=-239.7 ev_s=-23.4 dpan=-2.00 dtilt=+1.17 pan=3.3 tilt=4.3 err=242px
2026-06-27 21:21:58.328 [DEBUG] [marker_detector] ibvs tag_lost timer start pan=1.3 tilt=4.7
2026-06-27 21:21:58.458 [DEBUG] [marker_detector] ibvs eu=-145 ev=+27 eu_s=-160.3 ev_s=+20.1 dpan=-2.00 dtilt=-1.01 pan=-0.7 tilt=3.6 err=148px
2026-06-27 21:21:58.548 [DEBUG] [marker_detector] ibvs eu=-145 ev=+27 eu_s=-146.0 ev_s=+26.5 dpan=-2.00 dtilt=-1.32 pan=-4.7 tilt=1.1 err=148px
2026-06-27 21:21:58.630 [DEBUG] [marker_detector] ibvs tag_lost timer start pan=-6.7 tilt=-0.3
2026-06-27 21:21:58.755 [DEBUG] [marker_detector] ibvs eu=-53 ev=-15 eu_s=-68.5 ev_s=-6.7 dpan=-2.00 dtilt=+0.33 pan=-8.7 tilt=0.0 err=55px
2026-06-27 21:21:58.846 [DEBUG] [marker_detector] ibvs eu=-53 ev=-15 eu_s=-53.2 ev_s=-14.9 dpan=-2.00 dtilt=+0.75 pan=-12.7 tilt=1.4 err=55px
2026-06-27 21:21:58.935 [DEBUG] [marker_detector] ibvs eu=-7 ev=-13 eu_s=-12.7 ev_s=-13.2 dpan=-0.26 dtilt=+0.27 pan=-14.7 tilt=2.4 err=15px
2026-06-27 21:21:59.029 [DEBUG] [marker_detector] ibvs eu=+18 ev=+3 eu_s=+14.6 ev_s=+1.3 dpan=+0.17 dtilt=-0.02 pan=-14.5 tilt=2.4 err=19px
2026-06-27 21:21:59.119 [DEBUG] [marker_detector] ibvs eu=+25 ev=+5 eu_s=+24.0 ev_s=+4.3 dpan=+0.86 dtilt=-0.16 pan=-13.3 tilt=2.2 err=26px
2026-06-27 21:21:59.213 [DEBUG] [marker_detector] ibvs eu=+25 ev=+5 eu_s=+25.0 ev_s=+4.6 dpan=+0.97 dtilt=-0.18 pan=-11.4 tilt=1.9 err=25px
2026-06-27 21:21:59.303 [DEBUG] [marker_detector] ibvs eu=+11 ev=+5 eu_s=+13.4 ev_s=+5.1 dpan=+0.14 dtilt=-0.06 pan=-10.3 tilt=1.6 err=12px
2026-06-27 21:21:59.389 [DEBUG] [marker_detector] ibvs eu=-2 ev=+5 eu_s=-0.9 ev_s=+5.1 dpan=+0.00 dtilt=+0.00 pan=-10.3 tilt=1.6 err=5px DB
2026-06-27 21:21:59.477 [DEBUG] [marker_detector] ibvs eu=-3 ev=+5 eu_s=-3.0 ev_s=+5.2 dpan=+0.00 dtilt=+0.00 pan=-10.3 tilt=1.6 err=6px DB
2026-06-27 21:21:59.567 [DEBUG] [marker_detector] ibvs eu=-3 ev=+5 eu_s=-3.1 ev_s=+5.2 dpan=+0.00 dtilt=+0.00 pan=-10.3 tilt=1.6 err=6px DB
2026-06-27 21:21:59.656 [DEBUG] [marker_detector] ibvs eu=-3 ev=+5 eu_s=-3.1 ev_s=+5.2 dpan=+0.00 dtilt=+0.00 pan=-10.3 tilt=1.6 err=6px DB
2026-06-27 21:21:59.745 [DEBUG] [marker_detector] ibvs eu=-3 ev=+5 eu_s=-3.1 ev_s=+5.2 dpan=+0.00 dtilt=+0.00 pan=-10.3 tilt=1.6 err=6px DB
2026-06-27 21:21:59.835 [DEBUG] [marker_detector] ibvs eu=-3 ev=+5 eu_s=-3.1 ev_s=+5.2 dpan=+0.00 dtilt=+0.00 pan=-10.3 tilt=1.6 err=6px DB
2026-06-27 21:21:59.925 [DEBUG] [marker_detector] ibvs eu=-3 ev=+5 eu_s=-3.1 ev_s=+5.3 dpan=+0.00 dtilt=+0.00 pan=-10.3 tilt=1.6 err=6px DB
2026-06-27 21:22:00.013 [DEBUG] [marker_detector] ibvs eu=-3 ev=+5 eu_s=-3.1 ev_s=+5.2 dpan=+0.00 dtilt=+0.00 pan=-10.3 tilt=1.6 err=6px DB
2026-06-27 21:22:00.111 [DEBUG] [marker_detector] ibvs eu=-3 ev=+5 eu_s=-3.1 ev_s=+5.3 dpan=+0.00 dtilt=+0.00 pan=-10.3 tilt=1.6 err=6px DB
2026-06-27 21:22:00.201 [DEBUG] [marker_detector] ibvs eu=-3 ev=+5 eu_s=-3.1 ev_s=+5.2 dpan=+0.00 dtilt=+0.00 pan=-10.3 tilt=1.6 err=6px DB
2026-06-27 21:22:00.290 [DEBUG] [marker_detector] ibvs eu=-3 ev=+5 eu_s=-3.1 ev_s=+5.2 dpan=+0.00 dtilt=+0.00 pan=-10.3 tilt=1.6 err=6px DB
2026-06-27 21:22:00.381 [DEBUG] [marker_detector] ibvs eu=-3 ev=+5 eu_s=-3.1 ev_s=+5.2 dpan=+0.00 dtilt=+0.00 pan=-10.3 tilt=1.6 err=6px DB
2026-06-27 21:22:00.470 [DEBUG] [marker_detector] ibvs eu=-3 ev=+5 eu_s=-3.1 ev_s=+5.2 dpan=+0.00 dtilt=+0.00 pan=-10.3 tilt=1.6 err=6px DB
2026-06-27 21:22:00.559 [DEBUG] [marker_detector] ibvs eu=-3 ev=+5 eu_s=-3.1 ev_s=+5.2 dpan=+0.00 dtilt=+0.00 pan=-10.3 tilt=1.6 err=6px DB
2026-06-27 21:22:00.648 [DEBUG] [marker_detector] ibvs eu=-3 ev=+5 eu_s=-3.1 ev_s=+5.2 dpan=+0.00 dtilt=+0.00 pan=-10.3 tilt=1.6 err=6px DB
2026-06-27 21:22:00.746 [DEBUG] [marker_detector] ibvs eu=-1 ev=+5 eu_s=-1.5 ev_s=+5.2 dpan=+0.00 dtilt=+0.00 pan=-10.3 tilt=1.6 err=5px DB
2026-06-27 21:22:00.831 [DEBUG] [marker_detector] ibvs tag_lost timer start pan=-10.3 tilt=1.6
2026-06-27 21:22:00.880 [DEBUG] [marker_detector] ibvs eu=-4 ev=+10 eu_s=-1.7 ev_s=+8.2 dpan=+0.00 dtilt=+0.00 pan=-10.3 tilt=1.6 err=11px DB
2026-06-27 21:22:00.921 [DEBUG] [marker_detector] ibvs tag_lost timer start pan=-10.3 tilt=1.6
2026-06-27 21:22:03.598 [DEBUG] [marker_detector] ibvs eu=+155 ev=+7 eu_s=+149.4 ev_s=+5.4 dpan=+2.00 dtilt=-0.27 pan=-6.3 tilt=1.4 err=155px
2026-06-27 21:22:03.643 [DEBUG] [marker_detector] ibvs tag_lost timer start pan=-6.3 tilt=1.4
2026-06-27 21:22:03.733 [DEBUG] [marker_detector] ibvs tag_lost timer start pan=-4.3 tilt=1.2
2026-06-27 21:22:03.774 [DEBUG] [marker_detector] ibvs eu=+117 ev=+4 eu_s=+121.9 ev_s=+4.0 dpan=+2.00 dtilt=-0.20 pan=-2.3 tilt=1.0 err=117px
2026-06-27 21:22:03.860 [DEBUG] [marker_detector] ibvs eu=+93 ev=+4 eu_s=+94.8 ev_s=+4.3 dpan=+2.00 dtilt=-0.22 pan=1.7 tilt=0.6 err=93px
2026-06-27 21:22:03.950 [DEBUG] [marker_detector] ibvs eu=+52 ev=+5 eu_s=+57.8 ev_s=+5.1 dpan=+2.00 dtilt=-0.25 pan=5.7 tilt=0.1 err=52px
2026-06-27 21:22:04.043 [DEBUG] [marker_detector] ibvs tag_lost timer start pan=7.7 tilt=-0.2
2026-06-27 21:22:04.093 [DEBUG] [marker_detector] ibvs eu=-4 ev=-10 eu_s=+5.1 ev_s=-7.3 dpan=+0.00 dtilt=+0.00 pan=7.7 tilt=-0.2 err=11px DB
2026-06-27 21:22:04.137 [DEBUG] [marker_detector] ibvs tag_lost timer start pan=7.7 tilt=-0.2
2026-06-27 21:22:04.228 [DEBUG] [marker_detector] ibvs eu=-25 ev=-10 eu_s=-23.6 ev_s=-10.2 dpan=-0.93 dtilt=+0.40 pan=6.3 tilt=0.5 err=27px
2026-06-27 21:22:04.318 [DEBUG] [marker_detector] ibvs eu=-25 ev=-10 eu_s=-24.8 ev_s=-10.3 dpan=-1.04 dtilt=+0.44 pan=4.2 tilt=1.4 err=27px
2026-06-27 21:22:04.415 [DEBUG] [marker_detector] ibvs eu=-15 ev=-10 eu_s=-16.5 ev_s=-10.3 dpan=-0.39 dtilt=+0.24 pan=2.9 tilt=2.0 err=18px
2026-06-27 21:22:04.503 [DEBUG] [marker_detector] ibvs eu=+4 ev=+0 eu_s=+1.8 ev_s=+0.1 dpan=+0.00 dtilt=+0.00 pan=2.9 tilt=2.0 err=4px DB
2026-06-27 21:22:04.593 [DEBUG] [marker_detector] ibvs eu=+5 ev=+6 eu_s=+4.8 ev_s=+6.0 dpan=+0.00 dtilt=+0.00 pan=2.9 tilt=2.0 err=8px DB
2026-06-27 21:22:04.686 [DEBUG] [marker_detector] ibvs eu=+13 ev=+7 eu_s=+11.2 ev_s=+6.6 dpan=+0.08 dtilt=-0.05 pan=3.0 tilt=2.0 err=14px
2026-06-27 21:22:04.774 [DEBUG] [marker_detector] ibvs eu=+4 ev=+9 eu_s=+4.5 ev_s=+9.2 dpan=+0.00 dtilt=+0.00 pan=3.0 tilt=1.9 err=9px DB
2026-06-27 21:22:04.822 [DEBUG] [marker_detector] ibvs tag_lost timer start pan=3.0 tilt=1.9
2026-06-27 21:22:05.027 [DEBUG] [marker_detector] ibvs eu=+2 ev=+13 eu_s=+1.9 ev_s=+11.5 dpan=+0.01 dtilt=-0.05 pan=3.0 tilt=1.8 err=13px
2026-06-27 21:22:05.071 [DEBUG] [marker_detector] ibvs tag_lost timer start pan=3.0 tilt=1.8
2026-06-27 21:22:08.965 [DEBUG] [marker_detector] ibvs tag_lost timer start pan=1.0 tilt=1.3
2026-06-27 21:22:09.011 [DEBUG] [marker_detector] ibvs eu=-136 ev=+8 eu_s=-128.2 ev_s=+8.5 dpan=-2.00 dtilt=-0.43 pan=-1.0 tilt=0.9 err=136px
2026-06-27 21:22:09.096 [DEBUG] [marker_detector] ibvs eu=-131 ev=+9 eu_s=-130.3 ev_s=+9.2 dpan=-2.00 dtilt=-0.46 pan=-5.0 tilt=-0.1 err=131px
2026-06-27 21:22:09.135 [DEBUG] [marker_detector] ibvs tag_lost timer start pan=-5.0 tilt=-0.1
2026-06-27 21:22:09.310 [DEBUG] [marker_detector] ibvs eu=-59 ev=-4 eu_s=-62.3 ev_s=-3.7 dpan=-2.00 dtilt=+0.18 pan=-9.0 tilt=0.2 err=60px
2026-06-27 21:22:09.403 [DEBUG] [marker_detector] ibvs tag_lost timer start pan=-11.0 tilt=0.4
2026-06-27 21:22:09.491 [DEBUG] [marker_detector] ibvs eu=+2 ev=-3 eu_s=-10.3 ev_s=-3.2 dpan=-0.02 dtilt=+0.01 pan=-11.0 tilt=0.4 err=4px
2026-06-27 21:22:09.580 [DEBUG] [marker_detector] ibvs eu=+2 ev=-3 eu_s=+1.4 ev_s=-3.1 dpan=+0.00 dtilt=+0.00 pan=-11.0 tilt=0.4 err=4px DB
2026-06-27 21:22:09.672 [DEBUG] [marker_detector] ibvs eu=+2 ev=-3 eu_s=+1.9 ev_s=-3.2 dpan=+0.00 dtilt=+0.00 pan=-11.0 tilt=0.4 err=4px DB
2026-06-27 21:22:09.767 [DEBUG] [marker_detector] ibvs eu=+2 ev=-3 eu_s=+2.0 ev_s=-3.2 dpan=+0.00 dtilt=+0.00 pan=-11.0 tilt=0.4 err=4px DB
2026-06-27 21:22:09.859 [DEBUG] [marker_detector] ibvs eu=+2 ev=-3 eu_s=+2.0 ev_s=-3.2 dpan=+0.00 dtilt=+0.00 pan=-11.0 tilt=0.4 err=4px DB
2026-06-27 21:22:09.952 [DEBUG] [marker_detector] ibvs eu=+2 ev=-3 eu_s=+2.0 ev_s=-3.3 dpan=+0.00 dtilt=+0.00 pan=-11.0 tilt=0.4 err=4px DB
2026-06-27 21:22:10.044 [DEBUG] [marker_detector] ibvs eu=+2 ev=-3 eu_s=+2.0 ev_s=-3.2 dpan=+0.00 dtilt=+0.00 pan=-11.0 tilt=0.4 err=4px DB
2026-06-27 21:22:10.136 [DEBUG] [marker_detector] ibvs eu=+2 ev=-3 eu_s=+2.0 ev_s=-3.2 dpan=+0.00 dtilt=+0.00 pan=-11.0 tilt=0.4 err=4px DB
2026-06-27 21:22:10.230 [DEBUG] [marker_detector] ibvs eu=+2 ev=-3 eu_s=+2.0 ev_s=-3.2 dpan=+0.00 dtilt=+0.00 pan=-11.0 tilt=0.4 err=4px DB
2026-06-27 21:22:10.321 [DEBUG] [marker_detector] ibvs eu=+2 ev=-3 eu_s=+2.1 ev_s=-3.2 dpan=+0.00 dtilt=+0.00 pan=-11.0 tilt=0.4 err=4px DB
2026-06-27 21:22:10.417 [DEBUG] [marker_detector] ibvs eu=+2 ev=-3 eu_s=+2.1 ev_s=-3.2 dpan=+0.00 dtilt=+0.00 pan=-11.0 tilt=0.4 err=4px DB
2026-06-27 21:22:10.510 [DEBUG] [marker_detector] ibvs eu=+2 ev=-3 eu_s=+2.1 ev_s=-3.2 dpan=+0.00 dtilt=+0.00 pan=-11.0 tilt=0.4 err=4px DB
2026-06-27 21:22:10.605 [DEBUG] [marker_detector] ibvs eu=+2 ev=-3 eu_s=+2.1 ev_s=-3.2 dpan=+0.00 dtilt=+0.00 pan=-11.0 tilt=0.4 err=4px DB
2026-06-27 21:22:10.696 [DEBUG] [marker_detector] ibvs eu=+2 ev=-3 eu_s=+2.1 ev_s=-3.2 dpan=+0.00 dtilt=+0.00 pan=-11.0 tilt=0.4 err=4px DB
2026-06-27 21:22:10.786 [DEBUG] [marker_detector] ibvs eu=+2 ev=-3 eu_s=+2.1 ev_s=-3.2 dpan=+0.00 dtilt=+0.00 pan=-11.0 tilt=0.4 err=4px DB
2026-06-27 21:22:10.874 [DEBUG] [marker_detector] ibvs eu=+2 ev=-3 eu_s=+2.1 ev_s=-3.2 dpan=+0.00 dtilt=+0.00 pan=-11.0 tilt=0.4 err=4px DB
2026-06-27 21:22:10.964 [DEBUG] [marker_detector] ibvs eu=+2 ev=-3 eu_s=+2.1 ev_s=-3.2 dpan=+0.00 dtilt=+0.00 pan=-11.0 tilt=0.4 err=4px DB
2026-06-27 21:22:11.057 [DEBUG] [marker_detector] ibvs eu=+11 ev=+16 eu_s=+9.5 ev_s=+12.4 dpan=+0.13 dtilt=-0.17 pan=-10.8 tilt=0.2 err=20px
2026-06-27 21:22:11.145 [DEBUG] [marker_detector] ibvs eu=-2 ev=-2 eu_s=-1.2 ev_s=-2.0 dpan=+0.00 dtilt=+0.00 pan=-10.8 tilt=0.2 err=3px DB
2026-06-27 21:22:11.237 [DEBUG] [marker_detector] ibvs eu=-4 ev=-6 eu_s=-3.7 ev_s=-5.1 dpan=+0.00 dtilt=+0.00 pan=-10.8 tilt=0.2 err=7px DB
2026-06-27 21:22:11.280 [DEBUG] [marker_detector] ibvs tag_lost timer start pan=-10.8 tilt=0.2
2026-06-27 21:22:11.363 [DEBUG] [marker_detector] ibvs tag_lost timer start pan=-11.3 tilt=0.4
2026-06-27 21:22:11.402 [DEBUG] [marker_detector] ibvs eu=-30 ev=-8 eu_s=-27.9 ev_s=-8.0 dpan=-1.33 dtilt=+0.38 pan=-12.6 tilt=0.8 err=31px
2026-06-27 21:22:11.493 [DEBUG] [marker_detector] ibvs eu=-26 ev=-5 eu_s=-26.9 ev_s=-4.8 dpan=-1.16 dtilt=+0.21 pan=-15.1 tilt=1.2 err=27px
2026-06-27 21:22:11.580 [DEBUG] [marker_detector] ibvs tag_lost timer start pan=-15.3 tilt=1.2
2026-06-27 21:22:11.668 [DEBUG] [marker_detector] ibvs eu=+8 ev=+6 eu_s=+3.7 ev_s=+4.0 dpan=+0.00 dtilt=+0.00 pan=-15.3 tilt=1.2 err=10px DB
2026-06-27 21:22:11.762 [DEBUG] [marker_detector] ibvs eu=+8 ev=+6 eu_s=+8.3 ev_s=+5.6 dpan=+0.00 dtilt=+0.00 pan=-15.3 tilt=1.2 err=10px DB
2026-06-27 21:22:11.849 [DEBUG] [marker_detector] ibvs eu=+8 ev=+6 eu_s=+8.5 ev_s=+5.6 dpan=+0.00 dtilt=+0.00 pan=-15.3 tilt=1.2 err=10px DB
2026-06-27 21:22:11.935 [DEBUG] [marker_detector] ibvs eu=+8 ev=+6 eu_s=+8.4 ev_s=+5.7 dpan=+0.00 dtilt=+0.00 pan=-15.3 tilt=1.2 err=10px DB
2026-06-27 21:22:12.025 [DEBUG] [marker_detector] ibvs eu=+8 ev=+6 eu_s=+8.4 ev_s=+5.7 dpan=+0.00 dtilt=+0.00 pan=-15.3 tilt=1.2 err=10px DB
2026-06-27 21:22:12.115 [DEBUG] [marker_detector] ibvs eu=+8 ev=+6 eu_s=+8.5 ev_s=+5.7 dpan=+0.00 dtilt=+0.00 pan=-15.3 tilt=1.2 err=10px DB
2026-06-27 21:22:12.203 [DEBUG] [marker_detector] ibvs eu=+8 ev=+6 eu_s=+8.5 ev_s=+5.7 dpan=+0.00 dtilt=+0.00 pan=-15.3 tilt=1.2 err=10px DB
2026-06-27 21:22:12.292 [DEBUG] [marker_detector] ibvs eu=+8 ev=+6 eu_s=+8.5 ev_s=+5.7 dpan=+0.00 dtilt=+0.00 pan=-15.3 tilt=1.2 err=10px DB
2026-06-27 21:22:12.388 [DEBUG] [marker_detector] ibvs eu=+8 ev=+6 eu_s=+8.5 ev_s=+5.7 dpan=+0.00 dtilt=+0.00 pan=-15.3 tilt=1.2 err=10px DB
2026-06-27 21:22:12.474 [DEBUG] [marker_detector] ibvs eu=+8 ev=+6 eu_s=+8.5 ev_s=+5.7 dpan=+0.00 dtilt=+0.00 pan=-15.3 tilt=1.2 err=10px DB
2026-06-27 21:22:12.564 [DEBUG] [marker_detector] ibvs eu=+8 ev=+6 eu_s=+8.5 ev_s=+5.7 dpan=+0.00 dtilt=+0.00 pan=-15.3 tilt=1.2 err=10px DB
2026-06-27 21:22:12.651 [DEBUG] [marker_detector] ibvs eu=+8 ev=+6 eu_s=+8.5 ev_s=+5.7 dpan=+0.00 dtilt=+0.00 pan=-15.3 tilt=1.2 err=10px DB
2026-06-27 21:22:12.739 [DEBUG] [marker_detector] ibvs eu=+8 ev=+6 eu_s=+8.5 ev_s=+5.7 dpan=+0.00 dtilt=+0.00 pan=-15.3 tilt=1.2 err=10px DB
2026-06-27 21:22:12.828 [DEBUG] [marker_detector] ibvs eu=+8 ev=+6 eu_s=+8.5 ev_s=+5.7 dpan=+0.00 dtilt=+0.00 pan=-15.3 tilt=1.2 err=10px DB
2026-06-27 21:22:12.917 [DEBUG] [marker_detector] ibvs eu=+8 ev=+6 eu_s=+8.5 ev_s=+5.8 dpan=+0.00 dtilt=+0.00 pan=-15.3 tilt=1.2 err=10px DB
2026-06-27 21:22:13.005 [DEBUG] [marker_detector] ibvs eu=+8 ev=+6 eu_s=+8.5 ev_s=+5.8 dpan=+0.00 dtilt=+0.00 pan=-15.3 tilt=1.2 err=10px DB
2026-06-27 21:22:13.093 [DEBUG] [marker_detector] ibvs eu=+8 ev=+6 eu_s=+8.4 ev_s=+5.7 dpan=+0.00 dtilt=+0.00 pan=-15.3 tilt=1.2 err=10px DB
2026-06-27 21:22:13.180 [DEBUG] [marker_detector] ibvs eu=+8 ev=+6 eu_s=+8.5 ev_s=+5.8 dpan=+0.00 dtilt=+0.00 pan=-15.3 tilt=1.2 err=10px DB
2026-06-27 21:22:13.267 [DEBUG] [marker_detector] ibvs eu=+9 ev=+6 eu_s=+8.5 ev_s=+5.7 dpan=+0.00 dtilt=+0.00 pan=-15.3 tilt=1.2 err=10px DB
2026-06-27 21:22:13.355 [DEBUG] [marker_detector] ibvs eu=+8 ev=+6 eu_s=+8.5 ev_s=+5.7 dpan=+0.00 dtilt=+0.00 pan=-15.3 tilt=1.2 err=10px DB
2026-06-27 21:22:13.446 [DEBUG] [marker_detector] ibvs eu=+8 ev=+6 eu_s=+8.5 ev_s=+5.8 dpan=+0.00 dtilt=+0.00 pan=-15.3 tilt=1.2 err=10px DB
2026-06-27 21:22:13.533 [DEBUG] [marker_detector] ibvs eu=+8 ev=+6 eu_s=+8.5 ev_s=+5.7 dpan=+0.00 dtilt=+0.00 pan=-15.3 tilt=1.2 err=10px DB
2026-06-27 21:22:13.626 [DEBUG] [marker_detector] ibvs eu=+8 ev=+6 eu_s=+8.5 ev_s=+5.7 dpan=+0.00 dtilt=+0.00 pan=-15.3 tilt=1.2 err=10px DB
2026-06-27 21:22:13.712 [DEBUG] [marker_detector] ibvs eu=+9 ev=+6 eu_s=+8.5 ev_s=+5.7 dpan=+0.00 dtilt=+0.00 pan=-15.3 tilt=1.2 err=10px DB
2026-06-27 21:22:13.799 [DEBUG] [marker_detector] ibvs eu=+9 ev=+6 eu_s=+8.5 ev_s=+5.7 dpan=+0.00 dtilt=+0.00 pan=-15.3 tilt=1.2 err=10px DB
2026-06-27 21:22:13.891 [DEBUG] [marker_detector] ibvs eu=+9 ev=+6 eu_s=+8.5 ev_s=+5.7 dpan=+0.00 dtilt=+0.00 pan=-15.3 tilt=1.2 err=10px DB
2026-06-27 21:22:13.979 [DEBUG] [marker_detector] ibvs eu=+9 ev=+6 eu_s=+8.5 ev_s=+5.7 dpan=+0.00 dtilt=+0.00 pan=-15.3 tilt=1.2 err=10px DB
2026-06-27 21:22:14.065 [DEBUG] [marker_detector] ibvs eu=+9 ev=+6 eu_s=+8.5 ev_s=+5.8 dpan=+0.00 dtilt=+0.00 pan=-15.3 tilt=1.2 err=10px DB
2026-06-27 21:22:14.154 [DEBUG] [marker_detector] ibvs eu=+8 ev=+6 eu_s=+8.5 ev_s=+5.7 dpan=+0.00 dtilt=+0.00 pan=-15.3 tilt=1.2 err=10px DB
2026-06-27 21:22:14.243 [DEBUG] [marker_detector] ibvs eu=+9 ev=+6 eu_s=+8.5 ev_s=+5.8 dpan=+0.00 dtilt=+0.00 pan=-15.3 tilt=1.2 err=10px DB
2026-06-27 21:22:14.329 [DEBUG] [marker_detector] ibvs eu=+8 ev=+6 eu_s=+8.5 ev_s=+5.7 dpan=+0.00 dtilt=+0.00 pan=-15.3 tilt=1.2 err=10px DB
2026-06-27 21:22:14.416 [DEBUG] [marker_detector] ibvs eu=+8 ev=+6 eu_s=+8.5 ev_s=+5.7 dpan=+0.00 dtilt=+0.00 pan=-15.3 tilt=1.2 err=10px DB
2026-06-27 21:22:14.504 [DEBUG] [marker_detector] ibvs eu=+8 ev=+6 eu_s=+8.5 ev_s=+5.7 dpan=+0.00 dtilt=+0.00 pan=-15.3 tilt=1.2 err=10px DB
2026-06-27 21:22:14.593 [DEBUG] [marker_detector] ibvs eu=+9 ev=+6 eu_s=+8.5 ev_s=+5.7 dpan=+0.00 dtilt=+0.00 pan=-15.3 tilt=1.2 err=10px DB
2026-06-27 21:22:14.684 [DEBUG] [marker_detector] ibvs eu=+9 ev=+6 eu_s=+8.5 ev_s=+5.7 dpan=+0.00 dtilt=+0.00 pan=-15.3 tilt=1.2 err=10px DB
2026-06-27 21:22:14.773 [DEBUG] [marker_detector] ibvs eu=+9 ev=+6 eu_s=+8.5 ev_s=+5.7 dpan=+0.00 dtilt=+0.00 pan=-15.3 tilt=1.2 err=10px DB
2026-06-27 21:22:14.859 [DEBUG] [marker_detector] ibvs eu=+9 ev=+6 eu_s=+8.5 ev_s=+5.8 dpan=+0.00 dtilt=+0.00 pan=-15.3 tilt=1.2 err=10px DB
2026-06-27 21:22:14.958 [DEBUG] [marker_detector] ibvs eu=+9 ev=+6 eu_s=+8.5 ev_s=+5.7 dpan=+0.00 dtilt=+0.00 pan=-15.3 tilt=1.2 err=10px DB
2026-06-27 21:22:15.044 [DEBUG] [marker_detector] ibvs eu=+9 ev=+6 eu_s=+8.5 ev_s=+5.7 dpan=+0.00 dtilt=+0.00 pan=-15.3 tilt=1.2 err=10px DB
2026-06-27 21:22:15.136 [DEBUG] [marker_detector] ibvs eu=+9 ev=+6 eu_s=+8.5 ev_s=+5.7 dpan=+0.00 dtilt=+0.00 pan=-15.3 tilt=1.2 err=10px DB
2026-06-27 21:22:15.223 [DEBUG] [marker_detector] ibvs eu=+9 ev=+6 eu_s=+8.6 ev_s=+5.7 dpan=+0.00 dtilt=+0.00 pan=-15.3 tilt=1.2 err=10px DB
2026-06-27 21:22:15.310 [DEBUG] [marker_detector] ibvs tag_lost timer start pan=-15.3 tilt=1.2
2026-06-27 21:22:15.395 [DEBUG] [marker_detector] ibvs eu=+16 ev=+6 eu_s=+14.2 ev_s=+5.7 dpan=+0.19 dtilt=-0.08 pan=-15.1 tilt=1.2 err=17px
2026-06-27 21:22:15.440 [DEBUG] [marker_detector] ibvs tag_lost timer start pan=-15.1 tilt=1.2
2026-06-27 21:22:15.695 [DEBUG] [marker_detector] ibvs eu=-130 ev=+4 eu_s=-124.2 ev_s=+2.3 dpan=-2.00 dtilt=-0.12 pan=-19.1 tilt=1.2 err=130px
2026-06-27 21:22:15.786 [DEBUG] [marker_detector] ibvs eu=-118 ev=+1 eu_s=-120.1 ev_s=+1.3 dpan=-2.00 dtilt=-0.07 pan=-23.1 tilt=1.0 err=118px
2026-06-27 21:22:15.826 [DEBUG] [marker_detector] ibvs tag_lost timer start pan=-23.1 tilt=1.0
2026-06-27 21:22:15.912 [DEBUG] [marker_detector] ibvs eu=-59 ev=+2 eu_s=-65.2 ev_s=+1.9 dpan=-2.00 dtilt=-0.09 pan=-27.1 tilt=0.8 err=59px
2026-06-27 21:22:16.003 [DEBUG] [marker_detector] ibvs tag_lost timer start pan=-29.1 tilt=0.8
2026-06-27 21:22:16.051 [DEBUG] [marker_detector] ibvs eu=-16 ev=+3 eu_s=-25.2 ev_s=+2.5 dpan=-0.96 dtilt=-0.10 pan=-30.1 tilt=0.7 err=17px
2026-06-27 21:22:16.092 [DEBUG] [marker_detector] ibvs tag_lost timer start pan=-30.1 tilt=0.7
2026-06-27 21:22:16.179 [DEBUG] [marker_detector] ibvs eu=+19 ev=+2 eu_s=+15.7 ev_s=+2.3 dpan=+0.23 dtilt=-0.03 pan=-29.8 tilt=0.6 err=19px
2026-06-27 21:22:16.270 [DEBUG] [marker_detector] ibvs eu=+19 ev=+2 eu_s=+18.9 ev_s=+2.2 dpan=+0.42 dtilt=-0.05 pan=-29.0 tilt=0.5 err=19px
2026-06-27 21:22:16.316 [DEBUG] [marker_detector] ibvs tag_lost timer start pan=-29.0 tilt=0.5
2026-06-27 21:22:16.401 [DEBUG] [marker_detector] ibvs tag_lost timer start pan=-27.3 tilt=-0.0
2026-06-27 21:22:16.574 [DEBUG] [marker_detector] ibvs eu=-83 ev=-15 eu_s=-59.5 ev_s=-9.4 dpan=-2.00 dtilt=+0.47 pan=-29.3 tilt=0.4 err=85px
2026-06-27 21:22:16.672 [DEBUG] [marker_detector] ibvs eu=-81 ev=-10 eu_s=-80.0 ev_s=-10.3 dpan=-2.00 dtilt=+0.51 pan=-33.3 tilt=1.4 err=82px
2026-06-27 21:22:16.761 [DEBUG] [marker_detector] ibvs tag_lost timer start pan=-35.3 tilt=1.9
2026-06-27 21:22:16.855 [DEBUG] [marker_detector] ibvs eu=-12 ev=+6 eu_s=-23.6 ev_s=+2.8 dpan=-0.82 dtilt=-0.10 pan=-36.1 tilt=1.8 err=13px
2026-06-27 21:22:16.949 [DEBUG] [marker_detector] ibvs eu=-6 ev=+6 eu_s=-6.3 ev_s=+5.5 dpan=+0.00 dtilt=+0.00 pan=-36.1 tilt=1.8 err=8px DB
2026-06-27 21:22:17.040 [DEBUG] [marker_detector] ibvs eu=-0 ev=+5 eu_s=-1.3 ev_s=+5.4 dpan=+0.00 dtilt=+0.00 pan=-36.1 tilt=1.8 err=5px DB
2026-06-27 21:22:17.129 [DEBUG] [marker_detector] ibvs eu=+0 ev=+6 eu_s=+0.2 ev_s=+5.6 dpan=+0.00 dtilt=+0.00 pan=-36.1 tilt=1.8 err=6px DB
2026-06-27 21:22:17.218 [DEBUG] [marker_detector] ibvs eu=+9 ev=+8 eu_s=+9.5 ev_s=+8.9 dpan=+0.00 dtilt=+0.00 pan=-35.8 tilt=1.6 err=12px DB
2026-06-27 21:22:17.307 [DEBUG] [marker_detector] ibvs tag_lost timer start pan=-35.8 tilt=1.6
2026-06-27 21:22:17.486 [DEBUG] [marker_detector] ibvs eu=-80 ev=+14 eu_s=-62.3 ev_s=+13.0 dpan=-2.00 dtilt=-0.65 pan=-37.8 tilt=1.0 err=81px
2026-06-27 21:22:17.574 [DEBUG] [marker_detector] ibvs eu=-71 ev=+15 eu_s=-70.8 ev_s=+14.7 dpan=-2.00 dtilt=-0.73 pan=-41.8 tilt=-0.5 err=72px
2026-06-27 21:22:17.666 [DEBUG] [marker_detector] ibvs tag_lost timer start pan=-43.8 tilt=-1.1
2026-06-27 21:22:17.758 [DEBUG] [marker_detector] ibvs eu=-2 ev=-6 eu_s=-13.8 ev_s=-1.9 dpan=-0.14 dtilt=+0.02 pan=-44.0 tilt=-1.1 err=6px
2026-06-27 21:22:17.850 [DEBUG] [marker_detector] ibvs eu=-2 ev=-6 eu_s=-2.0 ev_s=-5.7 dpan=+0.00 dtilt=+0.00 pan=-44.0 tilt=-1.1 err=6px DB
2026-06-27 21:22:17.938 [DEBUG] [marker_detector] ibvs eu=-1 ev=-6 eu_s=-1.5 ev_s=-5.8 dpan=+0.00 dtilt=+0.00 pan=-44.0 tilt=-1.1 err=6px DB
2026-06-27 21:22:18.030 [DEBUG] [marker_detector] ibvs eu=-1 ev=-6 eu_s=-1.4 ev_s=-5.9 dpan=+0.00 dtilt=+0.00 pan=-44.0 tilt=-1.1 err=6px DB
2026-06-27 21:22:18.117 [DEBUG] [marker_detector] ibvs tag_lost timer start pan=-44.0 tilt=-1.1
2026-06-27 21:22:18.157 [DEBUG] [marker_detector] ibvs eu=+19 ev=-0 eu_s=+15.1 ev_s=-1.5 dpan=+0.19 dtilt=+0.02 pan=-43.8 tilt=-1.1 err=19px
2026-06-27 21:22:18.244 [DEBUG] [marker_detector] ibvs tag_lost timer start pan=-43.7 tilt=-0.9
2026-06-27 21:22:18.453 [DEBUG] [marker_detector] ibvs eu=-112 ev=-31 eu_s=-88.5 ev_s=-27.7 dpan=-2.00 dtilt=+1.39 pan=-45.7 tilt=0.5 err=117px
2026-06-27 21:22:18.542 [DEBUG] [marker_detector] ibvs eu=-119 ev=-21 eu_s=-118.2 ev_s=-21.2 dpan=-2.00 dtilt=+1.06 pan=-49.7 tilt=2.7 err=121px
2026-06-27 21:22:18.684 [DEBUG] [marker_detector] ibvs eu=-72 ev=+5 eu_s=-79.7 ev_s=+0.6 dpan=-2.00 dtilt=-0.03 pan=-53.7 tilt=3.5 err=73px
2026-06-27 21:22:18.772 [DEBUG] [marker_detector] ibvs eu=-36 ev=+21 eu_s=-38.3 ev_s=+19.7 dpan=-1.91 dtilt=-0.99 pan=-57.6 tilt=1.7 err=42px
2026-06-27 21:22:18.818 [DEBUG] [marker_detector] ibvs tag_lost timer start pan=-57.6 tilt=1.7
2026-06-27 21:22:18.993 [DEBUG] [marker_detector] ibvs eu=+23 ev=+5 eu_s=+20.1 ev_s=+5.7 dpan=+0.55 dtilt=-0.16 pan=-57.0 tilt=1.5 err=23px
2026-06-27 21:22:19.084 [DEBUG] [marker_detector] ibvs eu=+23 ev=+5 eu_s=+22.7 ev_s=+5.0 dpan=+0.75 dtilt=-0.17 pan=-55.6 tilt=1.2 err=23px
2026-06-27 21:22:19.231 [DEBUG] [marker_detector] ibvs eu=+23 ev=+5 eu_s=+22.8 ev_s=+5.1 dpan=+0.76 dtilt=-0.17 pan=-54.0 tilt=0.8 err=23px
2026-06-27 21:22:19.318 [DEBUG] [marker_detector] ibvs eu=+5 ev=+3 eu_s=+5.5 ev_s=+3.0 dpan=+0.00 dtilt=+0.00 pan=-54.0 tilt=0.8 err=5px DB
2026-06-27 21:22:19.406 [DEBUG] [marker_detector] ibvs eu=+5 ev=+3 eu_s=+4.6 ev_s=+2.9 dpan=+0.00 dtilt=+0.00 pan=-54.0 tilt=0.8 err=5px DB
2026-06-27 21:22:19.560 [DEBUG] [marker_detector] ibvs tag_lost timer start pan=-54.0 tilt=0.8
2026-06-27 21:22:19.643 [DEBUG] [marker_detector] ibvs eu=+9 ev=+7 eu_s=+8.4 ev_s=+5.9 dpan=+0.00 dtilt=+0.00 pan=-54.0 tilt=0.8 err=11px DB
2026-06-27 21:22:19.688 [DEBUG] [marker_detector] ibvs tag_lost timer start pan=-54.0 tilt=0.8
2026-06-27 21:22:19.989 [DEBUG] [marker_detector] ibvs eu=-125 ev=+0 eu_s=-119.8 ev_s=+0.7 dpan=-2.00 dtilt=-0.04 pan=-58.0 tilt=0.7 err=125px
2026-06-27 21:22:20.121 [DEBUG] [marker_detector] ibvs tag_lost timer start pan=-60.0 tilt=0.7
2026-06-27 21:22:20.166 [DEBUG] [marker_detector] ibvs eu=-98 ev=+2 eu_s=-103.4 ev_s=+1.6 dpan=-2.00 dtilt=-0.08 pan=-62.0 tilt=0.6 err=98px
2026-06-27 21:22:20.277 [DEBUG] [marker_detector] ibvs eu=-70 ev=+2 eu_s=-71.3 ev_s=+2.4 dpan=-2.00 dtilt=-0.12 pan=-66.0 tilt=0.4 err=70px
2026-06-27 21:22:20.360 [DEBUG] [marker_detector] ibvs tag_lost timer start pan=-66.0 tilt=0.4
2026-06-27 21:22:20.488 [DEBUG] [marker_detector] ibvs eu=-6 ev=-2 eu_s=-8.8 ev_s=-1.7 dpan=+0.00 dtilt=+0.00 pan=-66.5 tilt=0.4 err=7px DB
2026-06-27 21:22:20.626 [DEBUG] [marker_detector] ibvs eu=-6 ev=-2 eu_s=-6.2 ev_s=-2.0 dpan=+0.00 dtilt=+0.00 pan=-66.5 tilt=0.4 err=6px DB
2026-06-27 21:22:20.721 [DEBUG] [marker_detector] ibvs eu=-6 ev=-2 eu_s=-6.0 ev_s=-2.1 dpan=+0.00 dtilt=+0.00 pan=-66.5 tilt=0.4 err=6px DB
2026-06-27 21:22:20.826 [DEBUG] [marker_detector] ibvs eu=-6 ev=-2 eu_s=-6.1 ev_s=-2.0 dpan=+0.00 dtilt=+0.00 pan=-66.5 tilt=0.4 err=6px DB
2026-06-27 21:22:20.957 [DEBUG] [marker_detector] ibvs eu=-6 ev=-2 eu_s=-6.0 ev_s=-2.0 dpan=+0.00 dtilt=+0.00 pan=-66.5 tilt=0.4 err=6px DB
2026-06-27 21:22:21.049 [DEBUG] [marker_detector] ibvs eu=-6 ev=-2 eu_s=-6.0 ev_s=-2.1 dpan=+0.00 dtilt=+0.00 pan=-66.5 tilt=0.4 err=6px DB
2026-06-27 21:22:21.195 [DEBUG] [marker_detector] ibvs eu=-6 ev=-2 eu_s=-5.9 ev_s=-2.0 dpan=+0.00 dtilt=+0.00 pan=-66.5 tilt=0.4 err=6px DB
2026-06-27 21:22:21.284 [DEBUG] [marker_detector] ibvs eu=-6 ev=-2 eu_s=-5.9 ev_s=-2.1 dpan=+0.00 dtilt=+0.00 pan=-66.5 tilt=0.4 err=6px DB
2026-06-27 21:22:21.384 [DEBUG] [marker_detector] ibvs eu=-6 ev=-2 eu_s=-5.9 ev_s=-2.1 dpan=+0.00 dtilt=+0.00 pan=-66.5 tilt=0.4 err=6px DB
2026-06-27 21:22:21.521 [DEBUG] [marker_detector] ibvs tag_lost timer start pan=-66.5 tilt=0.4
2026-06-27 21:22:21.703 [DEBUG] [marker_detector] ibvs eu=-137 ev=-7 eu_s=-110.7 ev_s=-5.5 dpan=-2.00 dtilt=+0.28 pan=-68.5 tilt=0.7 err=138px
2026-06-27 21:22:21.794 [DEBUG] [marker_detector] ibvs eu=-133 ev=-8 eu_s=-132.9 ev_s=-7.5 dpan=-2.00 dtilt=+0.37 pan=-72.5 tilt=1.4 err=133px
2026-06-27 21:22:21.841 [DEBUG] [marker_detector] ibvs tag_lost timer start pan=-72.5 tilt=1.4
2026-06-27 21:22:21.934 [DEBUG] [marker_detector] ibvs eu=-79 ev=-5 eu_s=-85.5 ev_s=-5.6 dpan=-2.00 dtilt=+0.28 pan=-76.5 tilt=2.0 err=79px
2026-06-27 21:22:22.028 [DEBUG] [marker_detector] ibvs tag_lost timer start pan=-78.5 tilt=2.3
2026-06-27 21:22:22.072 [DEBUG] [marker_detector] ibvs eu=-43 ev=+4 eu_s=-50.3 ev_s=+2.4 dpan=-2.00 dtilt=-0.12 pan=-80.5 tilt=2.1 err=43px
2026-06-27 21:22:22.120 [DEBUG] [marker_detector] ibvs tag_lost timer start pan=-80.5 tilt=2.1
2026-06-27 21:22:22.210 [DEBUG] [marker_detector] ibvs eu=+6 ev=+5 eu_s=-0.1 ev_s=+4.5 dpan=+0.00 dtilt=+0.00 pan=-81.3 tilt=2.0 err=7px DB
2026-06-27 21:22:22.314 [DEBUG] [marker_detector] ibvs eu=+6 ev=+4 eu_s=+6.0 ev_s=+4.2 dpan=+0.00 dtilt=+0.00 pan=-81.3 tilt=2.0 err=8px DB
2026-06-27 21:22:22.405 [DEBUG] [marker_detector] ibvs eu=+6 ev=+4 eu_s=+6.4 ev_s=+4.1 dpan=+0.00 dtilt=+0.00 pan=-81.3 tilt=2.0 err=8px DB
2026-06-27 21:22:22.496 [DEBUG] [marker_detector] ibvs eu=+7 ev=+4 eu_s=+6.7 ev_s=+4.1 dpan=+0.00 dtilt=+0.00 pan=-81.3 tilt=2.0 err=8px DB
2026-06-27 21:22:22.588 [DEBUG] [marker_detector] ibvs eu=+7 ev=+4 eu_s=+6.7 ev_s=+4.1 dpan=+0.00 dtilt=+0.00 pan=-81.3 tilt=2.0 err=8px DB
2026-06-27 21:22:22.682 [DEBUG] [marker_detector] ibvs eu=+7 ev=+4 eu_s=+6.8 ev_s=+4.1 dpan=+0.00 dtilt=+0.00 pan=-81.3 tilt=2.0 err=8px DB
2026-06-27 21:22:22.783 [DEBUG] [marker_detector] ibvs eu=+7 ev=+4 eu_s=+7.0 ev_s=+4.1 dpan=+0.00 dtilt=+0.00 pan=-81.3 tilt=2.0 err=8px DB
2026-06-27 21:22:22.873 [DEBUG] [marker_detector] ibvs eu=+7 ev=+4 eu_s=+7.0 ev_s=+4.1 dpan=+0.00 dtilt=+0.00 pan=-81.3 tilt=2.0 err=8px DB
2026-06-27 21:22:22.964 [DEBUG] [marker_detector] ibvs eu=+7 ev=+4 eu_s=+7.0 ev_s=+4.1 dpan=+0.00 dtilt=+0.00 pan=-81.3 tilt=2.0 err=8px DB
2026-06-27 21:22:23.058 [DEBUG] [marker_detector] ibvs eu=+7 ev=+4 eu_s=+7.1 ev_s=+4.0 dpan=+0.00 dtilt=+0.00 pan=-81.3 tilt=2.0 err=8px DB
2026-06-27 21:22:23.154 [DEBUG] [marker_detector] ibvs eu=+17 ev=+4 eu_s=+14.9 ev_s=+4.1 dpan=+0.20 dtilt=-0.06 pan=-81.1 tilt=1.9 err=17px
2026-06-27 21:22:23.194 [DEBUG] [marker_detector] ibvs tag_lost timer start pan=-81.1 tilt=1.9
2026-06-27 21:22:23.375 [DEBUG] [marker_detector] ibvs eu=-118 ev=+12 eu_s=-113.2 ev_s=+12.1 dpan=-2.00 dtilt=-0.60 pan=-85.1 tilt=0.7 err=118px
2026-06-27 21:22:23.465 [DEBUG] [marker_detector] ibvs eu=-95 ev=+9 eu_s=-99.8 ev_s=+9.9 dpan=-2.00 dtilt=-0.50 pan=-89.1 tilt=-0.4 err=96px
2026-06-27 21:22:23.512 [DEBUG] [marker_detector] ibvs tag_lost timer start pan=-89.1 tilt=-0.4
2026-06-27 21:22:23.643 [DEBUG] [marker_detector] ibvs eu=-20 ev=-12 eu_s=-23.3 ev_s=-11.1 dpan=-0.92 dtilt=+0.44 pan=-90.0 tilt=0.4 err=23px CLAMP_PAN
2026-06-27 21:22:23.737 [DEBUG] [marker_detector] ibvs eu=-11 ev=-13 eu_s=-13.1 ev_s=-12.4 dpan=-0.26 dtilt=+0.25 pan=-90.0 tilt=1.1 err=17px CLAMP_PAN
2026-06-27 21:22:23.834 [DEBUG] [marker_detector] ibvs eu=-11 ev=-8 eu_s=-11.1 ev_s=-9.1 dpan=-0.12 dtilt=+0.10 pan=-90.0 tilt=1.4 err=14px CLAMP_PAN
2026-06-27 21:22:23.927 [DEBUG] [marker_detector] ibvs eu=-12 ev=-1 eu_s=-11.5 ev_s=-1.4 dpan=-0.05 dtilt=+0.01 pan=-90.0 tilt=1.4 err=12px CLAMP_PAN
2026-06-27 21:22:24.025 [DEBUG] [marker_detector] ibvs eu=-11 ev=-1 eu_s=-11.5 ev_s=-1.1 dpan=-0.04 dtilt=+0.00 pan=-90.0 tilt=1.4 err=12px CLAMP_PAN
2026-06-27 21:22:24.122 [DEBUG] [marker_detector] ibvs eu=-11 ev=-1 eu_s=-11.3 ev_s=-1.2 dpan=-0.04 dtilt=+0.00 pan=-90.0 tilt=1.4 err=11px CLAMP_PAN
2026-06-27 21:22:24.222 [DEBUG] [marker_detector] ibvs eu=-11 ev=-1 eu_s=-11.2 ev_s=-1.2 dpan=-0.04 dtilt=+0.00 pan=-90.0 tilt=1.4 err=11px CLAMP_PAN
2026-06-27 21:22:24.316 [DEBUG] [marker_detector] ibvs eu=-11 ev=-1 eu_s=-11.2 ev_s=-1.2 dpan=-0.04 dtilt=+0.00 pan=-90.0 tilt=1.4 err=11px CLAMP_PAN
2026-06-27 21:22:24.409 [DEBUG] [marker_detector] ibvs eu=-11 ev=-1 eu_s=-11.1 ev_s=-1.2 dpan=-0.03 dtilt=+0.00 pan=-90.0 tilt=1.4 err=11px CLAMP_PAN
2026-06-27 21:22:24.503 [DEBUG] [marker_detector] ibvs eu=-11 ev=-1 eu_s=-11.1 ev_s=-1.2 dpan=-0.03 dtilt=+0.00 pan=-90.0 tilt=1.4 err=11px CLAMP_PAN
2026-06-27 21:22:24.599 [DEBUG] [marker_detector] ibvs eu=-11 ev=-1 eu_s=-11.1 ev_s=-1.2 dpan=-0.03 dtilt=+0.00 pan=-90.0 tilt=1.4 err=11px CLAMP_PAN
2026-06-27 21:22:24.699 [DEBUG] [marker_detector] ibvs eu=-11 ev=-1 eu_s=-11.0 ev_s=-1.3 dpan=-0.03 dtilt=+0.00 pan=-90.0 tilt=1.4 err=11px CLAMP_PAN
2026-06-27 21:22:24.794 [DEBUG] [marker_detector] ibvs eu=-11 ev=-1 eu_s=-11.0 ev_s=-1.3 dpan=-0.03 dtilt=+0.00 pan=-90.0 tilt=1.5 err=11px CLAMP_PAN
2026-06-27 21:22:24.896 [DEBUG] [marker_detector] ibvs eu=-11 ev=+3 eu_s=-11.0 ev_s=+2.4 dpan=-0.03 dtilt=-0.01 pan=-90.0 tilt=1.5 err=11px CLAMP_PAN
2026-06-27 21:22:24.992 [DEBUG] [marker_detector] ibvs eu=-11 ev=+3 eu_s=-10.9 ev_s=+3.3 dpan=-0.04 dtilt=-0.01 pan=-90.0 tilt=1.4 err=11px CLAMP_PAN
2026-06-27 21:22:25.088 [DEBUG] [marker_detector] ibvs eu=-11 ev=+3 eu_s=-10.9 ev_s=+3.4 dpan=-0.04 dtilt=-0.01 pan=-90.0 tilt=1.4 err=11px CLAMP_PAN
2026-06-27 21:22:25.180 [DEBUG] [marker_detector] ibvs eu=-11 ev=+3 eu_s=-10.9 ev_s=+3.4 dpan=-0.04 dtilt=-0.01 pan=-90.0 tilt=1.4 err=11px CLAMP_PAN
2026-06-27 21:22:25.282 [DEBUG] [marker_detector] ibvs eu=-11 ev=+3 eu_s=-10.9 ev_s=+3.3 dpan=-0.04 dtilt=-0.01 pan=-90.0 tilt=1.4 err=11px CLAMP_PAN
2026-06-27 21:22:25.378 [DEBUG] [marker_detector] ibvs eu=-11 ev=+3 eu_s=-10.8 ev_s=+3.4 dpan=-0.04 dtilt=-0.01 pan=-90.0 tilt=1.3 err=11px CLAMP_PAN
2026-06-27 21:22:25.469 [DEBUG] [marker_detector] ibvs eu=-4 ev=-0 eu_s=-5.2 ev_s=+0.5 dpan=+0.00 dtilt=+0.00 pan=-90.0 tilt=1.3 err=4px DB
2026-06-27 21:22:25.558 [DEBUG] [marker_detector] ibvs eu=-4 ev=+3 eu_s=-4.9 ev_s=+3.1 dpan=+0.00 dtilt=+0.00 pan=-90.0 tilt=1.3 err=5px DB
2026-06-27 21:22:25.604 [DEBUG] [marker_detector] ibvs tag_lost timer start pan=-90.0 tilt=1.3
2026-06-27 21:22:30.615 [INFO ] [marker_detector] ibvs servo_reset pan→0 tilt→0 lost=5.0s
2026-06-27 21:22:30.672 [DEBUG] [marker_detector] ibvs tag_lost timer start pan=0.0 tilt=0.0
2026-06-27 21:22:33.260 [DEBUG] [marker_detector] ibvs eu=-212 ev=-8 eu_s=-202.7 ev_s=-7.9 dpan=-2.00 dtilt=+0.39 pan=-4.0 tilt=0.7 err=212px
2026-06-27 21:22:33.349 [DEBUG] [marker_detector] ibvs eu=-213 ev=-14 eu_s=-212.7 ev_s=-14.1 dpan=-2.00 dtilt=+0.71 pan=-8.0 tilt=2.1 err=213px
2026-06-27 21:22:33.430 [DEBUG] [marker_detector] ibvs tag_lost timer start pan=-10.0 tilt=2.6
2026-06-27 21:22:33.516 [DEBUG] [marker_detector] ibvs eu=-130 ev=+8 eu_s=-140.6 ev_s=+4.2 dpan=-2.00 dtilt=-0.21 pan=-12.0 tilt=2.4 err=130px
2026-06-27 21:22:33.608 [DEBUG] [marker_detector] ibvs eu=-105 ev=+9 eu_s=-106.5 ev_s=+8.5 dpan=-2.00 dtilt=-0.43 pan=-16.0 tilt=1.5 err=106px
2026-06-27 21:22:33.691 [DEBUG] [marker_detector] ibvs eu=-75 ev=+9 eu_s=-78.6 ev_s=+9.2 dpan=-2.00 dtilt=-0.46 pan=-20.0 tilt=0.7 err=76px
2026-06-27 21:22:33.774 [DEBUG] [marker_detector] ibvs tag_lost timer start pan=-22.0 tilt=0.2
2026-06-27 21:22:33.821 [DEBUG] [marker_detector] ibvs eu=-29 ev=+6 eu_s=-35.5 ev_s=+6.2 dpan=-1.77 dtilt=-0.31 pan=-23.8 tilt=-0.1 err=29px
2026-06-27 21:22:33.862 [DEBUG] [marker_detector] ibvs tag_lost timer start pan=-23.8 tilt=-0.1
2026-06-27 21:22:33.947 [DEBUG] [marker_detector] ibvs eu=-2 ev=-5 eu_s=-3.1 ev_s=-3.3 dpan=+0.00 dtilt=+0.00 pan=-23.8 tilt=-0.1 err=5px DB
2026-06-27 21:22:34.038 [DEBUG] [marker_detector] ibvs eu=+15 ev=-10 eu_s=+13.9 ev_s=-10.1 dpan=+0.25 dtilt=+0.18 pan=-23.4 tilt=0.2 err=18px
2026-06-27 21:22:34.131 [DEBUG] [marker_detector] ibvs eu=+15 ev=-10 eu_s=+14.6 ev_s=-10.4 dpan=+0.29 dtilt=+0.20 pan=-22.9 tilt=0.6 err=18px
2026-06-27 21:22:34.222 [DEBUG] [marker_detector] ibvs eu=+15 ev=-10 eu_s=+14.6 ev_s=-10.2 dpan=+0.29 dtilt=+0.20 pan=-22.3 tilt=1.0 err=18px
2026-06-27 21:22:34.312 [DEBUG] [marker_detector] ibvs eu=+14 ev=-10 eu_s=+13.7 ev_s=-9.9 dpan=+0.24 dtilt=+0.17 pan=-21.8 tilt=1.3 err=17px
2026-06-27 21:22:34.399 [DEBUG] [marker_detector] ibvs eu=+9 ev=+1 eu_s=+9.6 ev_s=-1.0 dpan=+0.00 dtilt=+0.00 pan=-21.6 tilt=1.4 err=9px DB
2026-06-27 21:22:34.494 [DEBUG] [marker_detector] ibvs eu=+8 ev=+1 eu_s=+8.4 ev_s=+0.6 dpan=+0.00 dtilt=+0.00 pan=-21.6 tilt=1.4 err=8px DB
2026-06-27 21:22:34.584 [DEBUG] [marker_detector] ibvs eu=+8 ev=+1 eu_s=+8.4 ev_s=+0.6 dpan=+0.00 dtilt=+0.00 pan=-21.6 tilt=1.4 err=8px DB
2026-06-27 21:22:34.676 [DEBUG] [marker_detector] ibvs eu=+8 ev=+1 eu_s=+8.4 ev_s=+0.6 dpan=+0.00 dtilt=+0.00 pan=-21.6 tilt=1.4 err=8px DB
2026-06-27 21:22:34.765 [DEBUG] [marker_detector] ibvs eu=+9 ev=-0 eu_s=+8.9 ev_s=-0.2 dpan=+0.00 dtilt=+0.00 pan=-21.6 tilt=1.4 err=9px DB
2026-06-27 21:22:34.848 [DEBUG] [marker_detector] ibvs eu=-12 ev=-3 eu_s=-9.5 ev_s=-3.3 dpan=+0.00 dtilt=+0.00 pan=-21.6 tilt=1.4 err=12px DB
2026-06-27 21:22:34.936 [DEBUG] [marker_detector] ibvs eu=-11 ev=-7 eu_s=-11.6 ev_s=-6.3 dpan=-0.09 dtilt=+0.05 pan=-21.8 tilt=1.5 err=13px
2026-06-27 21:22:35.025 [DEBUG] [marker_detector] ibvs tag_lost timer start pan=-21.9 tilt=1.5
2026-06-27 21:22:35.072 [DEBUG] [marker_detector] ibvs eu=+14 ev=-4 eu_s=+8.4 ev_s=-3.1 dpan=+0.00 dtilt=+0.00 pan=-21.9 tilt=1.5 err=14px DB
2026-06-27 21:22:35.157 [DEBUG] [marker_detector] ibvs eu=+31 ev=+12 eu_s=+27.6 ev_s=+9.4 dpan=+1.32 dtilt=-0.45 pan=-20.4 tilt=1.1 err=33px
2026-06-27 21:22:35.245 [DEBUG] [marker_detector] ibvs eu=+32 ev=+4 eu_s=+33.0 ev_s=+4.7 dpan=+1.65 dtilt=-0.24 pan=-17.0 tilt=0.5 err=33px
2026-06-27 21:22:35.337 [DEBUG] [marker_detector] ibvs tag_lost timer start pan=-16.6 tilt=0.4
2026-06-27 21:22:35.425 [DEBUG] [marker_detector] ibvs eu=-28 ev=-3 eu_s=-19.0 ev_s=-2.3 dpan=-0.43 dtilt=+0.05 pan=-17.0 tilt=0.5 err=29px
2026-06-27 21:22:35.520 [DEBUG] [marker_detector] ibvs eu=-28 ev=-4 eu_s=-28.0 ev_s=-3.8 dpan=-1.28 dtilt=+0.17 pan=-19.4 tilt=0.8 err=29px
2026-06-27 21:22:35.612 [DEBUG] [marker_detector] ibvs eu=-25 ev=-3 eu_s=-25.4 ev_s=-3.4 dpan=-1.00 dtilt=+0.13 pan=-21.7 tilt=1.1 err=25px
2026-06-27 21:22:35.700 [DEBUG] [marker_detector] ibvs eu=+3 ev=-4 eu_s=-0.3 ev_s=-3.6 dpan=+0.00 dtilt=+0.00 pan=-21.8 tilt=1.1 err=5px DB
2026-06-27 21:22:35.742 [DEBUG] [marker_detector] ibvs tag_lost timer start pan=-21.8 tilt=1.1
2026-06-27 21:22:35.831 [DEBUG] [marker_detector] ibvs eu=+19 ev=-0 eu_s=+18.4 ev_s=-0.3 dpan=+0.39 dtilt=+0.01 pan=-21.2 tilt=1.1 err=19px
2026-06-27 21:22:35.921 [DEBUG] [marker_detector] ibvs eu=+19 ev=-0 eu_s=+19.2 ev_s=-0.2 dpan=+0.44 dtilt=+0.00 pan=-20.4 tilt=1.2 err=19px
2026-06-27 21:22:36.012 [DEBUG] [marker_detector] ibvs eu=+19 ev=-0 eu_s=+19.2 ev_s=-0.1 dpan=+0.44 dtilt=+0.00 pan=-19.5 tilt=1.2 err=19px
2026-06-27 21:22:36.101 [DEBUG] [marker_detector] ibvs eu=+12 ev=-0 eu_s=+13.3 ev_s=-0.1 dpan=+0.11 dtilt=+0.00 pan=-19.0 tilt=1.2 err=12px
2026-06-27 21:22:36.193 [DEBUG] [marker_detector] ibvs eu=-0 ev=-0 eu_s=+2.0 ev_s=-0.0 dpan=+0.00 dtilt=+0.00 pan=-19.0 tilt=1.2 err=0px DB
2026-06-27 21:22:36.284 [DEBUG] [marker_detector] ibvs eu=-1 ev=+0 eu_s=-0.5 ev_s=+0.0 dpan=+0.00 dtilt=+0.00 pan=-19.0 tilt=1.2 err=1px DB
2026-06-27 21:22:36.375 [DEBUG] [marker_detector] ibvs eu=-1 ev=+0 eu_s=-0.6 ev_s=+0.1 dpan=+0.00 dtilt=+0.00 pan=-19.0 tilt=1.2 err=1px DB
2026-06-27 21:22:36.466 [DEBUG] [marker_detector] ibvs eu=-1 ev=+0 eu_s=-0.6 ev_s=+0.1 dpan=+0.00 dtilt=+0.00 pan=-19.0 tilt=1.2 err=1px DB
2026-06-27 21:22:36.567 [DEBUG] [marker_detector] ibvs eu=-1 ev=+0 eu_s=-0.6 ev_s=+0.1 dpan=+0.00 dtilt=+0.00 pan=-19.0 tilt=1.2 err=1px DB
2026-06-27 21:22:36.676 [DEBUG] [marker_detector] ibvs eu=-1 ev=+0 eu_s=-0.6 ev_s=+0.1 dpan=+0.00 dtilt=+0.00 pan=-19.0 tilt=1.2 err=1px DB
2026-06-27 21:22:36.764 [DEBUG] [marker_detector] ibvs eu=-1 ev=+0 eu_s=-0.6 ev_s=+0.1 dpan=+0.00 dtilt=+0.00 pan=-19.0 tilt=1.2 err=1px DB
2026-06-27 21:22:36.854 [DEBUG] [marker_detector] ibvs eu=-1 ev=+0 eu_s=-0.6 ev_s=+0.0 dpan=+0.00 dtilt=+0.00 pan=-19.0 tilt=1.2 err=1px DB
2026-06-27 21:22:36.944 [DEBUG] [marker_detector] ibvs eu=-1 ev=+0 eu_s=-0.6 ev_s=+0.1 dpan=+0.00 dtilt=+0.00 pan=-19.0 tilt=1.2 err=1px DB
2026-06-27 21:22:37.033 [DEBUG] [marker_detector] ibvs eu=-1 ev=+0 eu_s=-0.6 ev_s=+0.1 dpan=+0.00 dtilt=+0.00 pan=-19.0 tilt=1.2 err=1px DB
2026-06-27 21:22:37.125 [DEBUG] [marker_detector] ibvs eu=-1 ev=+0 eu_s=-0.6 ev_s=+0.1 dpan=+0.00 dtilt=+0.00 pan=-19.0 tilt=1.2 err=1px DB
2026-06-27 21:22:37.220 [DEBUG] [marker_detector] ibvs eu=-1 ev=+0 eu_s=-0.6 ev_s=+0.1 dpan=+0.00 dtilt=+0.00 pan=-19.0 tilt=1.2 err=1px DB
2026-06-27 21:22:37.309 [DEBUG] [marker_detector] ibvs eu=-1 ev=+0 eu_s=-0.6 ev_s=+0.1 dpan=+0.00 dtilt=+0.00 pan=-19.0 tilt=1.2 err=1px DB
2026-06-27 21:22:37.351 [DEBUG] [marker_detector] ibvs tag_lost timer start pan=-19.0 tilt=1.2
2026-06-27 21:22:37.445 [DEBUG] [marker_detector] ibvs eu=-10 ev=+1 eu_s=-9.9 ev_s=-0.2 dpan=+0.00 dtilt=+0.00 pan=-19.0 tilt=1.2 err=10px DB
2026-06-27 21:22:37.529 [DEBUG] [marker_detector] ibvs tag_lost timer start pan=-19.0 tilt=1.2
2026-06-27 21:22:37.572 [DEBUG] [marker_detector] ibvs eu=+4 ev=+1 eu_s=+1.4 ev_s=+0.4 dpan=+0.00 dtilt=+0.00 pan=-19.0 tilt=1.2 err=4px DB
2026-06-27 21:22:37.657 [DEBUG] [marker_detector] ibvs eu=+18 ev=+3 eu_s=+16.6 ev_s=+2.6 dpan=+0.28 dtilt=-0.04 pan=-18.7 tilt=1.1 err=18px
2026-06-27 21:22:37.700 [DEBUG] [marker_detector] ibvs tag_lost timer start pan=-18.7 tilt=1.1
2026-06-27 21:22:37.783 [DEBUG] [marker_detector] ibvs eu=+20 ev=+4 eu_s=+20.8 ev_s=+5.5 dpan=+0.60 dtilt=-0.16 pan=-17.3 tilt=0.6 err=21px
2026-06-27 21:22:37.873 [DEBUG] [marker_detector] ibvs eu=+8 ev=+4 eu_s=+9.5 ev_s=+3.9 dpan=+0.00 dtilt=+0.00 pan=-17.0 tilt=0.5 err=9px DB
2026-06-27 21:22:37.960 [DEBUG] [marker_detector] ibvs eu=-3 ev=+4 eu_s=-0.5 ev_s=+3.7 dpan=+0.00 dtilt=+0.00 pan=-17.0 tilt=0.5 err=5px DB
2026-06-27 21:22:38.050 [DEBUG] [marker_detector] ibvs eu=-3 ev=+2 eu_s=-2.8 ev_s=+2.2 dpan=+0.00 dtilt=+0.00 pan=-17.0 tilt=0.5 err=4px DB
2026-06-27 21:22:38.140 [DEBUG] [marker_detector] ibvs eu=-3 ev=+2 eu_s=-2.8 ev_s=+2.1 dpan=+0.00 dtilt=+0.00 pan=-17.0 tilt=0.5 err=4px DB
2026-06-27 21:22:38.228 [DEBUG] [marker_detector] ibvs eu=-3 ev=+2 eu_s=-2.8 ev_s=+2.1 dpan=+0.00 dtilt=+0.00 pan=-17.0 tilt=0.5 err=4px DB
2026-06-27 21:22:38.317 [DEBUG] [marker_detector] ibvs eu=-3 ev=+2 eu_s=-2.7 ev_s=+2.0 dpan=+0.00 dtilt=+0.00 pan=-17.0 tilt=0.5 err=3px DB
2026-06-27 21:22:38.408 [DEBUG] [marker_detector] ibvs eu=-3 ev=+2 eu_s=-2.8 ev_s=+2.1 dpan=+0.00 dtilt=+0.00 pan=-17.0 tilt=0.5 err=4px DB
2026-06-27 21:22:38.506 [DEBUG] [marker_detector] ibvs eu=-3 ev=+2 eu_s=-2.8 ev_s=+2.0 dpan=+0.00 dtilt=+0.00 pan=-17.0 tilt=0.5 err=3px DB
2026-06-27 21:22:38.594 [DEBUG] [marker_detector] ibvs eu=-3 ev=+2 eu_s=-2.8 ev_s=+2.1 dpan=+0.00 dtilt=+0.00 pan=-17.0 tilt=0.5 err=4px DB
2026-06-27 21:22:38.684 [DEBUG] [marker_detector] ibvs eu=-3 ev=+2 eu_s=-2.8 ev_s=+2.0 dpan=+0.00 dtilt=+0.00 pan=-17.0 tilt=0.5 err=3px DB
2026-06-27 21:22:38.770 [DEBUG] [marker_detector] ibvs tag_lost timer start pan=-17.0 tilt=0.5
2026-06-27 21:22:38.898 [DEBUG] [marker_detector] ibvs eu=-23 ev=+6 eu_s=-19.0 ev_s=+5.2 dpan=-0.46 dtilt=-0.13 pan=-17.5 tilt=0.4 err=24px
2026-06-27 21:22:38.945 [DEBUG] [marker_detector] ibvs tag_lost timer start pan=-17.5 tilt=0.4
2026-06-27 21:22:39.192 [DEBUG] [marker_detector] ibvs tag_lost timer start pan=-15.5 tilt=0.3
2026-06-27 21:22:39.275 [DEBUG] [marker_detector] ibvs eu=+86 ev=-1 eu_s=+84.6 ev_s=-0.2 dpan=+2.00 dtilt=+0.01 pan=-13.5 tilt=0.3 err=86px
2026-06-27 21:22:39.364 [DEBUG] [marker_detector] ibvs eu=+79 ev=-2 eu_s=+79.0 ev_s=-2.1 dpan=+2.00 dtilt=+0.10 pan=-9.5 tilt=0.5 err=79px
2026-06-27 21:22:39.405 [DEBUG] [marker_detector] ibvs tag_lost timer start pan=-9.5 tilt=0.5
2026-06-27 21:22:39.493 [DEBUG] [marker_detector] ibvs eu=+33 ev=-1 eu_s=+37.1 ev_s=-1.4 dpan=+1.85 dtilt=+0.07 pan=-5.6 tilt=0.7 err=33px
2026-06-27 21:22:39.581 [DEBUG] [marker_detector] ibvs tag_lost timer start pan=-4.0 tilt=0.7
2026-06-27 21:22:39.627 [DEBUG] [marker_detector] ibvs eu=-7 ev=-2 eu_s=+0.9 ev_s=-1.7 dpan=+0.00 dtilt=+0.00 pan=-4.0 tilt=0.7 err=7px DB
2026-06-27 21:22:39.667 [DEBUG] [marker_detector] ibvs tag_lost timer start pan=-4.0 tilt=0.7
2026-06-27 21:22:39.756 [DEBUG] [marker_detector] ibvs eu=-29 ev=-2 eu_s=-27.5 ev_s=-1.7 dpan=-1.21 dtilt=+0.07 pan=-5.9 tilt=0.9 err=29px
2026-06-27 21:22:39.845 [DEBUG] [marker_detector] ibvs eu=-29 ev=-2 eu_s=-28.5 ev_s=-1.9 dpan=-1.32 dtilt=+0.09 pan=-8.5 tilt=1.0 err=29px
2026-06-27 21:22:39.931 [DEBUG] [marker_detector] ibvs tag_lost timer start pan=-9.1 tilt=1.1
2026-06-27 21:22:40.018 [DEBUG] [marker_detector] ibvs eu=+20 ev=-2 eu_s=+11.5 ev_s=-2.0 dpan=+0.05 dtilt=+0.01 pan=-9.1 tilt=1.1 err=20px
2026-06-27 21:22:40.101 [DEBUG] [marker_detector] ibvs eu=+15 ev=-7 eu_s=+15.4 ev_s=-5.9 dpan=+0.25 dtilt=+0.10 pan=-8.6 tilt=1.2 err=17px
2026-06-27 21:22:40.192 [DEBUG] [marker_detector] ibvs eu=+17 ev=-1 eu_s=+16.2 ev_s=-1.8 dpan=+0.26 dtilt=+0.03 pan=-8.1 tilt=1.3 err=17px
2026-06-27 21:22:40.277 [DEBUG] [marker_detector] ibvs eu=+31 ev=+2 eu_s=+28.7 ev_s=+2.3 dpan=+1.35 dtilt=-0.11 pan=-6.3 tilt=1.2 err=31px
2026-06-27 21:22:40.361 [DEBUG] [marker_detector] ibvs eu=+41 ev=-4 eu_s=+39.9 ev_s=-2.6 dpan=+2.00 dtilt=+0.13 pan=-2.6 tilt=1.2 err=42px
2026-06-27 21:22:40.408 [DEBUG] [marker_detector] ibvs tag_lost timer start pan=-2.6 tilt=1.2
2026-06-27 21:22:40.577 [DEBUG] [marker_detector] ibvs eu=-13 ev=+2 eu_s=-10.8 ev_s=+1.7 dpan=-0.03 dtilt=-0.00 pan=-2.7 tilt=1.2 err=13px
2026-06-27 21:22:40.669 [DEBUG] [marker_detector] ibvs eu=-13 ev=+4 eu_s=-13.3 ev_s=+3.6 dpan=-0.13 dtilt=-0.03 pan=-2.9 tilt=1.1 err=14px
2026-06-27 21:22:40.757 [DEBUG] [marker_detector] ibvs eu=-13 ev=+5 eu_s=-13.3 ev_s=+4.3 dpan=-0.13 dtilt=-0.04 pan=-3.2 tilt=1.1 err=14px
2026-06-27 21:22:40.846 [DEBUG] [marker_detector] ibvs eu=-18 ev=+1 eu_s=-17.2 ev_s=+1.7 dpan=-0.31 dtilt=-0.03 pan=-3.6 tilt=1.0 err=18px
2026-06-27 21:22:40.930 [DEBUG] [marker_detector] ibvs eu=-19 ev=+6 eu_s=-19.6 ev_s=+5.8 dpan=-0.51 dtilt=-0.15 pan=-5.0 tilt=0.6 err=19px
2026-06-27 21:22:41.014 [DEBUG] [marker_detector] ibvs eu=-2 ev=+9 eu_s=-4.3 ev_s=+8.1 dpan=+0.00 dtilt=+0.00 pan=-5.1 tilt=0.6 err=9px DB
2026-06-27 21:22:41.061 [DEBUG] [marker_detector] ibvs tag_lost timer start pan=-5.1 tilt=0.6
2026-06-27 21:22:41.457 [DEBUG] [marker_detector] ibvs eu=-145 ev=+6 eu_s=-141.2 ev_s=+6.5 dpan=-2.00 dtilt=-0.32 pan=-9.1 tilt=-0.1 err=145px
2026-06-27 21:22:41.500 [DEBUG] [marker_detector] ibvs tag_lost timer start pan=-9.1 tilt=-0.1
2026-06-27 21:22:41.762 [DEBUG] [marker_detector] ibvs eu=-48 ev=+14 eu_s=-52.8 ev_s=+14.4 dpan=-2.00 dtilt=-0.72 pan=-13.1 tilt=-1.6 err=51px
2026-06-27 21:22:41.804 [DEBUG] [marker_detector] ibvs tag_lost timer start pan=-13.1 tilt=-1.6
2026-06-27 21:22:41.933 [DEBUG] [marker_detector] ibvs eu=-26 ev=-8 eu_s=-26.8 ev_s=-6.9 dpan=-1.19 dtilt=+0.30 pan=-15.9 tilt=-1.0 err=27px
2026-06-27 21:22:41.982 [DEBUG] [marker_detector] ibvs tag_lost timer start pan=-15.9 tilt=-1.0
2026-06-27 21:22:42.501 [DEBUG] [marker_detector] ibvs eu=+195 ev=-8 eu_s=+186.5 ev_s=-8.7 dpan=+2.00 dtilt=+0.43 pan=-11.9 tilt=-0.0 err=195px
2026-06-27 21:22:42.593 [DEBUG] [marker_detector] ibvs eu=+188 ev=-8 eu_s=+189.3 ev_s=-8.1 dpan=+2.00 dtilt=+0.41 pan=-7.9 tilt=0.8 err=189px
2026-06-27 21:22:42.686 [DEBUG] [marker_detector] ibvs eu=+151 ev=+6 eu_s=+155.7 ev_s=+4.1 dpan=+2.00 dtilt=-0.20 pan=-3.9 tilt=0.7 err=151px
2026-06-27 21:22:42.784 [DEBUG] [marker_detector] ibvs tag_lost timer start pan=-1.9 tilt=0.4
2026-06-27 21:22:42.873 [DEBUG] [marker_detector] ibvs eu=+71 ev=+14 eu_s=+84.6 ev_s=+12.2 dpan=+2.00 dtilt=-0.61 pan=0.1 tilt=-0.2 err=72px
2026-06-27 21:22:42.973 [DEBUG] [marker_detector] ibvs eu=+68 ev=+14 eu_s=+68.3 ev_s=+13.7 dpan=+2.00 dtilt=-0.69 pan=4.1 tilt=-1.6 err=69px
2026-06-27 21:22:43.017 [DEBUG] [marker_detector] ibvs tag_lost timer start pan=4.1 tilt=-1.6
2026-06-27 21:22:43.648 [DEBUG] [marker_detector] ibvs eu=-141 ev=-15 eu_s=-132.8 ev_s=-13.8 dpan=-2.00 dtilt=+0.69 pan=0.1 tilt=-0.5 err=142px
2026-06-27 21:22:43.741 [DEBUG] [marker_detector] ibvs tag_lost timer start pan=-1.9 tilt=0.3
2026-06-27 21:22:43.791 [DEBUG] [marker_detector] ibvs eu=-121 ev=-14 eu_s=-124.5 ev_s=-13.8 dpan=-2.00 dtilt=+0.69 pan=-3.9 tilt=1.0 err=122px
2026-06-27 21:22:43.834 [DEBUG] [marker_detector] ibvs tag_lost timer start pan=-3.9 tilt=1.0
2026-06-27 21:22:43.924 [DEBUG] [marker_detector] ibvs tag_lost timer start pan=-5.9 tilt=1.0
2026-06-27 21:22:43.974 [DEBUG] [marker_detector] ibvs eu=-75 ev=+3 eu_s=-80.2 ev_s=+2.5 dpan=-2.00 dtilt=-0.12 pan=-7.9 tilt=0.9 err=75px
2026-06-27 21:22:44.075 [DEBUG] [marker_detector] ibvs eu=-49 ev=+3 eu_s=-50.5 ev_s=+3.5 dpan=-2.00 dtilt=-0.17 pan=-11.9 tilt=0.5 err=49px
2026-06-27 21:22:44.117 [DEBUG] [marker_detector] ibvs tag_lost timer start pan=-11.9 tilt=0.5
2026-06-27 21:22:44.209 [DEBUG] [marker_detector] ibvs tag_lost timer start pan=-12.1 tilt=0.4
2026-06-27 21:22:44.295 [DEBUG] [marker_detector] ibvs eu=-1 ev=+9 eu_s=-3.0 ev_s=+8.8 dpan=+0.00 dtilt=+0.00 pan=-12.1 tilt=0.4 err=9px DB
2026-06-27 21:22:44.383 [DEBUG] [marker_detector] ibvs eu=-7 ev=+6 eu_s=-6.2 ev_s=+5.8 dpan=+0.00 dtilt=+0.00 pan=-12.1 tilt=0.4 err=9px DB
2026-06-27 21:22:44.470 [DEBUG] [marker_detector] ibvs eu=-14 ev=+3 eu_s=-12.8 ev_s=+3.8 dpan=-0.11 dtilt=-0.03 pan=-12.2 tilt=0.4 err=14px
2026-06-27 21:22:44.558 [DEBUG] [marker_detector] ibvs tag_lost timer start pan=-12.9 tilt=0.4
2026-06-27 21:22:44.603 [DEBUG] [marker_detector] ibvs eu=-39 ev=+2 eu_s=-35.8 ev_s=+1.2 dpan=-1.79 dtilt=-0.06 pan=-14.7 tilt=0.4 err=39px
2026-06-27 21:22:44.691 [DEBUG] [marker_detector] ibvs eu=-45 ev=+5 eu_s=-45.7 ev_s=+4.5 dpan=-2.00 dtilt=-0.23 pan=-18.7 tilt=0.0 err=45px
2026-06-27 21:22:44.778 [DEBUG] [marker_detector] ibvs eu=-20 ev=+4 eu_s=-22.4 ev_s=+4.1 dpan=-0.71 dtilt=-0.13 pan=-21.0 tilt=-0.3 err=21px
2026-06-27 21:22:44.820 [DEBUG] [marker_detector] ibvs tag_lost timer start pan=-21.0 tilt=-0.3
2026-06-27 21:22:44.950 [DEBUG] [marker_detector] ibvs eu=+28 ev=-5 eu_s=+23.5 ev_s=-3.9 dpan=+0.81 dtilt=+0.14 pan=-20.1 tilt=-0.2 err=28px
2026-06-27 21:22:45.042 [DEBUG] [marker_detector] ibvs eu=+28 ev=-5 eu_s=+27.7 ev_s=-4.8 dpan=+1.25 dtilt=+0.22 pan=-17.7 tilt=0.2 err=28px
2026-06-27 21:22:45.082 [DEBUG] [marker_detector] ibvs tag_lost timer start pan=-17.7 tilt=0.2
2026-06-27 21:22:45.258 [DEBUG] [marker_detector] ibvs eu=-10 ev=-0 eu_s=-8.3 ev_s=-0.4 dpan=+0.00 dtilt=+0.00 pan=-17.7 tilt=0.2 err=10px DB
2026-06-27 21:22:45.348 [DEBUG] [marker_detector] ibvs tag_lost timer start pan=-17.8 tilt=0.2
2026-06-27 21:22:45.394 [DEBUG] [marker_detector] ibvs eu=-29 ev=-10 eu_s=-26.2 ev_s=-8.4 dpan=-1.15 dtilt=+0.37 pan=-19.0 tilt=0.6 err=31px
2026-06-27 21:22:45.479 [DEBUG] [marker_detector] ibvs eu=-42 ev=-7 eu_s=-38.8 ev_s=-6.2 dpan=-1.94 dtilt=+0.31 pan=-22.0 tilt=1.0 err=42px
2026-06-27 21:22:45.568 [DEBUG] [marker_detector] ibvs tag_lost timer start pan=-24.0 tilt=1.4
2026-06-27 21:22:45.831 [DEBUG] [marker_detector] ibvs eu=-230 ev=+11 eu_s=-191.7 ev_s=+7.2 dpan=-2.00 dtilt=-0.36 pan=-26.0 tilt=1.1 err=230px
2026-06-27 21:22:45.873 [DEBUG] [marker_detector] ibvs tag_lost timer start pan=-26.0 tilt=1.1
2026-06-27 21:22:45.963 [DEBUG] [marker_detector] ibvs tag_lost timer start pan=-28.0 tilt=0.6
2026-06-27 21:22:46.091 [DEBUG] [marker_detector] ibvs eu=-169 ev=+18 eu_s=-179.2 ev_s=+16.2 dpan=-2.00 dtilt=-0.81 pan=-30.0 tilt=-0.2 err=170px
2026-06-27 21:22:46.175 [DEBUG] [marker_detector] ibvs tag_lost timer start pan=-32.0 tilt=-0.9
2026-06-27 21:22:46.616 [DEBUG] [marker_detector] ibvs eu=+2 ev=-30 eu_s=-33.2 ev_s=-21.1 dpan=-1.66 dtilt=+1.05 pan=-33.6 tilt=0.2 err=30px
2026-06-27 21:22:46.707 [DEBUG] [marker_detector] ibvs eu=+2 ev=-28 eu_s=+0.9 ev_s=-27.9 dpan=+0.04 dtilt=+1.25 pan=-33.8 tilt=2.5 err=28px
2026-06-27 21:22:46.744 [DEBUG] [marker_detector] ibvs tag_lost timer start pan=-33.8 tilt=2.5
2026-06-27 21:22:46.831 [DEBUG] [marker_detector] ibvs eu=+22 ev=+2 eu_s=+21.4 ev_s=-0.9 dpan=+0.61 dtilt=+0.03 pan=-32.6 tilt=2.8 err=22px
2026-06-27 21:22:46.920 [DEBUG] [marker_detector] ibvs eu=+22 ev=+4 eu_s=+22.0 ev_s=+3.3 dpan=+0.67 dtilt=-0.10 pan=-31.3 tilt=2.6 err=22px
2026-06-27 21:22:47.009 [DEBUG] [marker_detector] ibvs eu=+16 ev=+9 eu_s=+17.1 ev_s=+8.0 dpan=+0.38 dtilt=-0.18 pan=-30.3 tilt=2.3 err=18px
2026-06-27 21:22:47.107 [DEBUG] [marker_detector] ibvs eu=-0 ev=+9 eu_s=+2.3 ev_s=+8.8 dpan=+0.00 dtilt=+0.00 pan=-30.1 tilt=2.2 err=9px DB
2026-06-27 21:22:47.194 [DEBUG] [marker_detector] ibvs eu=+12 ev=+12 eu_s=+9.1 ev_s=+11.5 dpan=+0.11 dtilt=-0.14 pan=-30.0 tilt=2.0 err=17px
2026-06-27 21:22:47.283 [DEBUG] [marker_detector] ibvs tag_lost timer start pan=-29.7 tilt=1.7
2026-06-27 21:22:51.338 [DEBUG] [marker_detector] ibvs eu=+111 ev=+35 eu_s=+91.4 ev_s=+30.9 dpan=+2.00 dtilt=-1.55 pan=-27.7 tilt=0.2 err=117px
2026-06-27 21:22:51.391 [DEBUG] [marker_detector] ibvs tag_lost timer start pan=-27.7 tilt=0.2
2026-06-27 21:22:51.524 [DEBUG] [marker_detector] ibvs tag_lost timer start pan=-25.7 tilt=-0.8
2026-06-27 21:22:51.572 [DEBUG] [marker_detector] ibvs eu=+93 ev=+8 eu_s=+96.1 ev_s=+10.2 dpan=+2.00 dtilt=-0.51 pan=-23.7 tilt=-1.3 err=93px
2026-06-27 21:22:51.619 [DEBUG] [marker_detector] ibvs tag_lost timer start pan=-23.7 tilt=-1.3
2026-06-27 21:22:51.715 [DEBUG] [marker_detector] ibvs tag_lost timer start pan=-21.7 tilt=-1.5
2026-06-27 21:22:53.285 [DEBUG] [marker_detector] ibvs eu=+109 ev=+9 eu_s=+102.5 ev_s=+7.9 dpan=+2.00 dtilt=-0.40 pan=-19.7 tilt=-1.9 err=110px
2026-06-27 21:22:53.322 [DEBUG] [marker_detector] ibvs tag_lost timer start pan=-19.7 tilt=-1.9
2026-06-27 21:22:53.613 [DEBUG] [marker_detector] ibvs eu=+92 ev=+3 eu_s=+92.4 ev_s=+3.2 dpan=+2.00 dtilt=-0.16 pan=-15.7 tilt=-2.2 err=92px
2026-06-27 21:22:53.719 [DEBUG] [marker_detector] ibvs tag_lost timer start pan=-13.7 tilt=-2.4
2026-06-27 21:22:53.797 [DEBUG] [marker_detector] ibvs eu=+55 ev=+4 eu_s=+62.6 ev_s=+3.8 dpan=+2.00 dtilt=-0.19 pan=-11.7 tilt=-2.6 err=55px
2026-06-27 21:22:53.895 [DEBUG] [marker_detector] ibvs eu=+43 ev=+5 eu_s=+43.8 ev_s=+4.5 dpan=+2.00 dtilt=-0.22 pan=-7.7 tilt=-3.0 err=43px
2026-06-27 21:22:53.945 [DEBUG] [marker_detector] ibvs tag_lost timer start pan=-7.7 tilt=-3.0
2026-06-27 21:22:54.080 [DEBUG] [marker_detector] ibvs eu=-5 ev=-6 eu_s=-0.0 ev_s=-5.9 dpan=+0.00 dtilt=+0.00 pan=-7.2 tilt=-2.9 err=8px DB
2026-06-27 21:22:54.180 [DEBUG] [marker_detector] ibvs eu=-5 ev=-6 eu_s=-5.1 ev_s=-6.4 dpan=+0.00 dtilt=+0.00 pan=-7.2 tilt=-2.9 err=8px DB
2026-06-27 21:22:54.315 [DEBUG] [marker_detector] ibvs eu=-5 ev=-6 eu_s=-5.2 ev_s=-6.5 dpan=+0.00 dtilt=+0.00 pan=-7.2 tilt=-2.9 err=8px DB
2026-06-27 21:22:54.414 [DEBUG] [marker_detector] ibvs eu=-5 ev=-7 eu_s=-5.2 ev_s=-6.6 dpan=+0.00 dtilt=+0.00 pan=-7.2 tilt=-2.9 err=8px DB
2026-06-27 21:22:54.511 [DEBUG] [marker_detector] ibvs eu=-5 ev=-7 eu_s=-5.3 ev_s=-6.5 dpan=+0.00 dtilt=+0.00 pan=-7.2 tilt=-2.9 err=8px DB
2026-06-27 21:22:54.639 [DEBUG] [marker_detector] ibvs eu=-5 ev=-7 eu_s=-5.3 ev_s=-6.7 dpan=+0.00 dtilt=+0.00 pan=-7.2 tilt=-2.9 err=8px DB
2026-06-27 21:22:54.735 [DEBUG] [marker_detector] ibvs eu=-5 ev=-7 eu_s=-5.3 ev_s=-6.7 dpan=+0.00 dtilt=+0.00 pan=-7.2 tilt=-2.9 err=8px DB
2026-06-27 21:22:54.842 [DEBUG] [marker_detector] ibvs eu=-5 ev=-7 eu_s=-5.3 ev_s=-6.7 dpan=+0.00 dtilt=+0.00 pan=-7.2 tilt=-2.9 err=9px DB
2026-06-27 21:22:54.962 [DEBUG] [marker_detector] ibvs eu=-5 ev=-7 eu_s=-5.3 ev_s=-6.7 dpan=+0.00 dtilt=+0.00 pan=-7.2 tilt=-2.9 err=8px DB
2026-06-27 21:22:55.056 [DEBUG] [marker_detector] ibvs eu=-5 ev=-7 eu_s=-5.3 ev_s=-6.7 dpan=+0.00 dtilt=+0.00 pan=-7.2 tilt=-2.9 err=9px DB
2026-06-27 21:22:55.197 [DEBUG] [marker_detector] ibvs eu=-5 ev=-7 eu_s=-5.3 ev_s=-6.8 dpan=+0.00 dtilt=+0.00 pan=-7.2 tilt=-2.9 err=9px DB
2026-06-27 21:22:55.293 [DEBUG] [marker_detector] ibvs eu=-5 ev=-7 eu_s=-5.3 ev_s=-6.8 dpan=+0.00 dtilt=+0.00 pan=-7.2 tilt=-2.9 err=9px DB
2026-06-27 21:22:55.409 [DEBUG] [marker_detector] ibvs eu=-5 ev=-7 eu_s=-5.3 ev_s=-6.8 dpan=+0.00 dtilt=+0.00 pan=-7.2 tilt=-2.9 err=9px DB
2026-06-27 21:22:55.523 [DEBUG] [marker_detector] ibvs eu=-5 ev=-7 eu_s=-5.3 ev_s=-6.7 dpan=+0.00 dtilt=+0.00 pan=-7.2 tilt=-2.9 err=9px DB
2026-06-27 21:22:55.616 [DEBUG] [marker_detector] ibvs eu=-5 ev=-7 eu_s=-5.3 ev_s=-6.8 dpan=+0.00 dtilt=+0.00 pan=-7.2 tilt=-2.9 err=9px DB
2026-06-27 21:22:55.749 [DEBUG] [marker_detector] ibvs eu=-5 ev=-7 eu_s=-5.3 ev_s=-6.8 dpan=+0.00 dtilt=+0.00 pan=-7.2 tilt=-2.9 err=9px DB
2026-06-27 21:22:55.847 [DEBUG] [marker_detector] ibvs eu=-5 ev=-7 eu_s=-5.3 ev_s=-6.8 dpan=+0.00 dtilt=+0.00 pan=-7.2 tilt=-2.9 err=9px DB
2026-06-27 21:22:55.952 [DEBUG] [marker_detector] ibvs eu=-5 ev=-7 eu_s=-5.3 ev_s=-6.8 dpan=+0.00 dtilt=+0.00 pan=-7.2 tilt=-2.9 err=9px DB
2026-06-27 21:22:56.072 [DEBUG] [marker_detector] ibvs eu=-5 ev=-7 eu_s=-5.3 ev_s=-6.8 dpan=+0.00 dtilt=+0.00 pan=-7.2 tilt=-2.9 err=9px DB
2026-06-27 21:22:56.168 [DEBUG] [marker_detector] ibvs eu=-5 ev=-7 eu_s=-5.3 ev_s=-6.9 dpan=+0.00 dtilt=+0.00 pan=-7.2 tilt=-2.9 err=9px DB
2026-06-27 21:22:56.306 [DEBUG] [marker_detector] ibvs eu=-5 ev=-7 eu_s=-5.3 ev_s=-6.9 dpan=+0.00 dtilt=+0.00 pan=-7.2 tilt=-2.9 err=9px DB
2026-06-27 21:22:56.402 [DEBUG] [marker_detector] ibvs eu=-5 ev=-7 eu_s=-5.3 ev_s=-6.9 dpan=+0.00 dtilt=+0.00 pan=-7.2 tilt=-2.9 err=9px DB
2026-06-27 21:22:56.508 [DEBUG] [marker_detector] ibvs eu=-5 ev=-7 eu_s=-5.3 ev_s=-6.9 dpan=+0.00 dtilt=+0.00 pan=-7.2 tilt=-2.9 err=9px DB
2026-06-27 21:22:56.633 [DEBUG] [marker_detector] ibvs eu=-5 ev=-7 eu_s=-5.2 ev_s=-6.9 dpan=+0.00 dtilt=+0.00 pan=-7.2 tilt=-2.9 err=9px DB
2026-06-27 21:22:56.729 [DEBUG] [marker_detector] ibvs eu=-5 ev=-7 eu_s=-5.3 ev_s=-6.9 dpan=+0.00 dtilt=+0.00 pan=-7.2 tilt=-2.9 err=9px DB
2026-06-27 21:22:56.860 [DEBUG] [marker_detector] ibvs eu=-5 ev=-7 eu_s=-5.3 ev_s=-6.9 dpan=+0.00 dtilt=+0.00 pan=-7.2 tilt=-2.9 err=9px DB
2026-06-27 21:22:56.954 [DEBUG] [marker_detector] ibvs eu=-5 ev=-7 eu_s=-5.3 ev_s=-7.0 dpan=+0.00 dtilt=+0.00 pan=-7.2 tilt=-2.9 err=9px DB
2026-06-27 21:22:57.063 [DEBUG] [marker_detector] ibvs eu=-5 ev=-7 eu_s=-5.3 ev_s=-6.9 dpan=+0.00 dtilt=+0.00 pan=-7.2 tilt=-2.9 err=9px DB
2026-06-27 21:22:57.184 [DEBUG] [marker_detector] ibvs eu=-5 ev=-7 eu_s=-5.3 ev_s=-6.9 dpan=+0.00 dtilt=+0.00 pan=-7.2 tilt=-2.9 err=9px DB
2026-06-27 21:22:57.282 [DEBUG] [marker_detector] ibvs eu=-5 ev=-7 eu_s=-5.3 ev_s=-6.9 dpan=+0.00 dtilt=+0.00 pan=-7.2 tilt=-2.9 err=9px DB
2026-06-27 21:22:57.417 [DEBUG] [marker_detector] ibvs eu=-5 ev=-7 eu_s=-5.3 ev_s=-6.9 dpan=+0.00 dtilt=+0.00 pan=-7.2 tilt=-2.9 err=9px DB
2026-06-27 21:22:57.520 [DEBUG] [marker_detector] ibvs eu=-5 ev=-7 eu_s=-5.3 ev_s=-6.9 dpan=+0.00 dtilt=+0.00 pan=-7.2 tilt=-2.9 err=9px DB
2026-06-27 21:22:57.640 [DEBUG] [marker_detector] ibvs eu=-5 ev=-7 eu_s=-5.3 ev_s=-6.9 dpan=+0.00 dtilt=+0.00 pan=-7.2 tilt=-2.9 err=9px DB
2026-06-27 21:22:57.746 [DEBUG] [marker_detector] ibvs eu=-5 ev=-7 eu_s=-5.4 ev_s=-7.0 dpan=+0.00 dtilt=+0.00 pan=-7.2 tilt=-2.9 err=9px DB
2026-06-27 21:22:57.841 [DEBUG] [marker_detector] ibvs eu=-5 ev=-7 eu_s=-5.3 ev_s=-6.9 dpan=+0.00 dtilt=+0.00 pan=-7.2 tilt=-2.9 err=9px DB
2026-06-27 21:22:57.973 [DEBUG] [marker_detector] ibvs eu=-5 ev=-7 eu_s=-5.3 ev_s=-6.9 dpan=+0.00 dtilt=+0.00 pan=-7.2 tilt=-2.9 err=9px DB
2026-06-27 21:22:58.071 [DEBUG] [marker_detector] ibvs eu=-5 ev=-7 eu_s=-5.4 ev_s=-6.9 dpan=+0.00 dtilt=+0.00 pan=-7.2 tilt=-2.9 err=9px DB
2026-06-27 21:22:58.175 [DEBUG] [marker_detector] ibvs eu=-5 ev=-7 eu_s=-5.3 ev_s=-7.0 dpan=+0.00 dtilt=+0.00 pan=-7.2 tilt=-2.9 err=9px DB
2026-06-27 21:22:58.294 [DEBUG] [marker_detector] ibvs eu=-5 ev=-7 eu_s=-5.3 ev_s=-7.0 dpan=+0.00 dtilt=+0.00 pan=-7.2 tilt=-2.9 err=9px DB
2026-06-27 21:22:58.391 [DEBUG] [marker_detector] ibvs eu=-5 ev=-7 eu_s=-5.3 ev_s=-6.9 dpan=+0.00 dtilt=+0.00 pan=-7.2 tilt=-2.9 err=9px DB
2026-06-27 21:22:58.530 [DEBUG] [marker_detector] ibvs eu=-5 ev=-7 eu_s=-5.4 ev_s=-7.0 dpan=+0.00 dtilt=+0.00 pan=-7.2 tilt=-2.9 err=9px DB
2026-06-27 21:22:58.625 [DEBUG] [marker_detector] ibvs eu=-5 ev=-7 eu_s=-5.4 ev_s=-7.0 dpan=+0.00 dtilt=+0.00 pan=-7.2 tilt=-2.9 err=9px DB
2026-06-27 21:22:58.731 [DEBUG] [marker_detector] ibvs eu=-5 ev=-7 eu_s=-5.4 ev_s=-7.0 dpan=+0.00 dtilt=+0.00 pan=-7.2 tilt=-2.9 err=9px DB
2026-06-27 21:22:58.858 [DEBUG] [marker_detector] ibvs eu=-5 ev=-7 eu_s=-5.3 ev_s=-7.0 dpan=+0.00 dtilt=+0.00 pan=-7.2 tilt=-2.9 err=9px DB
2026-06-27 21:22:58.954 [DEBUG] [marker_detector] ibvs eu=-5 ev=-7 eu_s=-5.3 ev_s=-7.0 dpan=+0.00 dtilt=+0.00 pan=-7.2 tilt=-2.9 err=9px DB
2026-06-27 21:22:59.085 [DEBUG] [marker_detector] ibvs eu=-5 ev=-7 eu_s=-5.3 ev_s=-6.9 dpan=+0.00 dtilt=+0.00 pan=-7.2 tilt=-2.9 err=9px DB
2026-06-27 21:22:59.181 [DEBUG] [marker_detector] ibvs eu=-5 ev=-7 eu_s=-5.3 ev_s=-7.0 dpan=+0.00 dtilt=+0.00 pan=-7.2 tilt=-2.9 err=9px DB
2026-06-27 21:22:59.287 [DEBUG] [marker_detector] ibvs eu=-5 ev=-7 eu_s=-5.3 ev_s=-6.9 dpan=+0.00 dtilt=+0.00 pan=-7.2 tilt=-2.9 err=9px DB
2026-06-27 21:22:59.405 [DEBUG] [marker_detector] ibvs eu=-5 ev=-7 eu_s=-5.3 ev_s=-7.0 dpan=+0.00 dtilt=+0.00 pan=-7.2 tilt=-2.9 err=9px DB
2026-06-27 21:22:59.499 [DEBUG] [marker_detector] ibvs eu=-5 ev=-7 eu_s=-5.3 ev_s=-7.0 dpan=+0.00 dtilt=+0.00 pan=-7.2 tilt=-2.9 err=9px DB
2026-06-27 21:22:59.641 [DEBUG] [marker_detector] ibvs eu=-5 ev=-7 eu_s=-5.3 ev_s=-7.0 dpan=+0.00 dtilt=+0.00 pan=-7.2 tilt=-2.9 err=9px DB
2026-06-27 21:22:59.735 [DEBUG] [marker_detector] ibvs eu=-5 ev=-7 eu_s=-5.3 ev_s=-7.0 dpan=+0.00 dtilt=+0.00 pan=-7.2 tilt=-2.9 err=9px DB
2026-06-27 21:22:59.826 [DEBUG] [marker_detector] ibvs eu=+0 ev=+6 eu_s=-1.0 ev_s=+3.3 dpan=+0.00 dtilt=+0.00 pan=-7.2 tilt=-2.9 err=6px DB
2026-06-27 21:22:59.867 [DEBUG] [marker_detector] ibvs tag_lost timer start pan=-7.2 tilt=-2.9
2026-06-27 21:23:00.031 [DEBUG] [marker_detector] ibvs eu=-33 ev=-12 eu_s=-30.5 ev_s=-11.1 dpan=-1.53 dtilt=+0.55 pan=-9.3 tilt=-2.2 err=35px
2026-06-27 21:23:00.121 [DEBUG] [marker_detector] ibvs eu=-43 ev=-17 eu_s=-41.7 ev_s=-16.5 dpan=-2.00 dtilt=+0.82 pan=-13.1 tilt=-0.7 err=46px
2026-06-27 21:23:00.211 [DEBUG] [marker_detector] ibvs eu=-31 ev=-11 eu_s=-33.2 ev_s=-12.1 dpan=-1.66 dtilt=+0.61 pan=-16.8 tilt=0.8 err=33px
2026-06-27 21:23:00.284 [DEBUG] [marker_detector] ibvs tag_lost timer start pan=-16.8 tilt=0.8
2026-06-27 21:23:00.427 [DEBUG] [marker_detector] ibvs eu=+4 ev=+14 eu_s=+2.7 ev_s=+13.4 dpan=+0.02 dtilt=-0.12 pan=-16.8 tilt=0.6 err=15px
2026-06-27 21:23:00.521 [DEBUG] [marker_detector] ibvs eu=+6 ev=+14 eu_s=+6.0 ev_s=+13.8 dpan=+0.08 dtilt=-0.18 pan=-16.6 tilt=0.3 err=15px
2026-06-27 21:23:00.611 [DEBUG] [marker_detector] ibvs tag_lost timer start pan=-16.5 tilt=0.1
2026-06-27 21:23:00.662 [DEBUG] [marker_detector] ibvs eu=+10 ev=+27 eu_s=+9.0 ev_s=+24.1 dpan=+0.35 dtilt=-0.95 pan=-16.2 tilt=-0.9 err=28px
2026-06-27 21:23:00.759 [DEBUG] [marker_detector] ibvs eu=-9 ev=+17 eu_s=-8.4 ev_s=+16.7 dpan=-0.18 dtilt=-0.36 pan=-16.5 tilt=-1.5 err=19px
2026-06-27 21:23:00.852 [DEBUG] [marker_detector] ibvs tag_lost timer start pan=-16.6 tilt=-1.6
2026-06-27 21:23:01.030 [DEBUG] [marker_detector] ibvs eu=-40 ev=-9 eu_s=-34.9 ev_s=-5.9 dpan=-1.75 dtilt=+0.30 pan=-18.4 tilt=-1.3 err=41px
2026-06-27 21:23:01.119 [DEBUG] [marker_detector] ibvs tag_lost timer start pan=-20.4 tilt=-1.0
2026-06-27 21:23:01.166 [DEBUG] [marker_detector] ibvs eu=-59 ev=-10 eu_s=-56.9 ev_s=-9.0 dpan=-2.00 dtilt=+0.45 pan=-22.4 tilt=-0.5 err=59px
2026-06-27 21:23:01.258 [DEBUG] [marker_detector] ibvs eu=-51 ev=-10 eu_s=-49.9 ev_s=-10.1 dpan=-2.00 dtilt=+0.50 pan=-26.4 tilt=0.5 err=52px
2026-06-27 21:23:01.307 [DEBUG] [marker_detector] ibvs tag_lost timer start pan=-26.4 tilt=0.5
2026-06-27 21:23:01.572 [DEBUG] [marker_detector] ibvs eu=+51 ev=-5 eu_s=+45.3 ev_s=-4.8 dpan=+2.00 dtilt=+0.24 pan=-23.7 tilt=0.9 err=51px
2026-06-27 21:23:01.668 [DEBUG] [marker_detector] ibvs eu=+66 ev=-5 eu_s=+63.4 ev_s=-4.5 dpan=+2.00 dtilt=+0.23 pan=-19.7 tilt=1.3 err=66px
2026-06-27 21:23:01.762 [DEBUG] [marker_detector] ibvs tag_lost timer start pan=-17.7 tilt=1.4
2026-06-27 21:23:01.807 [DEBUG] [marker_detector] ibvs eu=+10 ev=+7 eu_s=+19.3 ev_s=+4.9 dpan=+0.48 dtilt=-0.12 pan=-17.2 tilt=1.3 err=12px
2026-06-27 21:23:01.856 [DEBUG] [marker_detector] ibvs tag_lost timer start pan=-17.2 tilt=1.3
2026-06-27 21:23:01.950 [DEBUG] [marker_detector] ibvs eu=-18 ev=+11 eu_s=-15.4 ev_s=+10.6 dpan=-0.33 dtilt=-0.23 pan=-17.5 tilt=1.0 err=21px
2026-06-27 21:23:02.049 [DEBUG] [marker_detector] ibvs eu=-18 ev=+11 eu_s=-17.6 ev_s=+10.8 dpan=-0.47 dtilt=-0.29 pan=-18.5 tilt=0.5 err=21px
2026-06-27 21:23:02.144 [DEBUG] [marker_detector] ibvs eu=-18 ev=+11 eu_s=-17.6 ev_s=+10.9 dpan=-0.47 dtilt=-0.29 pan=-19.4 tilt=-0.1 err=21px
2026-06-27 21:23:02.236 [DEBUG] [marker_detector] ibvs tag_lost timer start pan=-19.9 tilt=-0.4
2026-06-27 21:23:02.329 [DEBUG] [marker_detector] ibvs eu=-2 ev=-2 eu_s=-5.1 ev_s=+1.0 dpan=+0.00 dtilt=+0.00 pan=-19.9 tilt=-0.4 err=2px DB
2026-06-27 21:23:02.426 [DEBUG] [marker_detector] ibvs eu=-1 ev=-5 eu_s=-1.5 ev_s=-4.7 dpan=+0.00 dtilt=+0.00 pan=-19.9 tilt=-0.4 err=5px DB
2026-06-27 21:23:02.523 [DEBUG] [marker_detector] ibvs eu=+0 ev=-6 eu_s=-0.1 ev_s=-5.1 dpan=+0.00 dtilt=+0.00 pan=-19.9 tilt=-0.4 err=6px DB
2026-06-27 21:23:02.617 [DEBUG] [marker_detector] ibvs eu=-0 ev=-3 eu_s=-0.2 ev_s=-3.2 dpan=+0.00 dtilt=+0.00 pan=-19.9 tilt=-0.4 err=3px DB
2026-06-27 21:23:02.711 [DEBUG] [marker_detector] ibvs eu=+1 ev=-4 eu_s=+0.5 ev_s=-3.9 dpan=+0.00 dtilt=+0.00 pan=-19.9 tilt=-0.4 err=4px DB
2026-06-27 21:23:02.807 [DEBUG] [marker_detector] ibvs eu=+1 ev=-7 eu_s=+1.1 ev_s=-6.4 dpan=+0.00 dtilt=+0.00 pan=-19.9 tilt=-0.4 err=7px DB
2026-06-27 21:23:02.901 [DEBUG] [marker_detector] ibvs eu=+0 ev=-7 eu_s=+0.5 ev_s=-6.2 dpan=+0.00 dtilt=+0.00 pan=-19.9 tilt=-0.4 err=7px DB
2026-06-27 21:23:02.996 [DEBUG] [marker_detector] ibvs eu=-0 ev=-5 eu_s=-0.1 ev_s=-5.0 dpan=+0.00 dtilt=+0.00 pan=-19.9 tilt=-0.4 err=5px DB
2026-06-27 21:23:03.091 [DEBUG] [marker_detector] ibvs eu=-0 ev=-7 eu_s=-0.4 ev_s=-6.1 dpan=+0.00 dtilt=+0.00 pan=-19.9 tilt=-0.4 err=7px DB
2026-06-27 21:23:03.188 [DEBUG] [marker_detector] ibvs eu=-1 ev=-3 eu_s=-1.4 ev_s=-3.3 dpan=+0.00 dtilt=+0.00 pan=-19.9 tilt=-0.4 err=4px DB
2026-06-27 21:23:03.286 [DEBUG] [marker_detector] ibvs eu=-2 ev=-3 eu_s=-1.5 ev_s=-3.0 dpan=+0.00 dtilt=+0.00 pan=-19.9 tilt=-0.4 err=3px DB
2026-06-27 21:23:03.384 [DEBUG] [marker_detector] ibvs eu=-1 ev=-3 eu_s=-1.4 ev_s=-2.9 dpan=+0.00 dtilt=+0.00 pan=-19.9 tilt=-0.4 err=3px DB
2026-06-27 21:23:03.480 [DEBUG] [marker_detector] ibvs eu=+1 ev=-3 eu_s=+0.8 ev_s=-2.6 dpan=+0.00 dtilt=+0.00 pan=-19.9 tilt=-0.4 err=3px DB
2026-06-27 21:23:03.573 [DEBUG] [marker_detector] ibvs eu=+2 ev=-4 eu_s=+2.2 ev_s=-3.7 dpan=+0.00 dtilt=+0.00 pan=-19.9 tilt=-0.4 err=4px DB
2026-06-27 21:23:03.664 [DEBUG] [marker_detector] ibvs eu=+10 ev=-0 eu_s=+8.9 ev_s=-0.3 dpan=+0.00 dtilt=+0.00 pan=-19.9 tilt=-0.4 err=10px DB
2026-06-27 21:23:03.758 [DEBUG] [marker_detector] ibvs eu=+23 ev=+0 eu_s=+21.1 ev_s=+0.3 dpan=+0.58 dtilt=-0.01 pan=-19.2 tilt=-0.4 err=23px
2026-06-27 21:23:03.801 [DEBUG] [marker_detector] ibvs tag_lost timer start pan=-19.2 tilt=-0.4
2026-06-27 21:23:03.893 [DEBUG] [marker_detector] ibvs eu=+46 ev=+3 eu_s=+44.3 ev_s=+3.4 dpan=+2.00 dtilt=-0.17 pan=-15.3 tilt=-0.7 err=46px
2026-06-27 21:23:03.986 [DEBUG] [marker_detector] ibvs eu=+48 ev=+8 eu_s=+49.5 ev_s=+7.4 dpan=+2.00 dtilt=-0.37 pan=-11.3 tilt=-1.4 err=49px
2026-06-27 21:23:04.085 [DEBUG] [marker_detector] ibvs tag_lost timer start pan=-9.3 tilt=-1.7
2026-06-27 21:23:04.229 [DEBUG] [marker_detector] ibvs eu=+28 ev=-9 eu_s=+30.2 ev_s=-6.2 dpan=+1.51 dtilt=+0.31 pan=-7.8 tilt=-1.4 err=29px
2026-06-27 21:23:04.361 [DEBUG] [marker_detector] ibvs tag_lost timer start pan=-6.2 tilt=-1.0
2026-06-27 21:23:04.451 [DEBUG] [marker_detector] ibvs eu=+13 ev=+3 eu_s=+16.3 ev_s=+0.7 dpan=+0.26 dtilt=-0.01 pan=-6.0 tilt=-1.0 err=13px
2026-06-27 21:23:04.558 [DEBUG] [marker_detector] ibvs eu=+16 ev=-3 eu_s=+16.3 ev_s=-2.9 dpan=+0.27 dtilt=+0.05 pan=-5.4 tilt=-1.0 err=16px
2026-06-27 21:23:04.680 [DEBUG] [marker_detector] ibvs eu=+8 ev=-2 eu_s=+9.4 ev_s=-2.4 dpan=+0.00 dtilt=+0.00 pan=-5.2 tilt=-0.9 err=8px DB
2026-06-27 21:23:04.774 [DEBUG] [marker_detector] ibvs eu=+3 ev=-3 eu_s=+4.1 ev_s=-2.4 dpan=+0.00 dtilt=+0.00 pan=-5.2 tilt=-0.9 err=4px DB
2026-06-27 21:23:04.919 [DEBUG] [marker_detector] ibvs eu=+3 ev=-3 eu_s=+3.1 ev_s=-2.7 dpan=+0.00 dtilt=+0.00 pan=-5.2 tilt=-0.9 err=4px DB
2026-06-27 21:23:05.011 [DEBUG] [marker_detector] ibvs eu=+2 ev=-5 eu_s=+2.6 ev_s=-4.2 dpan=+0.00 dtilt=+0.00 pan=-5.2 tilt=-0.9 err=5px DB
2026-06-27 21:23:05.051 [DEBUG] [marker_detector] ibvs tag_lost timer start pan=-5.2 tilt=-0.9
2026-06-27 21:23:05.190 [DEBUG] [marker_detector] ibvs eu=+2 ev=+1 eu_s=+2.3 ev_s=+0.9 dpan=+0.00 dtilt=+0.00 pan=-5.2 tilt=-0.9 err=3px DB
2026-06-27 21:23:05.284 [DEBUG] [marker_detector] ibvs eu=+17 ev=+4 eu_s=+15.9 ev_s=+3.4 dpan=+0.25 dtilt=-0.05 pan=-4.9 tilt=-1.0 err=18px
2026-06-27 21:23:05.416 [DEBUG] [marker_detector] ibvs eu=+40 ev=+21 eu_s=+36.3 ev_s=+17.8 dpan=+1.82 dtilt=-0.89 pan=-2.6 tilt=-2.0 err=46px
2026-06-27 21:23:05.455 [DEBUG] [marker_detector] ibvs tag_lost timer start pan=-2.6 tilt=-2.0
2026-06-27 21:23:05.543 [DEBUG] [marker_detector] ibvs tag_lost timer start pan=-1.5 tilt=-2.5
2026-06-27 21:23:05.593 [DEBUG] [marker_detector] ibvs eu=+9 ev=+2 eu_s=+11.9 ev_s=+3.7 dpan=+0.07 dtilt=-0.02 pan=-1.4 tilt=-2.5 err=9px
2026-06-27 21:23:05.687 [DEBUG] [marker_detector] ibvs eu=-3 ev=+3 eu_s=-2.2 ev_s=+3.4 dpan=+0.00 dtilt=+0.00 pan=-1.4 tilt=-2.5 err=4px DB
2026-06-27 21:23:05.780 [DEBUG] [marker_detector] ibvs eu=-2 ev=-5 eu_s=-1.9 ev_s=-4.7 dpan=+0.00 dtilt=+0.00 pan=-1.4 tilt=-2.5 err=5px DB
2026-06-27 21:23:05.874 [DEBUG] [marker_detector] ibvs tag_lost timer start pan=-1.4 tilt=-2.5
2026-06-27 21:23:05.916 [DEBUG] [marker_detector] ibvs eu=-8 ev=-9 eu_s=-6.4 ev_s=-8.4 dpan=+0.00 dtilt=+0.00 pan=-1.4 tilt=-2.5 err=12px DB
2026-06-27 21:23:06.010 [DEBUG] [marker_detector] ibvs eu=-11 ev=-8 eu_s=-10.9 ev_s=-8.6 dpan=-0.11 dtilt=+0.08 pan=-1.7 tilt=-2.3 err=14px
2026-06-27 21:23:06.101 [DEBUG] [marker_detector] ibvs eu=-4 ev=-8 eu_s=-5.2 ev_s=-8.0 dpan=+0.00 dtilt=+0.00 pan=-1.8 tilt=-2.2 err=9px DB
2026-06-27 21:23:06.190 [DEBUG] [marker_detector] ibvs eu=+0 ev=+12 eu_s=+0.2 ev_s=+8.4 dpan=+0.00 dtilt=+0.00 pan=-1.8 tilt=-2.2 err=12px DB
2026-06-27 21:23:06.235 [DEBUG] [marker_detector] ibvs tag_lost timer start pan=-1.8 tilt=-2.2
2026-06-27 21:23:06.371 [DEBUG] [marker_detector] ibvs eu=-2 ev=-7 eu_s=-1.5 ev_s=-6.7 dpan=+0.00 dtilt=+0.00 pan=-1.8 tilt=-2.2 err=7px DB
2026-06-27 21:23:06.469 [DEBUG] [marker_detector] ibvs eu=-2 ev=-7 eu_s=-1.5 ev_s=-7.2 dpan=+0.00 dtilt=+0.00 pan=-1.8 tilt=-2.2 err=7px DB
2026-06-27 21:23:06.563 [DEBUG] [marker_detector] ibvs eu=-1 ev=-7 eu_s=-1.5 ev_s=-7.3 dpan=+0.00 dtilt=+0.00 pan=-1.8 tilt=-2.2 err=7px DB
2026-06-27 21:23:06.661 [DEBUG] [marker_detector] ibvs eu=-1 ev=-7 eu_s=-1.4 ev_s=-7.3 dpan=+0.00 dtilt=+0.00 pan=-1.8 tilt=-2.2 err=7px DB
2026-06-27 21:23:06.758 [DEBUG] [marker_detector] ibvs eu=-1 ev=-7 eu_s=-1.4 ev_s=-7.3 dpan=+0.00 dtilt=+0.00 pan=-1.8 tilt=-2.2 err=7px DB
2026-06-27 21:23:06.855 [DEBUG] [marker_detector] ibvs eu=-1 ev=-7 eu_s=-1.4 ev_s=-7.3 dpan=+0.00 dtilt=+0.00 pan=-1.8 tilt=-2.2 err=7px DB
2026-06-27 21:23:06.950 [DEBUG] [marker_detector] ibvs eu=-1 ev=-7 eu_s=-1.5 ev_s=-7.3 dpan=+0.00 dtilt=+0.00 pan=-1.8 tilt=-2.2 err=8px DB
2026-06-27 21:23:07.045 [DEBUG] [marker_detector] ibvs eu=-1 ev=-7 eu_s=-1.5 ev_s=-7.3 dpan=+0.00 dtilt=+0.00 pan=-1.8 tilt=-2.2 err=7px DB
2026-06-27 21:23:07.140 [DEBUG] [marker_detector] ibvs tag_lost timer start pan=-1.8 tilt=-2.2
2026-06-27 21:23:07.190 [DEBUG] [marker_detector] ibvs eu=-2 ev=-7 eu_s=-1.5 ev_s=-7.3 dpan=+0.00 dtilt=+0.00 pan=-1.8 tilt=-2.2 err=7px DB
2026-06-27 21:23:07.282 [DEBUG] [marker_detector] ibvs tag_lost timer start pan=-1.8 tilt=-2.2
2026-06-27 21:23:07.327 [DEBUG] [marker_detector] ibvs eu=-2 ev=-7 eu_s=-1.5 ev_s=-7.3 dpan=+0.00 dtilt=+0.00 pan=-1.8 tilt=-2.2 err=7px DB
2026-06-27 21:23:07.425 [DEBUG] [marker_detector] ibvs eu=-2 ev=-7 eu_s=-1.5 ev_s=-7.2 dpan=+0.00 dtilt=+0.00 pan=-1.8 tilt=-2.2 err=7px DB
2026-06-27 21:23:07.517 [DEBUG] [marker_detector] ibvs tag_lost timer start pan=-1.8 tilt=-2.2
2026-06-27 21:23:09.425 [DEBUG] [marker_detector] ibvs eu=+179 ev=-24 eu_s=+143.1 ev_s=-20.2 dpan=+2.00 dtilt=+1.01 pan=0.2 tilt=-1.2 err=181px
2026-06-27 21:23:09.521 [DEBUG] [marker_detector] ibvs eu=+186 ev=-21 eu_s=+183.9 ev_s=-20.9 dpan=+2.00 dtilt=+1.04 pan=4.2 tilt=0.9 err=187px
2026-06-27 21:23:09.613 [DEBUG] [marker_detector] ibvs tag_lost timer start pan=6.2 tilt=1.7
2026-06-27 21:23:09.705 [DEBUG] [marker_detector] ibvs eu=+101 ev=+21 eu_s=+114.1 ev_s=+13.8 dpan=+2.00 dtilt=-0.69 pan=8.2 tilt=1.0 err=103px
2026-06-27 21:23:09.805 [DEBUG] [marker_detector] ibvs eu=+96 ev=+22 eu_s=+96.8 ev_s=+21.5 dpan=+2.00 dtilt=-1.07 pan=12.2 tilt=-1.1 err=98px
2026-06-27 21:23:09.853 [DEBUG] [marker_detector] ibvs tag_lost timer start pan=12.2 tilt=-1.1
2026-06-27 21:23:09.948 [DEBUG] [marker_detector] ibvs tag_lost timer start pan=14.2 tilt=-1.6
2026-06-27 21:23:10.044 [DEBUG] [marker_detector] ibvs eu=+12 ev=-3 eu_s=+21.9 ev_s=-0.4 dpan=+0.65 dtilt=+0.01 pan=14.9 tilt=-1.6 err=12px
2026-06-27 21:23:10.145 [DEBUG] [marker_detector] ibvs eu=+12 ev=-3 eu_s=+12.1 ev_s=-2.9 dpan=+0.08 dtilt=+0.02 pan=15.1 tilt=-1.5 err=12px
2026-06-27 21:23:10.186 [DEBUG] [marker_detector] ibvs tag_lost timer start pan=15.1 tilt=-1.5
2026-06-27 21:23:10.278 [DEBUG] [marker_detector] ibvs tag_lost timer start pan=15.4 tilt=-1.5
2026-06-27 21:23:10.327 [DEBUG] [marker_detector] ibvs eu=-1 ev=-5 eu_s=+2.1 ev_s=-4.1 dpan=+0.00 dtilt=+0.00 pan=15.4 tilt=-1.5 err=5px DB
2026-06-27 21:23:10.370 [DEBUG] [marker_detector] ibvs tag_lost timer start pan=15.4 tilt=-1.5
2026-06-27 21:23:10.458 [DEBUG] [marker_detector] ibvs tag_lost timer start pan=15.4 tilt=-1.5
2026-06-27 21:23:10.549 [DEBUG] [marker_detector] ibvs eu=-15 ev=-14 eu_s=-11.9 ev_s=-12.1 dpan=-0.21 dtilt=+0.21 pan=15.2 tilt=-1.3 err=20px
2026-06-27 21:23:10.649 [DEBUG] [marker_detector] ibvs eu=-24 ev=-7 eu_s=-23.0 ev_s=-7.3 dpan=-0.81 dtilt=+0.26 pan=13.7 tilt=-0.8 err=25px
2026-06-27 21:23:10.744 [DEBUG] [marker_detector] ibvs tag_lost timer start pan=12.2 tilt=-0.4
2026-06-27 21:23:10.833 [DEBUG] [marker_detector] ibvs eu=-26 ev=-15 eu_s=-27.1 ev_s=-13.7 dpan=-1.35 dtilt=+0.69 pan=10.9 tilt=0.3 err=30px
2026-06-27 21:23:10.924 [DEBUG] [marker_detector] ibvs tag_lost timer start pan=9.5 tilt=1.0
2026-06-27 21:23:11.060 [DEBUG] [marker_detector] ibvs eu=+6 ev=+5 eu_s=-1.0 ev_s=+1.4 dpan=+0.00 dtilt=+0.00 pan=9.5 tilt=1.0 err=8px DB
2026-06-27 21:23:11.159 [DEBUG] [marker_detector] ibvs tag_lost timer start pan=9.5 tilt=1.0
2026-06-27 21:23:11.202 [DEBUG] [marker_detector] ibvs eu=+15 ev=+9 eu_s=+13.2 ev_s=+8.3 dpan=+0.19 dtilt=-0.12 pan=9.7 tilt=0.8 err=18px
2026-06-27 21:23:11.293 [DEBUG] [marker_detector] ibvs eu=+5 ev=+13 eu_s=+5.4 ev_s=+12.5 dpan=+0.05 dtilt=-0.11 pan=9.7 tilt=0.7 err=14px
2026-06-27 21:23:11.389 [DEBUG] [marker_detector] ibvs eu=+1 ev=+6 eu_s=+1.7 ev_s=+7.3 dpan=+0.00 dtilt=+0.00 pan=9.8 tilt=0.7 err=7px DB
2026-06-27 21:23:11.485 [DEBUG] [marker_detector] ibvs eu=-2 ev=+6 eu_s=-1.4 ev_s=+6.4 dpan=+0.00 dtilt=+0.00 pan=9.8 tilt=0.7 err=6px DB
2026-06-27 21:23:11.584 [DEBUG] [marker_detector] ibvs eu=-12 ev=+3 eu_s=-10.9 ev_s=+3.2 dpan=-0.04 dtilt=-0.01 pan=9.7 tilt=0.7 err=13px
2026-06-27 21:23:11.676 [DEBUG] [marker_detector] ibvs eu=-17 ev=+5 eu_s=-16.3 ev_s=+5.1 dpan=-0.29 dtilt=-0.09 pan=9.3 tilt=0.5 err=18px
2026-06-27 21:23:11.767 [DEBUG] [marker_detector] ibvs tag_lost timer start pan=8.7 tilt=0.5
2026-06-27 21:23:11.904 [DEBUG] [marker_detector] ibvs eu=-25 ev=+7 eu_s=-24.1 ev_s=+6.4 dpan=-0.90 dtilt=-0.24 pan=7.8 tilt=0.2 err=26px
2026-06-27 21:23:12.004 [DEBUG] [marker_detector] ibvs eu=-25 ev=+5 eu_s=-24.9 ev_s=+5.1 dpan=-0.96 dtilt=-0.20 pan=5.9 tilt=-0.2 err=25px
2026-06-27 21:23:12.094 [DEBUG] [marker_detector] ibvs eu=-6 ev=+5 eu_s=-9.3 ev_s=+5.3 dpan=+0.00 dtilt=+0.00 pan=5.0 tilt=-0.3 err=8px DB
2026-06-27 21:23:12.140 [DEBUG] [marker_detector] ibvs tag_lost timer start pan=5.0 tilt=-0.3
2026-06-27 21:23:12.233 [DEBUG] [marker_detector] ibvs eu=+15 ev=-0 eu_s=+14.3 ev_s=-0.1 dpan=+0.15 dtilt=+0.00 pan=5.1 tilt=-0.3 err=15px
2026-06-27 21:23:12.331 [DEBUG] [marker_detector] ibvs eu=+15 ev=-0 eu_s=+15.3 ev_s=-0.3 dpan=+0.20 dtilt=+0.00 pan=5.5 tilt=-0.3 err=15px
2026-06-27 21:23:12.441 [DEBUG] [marker_detector] ibvs eu=+15 ev=-0 eu_s=+15.3 ev_s=-0.4 dpan=+0.20 dtilt=+0.01 pan=6.0 tilt=-0.3 err=15px
2026-06-27 21:23:12.537 [DEBUG] [marker_detector] ibvs eu=+15 ev=-0 eu_s=+15.3 ev_s=-0.4 dpan=+0.20 dtilt=+0.00 pan=6.4 tilt=-0.3 err=15px
2026-06-27 21:23:12.637 [DEBUG] [marker_detector] ibvs eu=+13 ev=-0 eu_s=+13.7 ev_s=-0.4 dpan=+0.13 dtilt=+0.00 pan=6.7 tilt=-0.3 err=13px
2026-06-27 21:23:12.732 [DEBUG] [marker_detector] ibvs eu=+7 ev=-1 eu_s=+8.6 ev_s=-0.6 dpan=+0.00 dtilt=+0.00 pan=6.8 tilt=-0.3 err=8px DB
2026-06-27 21:23:12.834 [DEBUG] [marker_detector] ibvs eu=+7 ev=-0 eu_s=+7.4 ev_s=-0.4 dpan=+0.00 dtilt=+0.00 pan=6.8 tilt=-0.3 err=7px DB
2026-06-27 21:23:12.929 [DEBUG] [marker_detector] ibvs eu=+7 ev=-0 eu_s=+7.4 ev_s=-0.4 dpan=+0.00 dtilt=+0.00 pan=6.8 tilt=-0.3 err=7px DB
2026-06-27 21:23:13.029 [DEBUG] [marker_detector] ibvs eu=+7 ev=-0 eu_s=+7.3 ev_s=-0.4 dpan=+0.00 dtilt=+0.00 pan=6.8 tilt=-0.3 err=7px DB
2026-06-27 21:23:13.125 [DEBUG] [marker_detector] ibvs eu=+7 ev=-0 eu_s=+7.4 ev_s=-0.3 dpan=+0.00 dtilt=+0.00 pan=6.8 tilt=-0.3 err=7px DB
2026-06-27 21:23:13.220 [DEBUG] [marker_detector] ibvs eu=+7 ev=-0 eu_s=+7.3 ev_s=-0.3 dpan=+0.00 dtilt=+0.00 pan=6.8 tilt=-0.3 err=7px DB
2026-06-27 21:23:13.315 [DEBUG] [marker_detector] ibvs eu=+7 ev=-0 eu_s=+7.3 ev_s=-0.4 dpan=+0.00 dtilt=+0.00 pan=6.8 tilt=-0.3 err=7px DB
2026-06-27 21:23:13.413 [DEBUG] [marker_detector] ibvs eu=+7 ev=-0 eu_s=+7.3 ev_s=-0.3 dpan=+0.00 dtilt=+0.00 pan=6.8 tilt=-0.3 err=7px DB
2026-06-27 21:23:13.518 [DEBUG] [marker_detector] ibvs eu=+7 ev=-0 eu_s=+7.3 ev_s=-0.4 dpan=+0.00 dtilt=+0.00 pan=6.8 tilt=-0.3 err=7px DB
2026-06-27 21:23:13.615 [DEBUG] [marker_detector] ibvs eu=+7 ev=-0 eu_s=+7.3 ev_s=-0.4 dpan=+0.00 dtilt=+0.00 pan=6.8 tilt=-0.3 err=7px DB
2026-06-27 21:23:13.708 [DEBUG] [marker_detector] ibvs tag_lost timer start pan=6.8 tilt=-0.3
2026-06-27 21:23:13.753 [DEBUG] [marker_detector] ibvs eu=+9 ev=+5 eu_s=+8.6 ev_s=+3.6 dpan=+0.00 dtilt=+0.00 pan=6.8 tilt=-0.3 err=10px DB
2026-06-27 21:23:13.845 [DEBUG] [marker_detector] ibvs eu=-1 ev=-7 eu_s=+0.3 ev_s=-4.4 dpan=+0.00 dtilt=+0.00 pan=6.8 tilt=-0.3 err=7px DB
2026-06-27 21:23:13.891 [DEBUG] [marker_detector] ibvs tag_lost timer start pan=6.8 tilt=-0.3
2026-06-27 21:23:13.976 [DEBUG] [marker_detector] ibvs eu=-8 ev=-9 eu_s=-7.2 ev_s=-7.8 dpan=+0.00 dtilt=+0.00 pan=6.8 tilt=-0.3 err=12px DB
2026-06-27 21:23:14.068 [DEBUG] [marker_detector] ibvs tag_lost timer start pan=6.7 tilt=-0.3
2026-06-27 21:23:14.239 [DEBUG] [marker_detector] ibvs eu=-27 ev=-10 eu_s=-24.0 ev_s=-8.6 dpan=-0.93 dtilt=+0.33 pan=5.8 tilt=0.1 err=29px
2026-06-27 21:23:14.326 [DEBUG] [marker_detector] ibvs eu=-38 ev=-11 eu_s=-36.8 ev_s=-11.2 dpan=-1.84 dtilt=+0.56 pan=2.4 tilt=1.2 err=40px
2026-06-27 21:23:14.412 [DEBUG] [marker_detector] ibvs eu=-45 ev=-14 eu_s=-43.9 ev_s=-14.0 dpan=-2.00 dtilt=+0.70 pan=-1.6 tilt=2.5 err=47px
2026-06-27 21:23:14.497 [DEBUG] [marker_detector] ibvs eu=-12 ev=-1 eu_s=-14.1 ev_s=-0.7 dpan=-0.14 dtilt=+0.01 pan=-2.5 tilt=2.5 err=12px
2026-06-27 21:23:14.542 [DEBUG] [marker_detector] ibvs tag_lost timer start pan=-2.5 tilt=2.5
2026-06-27 21:23:14.662 [DEBUG] [marker_detector] ibvs eu=+20 ev=-2 eu_s=+19.6 ev_s=-0.2 dpan=+0.47 dtilt=+0.00 pan=-1.6 tilt=2.3 err=20px
2026-06-27 21:23:14.751 [DEBUG] [marker_detector] ibvs eu=+16 ev=+5 eu_s=+15.8 ev_s=+3.9 dpan=+0.25 dtilt=-0.06 pan=-1.1 tilt=2.3 err=16px
2026-06-27 21:23:14.838 [DEBUG] [marker_detector] ibvs eu=+19 ev=+6 eu_s=+18.7 ev_s=+5.5 dpan=+0.44 dtilt=-0.13 pan=-0.2 tilt=2.0 err=19px
2026-06-27 21:23:14.925 [DEBUG] [marker_detector] ibvs eu=+14 ev=+6 eu_s=+14.7 ev_s=+5.5 dpan=+0.21 dtilt=-0.08 pan=0.3 tilt=1.8 err=15px
2026-06-27 21:23:15.014 [DEBUG] [marker_detector] ibvs eu=+5 ev=+5 eu_s=+5.7 ev_s=+5.5 dpan=+0.00 dtilt=+0.00 pan=0.3 tilt=1.8 err=7px DB
2026-06-27 21:23:15.103 [DEBUG] [marker_detector] ibvs eu=+4 ev=+5 eu_s=+4.2 ev_s=+5.5 dpan=+0.00 dtilt=+0.00 pan=0.3 tilt=1.8 err=7px DB
2026-06-27 21:23:15.190 [DEBUG] [marker_detector] ibvs eu=+4 ev=+5 eu_s=+4.2 ev_s=+5.1 dpan=+0.00 dtilt=+0.00 pan=0.3 tilt=1.8 err=7px DB
2026-06-27 21:23:15.281 [DEBUG] [marker_detector] ibvs eu=+4 ev=+5 eu_s=+4.2 ev_s=+4.7 dpan=+0.00 dtilt=+0.00 pan=0.3 tilt=1.8 err=6px DB
2026-06-27 21:23:15.371 [DEBUG] [marker_detector] ibvs tag_lost timer start pan=0.3 tilt=1.8
2026-06-27 21:23:15.417 [DEBUG] [marker_detector] ibvs eu=-16 ev=+0 eu_s=-11.8 ev_s=+1.3 dpan=-0.06 dtilt=-0.01 pan=0.2 tilt=1.8 err=16px
2026-06-27 21:23:15.503 [DEBUG] [marker_detector] ibvs eu=-23 ev=+4 eu_s=-22.5 ev_s=+4.0 dpan=-0.72 dtilt=-0.13 pan=-1.0 tilt=1.6 err=23px
2026-06-27 21:23:15.543 [DEBUG] [marker_detector] ibvs tag_lost timer start pan=-1.0 tilt=1.6
2026-06-27 21:23:15.635 [DEBUG] [marker_detector] ibvs eu=-15 ev=+9 eu_s=-16.7 ev_s=+8.9 dpan=-0.37 dtilt=-0.20 pan=-2.1 tilt=1.1 err=18px
2026-06-27 21:23:15.723 [DEBUG] [marker_detector] ibvs eu=+3 ev=+13 eu_s=+1.4 ev_s=+12.2 dpan=+0.01 dtilt=-0.07 pan=-2.2 tilt=1.0 err=13px
2026-06-27 21:23:15.774 [DEBUG] [marker_detector] ibvs tag_lost timer start pan=-2.2 tilt=1.0
2026-06-27 21:23:15.860 [DEBUG] [marker_detector] ibvs eu=+34 ev=+14 eu_s=+31.7 ev_s=+14.5 dpan=+1.59 dtilt=-0.72 pan=0.3 tilt=-0.3 err=37px
2026-06-27 21:23:15.948 [DEBUG] [marker_detector] ibvs eu=+43 ev=+10 eu_s=+41.5 ev_s=+10.7 dpan=+2.00 dtilt=-0.54 pan=4.2 tilt=-1.5 err=44px
2026-06-27 21:23:16.033 [DEBUG] [marker_detector] ibvs tag_lost timer start pan=6.1 tilt=-1.6
2026-06-27 21:23:16.075 [DEBUG] [marker_detector] ibvs eu=+22 ev=-12 eu_s=+25.4 ev_s=-8.7 dpan=+1.07 dtilt=+0.37 pan=7.1 tilt=-1.2 err=25px
2026-06-27 21:23:16.163 [DEBUG] [marker_detector] ibvs eu=+8 ev=-12 eu_s=+8.6 ev_s=-12.3 dpan=+0.11 dtilt=+0.15 pan=7.4 tilt=-0.9 err=15px
2026-06-27 21:23:16.213 [DEBUG] [marker_detector] ibvs tag_lost timer start pan=7.4 tilt=-0.9
2026-06-27 21:23:16.304 [DEBUG] [marker_detector] ibvs eu=+3 ev=-12 eu_s=+3.0 ev_s=-12.0 dpan=+0.02 dtilt=+0.07 pan=7.4 tilt=-0.8 err=12px
2026-06-27 21:23:16.345 [DEBUG] [marker_detector] ibvs tag_lost timer start pan=7.4 tilt=-0.8
2026-06-27 21:23:20.494 [DEBUG] [marker_detector] ibvs eu=-280 ev=-14 eu_s=-268.1 ev_s=-14.1 dpan=-2.00 dtilt=+0.70 pan=3.4 tilt=0.7 err=280px
2026-06-27 21:23:20.582 [DEBUG] [marker_detector] ibvs eu=-270 ev=-6 eu_s=-271.3 ev_s=-8.5 dpan=-2.00 dtilt=+0.42 pan=-0.6 tilt=2.0 err=270px
2026-06-27 21:23:20.628 [DEBUG] [marker_detector] ibvs tag_lost timer start pan=-0.6 tilt=2.0
2026-06-27 21:23:20.757 [DEBUG] [marker_detector] ibvs eu=-199 ev=+18 eu_s=-202.8 ev_s=+16.6 dpan=-2.00 dtilt=-0.83 pan=-4.6 tilt=0.6 err=200px
2026-06-27 21:23:20.847 [DEBUG] [marker_detector] ibvs tag_lost timer start pan=-6.6 tilt=-0.3
2026-06-27 21:23:20.976 [DEBUG] [marker_detector] ibvs eu=-134 ev=+5 eu_s=-147.2 ev_s=+7.3 dpan=-2.00 dtilt=-0.37 pan=-8.6 tilt=-0.7 err=134px
2026-06-27 21:23:21.069 [DEBUG] [marker_detector] ibvs eu=-132 ev=+5 eu_s=-133.1 ev_s=+5.0 dpan=-2.00 dtilt=-0.25 pan=-12.6 tilt=-1.2 err=132px
2026-06-27 21:23:21.108 [DEBUG] [marker_detector] ibvs tag_lost timer start pan=-12.6 tilt=-1.2
2026-06-27 21:23:21.286 [DEBUG] [marker_detector] ibvs eu=-71 ev=-7 eu_s=-73.2 ev_s=-6.6 dpan=-2.00 dtilt=+0.33 pan=-16.6 tilt=-0.7 err=71px
2026-06-27 21:23:21.379 [DEBUG] [marker_detector] ibvs tag_lost timer start pan=-18.6 tilt=-0.3
2026-06-27 21:23:21.427 [DEBUG] [marker_detector] ibvs eu=-42 ev=-5 eu_s=-48.0 ev_s=-5.2 dpan=-2.00 dtilt=+0.26 pan=-20.6 tilt=-0.0 err=43px
2026-06-27 21:23:21.467 [DEBUG] [marker_detector] ibvs tag_lost timer start pan=-20.6 tilt=-0.0
2026-06-27 21:23:21.607 [DEBUG] [marker_detector] ibvs eu=-8 ev=+2 eu_s=-9.3 ev_s=+1.8 dpan=+0.00 dtilt=+0.00 pan=-20.8 tilt=-0.1 err=8px DB
2026-06-27 21:23:21.694 [DEBUG] [marker_detector] ibvs eu=-7 ev=+2 eu_s=-7.5 ev_s=+2.1 dpan=+0.00 dtilt=+0.00 pan=-20.8 tilt=-0.1 err=8px DB
2026-06-27 21:23:21.785 [DEBUG] [marker_detector] ibvs eu=+1 ev=+2 eu_s=+0.3 ev_s=+2.2 dpan=+0.00 dtilt=+0.00 pan=-20.8 tilt=-0.1 err=2px DB
2026-06-27 21:23:21.889 [DEBUG] [marker_detector] ibvs eu=+0 ev=+2 eu_s=+0.5 ev_s=+2.0 dpan=+0.00 dtilt=+0.00 pan=-20.8 tilt=-0.1 err=2px DB
2026-06-27 21:23:21.986 [DEBUG] [marker_detector] ibvs eu=+0 ev=+2 eu_s=+0.5 ev_s=+2.0 dpan=+0.00 dtilt=+0.00 pan=-20.8 tilt=-0.1 err=2px DB
2026-06-27 21:23:22.081 [DEBUG] [marker_detector] ibvs eu=+0 ev=+2 eu_s=+0.5 ev_s=+2.0 dpan=+0.00 dtilt=+0.00 pan=-20.8 tilt=-0.1 err=2px DB
2026-06-27 21:23:22.176 [DEBUG] [marker_detector] ibvs eu=+0 ev=+2 eu_s=+0.4 ev_s=+2.0 dpan=+0.00 dtilt=+0.00 pan=-20.8 tilt=-0.1 err=2px DB
2026-06-27 21:23:22.273 [DEBUG] [marker_detector] ibvs eu=+0 ev=+2 eu_s=+0.5 ev_s=+1.9 dpan=+0.00 dtilt=+0.00 pan=-20.8 tilt=-0.1 err=2px DB
2026-06-27 21:23:22.365 [DEBUG] [marker_detector] ibvs tag_lost timer start pan=-20.8 tilt=-0.1
2026-06-27 21:23:22.883 [DEBUG] [marker_detector] ibvs eu=-44 ev=-3 eu_s=-35.4 ev_s=-2.2 dpan=-1.77 dtilt=+0.11 pan=-22.6 tilt=0.0 err=45px
2026-06-27 21:23:22.923 [DEBUG] [marker_detector] ibvs tag_lost timer start pan=-22.6 tilt=0.0
2026-06-27 21:23:23.012 [DEBUG] [marker_detector] ibvs eu=-23 ev=+1 eu_s=-27.0 ev_s=+0.8 dpan=-1.14 dtilt=-0.03 pan=-25.7 tilt=0.1 err=23px
2026-06-27 21:23:23.101 [DEBUG] [marker_detector] ibvs tag_lost timer start pan=-26.6 tilt=0.0
2026-06-27 21:23:23.151 [DEBUG] [marker_detector] ibvs eu=+5 ev=+1 eu_s=-0.9 ev_s=+1.5 dpan=+0.00 dtilt=+0.00 pan=-26.6 tilt=0.0 err=5px DB
2026-06-27 21:23:23.194 [DEBUG] [marker_detector] ibvs tag_lost timer start pan=-26.6 tilt=0.0
2026-06-27 21:23:23.291 [DEBUG] [marker_detector] ibvs eu=+16 ev=+2 eu_s=+14.9 ev_s=+1.8 dpan=+0.18 dtilt=-0.02 pan=-26.4 tilt=-0.0 err=16px
2026-06-27 21:23:23.404 [DEBUG] [marker_detector] ibvs eu=+15 ev=+2 eu_s=+15.3 ev_s=+1.6 dpan=+0.21 dtilt=-0.02 pan=-25.9 tilt=-0.1 err=15px
2026-06-27 21:23:23.503 [DEBUG] [marker_detector] ibvs eu=+15 ev=+2 eu_s=+15.2 ev_s=+1.5 dpan=+0.20 dtilt=-0.02 pan=-25.5 tilt=-0.1 err=15px
2026-06-27 21:23:23.551 [DEBUG] [marker_detector] ibvs tag_lost timer start pan=-25.5 tilt=-0.1
2026-06-27 21:23:23.995 [DEBUG] [marker_detector] ibvs eu=-167 ev=-2 eu_s=-160.4 ev_s=-3.1 dpan=-2.00 dtilt=+0.15 pan=-29.5 tilt=0.4 err=167px
2026-06-27 21:23:24.086 [DEBUG] [marker_detector] ibvs tag_lost timer start pan=-31.5 tilt=0.5
2026-06-27 21:23:24.218 [DEBUG] [marker_detector] ibvs eu=-111 ev=+4 eu_s=-121.4 ev_s=+2.3 dpan=-2.00 dtilt=-0.11 pan=-33.5 tilt=0.4 err=111px
2026-06-27 21:23:24.309 [DEBUG] [marker_detector] ibvs tag_lost timer start pan=-35.5 tilt=0.2
2026-06-27 21:23:24.358 [DEBUG] [marker_detector] ibvs eu=-90 ev=+4 eu_s=-94.4 ev_s=+4.0 dpan=-2.00 dtilt=-0.20 pan=-37.5 tilt=0.0 err=90px
2026-06-27 21:23:24.397 [DEBUG] [marker_detector] ibvs tag_lost timer start pan=-37.5 tilt=0.0
2026-06-27 21:23:24.540 [DEBUG] [marker_detector] ibvs eu=-50 ev=+4 eu_s=-51.5 ev_s=+4.1 dpan=-2.00 dtilt=-0.20 pan=-41.5 tilt=-0.4 err=50px
2026-06-27 21:23:24.634 [DEBUG] [marker_detector] ibvs eu=-29 ev=+4 eu_s=-32.9 ev_s=+4.0 dpan=-1.65 dtilt=-0.20 pan=-45.2 tilt=-0.8 err=29px
2026-06-27 21:23:24.728 [DEBUG] [marker_detector] ibvs eu=+6 ev=+3 eu_s=+1.7 ev_s=+3.3 dpan=+0.00 dtilt=+0.00 pan=-45.3 tilt=-0.8 err=6px DB
2026-06-27 21:23:24.768 [DEBUG] [marker_detector] ibvs tag_lost timer start pan=-45.3 tilt=-0.8
2026-06-27 21:23:24.864 [DEBUG] [marker_detector] ibvs tag_lost timer start pan=-44.7 tilt=-0.7
2026-06-27 21:23:25.292 [DEBUG] [marker_detector] ibvs eu=-147 ev=-3 eu_s=-113.3 ev_s=-3.0 dpan=-2.00 dtilt=+0.15 pan=-46.7 tilt=-0.5 err=147px
2026-06-27 21:23:25.387 [DEBUG] [marker_detector] ibvs eu=-145 ev=-6 eu_s=-144.2 ev_s=-5.5 dpan=-2.00 dtilt=+0.27 pan=-50.7 tilt=-0.0 err=146px
2026-06-27 21:23:25.444 [DEBUG] [marker_detector] ibvs tag_lost timer start pan=-50.7 tilt=-0.0
2026-06-27 21:23:25.610 [DEBUG] [marker_detector] ibvs eu=-86 ev=+0 eu_s=-88.1 ev_s=+0.1 dpan=-2.00 dtilt=-0.01 pan=-54.7 tilt=0.0 err=86px
2026-06-27 21:23:25.705 [DEBUG] [marker_detector] ibvs tag_lost timer start pan=-56.7 tilt=0.0
2026-06-27 21:23:25.795 [DEBUG] [marker_detector] ibvs eu=-40 ev=+0 eu_s=-48.5 ev_s=+0.3 dpan=-2.00 dtilt=-0.02 pan=-58.7 tilt=0.0 err=40px
2026-06-27 21:23:25.893 [DEBUG] [marker_detector] ibvs eu=-24 ev=+0 eu_s=-24.6 ev_s=+0.4 dpan=-0.89 dtilt=-0.01 pan=-60.9 tilt=-0.0 err=24px
2026-06-27 21:23:25.940 [DEBUG] [marker_detector] ibvs tag_lost timer start pan=-60.9 tilt=-0.0
2026-06-27 21:23:26.041 [DEBUG] [marker_detector] ibvs eu=+30 ev=+1 eu_s=+26.3 ev_s=+1.2 dpan=+1.07 dtilt=-0.05 pan=-59.8 tilt=-0.1 err=30px
2026-06-27 21:23:26.142 [DEBUG] [marker_detector] ibvs eu=+30 ev=+1 eu_s=+30.3 ev_s=+0.7 dpan=+1.51 dtilt=-0.04 pan=-56.8 tilt=-0.1 err=30px
2026-06-27 21:23:26.238 [DEBUG] [marker_detector] ibvs tag_lost timer start pan=-55.4 tilt=-0.2
2026-06-27 21:23:26.762 [DEBUG] [marker_detector] ibvs eu=-187 ev=-2 eu_s=-143.8 ev_s=-1.4 dpan=-2.00 dtilt=+0.07 pan=-57.4 tilt=-0.1 err=187px
2026-06-27 21:23:26.861 [DEBUG] [marker_detector] ibvs eu=-189 ev=+1 eu_s=-187.4 ev_s=+0.6 dpan=-2.00 dtilt=-0.03 pan=-61.4 tilt=-0.2 err=189px
2026-06-27 21:23:26.907 [DEBUG] [marker_detector] ibvs tag_lost timer start pan=-61.4 tilt=-0.2
2026-06-27 21:23:27.035 [DEBUG] [marker_detector] ibvs eu=-125 ev=+4 eu_s=-127.7 ev_s=+3.6 dpan=-2.00 dtilt=-0.18 pan=-65.4 tilt=-0.5 err=125px
2026-06-27 21:23:27.124 [DEBUG] [marker_detector] ibvs eu=-107 ev=+4 eu_s=-110.6 ev_s=+4.1 dpan=-2.00 dtilt=-0.20 pan=-69.4 tilt=-0.9 err=107px
2026-06-27 21:23:27.169 [DEBUG] [marker_detector] ibvs tag_lost timer start pan=-69.4 tilt=-0.9
2026-06-27 21:23:27.262 [DEBUG] [marker_detector] ibvs tag_lost timer start pan=-71.4 tilt=-1.1
2026-06-27 21:23:27.353 [DEBUG] [marker_detector] ibvs eu=-62 ev=+5 eu_s=-64.1 ev_s=+4.6 dpan=-2.00 dtilt=-0.23 pan=-73.4 tilt=-1.3 err=63px
2026-06-27 21:23:27.441 [DEBUG] [marker_detector] ibvs tag_lost timer start pan=-75.4 tilt=-1.5
2026-06-27 21:23:27.837 [DEBUG] [marker_detector] ibvs eu=-211 ev=-2 eu_s=-180.8 ev_s=-1.2 dpan=-2.00 dtilt=+0.06 pan=-77.4 tilt=-1.4 err=211px
2026-06-27 21:23:27.930 [DEBUG] [marker_detector] ibvs eu=-214 ev=-1 eu_s=-212.4 ev_s=-1.0 dpan=-2.00 dtilt=+0.05 pan=-81.4 tilt=-1.3 err=214px
2026-06-27 21:23:28.022 [DEBUG] [marker_detector] ibvs tag_lost timer start pan=-83.4 tilt=-1.3
2026-06-27 21:23:28.110 [DEBUG] [marker_detector] ibvs eu=-128 ev=-1 eu_s=-143.2 ev_s=-0.9 dpan=-2.00 dtilt=+0.04 pan=-85.4 tilt=-1.2 err=128px
2026-06-27 21:23:28.200 [DEBUG] [marker_detector] ibvs eu=-128 ev=-1 eu_s=-128.4 ev_s=-0.5 dpan=-2.00 dtilt=+0.03 pan=-89.4 tilt=-1.2 err=128px
2026-06-27 21:23:28.247 [DEBUG] [marker_detector] ibvs tag_lost timer start pan=-89.4 tilt=-1.2
2026-06-27 21:23:28.425 [DEBUG] [marker_detector] ibvs eu=-49 ev=-5 eu_s=-52.7 ev_s=-4.8 dpan=-2.00 dtilt=+0.24 pan=-90.0 tilt=-0.7 err=50px CLAMP_PAN
2026-06-27 21:23:28.525 [DEBUG] [marker_detector] ibvs eu=-50 ev=-5 eu_s=-49.6 ev_s=-5.0 dpan=-2.00 dtilt=+0.25 pan=-90.0 tilt=-0.3 err=50px CLAMP_PAN
2026-06-27 21:23:28.617 [DEBUG] [marker_detector] ibvs eu=-50 ev=-5 eu_s=-49.6 ev_s=-4.8 dpan=-2.00 dtilt=+0.24 pan=-90.0 tilt=0.2 err=50px CLAMP_PAN
2026-06-27 21:23:28.710 [DEBUG] [marker_detector] ibvs eu=-51 ev=+2 eu_s=-50.8 ev_s=+0.8 dpan=-2.00 dtilt=-0.04 pan=-90.0 tilt=0.4 err=51px CLAMP_PAN
2026-06-27 21:23:28.803 [DEBUG] [marker_detector] ibvs eu=-51 ev=+9 eu_s=-51.2 ev_s=+8.3 dpan=-2.00 dtilt=-0.41 pan=-90.0 tilt=-0.3 err=52px CLAMP_PAN
2026-06-27 21:23:28.844 [DEBUG] [marker_detector] ibvs tag_lost timer start pan=-90.0 tilt=-0.3
2026-06-27 21:23:29.278 [DEBUG] [marker_detector] ibvs eu=-227 ev=+3 eu_s=-219.6 ev_s=+3.4 dpan=-2.00 dtilt=-0.17 pan=-90.0 tilt=-0.7 err=227px CLAMP_PAN
2026-06-27 21:23:29.373 [DEBUG] [marker_detector] ibvs eu=-230 ev=+6 eu_s=-228.9 ev_s=+5.7 dpan=-2.00 dtilt=-0.28 pan=-90.0 tilt=-1.2 err=230px CLAMP_PAN
2026-06-27 21:23:29.481 [DEBUG] [marker_detector] ibvs eu=-228 ev=-5 eu_s=-228.4 ev_s=-3.4 dpan=-2.00 dtilt=+0.17 pan=-90.0 tilt=-1.2 err=228px CLAMP_PAN
2026-06-27 21:23:29.602 [DEBUG] [marker_detector] ibvs eu=-228 ev=-12 eu_s=-228.3 ev_s=-11.2 dpan=-2.00 dtilt=+0.56 pan=-90.0 tilt=-0.1 err=229px CLAMP_PAN
2026-06-27 21:23:29.697 [DEBUG] [marker_detector] ibvs eu=-228 ev=-10 eu_s=-228.1 ev_s=-9.9 dpan=-2.00 dtilt=+0.50 pan=-90.0 tilt=0.9 err=228px CLAMP_PAN
2026-06-27 21:23:29.829 [DEBUG] [marker_detector] ibvs eu=-229 ev=+5 eu_s=-228.9 ev_s=+2.6 dpan=-2.00 dtilt=-0.13 pan=-90.0 tilt=1.0 err=229px CLAMP_PAN
2026-06-27 21:23:29.922 [DEBUG] [marker_detector] ibvs eu=-229 ev=+13 eu_s=-229.2 ev_s=+11.4 dpan=-2.00 dtilt=-0.57 pan=-90.0 tilt=0.3 err=230px CLAMP_PAN
2026-06-27 21:23:30.037 [DEBUG] [marker_detector] ibvs eu=-229 ev=+13 eu_s=-229.4 ev_s=+12.7 dpan=-2.00 dtilt=-0.63 pan=-90.0 tilt=-1.0 err=230px CLAMP_PAN
2026-06-27 21:23:30.101 [DEBUG] [marker_detector] ibvs tag_lost timer start pan=-90.0 tilt=-1.0
2026-06-27 21:23:30.199 [DEBUG] [marker_detector] ibvs eu=-229 ev=-2 eu_s=-228.9 ev_s=-1.3 dpan=-2.00 dtilt=+0.06 pan=-90.0 tilt=-1.0 err=229px CLAMP_PAN
2026-06-27 21:23:30.309 [DEBUG] [marker_detector] ibvs eu=-229 ev=-2 eu_s=-228.7 ev_s=-2.0 dpan=-2.00 dtilt=+0.10 pan=-90.0 tilt=-0.8 err=229px CLAMP_PAN
2026-06-27 21:23:30.426 [DEBUG] [marker_detector] ibvs eu=-229 ev=-2 eu_s=-228.6 ev_s=-1.9 dpan=-2.00 dtilt=+0.09 pan=-90.0 tilt=-0.6 err=229px CLAMP_PAN
2026-06-27 21:23:30.523 [DEBUG] [marker_detector] ibvs eu=-229 ev=-2 eu_s=-228.7 ev_s=-1.8 dpan=-2.00 dtilt=+0.09 pan=-90.0 tilt=-0.4 err=229px CLAMP_PAN
2026-06-27 21:23:30.658 [DEBUG] [marker_detector] ibvs eu=-229 ev=-2 eu_s=-228.8 ev_s=-1.8 dpan=-2.00 dtilt=+0.09 pan=-90.0 tilt=-0.2 err=229px CLAMP_PAN
2026-06-27 21:23:30.754 [DEBUG] [marker_detector] ibvs eu=-229 ev=-2 eu_s=-228.8 ev_s=-1.9 dpan=-2.00 dtilt=+0.09 pan=-90.0 tilt=-0.1 err=229px CLAMP_PAN
2026-06-27 21:23:30.871 [DEBUG] [marker_detector] ibvs eu=-229 ev=-2 eu_s=-228.8 ev_s=-1.9 dpan=-2.00 dtilt=+0.10 pan=-90.0 tilt=0.1 err=229px CLAMP_PAN
2026-06-27 21:23:30.986 [DEBUG] [marker_detector] ibvs eu=-229 ev=-2 eu_s=-228.7 ev_s=-1.9 dpan=-2.00 dtilt=+0.09 pan=-90.0 tilt=0.3 err=229px CLAMP_PAN
2026-06-27 21:23:31.082 [DEBUG] [marker_detector] ibvs eu=-229 ev=+2 eu_s=-228.8 ev_s=+1.1 dpan=-2.00 dtilt=-0.06 pan=-90.0 tilt=0.4 err=229px CLAMP_PAN
2026-06-27 21:23:31.217 [DEBUG] [marker_detector] ibvs eu=-229 ev=+2 eu_s=-228.8 ev_s=+2.0 dpan=-2.00 dtilt=-0.10 pan=-90.0 tilt=0.2 err=229px CLAMP_PAN
2026-06-27 21:23:31.316 [DEBUG] [marker_detector] ibvs eu=-229 ev=+2 eu_s=-228.8 ev_s=+2.0 dpan=-2.00 dtilt=-0.10 pan=-90.0 tilt=-0.0 err=229px CLAMP_PAN
2026-06-27 21:23:31.427 [DEBUG] [marker_detector] ibvs eu=-229 ev=+2 eu_s=-228.8 ev_s=+2.0 dpan=-2.00 dtilt=-0.10 pan=-90.0 tilt=-0.2 err=229px CLAMP_PAN
2026-06-27 21:23:31.542 [DEBUG] [marker_detector] ibvs eu=-229 ev=+2 eu_s=-228.8 ev_s=+2.0 dpan=-2.00 dtilt=-0.10 pan=-90.0 tilt=-0.4 err=229px CLAMP_PAN
2026-06-27 21:23:31.637 [DEBUG] [marker_detector] ibvs eu=-229 ev=+2 eu_s=-228.7 ev_s=+1.9 dpan=-2.00 dtilt=-0.09 pan=-90.0 tilt=-0.6 err=229px CLAMP_PAN
2026-06-27 21:23:31.774 [DEBUG] [marker_detector] ibvs eu=-229 ev=+2 eu_s=-228.8 ev_s=+2.0 dpan=-2.00 dtilt=-0.10 pan=-90.0 tilt=-0.8 err=229px CLAMP_PAN
2026-06-27 21:23:31.871 [DEBUG] [marker_detector] ibvs eu=-229 ev=+2 eu_s=-228.7 ev_s=+1.9 dpan=-2.00 dtilt=-0.10 pan=-90.0 tilt=-1.0 err=229px CLAMP_PAN
2026-06-27 21:23:31.982 [DEBUG] [marker_detector] ibvs eu=-228 ev=-5 eu_s=-228.2 ev_s=-3.5 dpan=-2.00 dtilt=+0.18 pan=-90.0 tilt=-0.9 err=228px CLAMP_PAN
2026-06-27 21:23:32.099 [DEBUG] [marker_detector] ibvs eu=-228 ev=-7 eu_s=-228.1 ev_s=-7.3 dpan=-2.00 dtilt=+0.37 pan=-90.0 tilt=-0.2 err=228px CLAMP_PAN
2026-06-27 21:23:32.194 [DEBUG] [marker_detector] ibvs eu=-228 ev=-7 eu_s=-228.3 ev_s=-7.5 dpan=-2.00 dtilt=+0.37 pan=-90.0 tilt=0.6 err=228px CLAMP_PAN
2026-06-27 21:23:32.327 [DEBUG] [marker_detector] ibvs tag_lost timer start pan=-90.0 tilt=0.9
2026-06-27 21:23:32.379 [DEBUG] [marker_detector] ibvs eu=-229 ev=+4 eu_s=-228.8 ev_s=+2.1 dpan=-2.00 dtilt=-0.10 pan=-90.0 tilt=0.7 err=229px CLAMP_PAN
2026-06-27 21:23:32.476 [DEBUG] [marker_detector] ibvs eu=-229 ev=+4 eu_s=-229.0 ev_s=+4.0 dpan=-2.00 dtilt=-0.20 pan=-90.0 tilt=0.4 err=229px CLAMP_PAN
2026-06-27 21:23:32.607 [DEBUG] [marker_detector] ibvs eu=-229 ev=+4 eu_s=-229.0 ev_s=+4.1 dpan=-2.00 dtilt=-0.21 pan=-90.0 tilt=-0.0 err=229px CLAMP_PAN
2026-06-27 21:23:32.705 [DEBUG] [marker_detector] ibvs eu=-229 ev=+4 eu_s=-229.0 ev_s=+4.1 dpan=-2.00 dtilt=-0.21 pan=-90.0 tilt=-0.5 err=229px CLAMP_PAN
2026-06-27 21:23:32.815 [DEBUG] [marker_detector] ibvs eu=-229 ev=+4 eu_s=-229.1 ev_s=+4.0 dpan=-2.00 dtilt=-0.20 pan=-90.0 tilt=-0.9 err=229px CLAMP_PAN
2026-06-27 21:23:32.936 [DEBUG] [marker_detector] ibvs eu=-229 ev=+4 eu_s=-228.8 ev_s=+3.7 dpan=-2.00 dtilt=-0.19 pan=-90.0 tilt=-1.3 err=229px CLAMP_PAN
2026-06-27 21:23:33.028 [DEBUG] [marker_detector] ibvs eu=-228 ev=-7 eu_s=-227.9 ev_s=-6.7 dpan=-2.00 dtilt=+0.33 pan=-90.0 tilt=-0.7 err=228px CLAMP_PAN
2026-06-27 21:23:33.162 [DEBUG] [marker_detector] ibvs eu=-228 ev=-9 eu_s=-227.8 ev_s=-9.4 dpan=-2.00 dtilt=+0.47 pan=-90.0 tilt=0.3 err=228px CLAMP_PAN
2026-06-27 21:23:33.258 [DEBUG] [marker_detector] ibvs eu=-227 ev=-9 eu_s=-227.5 ev_s=-9.0 dpan=-2.00 dtilt=+0.45 pan=-90.0 tilt=1.2 err=228px CLAMP_PAN
2026-06-27 21:23:33.297 [DEBUG] [marker_detector] ibvs tag_lost timer start pan=-90.0 tilt=1.2
2026-06-27 21:23:33.439 [DEBUG] [marker_detector] ibvs eu=-229 ev=+13 eu_s=-229.3 ev_s=+11.4 dpan=-2.00 dtilt=-0.57 pan=-90.0 tilt=0.5 err=230px CLAMP_PAN
2026-06-27 21:23:33.539 [DEBUG] [marker_detector] ibvs eu=-229 ev=+13 eu_s=-229.4 ev_s=+12.6 dpan=-2.00 dtilt=-0.63 pan=-90.0 tilt=-0.8 err=230px CLAMP_PAN
2026-06-27 21:23:33.649 [DEBUG] [marker_detector] ibvs eu=-230 ev=+12 eu_s=-229.5 ev_s=+12.1 dpan=-2.00 dtilt=-0.60 pan=-90.0 tilt=-2.0 err=230px CLAMP_PAN
2026-06-27 21:23:33.763 [DEBUG] [marker_detector] ibvs tag_lost timer start pan=-90.0 tilt=-2.0
2026-06-27 21:23:33.816 [DEBUG] [marker_detector] ibvs eu=-227 ev=-16 eu_s=-227.6 ev_s=-12.8 dpan=-2.00 dtilt=+0.64 pan=-90.0 tilt=-1.3 err=228px CLAMP_PAN
2026-06-27 21:23:33.926 [DEBUG] [marker_detector] ibvs eu=-228 ev=-16 eu_s=-227.6 ev_s=-15.5 dpan=-2.00 dtilt=+0.78 pan=-90.0 tilt=0.2 err=228px CLAMP_PAN
2026-06-27 21:23:34.045 [DEBUG] [marker_detector] ibvs tag_lost timer start pan=-90.0 tilt=1.0
2026-06-27 21:23:34.091 [DEBUG] [marker_detector] ibvs eu=-229 ev=+4 eu_s=-228.7 ev_s=+0.1 dpan=-2.00 dtilt=-0.00 pan=-90.0 tilt=1.0 err=229px CLAMP_PAN
2026-06-27 21:23:34.204 [DEBUG] [marker_detector] ibvs eu=-229 ev=+4 eu_s=-229.0 ev_s=+3.9 dpan=-2.00 dtilt=-0.20 pan=-90.0 tilt=0.6 err=229px CLAMP_PAN
2026-06-27 21:23:34.323 [DEBUG] [marker_detector] ibvs eu=-229 ev=+4 eu_s=-229.0 ev_s=+4.1 dpan=-2.00 dtilt=-0.20 pan=-90.0 tilt=0.2 err=229px CLAMP_PAN
2026-06-27 21:23:34.420 [DEBUG] [marker_detector] ibvs eu=-229 ev=+4 eu_s=-229.0 ev_s=+4.0 dpan=-2.00 dtilt=-0.20 pan=-90.0 tilt=-0.2 err=229px CLAMP_PAN
2026-06-27 21:23:34.552 [DEBUG] [marker_detector] ibvs eu=-229 ev=+4 eu_s=-229.0 ev_s=+4.1 dpan=-2.00 dtilt=-0.20 pan=-90.0 tilt=-0.6 err=229px CLAMP_PAN
2026-06-27 21:23:34.644 [DEBUG] [marker_detector] ibvs eu=-229 ev=+3 eu_s=-228.7 ev_s=+3.4 dpan=-2.00 dtilt=-0.17 pan=-90.0 tilt=-1.0 err=229px CLAMP_PAN
2026-06-27 21:23:34.754 [DEBUG] [marker_detector] ibvs tag_lost timer start pan=-90.0 tilt=-1.1
2026-06-27 21:23:34.828 [DEBUG] [marker_detector] ibvs eu=-228 ev=-7 eu_s=-228.3 ev_s=-5.5 dpan=-2.00 dtilt=+0.27 pan=-90.0 tilt=-0.8 err=228px CLAMP_PAN
2026-06-27 21:23:34.927 [DEBUG] [marker_detector] ibvs eu=-228 ev=-8 eu_s=-228.2 ev_s=-7.4 dpan=-2.00 dtilt=+0.37 pan=-90.0 tilt=-0.1 err=228px CLAMP_PAN
2026-06-27 21:23:35.060 [DEBUG] [marker_detector] ibvs eu=-228 ev=-7 eu_s=-228.3 ev_s=-7.5 dpan=-2.00 dtilt=+0.37 pan=-90.0 tilt=0.7 err=228px CLAMP_PAN
2026-06-27 21:23:35.162 [DEBUG] [marker_detector] ibvs eu=-229 ev=+2 eu_s=-228.8 ev_s=+0.2 dpan=-2.00 dtilt=-0.01 pan=-90.0 tilt=1.0 err=229px CLAMP_PAN
2026-06-27 21:23:35.255 [DEBUG] [marker_detector] ibvs eu=-230 ev=+15 eu_s=-229.7 ev_s=+13.1 dpan=-2.00 dtilt=-0.66 pan=-90.0 tilt=0.0 err=230px CLAMP_PAN
2026-06-27 21:23:35.346 [DEBUG] [marker_detector] ibvs tag_lost timer start pan=-90.0 tilt=-0.6
2026-06-27 21:23:35.616 [DEBUG] [marker_detector] ibvs eu=-131 ev=+7 eu_s=-151.1 ev_s=+7.9 dpan=-2.00 dtilt=-0.39 pan=-90.0 tilt=-1.0 err=131px CLAMP_PAN
2026-06-27 21:23:35.709 [DEBUG] [marker_detector] ibvs eu=-130 ev=+3 eu_s=-130.0 ev_s=+3.2 dpan=-2.00 dtilt=-0.16 pan=-90.0 tilt=-1.2 err=130px CLAMP_PAN
2026-06-27 21:23:35.799 [DEBUG] [marker_detector] ibvs eu=-128 ev=+2 eu_s=-128.2 ev_s=+1.5 dpan=-2.00 dtilt=-0.08 pan=-90.0 tilt=-1.4 err=128px CLAMP_PAN
2026-06-27 21:23:35.840 [DEBUG] [marker_detector] ibvs tag_lost timer start pan=-90.0 tilt=-1.4
2026-06-27 21:23:35.936 [DEBUG] [marker_detector] ibvs eu=-127 ev=-11 eu_s=-127.0 ev_s=-10.5 dpan=-2.00 dtilt=+0.53 pan=-90.0 tilt=-0.5 err=127px CLAMP_PAN
2026-06-27 21:23:36.031 [DEBUG] [marker_detector] ibvs eu=-127 ev=-11 eu_s=-127.0 ev_s=-11.0 dpan=-2.00 dtilt=+0.55 pan=-90.0 tilt=0.6 err=128px CLAMP_PAN
2026-06-27 21:23:36.131 [DEBUG] [marker_detector] ibvs eu=-128 ev=-1 eu_s=-127.5 ev_s=-2.5 dpan=-2.00 dtilt=+0.12 pan=-90.0 tilt=1.2 err=128px CLAMP_PAN
2026-06-27 21:23:36.222 [DEBUG] [marker_detector] ibvs eu=-129 ev=+9 eu_s=-128.7 ev_s=+8.7 dpan=-2.00 dtilt=-0.44 pan=-90.0 tilt=0.4 err=129px CLAMP_PAN
2026-06-27 21:23:36.315 [DEBUG] [marker_detector] ibvs eu=-129 ev=+16 eu_s=-129.0 ev_s=+16.2 dpan=-2.00 dtilt=-0.81 pan=-90.0 tilt=-1.1 err=130px CLAMP_PAN
2026-06-27 21:23:36.405 [DEBUG] [marker_detector] ibvs tag_lost timer start pan=-90.0 tilt=-1.8
2026-06-27 21:23:36.577 [DEBUG] [marker_detector] ibvs eu=-57 ev=-12 eu_s=-71.8 ev_s=-6.5 dpan=-2.00 dtilt=+0.33 pan=-90.0 tilt=-1.5 err=59px CLAMP_PAN
2026-06-27 21:23:36.624 [DEBUG] [marker_detector] ibvs tag_lost timer start pan=-90.0 tilt=-1.5
2026-06-27 21:23:36.808 [DEBUG] [marker_detector] ibvs eu=-29 ev=-13 eu_s=-30.6 ev_s=-13.3 dpan=-1.53 dtilt=+0.67 pan=-90.0 tilt=-0.2 err=32px CLAMP_PAN
2026-06-27 21:23:36.905 [DEBUG] [marker_detector] ibvs eu=-29 ev=-13 eu_s=-29.5 ev_s=-12.9 dpan=-1.47 dtilt=+0.64 pan=-90.0 tilt=1.1 err=32px CLAMP_PAN
2026-06-27 21:23:36.998 [DEBUG] [marker_detector] ibvs eu=-30 ev=-2 eu_s=-30.0 ev_s=-2.7 dpan=-1.50 dtilt=+0.14 pan=-90.0 tilt=1.5 err=30px CLAMP_PAN
2026-06-27 21:23:37.095 [DEBUG] [marker_detector] ibvs eu=-31 ev=+14 eu_s=-30.7 ev_s=+13.4 dpan=-1.53 dtilt=-0.67 pan=-90.0 tilt=0.3 err=34px CLAMP_PAN
2026-06-27 21:23:37.197 [DEBUG] [marker_detector] ibvs eu=-31 ev=+16 eu_s=-30.9 ev_s=+15.9 dpan=-1.55 dtilt=-0.79 pan=-90.0 tilt=-1.3 err=35px CLAMP_PAN
2026-06-27 21:23:37.289 [DEBUG] [marker_detector] ibvs tag_lost timer start pan=-90.0 tilt=-2.1
2026-06-27 21:23:37.333 [DEBUG] [marker_detector] ibvs eu=-29 ev=-12 eu_s=-29.8 ev_s=-6.7 dpan=-1.49 dtilt=+0.33 pan=-90.0 tilt=-1.8 err=32px CLAMP_PAN
2026-06-27 21:23:37.432 [DEBUG] [marker_detector] ibvs eu=-30 ev=-12 eu_s=-29.5 ev_s=-12.0 dpan=-1.48 dtilt=+0.60 pan=-90.0 tilt=-0.6 err=32px CLAMP_PAN
2026-06-27 21:23:37.531 [DEBUG] [marker_detector] ibvs eu=-29 ev=-12 eu_s=-29.4 ev_s=-12.2 dpan=-1.47 dtilt=+0.61 pan=-90.0 tilt=0.6 err=32px CLAMP_PAN
2026-06-27 21:23:37.626 [DEBUG] [marker_detector] ibvs eu=-30 ev=-6 eu_s=-30.2 ev_s=-7.2 dpan=-1.51 dtilt=+0.36 pan=-90.0 tilt=1.5 err=31px CLAMP_PAN
2026-06-27 21:23:37.716 [DEBUG] [marker_detector] ibvs tag_lost timer start pan=-90.0 tilt=1.3
2026-06-27 21:23:37.768 [DEBUG] [marker_detector] ibvs eu=-31 ev=+18 eu_s=-31.0 ev_s=+15.3 dpan=-1.55 dtilt=-0.76 pan=-90.0 tilt=0.5 err=36px CLAMP_PAN
2026-06-27 21:23:37.863 [DEBUG] [marker_detector] ibvs eu=-31 ev=+18 eu_s=-31.0 ev_s=+17.8 dpan=-1.55 dtilt=-0.89 pan=-90.0 tilt=-1.3 err=36px CLAMP_PAN
2026-06-27 21:23:37.904 [DEBUG] [marker_detector] ibvs tag_lost timer start pan=-90.0 tilt=-1.3
2026-06-27 21:23:37.999 [DEBUG] [marker_detector] ibvs tag_lost timer start pan=-90.0 tilt=-1.5
2026-06-27 21:23:38.053 [DEBUG] [marker_detector] ibvs eu=-29 ev=-12 eu_s=-29.6 ev_s=-8.7 dpan=-1.48 dtilt=+0.44 pan=-90.0 tilt=-1.1 err=32px CLAMP_PAN
2026-06-27 21:23:38.153 [DEBUG] [marker_detector] ibvs eu=-30 ev=-12 eu_s=-29.6 ev_s=-12.2 dpan=-1.48 dtilt=+0.61 pan=-90.0 tilt=0.1 err=32px CLAMP_PAN
2026-06-27 21:23:38.249 [DEBUG] [marker_detector] ibvs eu=-30 ev=-10 eu_s=-29.6 ev_s=-10.7 dpan=-1.48 dtilt=+0.54 pan=-90.0 tilt=1.3 err=31px CLAMP_PAN
2026-06-27 21:23:38.350 [DEBUG] [marker_detector] ibvs eu=-30 ev=+8 eu_s=-30.3 ev_s=+5.5 dpan=-1.52 dtilt=-0.27 pan=-90.0 tilt=1.2 err=32px CLAMP_PAN
2026-06-27 21:23:38.447 [DEBUG] [marker_detector] ibvs eu=-31 ev=+16 eu_s=-30.9 ev_s=+15.3 dpan=-1.54 dtilt=-0.77 pan=-90.0 tilt=-0.1 err=35px CLAMP_PAN
2026-06-27 21:23:38.541 [DEBUG] [marker_detector] ibvs eu=-31 ev=+16 eu_s=-31.0 ev_s=+15.8 dpan=-1.55 dtilt=-0.79 pan=-90.0 tilt=-1.7 err=35px CLAMP_PAN
2026-06-27 21:23:38.582 [DEBUG] [marker_detector] ibvs tag_lost timer start pan=-90.0 tilt=-1.7
2026-06-27 21:23:38.674 [DEBUG] [marker_detector] ibvs tag_lost timer start pan=-90.0 tilt=-1.7
2026-06-27 21:23:38.732 [DEBUG] [marker_detector] ibvs eu=-29 ev=-14 eu_s=-29.5 ev_s=-11.4 dpan=-1.48 dtilt=+0.57 pan=-90.0 tilt=-1.2 err=33px CLAMP_PAN
2026-06-27 21:23:38.827 [DEBUG] [marker_detector] ibvs eu=-29 ev=-15 eu_s=-29.3 ev_s=-14.5 dpan=-1.47 dtilt=+0.72 pan=-90.0 tilt=0.2 err=33px CLAMP_PAN
2026-06-27 21:23:38.925 [DEBUG] [marker_detector] ibvs eu=-30 ev=-10 eu_s=-29.6 ev_s=-10.6 dpan=-1.48 dtilt=+0.53 pan=-90.0 tilt=1.4 err=31px CLAMP_PAN
2026-06-27 21:23:39.019 [DEBUG] [marker_detector] ibvs eu=-31 ev=+8 eu_s=-30.6 ev_s=+6.3 dpan=-1.53 dtilt=-0.32 pan=-90.0 tilt=1.0 err=32px CLAMP_PAN
2026-06-27 21:23:39.118 [DEBUG] [marker_detector] ibvs eu=-31 ev=+14 eu_s=-30.9 ev_s=+12.6 dpan=-1.54 dtilt=-0.63 pan=-90.0 tilt=0.0 err=34px CLAMP_PAN
2026-06-27 21:23:39.216 [DEBUG] [marker_detector] ibvs eu=-31 ev=+14 eu_s=-31.1 ev_s=+13.5 dpan=-1.55 dtilt=-0.68 pan=-90.0 tilt=-1.3 err=34px CLAMP_PAN
2026-06-27 21:23:39.310 [DEBUG] [marker_detector] ibvs eu=-30 ev=-1 eu_s=-29.8 ev_s=+1.8 dpan=-1.48 dtilt=-0.09 pan=-90.0 tilt=-2.1 err=30px CLAMP_PAN
2026-06-27 21:23:39.352 [DEBUG] [marker_detector] ibvs tag_lost timer start pan=-90.0 tilt=-2.1
2026-06-27 21:23:39.452 [DEBUG] [marker_detector] ibvs eu=-29 ev=-14 eu_s=-29.3 ev_s=-13.4 dpan=-1.46 dtilt=+0.67 pan=-90.0 tilt=-1.0 err=33px CLAMP_PAN
2026-06-27 21:23:39.548 [DEBUG] [marker_detector] ibvs eu=-29 ev=-14 eu_s=-29.3 ev_s=-14.4 dpan=-1.47 dtilt=+0.72 pan=-90.0 tilt=0.5 err=33px CLAMP_PAN
2026-06-27 21:23:39.637 [DEBUG] [marker_detector] ibvs eu=-30 ev=-4 eu_s=-29.8 ev_s=-5.5 dpan=-1.49 dtilt=+0.27 pan=-90.0 tilt=1.3 err=30px CLAMP_PAN
2026-06-27 21:23:39.733 [DEBUG] [marker_detector] ibvs eu=-31 ev=+14 eu_s=-30.8 ev_s=+11.3 dpan=-1.54 dtilt=-0.57 pan=-90.0 tilt=0.7 err=34px CLAMP_PAN
2026-06-27 21:23:39.837 [DEBUG] [marker_detector] ibvs eu=-31 ev=+14 eu_s=-30.9 ev_s=+13.6 dpan=-1.55 dtilt=-0.68 pan=-90.0 tilt=-0.7 err=34px CLAMP_PAN
2026-06-27 21:23:39.932 [DEBUG] [marker_detector] ibvs eu=-30 ev=+5 eu_s=-30.2 ev_s=+6.9 dpan=-1.51 dtilt=-0.35 pan=-90.0 tilt=-1.7 err=30px CLAMP_PAN
2026-06-27 21:23:40.019 [DEBUG] [marker_detector] ibvs tag_lost timer start pan=-90.0 tilt=-1.8
2026-06-27 21:23:40.067 [DEBUG] [marker_detector] ibvs eu=-29 ev=-11 eu_s=-29.2 ev_s=-8.4 dpan=-1.46 dtilt=+0.42 pan=-90.0 tilt=-1.4 err=31px CLAMP_PAN
2026-06-27 21:23:40.163 [DEBUG] [marker_detector] ibvs eu=-29 ev=-11 eu_s=-29.1 ev_s=-11.3 dpan=-1.45 dtilt=+0.56 pan=-90.0 tilt=-0.3 err=31px CLAMP_PAN
2026-06-27 21:23:40.261 [DEBUG] [marker_detector] ibvs eu=-29 ev=-11 eu_s=-29.1 ev_s=-11.4 dpan=-1.45 dtilt=+0.57 pan=-90.0 tilt=0.8 err=31px CLAMP_PAN
2026-06-27 21:23:40.354 [DEBUG] [marker_detector] ibvs eu=-30 ev=+5 eu_s=-30.0 ev_s=+3.1 dpan=-1.50 dtilt=-0.15 pan=-90.0 tilt=0.9 err=30px CLAMP_PAN
2026-06-27 21:23:40.451 [DEBUG] [marker_detector] ibvs eu=-31 ev=+11 eu_s=-30.6 ev_s=+10.0 dpan=-1.53 dtilt=-0.50 pan=-90.0 tilt=0.1 err=33px CLAMP_PAN
2026-06-27 21:23:40.542 [DEBUG] [marker_detector] ibvs tag_lost timer start pan=-90.0 tilt=-0.6
2026-06-27 21:23:40.725 [DEBUG] [marker_detector] ibvs eu=+18 ev=+3 eu_s=+8.4 ev_s=+5.3 dpan=+0.00 dtilt=+0.00 pan=-90.0 tilt=-0.6 err=18px DB
2026-06-27 21:23:40.766 [DEBUG] [marker_detector] ibvs tag_lost timer start pan=-90.0 tilt=-0.6
2026-06-27 21:23:40.955 [DEBUG] [marker_detector] ibvs eu=+42 ev=-0 eu_s=+40.4 ev_s=+0.1 dpan=+2.00 dtilt=-0.00 pan=-86.2 tilt=-0.6 err=42px
2026-06-27 21:23:41.049 [DEBUG] [marker_detector] ibvs tag_lost timer start pan=-84.2 tilt=-0.6
2026-06-27 21:23:41.100 [DEBUG] [marker_detector] ibvs eu=+14 ev=-0 eu_s=+19.5 ev_s=-0.1 dpan=+0.46 dtilt=+0.00 pan=-83.7 tilt=-0.6 err=14px
2026-06-27 21:23:41.144 [DEBUG] [marker_detector] ibvs tag_lost timer start pan=-83.7 tilt=-0.6
2026-06-27 21:23:41.240 [DEBUG] [marker_detector] ibvs eu=-7 ev=+1 eu_s=-6.3 ev_s=+0.7 dpan=+0.00 dtilt=+0.00 pan=-83.7 tilt=-0.6 err=7px DB
2026-06-27 21:23:41.341 [DEBUG] [marker_detector] ibvs eu=-7 ev=+1 eu_s=-7.3 ev_s=+0.7 dpan=+0.00 dtilt=+0.00 pan=-83.7 tilt=-0.6 err=7px DB
2026-06-27 21:23:41.436 [DEBUG] [marker_detector] ibvs tag_lost timer start pan=-83.7 tilt=-0.6
2026-06-27 21:23:41.763 [DEBUG] [marker_detector] ibvs eu=-39 ev=+1 eu_s=-32.3 ev_s=+0.9 dpan=-1.62 dtilt=-0.05 pan=-85.4 tilt=-0.7 err=39px
2026-06-27 21:23:41.856 [DEBUG] [marker_detector] ibvs tag_lost timer start pan=-85.4 tilt=-0.7
2026-06-27 21:23:42.029 [DEBUG] [marker_detector] ibvs eu=+75 ev=-7 eu_s=+57.1 ev_s=-6.1 dpan=+2.00 dtilt=+0.30 pan=-83.4 tilt=-0.4 err=75px
2026-06-27 21:23:42.125 [DEBUG] [marker_detector] ibvs eu=+73 ev=-7 eu_s=+72.3 ev_s=-7.0 dpan=+2.00 dtilt=+0.35 pan=-79.4 tilt=0.4 err=73px
2026-06-27 21:23:42.166 [DEBUG] [marker_detector] ibvs tag_lost timer start pan=-79.4 tilt=0.4
2026-06-27 21:23:42.359 [DEBUG] [marker_detector] ibvs eu=+8 ev=+0 eu_s=+10.3 ev_s=-0.1 dpan=+0.01 dtilt=+0.00 pan=-78.9 tilt=0.4 err=8px
2026-06-27 21:23:42.454 [DEBUG] [marker_detector] ibvs eu=+8 ev=+0 eu_s=+7.8 ev_s=+0.1 dpan=+0.00 dtilt=+0.00 pan=-78.9 tilt=0.4 err=8px DB
2026-06-27 21:23:42.548 [DEBUG] [marker_detector] ibvs eu=+8 ev=+0 eu_s=+7.6 ev_s=+0.1 dpan=+0.00 dtilt=+0.00 pan=-78.9 tilt=0.4 err=8px DB
2026-06-27 21:23:42.645 [DEBUG] [marker_detector] ibvs eu=+8 ev=+0 eu_s=+7.6 ev_s=+0.1 dpan=+0.00 dtilt=+0.00 pan=-78.9 tilt=0.4 err=8px DB
2026-06-27 21:23:42.742 [DEBUG] [marker_detector] ibvs eu=+8 ev=+0 eu_s=+7.6 ev_s=+0.1 dpan=+0.00 dtilt=+0.00 pan=-78.9 tilt=0.4 err=8px DB
2026-06-27 21:23:42.840 [DEBUG] [marker_detector] ibvs eu=+8 ev=+0 eu_s=+7.5 ev_s=+0.2 dpan=+0.00 dtilt=+0.00 pan=-78.9 tilt=0.4 err=8px DB
2026-06-27 21:23:42.936 [DEBUG] [marker_detector] ibvs eu=+8 ev=+0 eu_s=+7.5 ev_s=+0.2 dpan=+0.00 dtilt=+0.00 pan=-78.9 tilt=0.4 err=8px DB
2026-06-27 21:23:43.034 [DEBUG] [marker_detector] ibvs eu=+8 ev=+0 eu_s=+7.5 ev_s=+0.2 dpan=+0.00 dtilt=+0.00 pan=-78.9 tilt=0.4 err=8px DB
2026-06-27 21:23:43.127 [DEBUG] [marker_detector] ibvs eu=+8 ev=+0 eu_s=+7.6 ev_s=+0.2 dpan=+0.00 dtilt=+0.00 pan=-78.9 tilt=0.4 err=8px DB
2026-06-27 21:23:43.223 [DEBUG] [marker_detector] ibvs eu=+8 ev=+0 eu_s=+7.6 ev_s=+0.2 dpan=+0.00 dtilt=+0.00 pan=-78.9 tilt=0.4 err=8px DB
2026-06-27 21:23:43.319 [DEBUG] [marker_detector] ibvs eu=+8 ev=+0 eu_s=+7.6 ev_s=+0.2 dpan=+0.00 dtilt=+0.00 pan=-78.9 tilt=0.4 err=8px DB
2026-06-27 21:23:43.414 [DEBUG] [marker_detector] ibvs eu=+7 ev=+0 eu_s=+7.5 ev_s=+0.2 dpan=+0.00 dtilt=+0.00 pan=-78.9 tilt=0.4 err=7px DB
2026-06-27 21:23:43.511 [DEBUG] [marker_detector] ibvs eu=+8 ev=+0 eu_s=+7.6 ev_s=+0.2 dpan=+0.00 dtilt=+0.00 pan=-78.9 tilt=0.4 err=8px DB
2026-06-27 21:23:43.608 [DEBUG] [marker_detector] ibvs eu=+8 ev=+0 eu_s=+7.6 ev_s=+0.2 dpan=+0.00 dtilt=+0.00 pan=-78.9 tilt=0.4 err=8px DB
2026-06-27 21:23:43.705 [DEBUG] [marker_detector] ibvs eu=+8 ev=+1 eu_s=+8.0 ev_s=+0.5 dpan=+0.00 dtilt=+0.00 pan=-78.9 tilt=0.4 err=8px DB
2026-06-27 21:23:43.753 [DEBUG] [marker_detector] ibvs tag_lost timer start pan=-78.9 tilt=0.4
2026-06-27 21:23:46.819 [DEBUG] [marker_detector] ibvs eu=+222 ev=-8 eu_s=+213.4 ev_s=-7.1 dpan=+2.00 dtilt=+0.36 pan=-74.9 tilt=1.0 err=222px
2026-06-27 21:23:46.917 [DEBUG] [marker_detector] ibvs tag_lost timer start pan=-72.9 tilt=1.4
2026-06-27 21:23:46.963 [DEBUG] [marker_detector] ibvs eu=+167 ev=+3 eu_s=+177.9 ev_s=+0.7 dpan=+2.00 dtilt=-0.03 pan=-70.9 tilt=1.3 err=167px
2026-06-27 21:23:47.056 [DEBUG] [marker_detector] ibvs eu=+147 ev=+3 eu_s=+148.1 ev_s=+3.2 dpan=+2.00 dtilt=-0.16 pan=-66.9 tilt=1.0 err=147px
2026-06-27 21:23:47.151 [DEBUG] [marker_detector] ibvs tag_lost timer start pan=-64.9 tilt=0.8
2026-06-27 21:23:47.203 [DEBUG] [marker_detector] ibvs eu=+84 ev=+7 eu_s=+93.7 ev_s=+6.5 dpan=+2.00 dtilt=-0.32 pan=-62.9 tilt=0.5 err=85px
2026-06-27 21:23:47.246 [DEBUG] [marker_detector] ibvs tag_lost timer start pan=-62.9 tilt=0.5
2026-06-27 21:23:47.520 [DEBUG] [marker_detector] ibvs eu=+33 ev=+6 eu_s=+35.4 ev_s=+6.1 dpan=+1.77 dtilt=-0.31 pan=-59.1 tilt=-0.1 err=33px
2026-06-27 21:23:47.614 [DEBUG] [marker_detector] ibvs tag_lost timer start pan=-57.4 tilt=-0.4
2026-06-27 21:23:47.795 [DEBUG] [marker_detector] ibvs eu=-25 ev=-5 eu_s=-13.0 ev_s=-2.7 dpan=-0.11 dtilt=+0.02 pan=-57.5 tilt=-0.4 err=25px
2026-06-27 21:23:47.896 [DEBUG] [marker_detector] ibvs eu=-25 ev=-5 eu_s=-24.1 ev_s=-4.7 dpan=-0.88 dtilt=+0.17 pan=-59.1 tilt=-0.1 err=25px
2026-06-27 21:23:47.995 [DEBUG] [marker_detector] ibvs eu=-24 ev=-5 eu_s=-24.4 ev_s=-4.8 dpan=-0.91 dtilt=+0.18 pan=-61.0 tilt=0.3 err=25px
2026-06-27 21:23:48.043 [DEBUG] [marker_detector] ibvs tag_lost timer start pan=-61.0 tilt=0.3
2026-06-27 21:23:48.225 [DEBUG] [marker_detector] ibvs eu=+13 ev=-0 eu_s=+11.5 ev_s=-0.5 dpan=+0.04 dtilt=+0.00 pan=-60.9 tilt=0.3 err=13px
2026-06-27 21:23:48.324 [DEBUG] [marker_detector] ibvs eu=+13 ev=-0 eu_s=+13.0 ev_s=-0.4 dpan=+0.10 dtilt=+0.00 pan=-60.7 tilt=0.3 err=13px
2026-06-27 21:23:48.420 [DEBUG] [marker_detector] ibvs eu=+13 ev=-0 eu_s=+13.0 ev_s=-0.5 dpan=+0.10 dtilt=+0.00 pan=-60.5 tilt=0.3 err=13px
2026-06-27 21:23:48.517 [DEBUG] [marker_detector] ibvs eu=+13 ev=-0 eu_s=+13.0 ev_s=-0.4 dpan=+0.10 dtilt=+0.00 pan=-60.3 tilt=0.3 err=13px
2026-06-27 21:23:48.619 [DEBUG] [marker_detector] ibvs eu=+13 ev=-0 eu_s=+13.0 ev_s=-0.5 dpan=+0.10 dtilt=+0.00 pan=-60.1 tilt=0.3 err=13px
2026-06-27 21:23:48.720 [DEBUG] [marker_detector] ibvs eu=+13 ev=-0 eu_s=+13.0 ev_s=-0.5 dpan=+0.10 dtilt=+0.00 pan=-60.0 tilt=0.3 err=13px
2026-06-27 21:23:48.820 [DEBUG] [marker_detector] ibvs eu=+10 ev=-0 eu_s=+10.6 ev_s=-0.4 dpan=+0.02 dtilt=+0.00 pan=-59.9 tilt=0.3 err=10px
2026-06-27 21:23:48.920 [DEBUG] [marker_detector] ibvs eu=+10 ev=-0 eu_s=+10.5 ev_s=-0.4 dpan=+0.01 dtilt=+0.00 pan=-59.9 tilt=0.3 err=11px
2026-06-27 21:23:49.019 [DEBUG] [marker_detector] ibvs eu=+10 ev=-0 eu_s=+10.5 ev_s=-0.5 dpan=+0.01 dtilt=+0.00 pan=-59.9 tilt=0.3 err=11px
2026-06-27 21:23:49.122 [DEBUG] [marker_detector] ibvs eu=+11 ev=-0 eu_s=+10.9 ev_s=-0.1 dpan=+0.02 dtilt=+0.00 pan=-59.8 tilt=0.3 err=11px
2026-06-27 21:23:49.165 [DEBUG] [marker_detector] ibvs tag_lost timer start pan=-59.8 tilt=0.3
2026-06-27 21:23:49.252 [DEBUG] [marker_detector] ibvs tag_lost timer start pan=-59.4 tilt=0.3
2026-06-27 21:23:49.561 [DEBUG] [marker_detector] ibvs eu=+172 ev=+0 eu_s=+141.3 ev_s=+0.8 dpan=+2.00 dtilt=-0.04 pan=-57.4 tilt=0.2 err=172px
2026-06-27 21:23:49.656 [DEBUG] [marker_detector] ibvs tag_lost timer start pan=-55.4 tilt=0.5
2026-06-27 21:23:49.749 [DEBUG] [marker_detector] ibvs eu=+115 ev=-2 eu_s=+125.6 ev_s=-2.7 dpan=+2.00 dtilt=+0.14 pan=-53.4 tilt=0.6 err=115px
2026-06-27 21:23:49.847 [DEBUG] [marker_detector] ibvs eu=+111 ev=-2 eu_s=+111.2 ev_s=-2.0 dpan=+2.00 dtilt=+0.10 pan=-49.4 tilt=0.8 err=111px
2026-06-27 21:23:49.941 [DEBUG] [marker_detector] ibvs eu=+75 ev=+2 eu_s=+79.3 ev_s=+1.6 dpan=+2.00 dtilt=-0.08 pan=-45.4 tilt=0.8 err=75px
2026-06-27 21:23:49.985 [DEBUG] [marker_detector] ibvs tag_lost timer start pan=-45.4 tilt=0.8
2026-06-27 21:23:50.082 [DEBUG] [marker_detector] ibvs eu=+14 ev=+4 eu_s=+19.4 ev_s=+4.2 dpan=+0.48 dtilt=-0.10 pan=-42.9 tilt=0.6 err=15px
2026-06-27 21:23:50.178 [DEBUG] [marker_detector] ibvs tag_lost timer start pan=-42.7 tilt=0.5
2026-06-27 21:23:50.229 [DEBUG] [marker_detector] ibvs eu=-19 ev=+3 eu_s=-11.8 ev_s=+3.6 dpan=-0.07 dtilt=-0.02 pan=-42.8 tilt=0.5 err=19px
2026-06-27 21:23:50.329 [DEBUG] [marker_detector] ibvs eu=-19 ev=+4 eu_s=-18.7 ev_s=+3.7 dpan=-0.42 dtilt=-0.08 pan=-43.5 tilt=0.3 err=19px
2026-06-27 21:23:50.429 [DEBUG] [marker_detector] ibvs eu=-19 ev=+4 eu_s=-18.9 ev_s=+3.7 dpan=-0.44 dtilt=-0.09 pan=-44.4 tilt=0.2 err=19px
2026-06-27 21:23:50.526 [DEBUG] [marker_detector] ibvs eu=-18 ev=+3 eu_s=-18.3 ev_s=+3.1 dpan=-0.39 dtilt=-0.07 pan=-45.2 tilt=-0.0 err=18px
2026-06-27 21:23:50.569 [DEBUG] [marker_detector] ibvs tag_lost timer start pan=-45.2 tilt=-0.0
2026-06-27 21:23:51.011 [DEBUG] [marker_detector] ibvs eu=+91 ev=+5 eu_s=+86.5 ev_s=+4.9 dpan=+2.00 dtilt=-0.25 pan=-41.2 tilt=-0.4 err=91px
2026-06-27 21:23:51.106 [DEBUG] [marker_detector] ibvs eu=+85 ev=+5 eu_s=+85.7 ev_s=+5.3 dpan=+2.00 dtilt=-0.26 pan=-37.2 tilt=-0.9 err=85px
2026-06-27 21:23:51.197 [DEBUG] [marker_detector] ibvs tag_lost timer start pan=-35.2 tilt=-0.9
2026-06-27 21:23:51.288 [DEBUG] [marker_detector] ibvs eu=+7 ev=+0 eu_s=+18.9 ev_s=+0.3 dpan=+0.42 dtilt=-0.01 pan=-34.8 tilt=-0.9 err=7px
2026-06-27 21:23:51.382 [DEBUG] [marker_detector] ibvs eu=+7 ev=+0 eu_s=+7.3 ev_s=+0.1 dpan=+0.00 dtilt=+0.00 pan=-34.8 tilt=-0.9 err=7px DB
2026-06-27 21:23:51.479 [DEBUG] [marker_detector] ibvs eu=+7 ev=+0 eu_s=+6.9 ev_s=+0.1 dpan=+0.00 dtilt=+0.00 pan=-34.8 tilt=-0.9 err=7px DB
2026-06-27 21:23:51.583 [DEBUG] [marker_detector] ibvs eu=+7 ev=+0 eu_s=+6.9 ev_s=+0.1 dpan=+0.00 dtilt=+0.00 pan=-34.8 tilt=-0.9 err=7px DB
2026-06-27 21:23:51.684 [DEBUG] [marker_detector] ibvs eu=+7 ev=+0 eu_s=+6.9 ev_s=+0.1 dpan=+0.00 dtilt=+0.00 pan=-34.8 tilt=-0.9 err=7px DB
2026-06-27 21:23:51.780 [DEBUG] [marker_detector] ibvs eu=+7 ev=+0 eu_s=+6.8 ev_s=+0.1 dpan=+0.00 dtilt=+0.00 pan=-34.8 tilt=-0.9 err=7px DB
2026-06-27 21:23:51.876 [DEBUG] [marker_detector] ibvs eu=+7 ev=+0 eu_s=+6.8 ev_s=+0.1 dpan=+0.00 dtilt=+0.00 pan=-34.8 tilt=-0.9 err=7px DB
2026-06-27 21:23:51.975 [DEBUG] [marker_detector] ibvs eu=+9 ev=+3 eu_s=+8.3 ev_s=+2.2 dpan=+0.00 dtilt=+0.00 pan=-34.8 tilt=-0.9 err=9px DB
2026-06-27 21:23:52.066 [DEBUG] [marker_detector] ibvs eu=+19 ev=-3 eu_s=+17.6 ev_s=-2.4 dpan=+0.34 dtilt=+0.05 pan=-34.4 tilt=-0.9 err=19px
2026-06-27 21:23:52.112 [DEBUG] [marker_detector] ibvs tag_lost timer start pan=-34.4 tilt=-0.9
2026-06-27 21:23:52.506 [DEBUG] [marker_detector] ibvs eu=+237 ev=-18 eu_s=+228.4 ev_s=-17.2 dpan=+2.00 dtilt=+0.86 pan=-30.4 tilt=0.6 err=238px
2026-06-27 21:23:52.597 [DEBUG] [marker_detector] ibvs tag_lost timer start pan=-28.4 tilt=1.4
2026-06-27 21:23:52.693 [DEBUG] [marker_detector] ibvs eu=+164 ev=+10 eu_s=+178.0 ev_s=+4.6 dpan=+2.00 dtilt=-0.23 pan=-26.4 tilt=1.1 err=164px
2026-06-27 21:23:52.788 [DEBUG] [marker_detector] ibvs tag_lost timer start pan=-24.4 tilt=0.7
2026-06-27 21:23:52.845 [DEBUG] [marker_detector] ibvs eu=+138 ev=+10 eu_s=+143.8 ev_s=+9.7 dpan=+2.00 dtilt=-0.49 pan=-22.4 tilt=0.2 err=138px
2026-06-27 21:23:52.942 [DEBUG] [marker_detector] ibvs eu=+120 ev=+11 eu_s=+121.1 ev_s=+10.6 dpan=+2.00 dtilt=-0.53 pan=-18.4 tilt=-0.9 err=121px
2026-06-27 21:23:52.983 [DEBUG] [marker_detector] ibvs tag_lost timer start pan=-18.4 tilt=-0.9
2026-06-27 21:23:53.076 [DEBUG] [marker_detector] ibvs tag_lost timer start pan=-16.4 tilt=-0.8
2026-06-27 21:23:53.171 [DEBUG] [marker_detector] ibvs eu=+35 ev=-2 eu_s=+45.2 ev_s=-1.5 dpan=+2.00 dtilt=+0.08 pan=-14.4 tilt=-0.7 err=35px
2026-06-27 21:23:53.284 [DEBUG] [marker_detector] ibvs eu=+35 ev=-2 eu_s=+35.0 ev_s=-1.6 dpan=+1.75 dtilt=+0.08 pan=-10.8 tilt=-0.6 err=35px
2026-06-27 21:23:53.332 [DEBUG] [marker_detector] ibvs tag_lost timer start pan=-10.8 tilt=-0.6
2026-06-27 21:23:53.425 [DEBUG] [marker_detector] ibvs eu=-6 ev=-1 eu_s=-1.9 ev_s=-1.3 dpan=+0.00 dtilt=+0.00 pan=-10.6 tilt=-0.6 err=6px DB
2026-06-27 21:23:53.522 [DEBUG] [marker_detector] ibvs eu=-6 ev=-1 eu_s=-5.7 ev_s=-1.2 dpan=+0.00 dtilt=+0.00 pan=-10.6 tilt=-0.6 err=6px DB
2026-06-27 21:23:53.620 [DEBUG] [marker_detector] ibvs eu=-6 ev=-1 eu_s=-5.8 ev_s=-1.1 dpan=+0.00 dtilt=+0.00 pan=-10.6 tilt=-0.6 err=6px DB
2026-06-27 21:23:53.722 [DEBUG] [marker_detector] ibvs eu=-6 ev=-1 eu_s=-5.9 ev_s=-1.1 dpan=+0.00 dtilt=+0.00 pan=-10.6 tilt=-0.6 err=6px DB
2026-06-27 21:23:53.815 [DEBUG] [marker_detector] ibvs eu=-6 ev=-1 eu_s=-5.9 ev_s=-1.1 dpan=+0.00 dtilt=+0.00 pan=-10.6 tilt=-0.6 err=6px DB
2026-06-27 21:23:53.926 [DEBUG] [marker_detector] ibvs eu=-6 ev=-1 eu_s=-5.8 ev_s=-1.1 dpan=+0.00 dtilt=+0.00 pan=-10.6 tilt=-0.6 err=6px DB
2026-06-27 21:23:54.022 [DEBUG] [marker_detector] ibvs eu=-6 ev=-1 eu_s=-5.8 ev_s=-1.1 dpan=+0.00 dtilt=+0.00 pan=-10.6 tilt=-0.6 err=6px DB
2026-06-27 21:23:54.117 [DEBUG] [marker_detector] ibvs eu=-6 ev=-1 eu_s=-5.8 ev_s=-1.1 dpan=+0.00 dtilt=+0.00 pan=-10.6 tilt=-0.6 err=6px DB
2026-06-27 21:23:54.213 [DEBUG] [marker_detector] ibvs eu=-6 ev=-1 eu_s=-5.8 ev_s=-1.1 dpan=+0.00 dtilt=+0.00 pan=-10.6 tilt=-0.6 err=6px DB
2026-06-27 21:23:54.307 [DEBUG] [marker_detector] ibvs eu=-6 ev=-1 eu_s=-5.8 ev_s=-1.1 dpan=+0.00 dtilt=+0.00 pan=-10.6 tilt=-0.6 err=6px DB
2026-06-27 21:23:54.411 [DEBUG] [marker_detector] ibvs eu=-6 ev=-1 eu_s=-5.8 ev_s=-1.2 dpan=+0.00 dtilt=+0.00 pan=-10.6 tilt=-0.6 err=6px DB
2026-06-27 21:23:54.505 [DEBUG] [marker_detector] ibvs eu=-6 ev=-1 eu_s=-5.8 ev_s=-1.1 dpan=+0.00 dtilt=+0.00 pan=-10.6 tilt=-0.6 err=6px DB
2026-06-27 21:23:54.602 [DEBUG] [marker_detector] ibvs eu=-6 ev=-1 eu_s=-5.9 ev_s=-1.1 dpan=+0.00 dtilt=+0.00 pan=-10.6 tilt=-0.6 err=6px DB
2026-06-27 21:23:54.698 [DEBUG] [marker_detector] ibvs eu=-6 ev=-1 eu_s=-5.8 ev_s=-1.1 dpan=+0.00 dtilt=+0.00 pan=-10.6 tilt=-0.6 err=6px DB
2026-06-27 21:23:54.802 [DEBUG] [marker_detector] ibvs eu=-6 ev=-1 eu_s=-5.9 ev_s=-1.1 dpan=+0.00 dtilt=+0.00 pan=-10.6 tilt=-0.6 err=6px DB
2026-06-27 21:23:54.898 [DEBUG] [marker_detector] ibvs eu=-6 ev=-1 eu_s=-5.9 ev_s=-1.1 dpan=+0.00 dtilt=+0.00 pan=-10.6 tilt=-0.6 err=6px DB
2026-06-27 21:23:54.995 [DEBUG] [marker_detector] ibvs eu=-6 ev=-1 eu_s=-5.9 ev_s=-1.1 dpan=+0.00 dtilt=+0.00 pan=-10.6 tilt=-0.6 err=6px DB
2026-06-27 21:23:55.091 [DEBUG] [marker_detector] ibvs eu=-6 ev=-1 eu_s=-5.9 ev_s=-1.0 dpan=+0.00 dtilt=+0.00 pan=-10.6 tilt=-0.6 err=6px DB
2026-06-27 21:23:55.192 [DEBUG] [marker_detector] ibvs eu=-6 ev=-1 eu_s=-5.8 ev_s=-1.0 dpan=+0.00 dtilt=+0.00 pan=-10.6 tilt=-0.6 err=6px DB
2026-06-27 21:23:55.290 [DEBUG] [marker_detector] ibvs eu=-6 ev=-1 eu_s=-5.9 ev_s=-1.2 dpan=+0.00 dtilt=+0.00 pan=-10.6 tilt=-0.6 err=6px DB
2026-06-27 21:23:55.386 [DEBUG] [marker_detector] ibvs eu=-6 ev=-1 eu_s=-5.9 ev_s=-1.1 dpan=+0.00 dtilt=+0.00 pan=-10.6 tilt=-0.6 err=6px DB
2026-06-27 21:23:55.480 [DEBUG] [marker_detector] ibvs eu=-6 ev=-1 eu_s=-5.9 ev_s=-1.1 dpan=+0.00 dtilt=+0.00 pan=-10.6 tilt=-0.6 err=6px DB
2026-06-27 21:23:55.575 [DEBUG] [marker_detector] ibvs eu=-6 ev=-1 eu_s=-5.8 ev_s=-1.1 dpan=+0.00 dtilt=+0.00 pan=-10.6 tilt=-0.6 err=6px DB
2026-06-27 21:23:55.679 [DEBUG] [marker_detector] ibvs eu=-6 ev=-1 eu_s=-5.9 ev_s=-1.1 dpan=+0.00 dtilt=+0.00 pan=-10.6 tilt=-0.6 err=6px DB
2026-06-27 21:23:55.775 [DEBUG] [marker_detector] ibvs eu=-6 ev=-1 eu_s=-5.9 ev_s=-1.1 dpan=+0.00 dtilt=+0.00 pan=-10.6 tilt=-0.6 err=6px DB
2026-06-27 21:23:55.880 [DEBUG] [marker_detector] ibvs eu=-6 ev=-1 eu_s=-5.9 ev_s=-1.1 dpan=+0.00 dtilt=+0.00 pan=-10.6 tilt=-0.6 err=6px DB
2026-06-27 21:23:55.975 [DEBUG] [marker_detector] ibvs eu=-6 ev=-1 eu_s=-5.9 ev_s=-1.1 dpan=+0.00 dtilt=+0.00 pan=-10.6 tilt=-0.6 err=6px DB
2026-06-27 21:23:56.070 [DEBUG] [marker_detector] ibvs eu=-6 ev=-1 eu_s=-5.9 ev_s=-1.1 dpan=+0.00 dtilt=+0.00 pan=-10.6 tilt=-0.6 err=6px DB
2026-06-27 21:23:56.163 [DEBUG] [marker_detector] ibvs eu=-6 ev=-1 eu_s=-5.9 ev_s=-1.2 dpan=+0.00 dtilt=+0.00 pan=-10.6 tilt=-0.6 err=6px DB
2026-06-27 21:23:56.261 [DEBUG] [marker_detector] ibvs eu=-6 ev=-1 eu_s=-5.9 ev_s=-1.1 dpan=+0.00 dtilt=+0.00 pan=-10.6 tilt=-0.6 err=6px DB
2026-06-27 21:23:56.365 [DEBUG] [marker_detector] ibvs eu=-6 ev=-1 eu_s=-5.9 ev_s=-1.1 dpan=+0.00 dtilt=+0.00 pan=-10.6 tilt=-0.6 err=6px DB
2026-06-27 21:23:56.461 [DEBUG] [marker_detector] ibvs eu=-6 ev=-1 eu_s=-5.9 ev_s=-1.1 dpan=+0.00 dtilt=+0.00 pan=-10.6 tilt=-0.6 err=6px DB
2026-06-27 21:23:56.556 [DEBUG] [marker_detector] ibvs eu=-6 ev=-1 eu_s=-5.8 ev_s=-1.1 dpan=+0.00 dtilt=+0.00 pan=-10.6 tilt=-0.6 err=6px DB
2026-06-27 21:23:56.653 [DEBUG] [marker_detector] ibvs eu=-6 ev=-1 eu_s=-5.9 ev_s=-1.1 dpan=+0.00 dtilt=+0.00 pan=-10.6 tilt=-0.6 err=6px DB
2026-06-27 21:23:56.760 [DEBUG] [marker_detector] ibvs eu=-6 ev=-1 eu_s=-5.9 ev_s=-1.1 dpan=+0.00 dtilt=+0.00 pan=-10.6 tilt=-0.6 err=6px DB
2026-06-27 21:23:56.853 [DEBUG] [marker_detector] ibvs eu=-6 ev=-1 eu_s=-5.9 ev_s=-1.1 dpan=+0.00 dtilt=+0.00 pan=-10.6 tilt=-0.6 err=6px DB
2026-06-27 21:23:56.948 [DEBUG] [marker_detector] ibvs eu=-6 ev=-1 eu_s=-5.8 ev_s=-1.1 dpan=+0.00 dtilt=+0.00 pan=-10.6 tilt=-0.6 err=6px DB
2026-06-27 21:23:57.044 [DEBUG] [marker_detector] ibvs eu=-6 ev=-1 eu_s=-5.9 ev_s=-1.1 dpan=+0.00 dtilt=+0.00 pan=-10.6 tilt=-0.6 err=6px DB
2026-06-27 21:23:57.144 [DEBUG] [marker_detector] ibvs eu=-6 ev=-1 eu_s=-5.8 ev_s=-1.1 dpan=+0.00 dtilt=+0.00 pan=-10.6 tilt=-0.6 err=6px DB
2026-06-27 21:23:57.243 [DEBUG] [marker_detector] ibvs eu=-6 ev=-1 eu_s=-5.8 ev_s=-1.1 dpan=+0.00 dtilt=+0.00 pan=-10.6 tilt=-0.6 err=6px DB
2026-06-27 21:23:57.336 [DEBUG] [marker_detector] ibvs eu=-6 ev=-1 eu_s=-5.9 ev_s=-1.1 dpan=+0.00 dtilt=+0.00 pan=-10.6 tilt=-0.6 err=6px DB
2026-06-27 21:23:57.430 [DEBUG] [marker_detector] ibvs eu=-6 ev=-1 eu_s=-5.9 ev_s=-1.1 dpan=+0.00 dtilt=+0.00 pan=-10.6 tilt=-0.6 err=6px DB
2026-06-27 21:23:57.527 [DEBUG] [marker_detector] ibvs eu=-6 ev=-1 eu_s=-5.9 ev_s=-1.1 dpan=+0.00 dtilt=+0.00 pan=-10.6 tilt=-0.6 err=6px DB
2026-06-27 21:23:57.629 [DEBUG] [marker_detector] ibvs eu=-6 ev=-1 eu_s=-5.8 ev_s=-1.1 dpan=+0.00 dtilt=+0.00 pan=-10.6 tilt=-0.6 err=6px DB
2026-06-27 21:23:57.724 [DEBUG] [marker_detector] ibvs eu=-6 ev=-1 eu_s=-5.8 ev_s=-1.1 dpan=+0.00 dtilt=+0.00 pan=-10.6 tilt=-0.6 err=6px DB
2026-06-27 21:23:57.832 [DEBUG] [marker_detector] ibvs eu=-6 ev=-1 eu_s=-5.9 ev_s=-1.1 dpan=+0.00 dtilt=+0.00 pan=-10.6 tilt=-0.6 err=6px DB
2026-06-27 21:23:57.927 [DEBUG] [marker_detector] ibvs eu=-6 ev=-1 eu_s=-6.0 ev_s=-1.1 dpan=+0.00 dtilt=+0.00 pan=-10.6 tilt=-0.6 err=6px DB
2026-06-27 21:23:58.022 [DEBUG] [marker_detector] ibvs eu=-6 ev=-1 eu_s=-5.9 ev_s=-1.1 dpan=+0.00 dtilt=+0.00 pan=-10.6 tilt=-0.6 err=6px DB
2026-06-27 21:23:58.115 [DEBUG] [marker_detector] ibvs eu=-6 ev=-1 eu_s=-5.9 ev_s=-1.1 dpan=+0.00 dtilt=+0.00 pan=-10.6 tilt=-0.6 err=6px DB
2026-06-27 21:23:58.212 [DEBUG] [marker_detector] ibvs eu=-6 ev=-1 eu_s=-5.9 ev_s=-1.1 dpan=+0.00 dtilt=+0.00 pan=-10.6 tilt=-0.6 err=6px DB
2026-06-27 21:23:58.318 [DEBUG] [marker_detector] ibvs eu=-6 ev=-1 eu_s=-5.9 ev_s=-1.1 dpan=+0.00 dtilt=+0.00 pan=-10.6 tilt=-0.6 err=6px DB
2026-06-27 21:23:58.414 [DEBUG] [marker_detector] ibvs eu=-6 ev=-1 eu_s=-5.9 ev_s=-1.1 dpan=+0.00 dtilt=+0.00 pan=-10.6 tilt=-0.6 err=6px DB
2026-06-27 21:23:58.508 [DEBUG] [marker_detector] ibvs eu=-6 ev=-1 eu_s=-5.9 ev_s=-1.1 dpan=+0.00 dtilt=+0.00 pan=-10.6 tilt=-0.6 err=6px DB
2026-06-27 21:23:58.604 [DEBUG] [marker_detector] ibvs eu=-6 ev=-1 eu_s=-5.8 ev_s=-1.0 dpan=+0.00 dtilt=+0.00 pan=-10.6 tilt=-0.6 err=6px DB
2026-06-27 21:23:58.708 [DEBUG] [marker_detector] ibvs eu=-6 ev=-1 eu_s=-5.9 ev_s=-1.1 dpan=+0.00 dtilt=+0.00 pan=-10.6 tilt=-0.6 err=6px DB
2026-06-27 21:23:58.801 [DEBUG] [marker_detector] ibvs eu=-6 ev=-1 eu_s=-5.9 ev_s=-1.1 dpan=+0.00 dtilt=+0.00 pan=-10.6 tilt=-0.6 err=6px DB
2026-06-27 21:23:58.896 [DEBUG] [marker_detector] ibvs eu=-6 ev=-1 eu_s=-5.9 ev_s=-1.1 dpan=+0.00 dtilt=+0.00 pan=-10.6 tilt=-0.6 err=6px DB
2026-06-27 21:23:58.990 [DEBUG] [marker_detector] ibvs eu=-6 ev=-1 eu_s=-5.9 ev_s=-1.2 dpan=+0.00 dtilt=+0.00 pan=-10.6 tilt=-0.6 err=6px DB
2026-06-27 21:23:59.085 [DEBUG] [marker_detector] ibvs eu=-6 ev=-1 eu_s=-5.9 ev_s=-1.2 dpan=+0.00 dtilt=+0.00 pan=-10.6 tilt=-0.6 err=6px DB
2026-06-27 21:23:59.190 [DEBUG] [marker_detector] ibvs eu=-6 ev=-1 eu_s=-5.9 ev_s=-1.1 dpan=+0.00 dtilt=+0.00 pan=-10.6 tilt=-0.6 err=6px DB
2026-06-27 21:23:59.284 [DEBUG] [marker_detector] ibvs eu=-6 ev=-1 eu_s=-5.9 ev_s=-1.1 dpan=+0.00 dtilt=+0.00 pan=-10.6 tilt=-0.6 err=6px DB
2026-06-27 21:23:59.380 [DEBUG] [marker_detector] ibvs eu=-6 ev=-1 eu_s=-5.8 ev_s=-1.1 dpan=+0.00 dtilt=+0.00 pan=-10.6 tilt=-0.6 err=6px DB
2026-06-27 21:23:59.476 [DEBUG] [marker_detector] ibvs eu=-6 ev=-1 eu_s=-5.8 ev_s=-1.1 dpan=+0.00 dtilt=+0.00 pan=-10.6 tilt=-0.6 err=6px DB
2026-06-27 21:23:59.579 [DEBUG] [marker_detector] ibvs eu=-6 ev=-1 eu_s=-5.8 ev_s=-1.1 dpan=+0.00 dtilt=+0.00 pan=-10.6 tilt=-0.6 err=6px DB
2026-06-27 21:23:59.674 [DEBUG] [marker_detector] ibvs eu=-6 ev=-1 eu_s=-5.9 ev_s=-1.0 dpan=+0.00 dtilt=+0.00 pan=-10.6 tilt=-0.6 err=6px DB
2026-06-27 21:23:59.772 [DEBUG] [marker_detector] ibvs eu=-6 ev=-1 eu_s=-5.9 ev_s=-1.1 dpan=+0.00 dtilt=+0.00 pan=-10.6 tilt=-0.6 err=6px DB
2026-06-27 21:23:59.865 [DEBUG] [marker_detector] ibvs eu=-6 ev=-1 eu_s=-5.8 ev_s=-1.1 dpan=+0.00 dtilt=+0.00 pan=-10.6 tilt=-0.6 err=6px DB
2026-06-27 21:23:59.968 [DEBUG] [marker_detector] ibvs eu=-6 ev=-1 eu_s=-5.9 ev_s=-1.1 dpan=+0.00 dtilt=+0.00 pan=-10.6 tilt=-0.6 err=6px DB
2026-06-27 21:24:00.063 [DEBUG] [marker_detector] ibvs eu=-6 ev=-1 eu_s=-5.9 ev_s=-1.1 dpan=+0.00 dtilt=+0.00 pan=-10.6 tilt=-0.6 err=6px DB
2026-06-27 21:24:00.159 [DEBUG] [marker_detector] ibvs eu=-6 ev=-1 eu_s=-5.8 ev_s=-1.1 dpan=+0.00 dtilt=+0.00 pan=-10.6 tilt=-0.6 err=6px DB
2026-06-27 21:24:00.248 [DEBUG] [marker_detector] ibvs eu=+8 ev=+1 eu_s=+5.7 ev_s=+0.8 dpan=+0.00 dtilt=+0.00 pan=-10.6 tilt=-0.6 err=9px DB
2026-06-27 21:24:00.337 [DEBUG] [marker_detector] ibvs tag_lost timer start pan=-10.6 tilt=-0.6
2026-06-27 21:24:00.706 [DEBUG] [marker_detector] ibvs eu=+177 ev=-3 eu_s=+142.7 ev_s=-1.2 dpan=+2.00 dtilt=+0.06 pan=-8.6 tilt=-0.5 err=177px
2026-06-27 21:24:00.794 [DEBUG] [marker_detector] ibvs eu=+180 ev=+0 eu_s=+178.4 ev_s=+0.5 dpan=+2.00 dtilt=-0.03 pan=-4.6 tilt=-0.6 err=180px
2026-06-27 21:24:00.841 [DEBUG] [marker_detector] ibvs tag_lost timer start pan=-4.6 tilt=-0.6
2026-06-27 21:24:01.022 [DEBUG] [marker_detector] ibvs eu=+118 ev=+1 eu_s=+120.0 ev_s=+1.1 dpan=+2.00 dtilt=-0.06 pan=-0.6 tilt=-0.7 err=118px
2026-06-27 21:24:01.119 [DEBUG] [marker_detector] ibvs tag_lost timer start pan=1.4 tilt=-0.8
2026-06-27 21:24:01.163 [DEBUG] [marker_detector] ibvs eu=+69 ev=+3 eu_s=+78.8 ev_s=+2.4 dpan=+2.00 dtilt=-0.12 pan=3.4 tilt=-0.9 err=69px
2026-06-27 21:24:01.257 [DEBUG] [marker_detector] ibvs tag_lost timer start pan=5.4 tilt=-1.0
2026-06-27 21:24:01.306 [DEBUG] [marker_detector] ibvs eu=+27 ev=+3 eu_s=+31.6 ev_s=+2.8 dpan=+1.58 dtilt=-0.14 pan=7.0 tilt=-1.1 err=27px
2026-06-27 21:24:01.399 [DEBUG] [marker_detector] ibvs eu=+12 ev=+4 eu_s=+12.4 ev_s=+3.7 dpan=+0.09 dtilt=-0.03 pan=7.3 tilt=-1.2 err=12px
2026-06-27 21:24:01.440 [DEBUG] [marker_detector] ibvs tag_lost timer start pan=7.3 tilt=-1.2
2026-06-27 21:24:01.536 [DEBUG] [marker_detector] ibvs eu=-5 ev=-5 eu_s=-4.7 ev_s=-4.2 dpan=+0.00 dtilt=+0.00 pan=7.3 tilt=-1.2 err=7px DB
2026-06-27 21:24:01.630 [DEBUG] [marker_detector] ibvs eu=-6 ev=-6 eu_s=-6.1 ev_s=-5.9 dpan=+0.00 dtilt=+0.00 pan=7.3 tilt=-1.2 err=9px DB
2026-06-27 21:24:01.755 [DEBUG] [marker_detector] ibvs eu=-6 ev=-6 eu_s=-6.2 ev_s=-6.0 dpan=+0.00 dtilt=+0.00 pan=7.3 tilt=-1.2 err=9px DB
2026-06-27 21:24:01.851 [DEBUG] [marker_detector] ibvs eu=-6 ev=-6 eu_s=-6.2 ev_s=-6.0 dpan=+0.00 dtilt=+0.00 pan=7.3 tilt=-1.2 err=9px DB
2026-06-27 21:24:01.948 [DEBUG] [marker_detector] ibvs eu=-6 ev=-6 eu_s=-6.2 ev_s=-6.0 dpan=+0.00 dtilt=+0.00 pan=7.3 tilt=-1.2 err=9px DB
2026-06-27 21:24:02.043 [DEBUG] [marker_detector] ibvs eu=-6 ev=-6 eu_s=-6.2 ev_s=-6.0 dpan=+0.00 dtilt=+0.00 pan=7.3 tilt=-1.2 err=9px DB
2026-06-27 21:24:02.135 [DEBUG] [marker_detector] ibvs eu=-6 ev=-6 eu_s=-6.2 ev_s=-5.9 dpan=+0.00 dtilt=+0.00 pan=7.3 tilt=-1.2 err=9px DB
2026-06-27 21:24:02.229 [DEBUG] [marker_detector] ibvs eu=-6 ev=-6 eu_s=-6.3 ev_s=-6.0 dpan=+0.00 dtilt=+0.00 pan=7.3 tilt=-1.2 err=9px DB
2026-06-27 21:24:02.327 [DEBUG] [marker_detector] ibvs eu=-6 ev=-6 eu_s=-6.2 ev_s=-6.0 dpan=+0.00 dtilt=+0.00 pan=7.3 tilt=-1.2 err=9px DB
2026-06-27 21:24:02.421 [DEBUG] [marker_detector] ibvs eu=-6 ev=-6 eu_s=-6.2 ev_s=-5.9 dpan=+0.00 dtilt=+0.00 pan=7.3 tilt=-1.2 err=9px DB
2026-06-27 21:24:02.517 [DEBUG] [marker_detector] ibvs eu=-6 ev=-6 eu_s=-6.4 ev_s=-5.9 dpan=+0.00 dtilt=+0.00 pan=7.3 tilt=-1.2 err=9px DB
2026-06-27 21:24:02.614 [DEBUG] [marker_detector] ibvs eu=-6 ev=-6 eu_s=-6.3 ev_s=-6.0 dpan=+0.00 dtilt=+0.00 pan=7.3 tilt=-1.2 err=9px DB
2026-06-27 21:24:02.713 [DEBUG] [marker_detector] ibvs eu=-6 ev=-6 eu_s=-6.3 ev_s=-5.9 dpan=+0.00 dtilt=+0.00 pan=7.3 tilt=-1.2 err=9px DB
2026-06-27 21:24:02.806 [DEBUG] [marker_detector] ibvs eu=-6 ev=-6 eu_s=-6.3 ev_s=-5.9 dpan=+0.00 dtilt=+0.00 pan=7.3 tilt=-1.2 err=9px DB
2026-06-27 21:24:02.901 [DEBUG] [marker_detector] ibvs eu=-6 ev=-6 eu_s=-6.2 ev_s=-5.9 dpan=+0.00 dtilt=+0.00 pan=7.3 tilt=-1.2 err=8px DB
2026-06-27 21:24:02.996 [DEBUG] [marker_detector] ibvs eu=-6 ev=-6 eu_s=-6.3 ev_s=-5.9 dpan=+0.00 dtilt=+0.00 pan=7.3 tilt=-1.2 err=9px DB
2026-06-27 21:24:03.091 [DEBUG] [marker_detector] ibvs eu=-6 ev=-6 eu_s=-6.2 ev_s=-5.8 dpan=+0.00 dtilt=+0.00 pan=7.3 tilt=-1.2 err=8px DB
2026-06-27 21:24:03.186 [DEBUG] [marker_detector] ibvs eu=-6 ev=-6 eu_s=-6.1 ev_s=-5.9 dpan=+0.00 dtilt=+0.00 pan=7.3 tilt=-1.2 err=8px DB
2026-06-27 21:24:03.277 [DEBUG] [marker_detector] ibvs eu=-6 ev=-6 eu_s=-6.2 ev_s=-5.9 dpan=+0.00 dtilt=+0.00 pan=7.3 tilt=-1.2 err=9px DB
2026-06-27 21:24:03.372 [DEBUG] [marker_detector] ibvs eu=-6 ev=-6 eu_s=-6.2 ev_s=-5.9 dpan=+0.00 dtilt=+0.00 pan=7.3 tilt=-1.2 err=9px DB
2026-06-27 21:24:03.467 [DEBUG] [marker_detector] ibvs eu=-6 ev=-6 eu_s=-6.2 ev_s=-5.9 dpan=+0.00 dtilt=+0.00 pan=7.3 tilt=-1.2 err=9px DB
2026-06-27 21:24:03.559 [DEBUG] [marker_detector] ibvs eu=-6 ev=-6 eu_s=-6.2 ev_s=-5.8 dpan=+0.00 dtilt=+0.00 pan=7.3 tilt=-1.2 err=9px DB
2026-06-27 21:24:03.654 [DEBUG] [marker_detector] ibvs eu=-6 ev=-6 eu_s=-6.2 ev_s=-5.9 dpan=+0.00 dtilt=+0.00 pan=7.3 tilt=-1.2 err=9px DB
2026-06-27 21:24:03.748 [DEBUG] [marker_detector] ibvs eu=-6 ev=-6 eu_s=-6.3 ev_s=-5.9 dpan=+0.00 dtilt=+0.00 pan=7.3 tilt=-1.2 err=9px DB
2026-06-27 21:24:03.844 [DEBUG] [marker_detector] ibvs eu=-6 ev=-6 eu_s=-6.2 ev_s=-5.9 dpan=+0.00 dtilt=+0.00 pan=7.3 tilt=-1.2 err=9px DB
2026-06-27 21:24:03.939 [DEBUG] [marker_detector] ibvs eu=-6 ev=-6 eu_s=-6.1 ev_s=-5.9 dpan=+0.00 dtilt=+0.00 pan=7.3 tilt=-1.2 err=8px DB
2026-06-27 21:24:04.034 [DEBUG] [marker_detector] ibvs eu=-6 ev=-6 eu_s=-6.1 ev_s=-5.9 dpan=+0.00 dtilt=+0.00 pan=7.3 tilt=-1.2 err=9px DB
2026-06-27 21:24:04.126 [DEBUG] [marker_detector] ibvs eu=-6 ev=-6 eu_s=-6.2 ev_s=-5.8 dpan=+0.00 dtilt=+0.00 pan=7.3 tilt=-1.2 err=9px DB
2026-06-27 21:24:04.220 [DEBUG] [marker_detector] ibvs eu=-6 ev=-6 eu_s=-6.1 ev_s=-5.9 dpan=+0.00 dtilt=+0.00 pan=7.3 tilt=-1.2 err=8px DB
2026-06-27 21:24:04.314 [DEBUG] [marker_detector] ibvs eu=-6 ev=-6 eu_s=-6.2 ev_s=-5.8 dpan=+0.00 dtilt=+0.00 pan=7.3 tilt=-1.2 err=8px DB
2026-06-27 21:24:04.406 [DEBUG] [marker_detector] ibvs eu=-6 ev=-6 eu_s=-6.2 ev_s=-5.9 dpan=+0.00 dtilt=+0.00 pan=7.3 tilt=-1.2 err=9px DB
2026-06-27 21:24:04.499 [DEBUG] [marker_detector] ibvs eu=-6 ev=-6 eu_s=-6.3 ev_s=-5.9 dpan=+0.00 dtilt=+0.00 pan=7.3 tilt=-1.2 err=9px DB
2026-06-27 21:24:04.593 [DEBUG] [marker_detector] ibvs eu=-6 ev=-6 eu_s=-6.3 ev_s=-5.9 dpan=+0.00 dtilt=+0.00 pan=7.3 tilt=-1.2 err=9px DB
2026-06-27 21:24:04.691 [DEBUG] [marker_detector] ibvs eu=-6 ev=-6 eu_s=-6.3 ev_s=-5.9 dpan=+0.00 dtilt=+0.00 pan=7.3 tilt=-1.2 err=9px DB
2026-06-27 21:24:04.787 [DEBUG] [marker_detector] ibvs eu=-6 ev=-6 eu_s=-6.2 ev_s=-5.9 dpan=+0.00 dtilt=+0.00 pan=7.3 tilt=-1.2 err=9px DB
2026-06-27 21:24:04.883 [DEBUG] [marker_detector] ibvs eu=-6 ev=-6 eu_s=-6.2 ev_s=-5.9 dpan=+0.00 dtilt=+0.00 pan=7.3 tilt=-1.2 err=9px DB
2026-06-27 21:24:04.977 [DEBUG] [marker_detector] ibvs eu=-6 ev=-6 eu_s=-6.2 ev_s=-5.9 dpan=+0.00 dtilt=+0.00 pan=7.3 tilt=-1.2 err=9px DB
2026-06-27 21:24:05.071 [DEBUG] [marker_detector] ibvs eu=-6 ev=-6 eu_s=-6.2 ev_s=-5.9 dpan=+0.00 dtilt=+0.00 pan=7.3 tilt=-1.2 err=9px DB
2026-06-27 21:24:05.165 [DEBUG] [marker_detector] ibvs eu=-6 ev=-6 eu_s=-6.2 ev_s=-5.9 dpan=+0.00 dtilt=+0.00 pan=7.3 tilt=-1.2 err=9px DB
2026-06-27 21:24:05.258 [DEBUG] [marker_detector] ibvs eu=-6 ev=-6 eu_s=-6.2 ev_s=-5.9 dpan=+0.00 dtilt=+0.00 pan=7.3 tilt=-1.2 err=9px DB
2026-06-27 21:24:05.308 [DEBUG] [marker_detector] ibvs tag_lost timer start pan=7.3 tilt=-1.2
2026-06-27 21:24:05.442 [DEBUG] [marker_detector] ibvs eu=-10 ev=-6 eu_s=-7.6 ev_s=-5.4 dpan=+0.00 dtilt=+0.00 pan=7.3 tilt=-1.2 err=12px DB
2026-06-27 21:24:05.490 [DEBUG] [marker_detector] ibvs tag_lost timer start pan=7.3 tilt=-1.2
2026-06-27 21:24:05.622 [DEBUG] [marker_detector] ibvs eu=-8 ev=-7 eu_s=-8.7 ev_s=-7.7 dpan=+0.00 dtilt=+0.00 pan=7.2 tilt=-1.1 err=11px DB
2026-06-27 21:24:05.717 [DEBUG] [marker_detector] ibvs eu=-9 ev=-9 eu_s=-9.0 ev_s=-8.8 dpan=+0.00 dtilt=+0.00 pan=7.2 tilt=-1.1 err=13px DB
2026-06-27 21:24:05.810 [DEBUG] [marker_detector] ibvs eu=-9 ev=-9 eu_s=-8.9 ev_s=-8.8 dpan=+0.00 dtilt=+0.00 pan=7.2 tilt=-1.1 err=13px DB
2026-06-27 21:24:05.913 [DEBUG] [marker_detector] ibvs eu=-9 ev=-9 eu_s=-9.0 ev_s=-8.9 dpan=+0.00 dtilt=+0.00 pan=7.2 tilt=-1.1 err=13px DB
2026-06-27 21:24:06.009 [DEBUG] [marker_detector] ibvs eu=-9 ev=-9 eu_s=-8.9 ev_s=-8.8 dpan=+0.00 dtilt=+0.00 pan=7.2 tilt=-1.1 err=13px DB
2026-06-27 21:24:06.108 [DEBUG] [marker_detector] ibvs eu=-9 ev=-9 eu_s=-8.9 ev_s=-8.8 dpan=+0.00 dtilt=+0.00 pan=7.2 tilt=-1.1 err=13px DB
2026-06-27 21:24:06.207 [DEBUG] [marker_detector] ibvs eu=-9 ev=-9 eu_s=-9.0 ev_s=-8.9 dpan=+0.00 dtilt=+0.00 pan=7.2 tilt=-1.1 err=13px DB
2026-06-27 21:24:06.306 [DEBUG] [marker_detector] ibvs eu=-9 ev=-9 eu_s=-8.9 ev_s=-8.8 dpan=+0.00 dtilt=+0.00 pan=7.2 tilt=-1.1 err=12px DB
2026-06-27 21:24:06.404 [DEBUG] [marker_detector] ibvs eu=-9 ev=-9 eu_s=-9.0 ev_s=-8.9 dpan=+0.00 dtilt=+0.00 pan=7.2 tilt=-1.1 err=13px DB
2026-06-27 21:24:06.502 [DEBUG] [marker_detector] ibvs eu=-9 ev=-9 eu_s=-8.9 ev_s=-8.8 dpan=+0.00 dtilt=+0.00 pan=7.2 tilt=-1.1 err=12px DB
2026-06-27 21:24:06.600 [DEBUG] [marker_detector] ibvs eu=-9 ev=-9 eu_s=-9.0 ev_s=-8.9 dpan=+0.00 dtilt=+0.00 pan=7.2 tilt=-1.1 err=13px DB
2026-06-27 21:24:06.697 [DEBUG] [marker_detector] ibvs eu=-9 ev=-9 eu_s=-8.9 ev_s=-8.9 dpan=+0.00 dtilt=+0.00 pan=7.2 tilt=-1.1 err=13px DB
2026-06-27 21:24:06.799 [DEBUG] [marker_detector] ibvs eu=-9 ev=-9 eu_s=-8.9 ev_s=-8.9 dpan=+0.00 dtilt=+0.00 pan=7.2 tilt=-1.1 err=13px DB
2026-06-27 21:24:06.895 [DEBUG] [marker_detector] ibvs eu=-9 ev=-9 eu_s=-8.9 ev_s=-8.9 dpan=+0.00 dtilt=+0.00 pan=7.2 tilt=-1.1 err=13px DB
2026-06-27 21:24:06.944 [DEBUG] [marker_detector] ibvs tag_lost timer start pan=7.2 tilt=-1.1
2026-06-27 21:24:07.115 [DEBUG] [marker_detector] ibvs tag_lost timer start pan=7.1 tilt=-0.9
2026-06-27 21:24:07.210 [DEBUG] [marker_detector] ibvs eu=-15 ev=-6 eu_s=-13.9 ev_s=-7.1 dpan=-0.19 dtilt=+0.10 pan=6.9 tilt=-0.8 err=16px
2026-06-27 21:24:07.253 [DEBUG] [marker_detector] ibvs tag_lost timer start pan=6.9 tilt=-0.8
2026-06-27 21:24:07.401 [DEBUG] [marker_detector] ibvs eu=-21 ev=-7 eu_s=-21.2 ev_s=-7.5 dpan=-0.66 dtilt=+0.23 pan=5.5 tilt=-0.3 err=22px
2026-06-27 21:24:07.498 [DEBUG] [marker_detector] ibvs eu=-21 ev=-8 eu_s=-21.2 ev_s=-8.2 dpan=-0.68 dtilt=+0.26 pan=4.2 tilt=0.2 err=23px
2026-06-27 21:24:07.595 [DEBUG] [marker_detector] ibvs eu=-14 ev=-7 eu_s=-14.7 ev_s=-6.9 dpan=-0.23 dtilt=+0.11 pan=3.6 tilt=0.4 err=16px
2026-06-27 21:24:07.640 [DEBUG] [marker_detector] ibvs tag_lost timer start pan=3.6 tilt=0.4
2026-06-27 21:24:07.736 [DEBUG] [marker_detector] ibvs eu=-1 ev=+3 eu_s=-1.6 ev_s=+2.9 dpan=+0.00 dtilt=+0.00 pan=3.6 tilt=0.4 err=3px DB
2026-06-27 21:24:07.784 [DEBUG] [marker_detector] ibvs tag_lost timer start pan=3.6 tilt=0.4
2026-06-27 21:24:07.871 [DEBUG] [marker_detector] ibvs eu=-7 ev=+4 eu_s=-5.8 ev_s=+5.3 dpan=+0.00 dtilt=+0.00 pan=3.6 tilt=0.4 err=8px DB
2026-06-27 21:24:07.966 [DEBUG] [marker_detector] ibvs eu=-11 ev=+4 eu_s=-10.5 ev_s=+4.1 dpan=-0.03 dtilt=-0.01 pan=3.6 tilt=0.4 err=12px
2026-06-27 21:24:08.058 [DEBUG] [marker_detector] ibvs eu=-19 ev=+5 eu_s=-18.4 ev_s=+4.6 dpan=-0.42 dtilt=-0.10 pan=2.9 tilt=0.2 err=20px
2026-06-27 21:24:08.146 [DEBUG] [marker_detector] ibvs tag_lost timer start pan=2.3 tilt=0.1
2026-06-27 21:24:08.242 [DEBUG] [marker_detector] ibvs eu=-17 ev=-3 eu_s=-17.8 ev_s=-1.9 dpan=-0.35 dtilt=+0.04 pan=1.9 tilt=0.2 err=17px
2026-06-27 21:24:08.334 [DEBUG] [marker_detector] ibvs eu=-18 ev=-1 eu_s=-18.0 ev_s=-1.5 dpan=-0.36 dtilt=+0.03 pan=1.2 tilt=0.2 err=18px
2026-06-27 21:24:08.377 [DEBUG] [marker_detector] ibvs tag_lost timer start pan=1.2 tilt=0.2
2026-06-27 21:24:08.552 [DEBUG] [marker_detector] ibvs eu=-29 ev=-1 eu_s=-28.0 ev_s=-2.1 dpan=-1.26 dtilt=+0.09 pan=-0.8 tilt=0.5 err=29px
2026-06-27 21:24:08.640 [DEBUG] [marker_detector] ibvs eu=-30 ev=-6 eu_s=-30.1 ev_s=-5.4 dpan=-1.50 dtilt=+0.27 pan=-3.9 tilt=1.0 err=30px
2026-06-27 21:24:08.687 [DEBUG] [marker_detector] ibvs tag_lost timer start pan=-3.9 tilt=1.0
2026-06-27 21:24:08.776 [DEBUG] [marker_detector] ibvs eu=+2 ev=-11 eu_s=-1.0 ev_s=-11.3 dpan=-0.00 dtilt=+0.04 pan=-4.1 tilt=1.2 err=11px
2026-06-27 21:24:08.865 [DEBUG] [marker_detector] ibvs eu=+13 ev=-2 eu_s=+10.9 ev_s=-2.8 dpan=+0.04 dtilt=+0.01 pan=-4.0 tilt=1.2 err=13px
2026-06-27 21:24:08.957 [DEBUG] [marker_detector] ibvs eu=+16 ev=+2 eu_s=+16.0 ev_s=+1.5 dpan=+0.24 dtilt=-0.02 pan=-3.6 tilt=1.2 err=16px
2026-06-27 21:24:09.050 [DEBUG] [marker_detector] ibvs eu=+16 ev=+2 eu_s=+16.4 ev_s=+2.2 dpan=+0.27 dtilt=-0.04 pan=-3.1 tilt=1.1 err=17px
2026-06-27 21:24:09.157 [DEBUG] [marker_detector] ibvs eu=+16 ev=+2 eu_s=+16.5 ev_s=+2.3 dpan=+0.27 dtilt=-0.04 pan=-2.5 tilt=1.0 err=17px
2026-06-27 21:24:09.254 [DEBUG] [marker_detector] ibvs eu=+15 ev=+3 eu_s=+14.9 ev_s=+2.7 dpan=+0.19 dtilt=-0.03 pan=-2.1 tilt=0.9 err=15px
2026-06-27 21:24:09.347 [DEBUG] [marker_detector] ibvs eu=+15 ev=+3 eu_s=+14.8 ev_s=+2.7 dpan=+0.19 dtilt=-0.03 pan=-1.7 tilt=0.9 err=15px
2026-06-27 21:24:09.438 [DEBUG] [marker_detector] ibvs eu=+4 ev=+3 eu_s=+6.2 ev_s=+2.6 dpan=+0.00 dtilt=+0.00 pan=-1.6 tilt=0.8 err=5px DB
2026-06-27 21:24:09.541 [DEBUG] [marker_detector] ibvs eu=+4 ev=+3 eu_s=+4.2 ev_s=+2.6 dpan=+0.00 dtilt=+0.00 pan=-1.6 tilt=0.8 err=5px DB
2026-06-27 21:24:09.638 [DEBUG] [marker_detector] ibvs eu=+4 ev=+3 eu_s=+4.2 ev_s=+2.5 dpan=+0.00 dtilt=+0.00 pan=-1.6 tilt=0.8 err=5px DB
2026-06-27 21:24:09.734 [DEBUG] [marker_detector] ibvs eu=+4 ev=+3 eu_s=+4.1 ev_s=+2.5 dpan=+0.00 dtilt=+0.00 pan=-1.6 tilt=0.8 err=5px DB
2026-06-27 21:24:09.829 [DEBUG] [marker_detector] ibvs eu=+4 ev=+3 eu_s=+4.1 ev_s=+2.5 dpan=+0.00 dtilt=+0.00 pan=-1.6 tilt=0.8 err=5px DB
2026-06-27 21:24:09.926 [DEBUG] [marker_detector] ibvs eu=+4 ev=+3 eu_s=+4.2 ev_s=+2.5 dpan=+0.00 dtilt=+0.00 pan=-1.6 tilt=0.8 err=5px DB
2026-06-27 21:24:10.022 [DEBUG] [marker_detector] ibvs eu=+4 ev=+3 eu_s=+4.2 ev_s=+2.6 dpan=+0.00 dtilt=+0.00 pan=-1.6 tilt=0.8 err=5px DB
2026-06-27 21:24:10.118 [DEBUG] [marker_detector] ibvs eu=+4 ev=+3 eu_s=+4.2 ev_s=+2.5 dpan=+0.00 dtilt=+0.00 pan=-1.6 tilt=0.8 err=5px DB
2026-06-27 21:24:10.214 [DEBUG] [marker_detector] ibvs eu=+4 ev=+3 eu_s=+4.2 ev_s=+2.5 dpan=+0.00 dtilt=+0.00 pan=-1.6 tilt=0.8 err=5px DB
2026-06-27 21:24:10.308 [DEBUG] [marker_detector] ibvs eu=+4 ev=+2 eu_s=+4.2 ev_s=+2.5 dpan=+0.00 dtilt=+0.00 pan=-1.6 tilt=0.8 err=5px DB
2026-06-27 21:24:10.408 [DEBUG] [marker_detector] ibvs eu=+4 ev=+3 eu_s=+4.2 ev_s=+2.5 dpan=+0.00 dtilt=+0.00 pan=-1.6 tilt=0.8 err=5px DB
2026-06-27 21:24:10.503 [DEBUG] [marker_detector] ibvs eu=+4 ev=+3 eu_s=+4.1 ev_s=+2.5 dpan=+0.00 dtilt=+0.00 pan=-1.6 tilt=0.8 err=5px DB
2026-06-27 21:24:10.607 [DEBUG] [marker_detector] ibvs eu=+4 ev=+3 eu_s=+4.2 ev_s=+2.5 dpan=+0.00 dtilt=+0.00 pan=-1.6 tilt=0.8 err=5px DB
2026-06-27 21:24:10.701 [DEBUG] [marker_detector] ibvs eu=+4 ev=+3 eu_s=+4.1 ev_s=+2.5 dpan=+0.00 dtilt=+0.00 pan=-1.6 tilt=0.8 err=5px DB
2026-06-27 21:24:10.795 [DEBUG] [marker_detector] ibvs eu=+4 ev=+2 eu_s=+4.2 ev_s=+2.5 dpan=+0.00 dtilt=+0.00 pan=-1.6 tilt=0.8 err=5px DB
2026-06-27 21:24:10.893 [DEBUG] [marker_detector] ibvs eu=+4 ev=+2 eu_s=+4.2 ev_s=+2.5 dpan=+0.00 dtilt=+0.00 pan=-1.6 tilt=0.8 err=5px DB
2026-06-27 21:24:10.989 [DEBUG] [marker_detector] ibvs eu=+4 ev=+2 eu_s=+4.1 ev_s=+2.5 dpan=+0.00 dtilt=+0.00 pan=-1.6 tilt=0.8 err=5px DB
2026-06-27 21:24:11.094 [DEBUG] [marker_detector] ibvs eu=+4 ev=+3 eu_s=+4.2 ev_s=+2.5 dpan=+0.00 dtilt=+0.00 pan=-1.6 tilt=0.8 err=5px DB
2026-06-27 21:24:11.189 [DEBUG] [marker_detector] ibvs eu=+4 ev=+2 eu_s=+4.2 ev_s=+2.5 dpan=+0.00 dtilt=+0.00 pan=-1.6 tilt=0.8 err=5px DB
2026-06-27 21:24:11.284 [DEBUG] [marker_detector] ibvs eu=+4 ev=+3 eu_s=+4.1 ev_s=+2.5 dpan=+0.00 dtilt=+0.00 pan=-1.6 tilt=0.8 err=5px DB
2026-06-27 21:24:11.378 [DEBUG] [marker_detector] ibvs eu=+4 ev=+3 eu_s=+4.2 ev_s=+2.5 dpan=+0.00 dtilt=+0.00 pan=-1.6 tilt=0.8 err=5px DB
2026-06-27 21:24:11.480 [DEBUG] [marker_detector] ibvs eu=+4 ev=+2 eu_s=+4.1 ev_s=+2.5 dpan=+0.00 dtilt=+0.00 pan=-1.6 tilt=0.8 err=5px DB
2026-06-27 21:24:11.573 [DEBUG] [marker_detector] ibvs eu=+4 ev=+2 eu_s=+4.1 ev_s=+2.5 dpan=+0.00 dtilt=+0.00 pan=-1.6 tilt=0.8 err=5px DB
2026-06-27 21:24:11.667 [DEBUG] [marker_detector] ibvs eu=+4 ev=+2 eu_s=+4.2 ev_s=+2.5 dpan=+0.00 dtilt=+0.00 pan=-1.6 tilt=0.8 err=5px DB
2026-06-27 21:24:11.761 [DEBUG] [marker_detector] ibvs eu=+4 ev=+2 eu_s=+4.2 ev_s=+2.5 dpan=+0.00 dtilt=+0.00 pan=-1.6 tilt=0.8 err=5px DB
2026-06-27 21:24:11.861 [DEBUG] [marker_detector] ibvs eu=+4 ev=+2 eu_s=+4.2 ev_s=+2.5 dpan=+0.00 dtilt=+0.00 pan=-1.6 tilt=0.8 err=5px DB
2026-06-27 21:24:11.957 [DEBUG] [marker_detector] ibvs eu=+4 ev=+2 eu_s=+4.2 ev_s=+2.5 dpan=+0.00 dtilt=+0.00 pan=-1.6 tilt=0.8 err=5px DB
2026-06-27 21:24:12.052 [DEBUG] [marker_detector] ibvs eu=+4 ev=+2 eu_s=+4.2 ev_s=+2.5 dpan=+0.00 dtilt=+0.00 pan=-1.6 tilt=0.8 err=5px DB
2026-06-27 21:24:12.147 [DEBUG] [marker_detector] ibvs eu=+4 ev=+2 eu_s=+4.2 ev_s=+2.5 dpan=+0.00 dtilt=+0.00 pan=-1.6 tilt=0.8 err=5px DB
2026-06-27 21:24:12.241 [DEBUG] [marker_detector] ibvs eu=+4 ev=+3 eu_s=+4.0 ev_s=+2.8 dpan=+0.00 dtilt=+0.00 pan=-1.6 tilt=0.8 err=5px DB
2026-06-27 21:24:12.289 [DEBUG] [marker_detector] ibvs tag_lost timer start pan=-1.6 tilt=0.8
2026-06-27 21:24:12.422 [DEBUG] [marker_detector] ibvs eu=-2 ev=+5 eu_s=-0.5 ev_s=+5.0 dpan=+0.00 dtilt=+0.00 pan=-1.6 tilt=0.8 err=5px DB
2026-06-27 21:24:12.509 [DEBUG] [marker_detector] ibvs eu=-4 ev=-2 eu_s=-3.0 ev_s=-0.4 dpan=+0.00 dtilt=+0.00 pan=-1.6 tilt=0.8 err=4px DB
2026-06-27 21:24:12.593 [DEBUG] [marker_detector] ibvs eu=-12 ev=+10 eu_s=-11.1 ev_s=+8.5 dpan=-0.11 dtilt=-0.08 pan=-1.7 tilt=0.8 err=15px
2026-06-27 21:24:12.678 [DEBUG] [marker_detector] ibvs eu=-21 ev=-2 eu_s=-20.0 ev_s=-0.5 dpan=-0.50 dtilt=+0.01 pan=-2.5 tilt=0.7 err=21px
2026-06-27 21:24:12.765 [DEBUG] [marker_detector] ibvs eu=-29 ev=-0 eu_s=-28.0 ev_s=-0.1 dpan=-1.26 dtilt=+0.01 pan=-4.5 tilt=0.7 err=29px
2026-06-27 21:24:12.851 [DEBUG] [marker_detector] ibvs eu=-38 ev=-4 eu_s=-37.1 ev_s=-3.5 dpan=-1.86 dtilt=+0.18 pan=-8.0 tilt=1.0 err=38px
2026-06-27 21:24:12.891 [DEBUG] [marker_detector] ibvs tag_lost timer start pan=-8.0 tilt=1.0
2026-06-27 21:24:13.143 [DEBUG] [marker_detector] ibvs eu=-11 ev=-14 eu_s=-10.6 ev_s=-12.6 dpan=-0.17 dtilt=+0.20 pan=-8.3 tilt=1.2 err=18px
2026-06-27 21:24:13.229 [DEBUG] [marker_detector] ibvs eu=-6 ev=-5 eu_s=-7.1 ev_s=-6.4 dpan=+0.00 dtilt=+0.00 pan=-8.4 tilt=1.4 err=8px DB
2026-06-27 21:24:13.317 [DEBUG] [marker_detector] ibvs eu=-5 ev=-3 eu_s=-5.6 ev_s=-3.8 dpan=+0.00 dtilt=+0.00 pan=-8.4 tilt=1.4 err=6px DB
2026-06-27 21:24:13.402 [DEBUG] [marker_detector] ibvs eu=-6 ev=-7 eu_s=-6.0 ev_s=-6.8 dpan=+0.00 dtilt=+0.00 pan=-8.4 tilt=1.4 err=9px DB
2026-06-27 21:24:13.490 [DEBUG] [marker_detector] ibvs eu=-6 ev=-7 eu_s=-6.2 ev_s=-6.8 dpan=+0.00 dtilt=+0.00 pan=-8.4 tilt=1.4 err=9px DB
2026-06-27 21:24:13.580 [DEBUG] [marker_detector] ibvs eu=-6 ev=-7 eu_s=-6.1 ev_s=-6.8 dpan=+0.00 dtilt=+0.00 pan=-8.4 tilt=1.4 err=9px DB
2026-06-27 21:24:13.669 [DEBUG] [marker_detector] ibvs eu=-6 ev=-7 eu_s=-6.2 ev_s=-6.7 dpan=+0.00 dtilt=+0.00 pan=-8.4 tilt=1.4 err=9px DB
2026-06-27 21:24:13.759 [DEBUG] [marker_detector] ibvs eu=-6 ev=-7 eu_s=-6.1 ev_s=-6.7 dpan=+0.00 dtilt=+0.00 pan=-8.4 tilt=1.4 err=9px DB
2026-06-27 21:24:13.859 [DEBUG] [marker_detector] ibvs eu=-6 ev=-7 eu_s=-6.2 ev_s=-6.8 dpan=+0.00 dtilt=+0.00 pan=-8.4 tilt=1.4 err=9px DB
2026-06-27 21:24:13.944 [DEBUG] [marker_detector] ibvs eu=+4 ev=+11 eu_s=+1.8 ev_s=+7.5 dpan=+0.00 dtilt=+0.00 pan=-8.4 tilt=1.4 err=11px DB
2026-06-27 21:24:14.036 [DEBUG] [marker_detector] ibvs eu=+8 ev=+4 eu_s=+8.0 ev_s=+3.4 dpan=+0.00 dtilt=+0.00 pan=-8.4 tilt=1.4 err=9px DB
2026-06-27 21:24:14.081 [DEBUG] [marker_detector] ibvs tag_lost timer start pan=-8.4 tilt=1.4
2026-06-27 21:24:14.210 [DEBUG] [marker_detector] ibvs eu=-3 ev=-17 eu_s=-1.7 ev_s=-15.9 dpan=-0.03 dtilt=+0.24 pan=-8.4 tilt=1.6 err=17px
2026-06-27 21:24:14.298 [DEBUG] [marker_detector] ibvs eu=-2 ev=-11 eu_s=-2.6 ev_s=-12.4 dpan=-0.02 dtilt=+0.08 pan=-8.5 tilt=2.2 err=11px
2026-06-27 21:24:14.387 [DEBUG] [marker_detector] ibvs eu=-3 ev=-8 eu_s=-2.7 ev_s=-8.9 dpan=+0.00 dtilt=+0.00 pan=-8.5 tilt=2.3 err=8px DB
2026-06-27 21:24:14.479 [DEBUG] [marker_detector] ibvs eu=-3 ev=-8 eu_s=-2.7 ev_s=-8.0 dpan=+0.00 dtilt=+0.00 pan=-8.5 tilt=2.3 err=8px DB
2026-06-27 21:24:14.566 [DEBUG] [marker_detector] ibvs eu=+2 ev=+11 eu_s=+0.9 ev_s=+7.2 dpan=+0.00 dtilt=+0.00 pan=-8.5 tilt=2.3 err=11px DB
2026-06-27 21:24:14.651 [DEBUG] [marker_detector] ibvs eu=-1 ev=-8 eu_s=-0.1 ev_s=-5.7 dpan=+0.00 dtilt=+0.00 pan=-8.5 tilt=2.3 err=8px DB
2026-06-27 21:24:14.736 [DEBUG] [marker_detector] ibvs tag_lost timer start pan=-8.5 tilt=2.3
2026-06-27 21:24:14.780 [DEBUG] [marker_detector] ibvs eu=-7 ev=-14 eu_s=-5.6 ev_s=-12.4 dpan=-0.05 dtilt=+0.11 pan=-8.6 tilt=2.4 err=16px
2026-06-27 21:24:14.867 [DEBUG] [marker_detector] ibvs eu=-22 ev=-16 eu_s=-19.5 ev_s=-16.3 dpan=-0.75 dtilt=+0.62 pan=-9.5 tilt=3.3 err=28px
2026-06-27 21:24:14.958 [DEBUG] [marker_detector] ibvs eu=-23 ev=-14 eu_s=-23.2 ev_s=-14.6 dpan=-1.01 dtilt=+0.63 pan=-11.7 tilt=4.8 err=27px
2026-06-27 21:24:15.043 [DEBUG] [marker_detector] ibvs eu=+2 ev=+5 eu_s=-0.7 ev_s=+3.9 dpan=+0.00 dtilt=+0.00 pan=-11.7 tilt=4.8 err=5px DB
2026-06-27 21:24:15.138 [DEBUG] [marker_detector] ibvs eu=+6 ev=+14 eu_s=+5.3 ev_s=+13.4 dpan=+0.06 dtilt=-0.15 pan=-11.6 tilt=4.6 err=15px
2026-06-27 21:24:15.226 [DEBUG] [marker_detector] ibvs eu=+5 ev=+14 eu_s=+5.4 ev_s=+14.3 dpan=+0.07 dtilt=-0.19 pan=-11.5 tilt=4.3 err=15px
2026-06-27 21:24:15.318 [DEBUG] [marker_detector] ibvs eu=+5 ev=+14 eu_s=+5.4 ev_s=+14.4 dpan=+0.07 dtilt=-0.19 pan=-11.4 tilt=3.9 err=15px
2026-06-27 21:24:15.409 [DEBUG] [marker_detector] ibvs eu=+6 ev=+14 eu_s=+5.6 ev_s=+14.1 dpan=+0.07 dtilt=-0.18 pan=-11.2 tilt=3.5 err=15px
2026-06-27 21:24:15.498 [DEBUG] [marker_detector] ibvs eu=+6 ev=+11 eu_s=+5.6 ev_s=+11.5 dpan=+0.04 dtilt=-0.08 pan=-11.1 tilt=3.3 err=13px
2026-06-27 21:24:15.590 [DEBUG] [marker_detector] ibvs eu=+6 ev=+11 eu_s=+5.6 ev_s=+11.4 dpan=+0.04 dtilt=-0.08 pan=-11.1 tilt=3.2 err=13px
2026-06-27 21:24:15.683 [DEBUG] [marker_detector] ibvs eu=+6 ev=+11 eu_s=+5.5 ev_s=+11.3 dpan=+0.04 dtilt=-0.07 pan=-11.0 tilt=3.0 err=13px
2026-06-27 21:24:15.770 [DEBUG] [marker_detector] ibvs eu=+6 ev=+3 eu_s=+5.8 ev_s=+4.0 dpan=+0.00 dtilt=+0.00 pan=-11.0 tilt=3.0 err=7px DB
2026-06-27 21:24:15.857 [DEBUG] [marker_detector] ibvs eu=+6 ev=+3 eu_s=+6.1 ev_s=+3.4 dpan=+0.00 dtilt=+0.00 pan=-11.0 tilt=3.0 err=7px DB
2026-06-27 21:24:15.949 [DEBUG] [marker_detector] ibvs eu=+6 ev=+4 eu_s=+6.1 ev_s=+3.5 dpan=+0.00 dtilt=+0.00 pan=-11.0 tilt=3.0 err=7px DB
2026-06-27 21:24:16.035 [DEBUG] [marker_detector] ibvs eu=+6 ev=+3 eu_s=+6.1 ev_s=+3.5 dpan=+0.00 dtilt=+0.00 pan=-11.0 tilt=3.0 err=7px DB
2026-06-27 21:24:16.122 [DEBUG] [marker_detector] ibvs eu=+6 ev=+3 eu_s=+6.0 ev_s=+3.2 dpan=+0.00 dtilt=+0.00 pan=-11.0 tilt=3.0 err=7px DB
2026-06-27 21:24:16.211 [DEBUG] [marker_detector] ibvs eu=+6 ev=+3 eu_s=+6.1 ev_s=+3.3 dpan=+0.00 dtilt=+0.00 pan=-11.0 tilt=3.0 err=7px DB
2026-06-27 21:24:16.301 [DEBUG] [marker_detector] ibvs eu=+6 ev=+3 eu_s=+6.0 ev_s=+3.3 dpan=+0.00 dtilt=+0.00 pan=-11.0 tilt=3.0 err=7px DB
2026-06-27 21:24:16.390 [DEBUG] [marker_detector] ibvs eu=+6 ev=+3 eu_s=+6.0 ev_s=+3.3 dpan=+0.00 dtilt=+0.00 pan=-11.0 tilt=3.0 err=7px DB
2026-06-27 21:24:16.480 [DEBUG] [marker_detector] ibvs eu=+6 ev=+3 eu_s=+6.0 ev_s=+3.3 dpan=+0.00 dtilt=+0.00 pan=-11.0 tilt=3.0 err=7px DB
2026-06-27 21:24:16.566 [DEBUG] [marker_detector] ibvs eu=+6 ev=+2 eu_s=+6.4 ev_s=+2.3 dpan=+0.00 dtilt=+0.00 pan=-11.0 tilt=3.0 err=7px DB
2026-06-27 21:24:16.652 [DEBUG] [marker_detector] ibvs eu=-5 ev=-1 eu_s=-3.3 ev_s=-0.0 dpan=+0.00 dtilt=+0.00 pan=-11.0 tilt=3.0 err=5px DB
2026-06-27 21:24:16.738 [DEBUG] [marker_detector] ibvs eu=-11 ev=+7 eu_s=-10.5 ev_s=+6.5 dpan=-0.06 dtilt=-0.04 pan=-11.0 tilt=3.0 err=13px
2026-06-27 21:24:16.821 [DEBUG] [marker_detector] ibvs eu=+4 ev=-2 eu_s=+2.1 ev_s=+0.2 dpan=+0.00 dtilt=+0.00 pan=-11.0 tilt=3.0 err=4px DB
2026-06-27 21:24:16.905 [DEBUG] [marker_detector] ibvs eu=+13 ev=+16 eu_s=+11.6 ev_s=+13.4 dpan=+0.22 dtilt=-0.26 pan=-10.8 tilt=2.7 err=20px
2026-06-27 21:24:16.990 [DEBUG] [marker_detector] ibvs eu=+26 ev=+10 eu_s=+25.3 ev_s=+10.8 dpan=+1.11 dtilt=-0.47 pan=-9.0 tilt=1.8 err=28px
2026-06-27 21:24:17.074 [DEBUG] [marker_detector] ibvs tag_lost timer start pan=-7.4 tilt=0.7
2026-06-27 21:24:17.199 [DEBUG] [marker_detector] ibvs eu=+19 ev=-1 eu_s=+22.0 ev_s=+3.8 dpan=+0.68 dtilt=-0.12 pan=-6.7 tilt=0.6 err=19px
2026-06-27 21:24:17.287 [DEBUG] [marker_detector] ibvs eu=+30 ev=-0 eu_s=+28.6 ev_s=-0.2 dpan=+1.33 dtilt=+0.01 pan=-4.5 tilt=0.6 err=30px
2026-06-27 21:24:17.376 [DEBUG] [marker_detector] ibvs eu=+28 ev=-6 eu_s=+27.9 ev_s=-3.5 dpan=+1.26 dtilt=+0.16 pan=-1.8 tilt=0.5 err=28px
2026-06-27 21:24:17.424 [DEBUG] [marker_detector] ibvs tag_lost timer start pan=-1.8 tilt=0.5
2026-06-27 21:24:17.510 [DEBUG] [marker_detector] ibvs eu=-5 ev=+1 eu_s=-1.8 ev_s=+0.7 dpan=+0.00 dtilt=+0.00 pan=-1.8 tilt=0.5 err=5px DB
2026-06-27 21:24:17.592 [DEBUG] [marker_detector] ibvs eu=+9 ev=+9 eu_s=+6.8 ev_s=+8.1 dpan=+0.00 dtilt=+0.00 pan=-1.8 tilt=0.5 err=13px DB
2026-06-27 21:24:17.680 [DEBUG] [marker_detector] ibvs eu=+12 ev=+7 eu_s=+11.8 ev_s=+6.7 dpan=+0.10 dtilt=-0.06 pan=-1.7 tilt=0.4 err=14px
2026-06-27 21:24:17.771 [DEBUG] [marker_detector] ibvs eu=+22 ev=+4 eu_s=+20.5 ev_s=+4.5 dpan=+0.57 dtilt=-0.12 pan=-0.9 tilt=0.2 err=23px
2026-06-27 21:24:17.870 [DEBUG] [marker_detector] ibvs eu=+23 ev=+10 eu_s=+23.1 ev_s=+9.3 dpan=+0.86 dtilt=-0.34 pan=0.6 tilt=-0.3 err=26px
2026-06-27 21:24:17.960 [DEBUG] [marker_detector] ibvs tag_lost timer start pan=1.4 tilt=-0.3
2026-06-27 21:24:18.176 [DEBUG] [marker_detector] ibvs eu=+19 ev=-0 eu_s=+19.9 ev_s=-0.1 dpan=+0.50 dtilt=+0.00 pan=1.9 tilt=-0.3 err=19px
2026-06-27 21:24:18.268 [DEBUG] [marker_detector] ibvs eu=+27 ev=+1 eu_s=+25.6 ev_s=+0.8 dpan=+1.00 dtilt=-0.03 pan=3.3 tilt=-0.3 err=27px
2026-06-27 21:24:18.359 [DEBUG] [marker_detector] ibvs eu=+29 ev=+2 eu_s=+29.3 ev_s=+2.5 dpan=+1.42 dtilt=-0.12 pan=6.3 tilt=-0.6 err=29px
2026-06-27 21:24:18.450 [DEBUG] [marker_detector] ibvs eu=+15 ev=+4 eu_s=+16.6 ev_s=+3.5 dpan=+0.29 dtilt=-0.06 pan=7.5 tilt=-0.7 err=15px
2026-06-27 21:24:18.539 [DEBUG] [marker_detector] ibvs tag_lost timer start pan=7.5 tilt=-0.7
2026-06-27 21:24:18.587 [DEBUG] [marker_detector] ibvs eu=+3 ev=+21 eu_s=+3.6 ev_s=+16.9 dpan=+0.06 dtilt=-0.31 pan=7.6 tilt=-1.1 err=21px
2026-06-27 21:24:18.676 [DEBUG] [marker_detector] ibvs eu=-2 ev=+7 eu_s=-1.4 ev_s=+7.9 dpan=+0.00 dtilt=+0.00 pan=7.6 tilt=-1.1 err=7px DB
2026-06-27 21:24:18.769 [DEBUG] [marker_detector] ibvs eu=-1 ev=+0 eu_s=-1.3 ev_s=+0.9 dpan=+0.00 dtilt=+0.00 pan=7.6 tilt=-1.1 err=1px DB
2026-06-27 21:24:18.862 [DEBUG] [marker_detector] ibvs eu=-2 ev=+1 eu_s=-1.5 ev_s=+0.6 dpan=+0.00 dtilt=+0.00 pan=7.6 tilt=-1.1 err=2px DB
2026-06-27 21:24:18.967 [DEBUG] [marker_detector] ibvs eu=-2 ev=+1 eu_s=-1.6 ev_s=+0.7 dpan=+0.00 dtilt=+0.00 pan=7.6 tilt=-1.1 err=2px DB
2026-06-27 21:24:19.059 [DEBUG] [marker_detector] ibvs eu=-2 ev=+1 eu_s=-1.6 ev_s=+0.5 dpan=+0.00 dtilt=+0.00 pan=7.6 tilt=-1.1 err=2px DB
2026-06-27 21:24:19.154 [DEBUG] [marker_detector] ibvs eu=-2 ev=+1 eu_s=-1.6 ev_s=+0.5 dpan=+0.00 dtilt=+0.00 pan=7.6 tilt=-1.1 err=2px DB
2026-06-27 21:24:19.247 [DEBUG] [marker_detector] ibvs eu=-2 ev=+1 eu_s=-1.6 ev_s=+0.6 dpan=+0.00 dtilt=+0.00 pan=7.6 tilt=-1.1 err=2px DB
2026-06-27 21:24:19.350 [DEBUG] [marker_detector] ibvs eu=-2 ev=+0 eu_s=-1.5 ev_s=+0.4 dpan=+0.00 dtilt=+0.00 pan=7.6 tilt=-1.1 err=2px DB
2026-06-27 21:24:19.444 [DEBUG] [marker_detector] ibvs eu=-1 ev=+0 eu_s=-1.5 ev_s=+0.4 dpan=+0.00 dtilt=+0.00 pan=7.6 tilt=-1.1 err=2px DB
2026-06-27 21:24:19.540 [DEBUG] [marker_detector] ibvs eu=-2 ev=+1 eu_s=-1.5 ev_s=+0.6 dpan=+0.00 dtilt=+0.00 pan=7.6 tilt=-1.1 err=2px DB
2026-06-27 21:24:19.636 [DEBUG] [marker_detector] ibvs eu=-1 ev=+0 eu_s=-1.5 ev_s=+0.4 dpan=+0.00 dtilt=+0.00 pan=7.6 tilt=-1.1 err=2px DB
2026-06-27 21:24:19.732 [DEBUG] [marker_detector] ibvs eu=-2 ev=+1 eu_s=-1.5 ev_s=+0.5 dpan=+0.00 dtilt=+0.00 pan=7.6 tilt=-1.1 err=2px DB
2026-06-27 21:24:19.833 [DEBUG] [marker_detector] ibvs eu=-1 ev=+0 eu_s=-1.5 ev_s=+0.4 dpan=+0.00 dtilt=+0.00 pan=7.6 tilt=-1.1 err=2px DB
2026-06-27 21:24:19.928 [DEBUG] [marker_detector] ibvs eu=-1 ev=+1 eu_s=-1.5 ev_s=+0.5 dpan=+0.00 dtilt=+0.00 pan=7.6 tilt=-1.1 err=2px DB
2026-06-27 21:24:20.028 [DEBUG] [marker_detector] ibvs eu=-1 ev=+1 eu_s=-1.5 ev_s=+0.5 dpan=+0.00 dtilt=+0.00 pan=7.6 tilt=-1.1 err=2px DB
2026-06-27 21:24:20.121 [DEBUG] [marker_detector] ibvs eu=-1 ev=+0 eu_s=-1.4 ev_s=+0.4 dpan=+0.00 dtilt=+0.00 pan=7.6 tilt=-1.1 err=1px DB
2026-06-27 21:24:20.218 [DEBUG] [marker_detector] ibvs eu=-1 ev=+0 eu_s=-1.4 ev_s=+0.4 dpan=+0.00 dtilt=+0.00 pan=7.6 tilt=-1.1 err=1px DB
2026-06-27 21:24:20.312 [DEBUG] [marker_detector] ibvs eu=-1 ev=+0 eu_s=-1.4 ev_s=+0.4 dpan=+0.00 dtilt=+0.00 pan=7.6 tilt=-1.1 err=1px DB
2026-06-27 21:24:20.409 [DEBUG] [marker_detector] ibvs eu=-1 ev=+0 eu_s=-1.4 ev_s=+0.4 dpan=+0.00 dtilt=+0.00 pan=7.6 tilt=-1.1 err=1px DB
2026-06-27 21:24:20.503 [DEBUG] [marker_detector] ibvs eu=-1 ev=+0 eu_s=-1.4 ev_s=+0.3 dpan=+0.00 dtilt=+0.00 pan=7.6 tilt=-1.1 err=1px DB
2026-06-27 21:24:20.595 [DEBUG] [marker_detector] ibvs eu=-1 ev=+0 eu_s=-1.4 ev_s=+0.4 dpan=+0.00 dtilt=+0.00 pan=7.6 tilt=-1.1 err=1px DB
2026-06-27 21:24:20.697 [DEBUG] [marker_detector] ibvs eu=-1 ev=+0 eu_s=-1.5 ev_s=+0.5 dpan=+0.00 dtilt=+0.00 pan=7.6 tilt=-1.1 err=2px DB
2026-06-27 21:24:20.795 [DEBUG] [marker_detector] ibvs eu=-1 ev=+0 eu_s=-1.4 ev_s=+0.3 dpan=+0.00 dtilt=+0.00 pan=7.6 tilt=-1.1 err=1px DB
2026-06-27 21:24:20.899 [DEBUG] [marker_detector] ibvs eu=-1 ev=+0 eu_s=-1.4 ev_s=+0.3 dpan=+0.00 dtilt=+0.00 pan=7.6 tilt=-1.1 err=1px DB
2026-06-27 21:24:20.993 [DEBUG] [marker_detector] ibvs eu=-1 ev=+0 eu_s=-1.5 ev_s=+0.3 dpan=+0.00 dtilt=+0.00 pan=7.6 tilt=-1.1 err=1px DB
2026-06-27 21:24:21.087 [DEBUG] [marker_detector] ibvs tag_lost timer start pan=7.6 tilt=-1.1
2026-06-27 21:24:21.255 [DEBUG] [marker_detector] ibvs eu=+0 ev=-1 eu_s=+0.9 ev_s=-0.2 dpan=+0.00 dtilt=+0.00 pan=7.6 tilt=-1.1 err=1px DB
2026-06-27 21:24:21.296 [DEBUG] [marker_detector] ibvs tag_lost timer start pan=7.6 tilt=-1.1
2026-06-27 21:24:26.304 [INFO ] [marker_detector] ibvs servo_reset pan→0 tilt→0 lost=5.0s
2026-06-27 21:24:26.345 [DEBUG] [marker_detector] ibvs tag_lost timer start pan=0.0 tilt=0.0
2026-06-27 21:24:26.604 [DEBUG] [marker_detector] ibvs eu=-133 ev=-17 eu_s=-126.9 ev_s=-15.8 dpan=-2.00 dtilt=+0.79 pan=-4.0 tilt=1.3 err=134px
2026-06-27 21:24:26.693 [DEBUG] [marker_detector] ibvs tag_lost timer start pan=-6.0 tilt=2.1
2026-06-27 21:24:26.823 [DEBUG] [marker_detector] ibvs eu=-63 ev=+10 eu_s=-76.4 ev_s=+5.3 dpan=-2.00 dtilt=-0.27 pan=-8.0 tilt=1.8 err=63px
2026-06-27 21:24:26.914 [DEBUG] [marker_detector] ibvs eu=-62 ev=+10 eu_s=-62.4 ev_s=+9.5 dpan=-2.00 dtilt=-0.47 pan=-12.0 tilt=0.9 err=63px
2026-06-27 21:24:26.957 [DEBUG] [marker_detector] ibvs tag_lost timer start pan=-12.0 tilt=0.9
2026-06-27 21:24:27.045 [DEBUG] [marker_detector] ibvs eu=-4 ev=+8 eu_s=-9.0 ev_s=+8.7 dpan=+0.00 dtilt=+0.00 pan=-13.4 tilt=0.3 err=9px DB
2026-06-27 21:24:27.132 [DEBUG] [marker_detector] ibvs eu=+7 ev=+7 eu_s=+4.7 ev_s=+7.2 dpan=+0.00 dtilt=+0.00 pan=-13.4 tilt=0.3 err=10px DB
2026-06-27 21:24:27.224 [DEBUG] [marker_detector] ibvs eu=+10 ev=+1 eu_s=+9.3 ev_s=+1.1 dpan=+0.00 dtilt=+0.00 pan=-13.4 tilt=0.3 err=10px DB
2026-06-27 21:24:27.327 [DEBUG] [marker_detector] ibvs eu=+10 ev=+1 eu_s=+9.7 ev_s=+0.7 dpan=+0.00 dtilt=+0.00 pan=-13.4 tilt=0.3 err=10px DB
2026-06-27 21:24:27.419 [DEBUG] [marker_detector] ibvs eu=+10 ev=+1 eu_s=+9.9 ev_s=+0.7 dpan=+0.00 dtilt=+0.00 pan=-13.4 tilt=0.3 err=10px DB
2026-06-27 21:24:27.510 [DEBUG] [marker_detector] ibvs eu=+10 ev=+1 eu_s=+9.8 ev_s=+0.8 dpan=+0.00 dtilt=+0.00 pan=-13.4 tilt=0.3 err=10px DB
2026-06-27 21:24:27.602 [DEBUG] [marker_detector] ibvs eu=+10 ev=+1 eu_s=+9.8 ev_s=+0.8 dpan=+0.00 dtilt=+0.00 pan=-13.4 tilt=0.3 err=10px DB
2026-06-27 21:24:27.694 [DEBUG] [marker_detector] ibvs eu=+10 ev=+1 eu_s=+9.8 ev_s=+0.7 dpan=+0.00 dtilt=+0.00 pan=-13.4 tilt=0.3 err=10px DB
2026-06-27 21:24:27.797 [DEBUG] [marker_detector] ibvs eu=+10 ev=+1 eu_s=+9.8 ev_s=+0.7 dpan=+0.00 dtilt=+0.00 pan=-13.4 tilt=0.3 err=10px DB
2026-06-27 21:24:27.890 [DEBUG] [marker_detector] ibvs eu=+10 ev=+1 eu_s=+9.8 ev_s=+0.7 dpan=+0.00 dtilt=+0.00 pan=-13.4 tilt=0.3 err=10px DB
2026-06-27 21:24:27.984 [DEBUG] [marker_detector] ibvs tag_lost timer start pan=-13.4 tilt=0.3
2026-06-27 21:24:28.295 [DEBUG] [marker_detector] ibvs eu=-118 ev=-2 eu_s=-92.1 ev_s=-1.4 dpan=-2.00 dtilt=+0.07 pan=-15.4 tilt=0.4 err=118px
2026-06-27 21:24:28.383 [DEBUG] [marker_detector] ibvs eu=-110 ev=-2 eu_s=-108.8 ev_s=-3.7 dpan=-2.00 dtilt=+0.19 pan=-19.4 tilt=1.1 err=110px
2026-06-27 21:24:28.424 [DEBUG] [marker_detector] ibvs tag_lost timer start pan=-19.4 tilt=1.1
2026-06-27 21:24:28.513 [DEBUG] [marker_detector] ibvs tag_lost timer start pan=-21.4 tilt=1.3
2026-06-27 21:24:28.561 [DEBUG] [marker_detector] ibvs eu=-68 ev=+3 eu_s=-71.5 ev_s=+1.7 dpan=-2.00 dtilt=-0.08 pan=-23.4 tilt=1.2 err=68px
2026-06-27 21:24:28.661 [DEBUG] [marker_detector] ibvs eu=-45 ev=+4 eu_s=-46.6 ev_s=+3.6 dpan=-2.00 dtilt=-0.18 pan=-27.4 tilt=0.8 err=45px
2026-06-27 21:24:28.751 [DEBUG] [marker_detector] ibvs tag_lost timer start pan=-28.4 tilt=0.7
2026-06-27 21:24:28.792 [DEBUG] [marker_detector] ibvs eu=+20 ev=+5 eu_s=+10.4 ev_s=+4.5 dpan=+0.03 dtilt=-0.01 pan=-28.4 tilt=0.7 err=20px
2026-06-27 21:24:28.975 [DEBUG] [marker_detector] ibvs eu=+29 ev=+4 eu_s=+28.3 ev_s=+3.7 dpan=+1.31 dtilt=-0.17 pan=-26.1 tilt=0.3 err=29px
2026-06-27 21:24:29.067 [DEBUG] [marker_detector] ibvs eu=+29 ev=+4 eu_s=+28.9 ev_s=+3.7 dpan=+1.39 dtilt=-0.18 pan=-23.3 tilt=-0.0 err=29px
2026-06-27 21:24:29.152 [DEBUG] [marker_detector] ibvs tag_lost timer start pan=-22.5 tilt=-0.1
2026-06-27 21:24:29.294 [DEBUG] [marker_detector] ibvs eu=-32 ev=+3 eu_s=-20.9 ev_s=+2.6 dpan=-0.58 dtilt=-0.07 pan=-23.0 tilt=-0.2 err=32px
2026-06-27 21:24:29.337 [DEBUG] [marker_detector] ibvs tag_lost timer start pan=-23.0 tilt=-0.2
2026-06-27 21:24:29.521 [DEBUG] [marker_detector] ibvs eu=-104 ev=-7 eu_s=-102.7 ev_s=-6.3 dpan=-2.00 dtilt=+0.32 pan=-27.0 tilt=0.3 err=105px
2026-06-27 21:24:29.613 [DEBUG] [marker_detector] ibvs eu=-94 ev=-7 eu_s=-96.4 ev_s=-7.6 dpan=-2.00 dtilt=+0.38 pan=-31.0 tilt=1.2 err=94px
2026-06-27 21:24:29.705 [DEBUG] [marker_detector] ibvs eu=-53 ev=-6 eu_s=-57.4 ev_s=-6.2 dpan=-2.00 dtilt=+0.31 pan=-35.0 tilt=1.9 err=53px
2026-06-27 21:24:29.795 [DEBUG] [marker_detector] ibvs eu=-13 ev=+6 eu_s=-17.5 ev_s=+5.2 dpan=-0.36 dtilt=-0.11 pan=-37.3 tilt=1.6 err=14px
2026-06-27 21:24:29.840 [DEBUG] [marker_detector] ibvs tag_lost timer start pan=-37.3 tilt=1.6
2026-06-27 21:24:29.972 [DEBUG] [marker_detector] ibvs eu=+31 ev=+5 eu_s=+29.1 ev_s=+5.4 dpan=+1.42 dtilt=-0.27 pan=-35.3 tilt=1.2 err=32px
2026-06-27 21:24:30.066 [DEBUG] [marker_detector] ibvs eu=+31 ev=+5 eu_s=+30.9 ev_s=+5.4 dpan=+1.55 dtilt=-0.27 pan=-32.2 tilt=0.7 err=31px
2026-06-27 21:24:30.164 [DEBUG] [marker_detector] ibvs eu=+12 ev=+5 eu_s=+15.3 ev_s=+5.6 dpan=+0.24 dtilt=-0.09 pan=-30.6 tilt=0.3 err=13px
2026-06-27 21:24:30.254 [DEBUG] [marker_detector] ibvs eu=-20 ev=+1 eu_s=-15.9 ev_s=+1.9 dpan=-0.24 dtilt=-0.03 pan=-30.9 tilt=0.3 err=20px
2026-06-27 21:24:30.347 [DEBUG] [marker_detector] ibvs eu=-20 ev=+1 eu_s=-19.8 ev_s=+0.6 dpan=-0.49 dtilt=-0.01 pan=-31.8 tilt=0.2 err=20px
2026-06-27 21:24:30.444 [DEBUG] [marker_detector] ibvs eu=-20 ev=+0 eu_s=-20.1 ev_s=+0.4 dpan=-0.51 dtilt=-0.01 pan=-32.8 tilt=0.2 err=20px
2026-06-27 21:24:30.538 [DEBUG] [marker_detector] ibvs eu=-17 ev=+1 eu_s=-17.9 ev_s=+0.6 dpan=-0.35 dtilt=-0.01 pan=-33.6 tilt=0.2 err=17px
2026-06-27 21:24:30.638 [DEBUG] [marker_detector] ibvs eu=-9 ev=+0 eu_s=-10.4 ev_s=+0.4 dpan=-0.01 dtilt=-0.00 pan=-33.9 tilt=0.2 err=9px
2026-06-27 21:24:30.727 [DEBUG] [marker_detector] ibvs eu=-1 ev=+0 eu_s=-1.9 ev_s=+0.4 dpan=+0.00 dtilt=+0.00 pan=-33.9 tilt=0.2 err=1px DB
2026-06-27 21:24:30.818 [DEBUG] [marker_detector] ibvs eu=-1 ev=+0 eu_s=-0.6 ev_s=+0.3 dpan=+0.00 dtilt=+0.00 pan=-33.9 tilt=0.2 err=1px DB
2026-06-27 21:24:30.911 [DEBUG] [marker_detector] ibvs eu=-1 ev=+0 eu_s=-0.5 ev_s=+0.3 dpan=+0.00 dtilt=+0.00 pan=-33.9 tilt=0.2 err=1px DB
2026-06-27 21:24:31.003 [DEBUG] [marker_detector] ibvs eu=-0 ev=+0 eu_s=-0.5 ev_s=+0.4 dpan=+0.00 dtilt=+0.00 pan=-33.9 tilt=0.2 err=1px DB
2026-06-27 21:24:31.096 [DEBUG] [marker_detector] ibvs eu=-0 ev=+0 eu_s=-0.5 ev_s=+0.3 dpan=+0.00 dtilt=+0.00 pan=-33.9 tilt=0.2 err=1px DB
2026-06-27 21:24:31.195 [DEBUG] [marker_detector] ibvs eu=-0 ev=+0 eu_s=-0.5 ev_s=+0.3 dpan=+0.00 dtilt=+0.00 pan=-33.9 tilt=0.2 err=1px DB
2026-06-27 21:24:31.291 [DEBUG] [marker_detector] ibvs eu=-1 ev=+0 eu_s=-0.5 ev_s=+0.3 dpan=+0.00 dtilt=+0.00 pan=-33.9 tilt=0.2 err=1px DB
2026-06-27 21:24:31.384 [DEBUG] [marker_detector] ibvs eu=-1 ev=+0 eu_s=-0.5 ev_s=+0.3 dpan=+0.00 dtilt=+0.00 pan=-33.9 tilt=0.2 err=1px DB
2026-06-27 21:24:31.479 [DEBUG] [marker_detector] ibvs eu=-0 ev=+0 eu_s=-0.5 ev_s=+0.3 dpan=+0.00 dtilt=+0.00 pan=-33.9 tilt=0.2 err=1px DB
2026-06-27 21:24:31.567 [DEBUG] [marker_detector] ibvs eu=-0 ev=+0 eu_s=-0.5 ev_s=+0.2 dpan=+0.00 dtilt=+0.00 pan=-33.9 tilt=0.2 err=1px DB
2026-06-27 21:24:31.666 [DEBUG] [marker_detector] ibvs eu=-0 ev=+0 eu_s=-0.4 ev_s=+0.3 dpan=+0.00 dtilt=+0.00 pan=-33.9 tilt=0.2 err=1px DB
2026-06-27 21:24:31.760 [DEBUG] [marker_detector] ibvs eu=-0 ev=+0 eu_s=-0.5 ev_s=+0.2 dpan=+0.00 dtilt=+0.00 pan=-33.9 tilt=0.2 err=1px DB
2026-06-27 21:24:31.852 [DEBUG] [marker_detector] ibvs eu=-0 ev=+0 eu_s=-0.5 ev_s=+0.3 dpan=+0.00 dtilt=+0.00 pan=-33.9 tilt=0.2 err=1px DB
2026-06-27 21:24:31.946 [DEBUG] [marker_detector] ibvs eu=-1 ev=+0 eu_s=-0.5 ev_s=+0.2 dpan=+0.00 dtilt=+0.00 pan=-33.9 tilt=0.2 err=1px DB
2026-06-27 21:24:32.038 [DEBUG] [marker_detector] ibvs eu=-0 ev=+0 eu_s=-0.5 ev_s=+0.3 dpan=+0.00 dtilt=+0.00 pan=-33.9 tilt=0.2 err=1px DB
2026-06-27 21:24:32.141 [DEBUG] [marker_detector] ibvs eu=-1 ev=+0 eu_s=-0.5 ev_s=+0.3 dpan=+0.00 dtilt=+0.00 pan=-33.9 tilt=0.2 err=1px DB
2026-06-27 21:24:32.235 [DEBUG] [marker_detector] ibvs eu=-0 ev=+0 eu_s=-0.5 ev_s=+0.3 dpan=+0.00 dtilt=+0.00 pan=-33.9 tilt=0.2 err=1px DB
2026-06-27 21:24:32.329 [DEBUG] [marker_detector] ibvs eu=-0 ev=+0 eu_s=-0.5 ev_s=+0.3 dpan=+0.00 dtilt=+0.00 pan=-33.9 tilt=0.2 err=1px DB
2026-06-27 21:24:32.421 [DEBUG] [marker_detector] ibvs eu=-1 ev=+0 eu_s=-0.5 ev_s=+0.2 dpan=+0.00 dtilt=+0.00 pan=-33.9 tilt=0.2 err=1px DB
2026-06-27 21:24:32.519 [DEBUG] [marker_detector] ibvs eu=-0 ev=+0 eu_s=-0.5 ev_s=+0.2 dpan=+0.00 dtilt=+0.00 pan=-33.9 tilt=0.2 err=1px DB
2026-06-27 21:24:32.612 [DEBUG] [marker_detector] ibvs eu=-0 ev=+0 eu_s=-0.5 ev_s=+0.2 dpan=+0.00 dtilt=+0.00 pan=-33.9 tilt=0.2 err=1px DB
2026-06-27 21:24:32.703 [DEBUG] [marker_detector] ibvs eu=-1 ev=+0 eu_s=-0.5 ev_s=+0.2 dpan=+0.00 dtilt=+0.00 pan=-33.9 tilt=0.2 err=1px DB
2026-06-27 21:24:32.794 [DEBUG] [marker_detector] ibvs eu=-0 ev=+0 eu_s=-0.5 ev_s=+0.3 dpan=+0.00 dtilt=+0.00 pan=-33.9 tilt=0.2 err=1px DB
2026-06-27 21:24:32.885 [DEBUG] [marker_detector] ibvs eu=-1 ev=+0 eu_s=-0.6 ev_s=+0.2 dpan=+0.00 dtilt=+0.00 pan=-33.9 tilt=0.2 err=1px DB
2026-06-27 21:24:32.977 [DEBUG] [marker_detector] ibvs eu=-1 ev=+0 eu_s=-0.5 ev_s=+0.2 dpan=+0.00 dtilt=+0.00 pan=-33.9 tilt=0.2 err=1px DB
2026-06-27 21:24:33.069 [DEBUG] [marker_detector] ibvs eu=-0 ev=+0 eu_s=-0.5 ev_s=+0.2 dpan=+0.00 dtilt=+0.00 pan=-33.9 tilt=0.2 err=1px DB
2026-06-27 21:24:33.171 [DEBUG] [marker_detector] ibvs eu=-0 ev=+0 eu_s=-0.5 ev_s=+0.2 dpan=+0.00 dtilt=+0.00 pan=-33.9 tilt=0.2 err=1px DB
2026-06-27 21:24:33.263 [DEBUG] [marker_detector] ibvs eu=-1 ev=+0 eu_s=-0.5 ev_s=+0.3 dpan=+0.00 dtilt=+0.00 pan=-33.9 tilt=0.2 err=1px DB
2026-06-27 21:24:33.355 [DEBUG] [marker_detector] ibvs eu=-0 ev=+0 eu_s=-0.5 ev_s=+0.2 dpan=+0.00 dtilt=+0.00 pan=-33.9 tilt=0.2 err=0px DB
2026-06-27 21:24:33.449 [DEBUG] [marker_detector] ibvs eu=-0 ev=+0 eu_s=-0.5 ev_s=+0.2 dpan=+0.00 dtilt=+0.00 pan=-33.9 tilt=0.2 err=0px DB
2026-06-27 21:24:33.542 [DEBUG] [marker_detector] ibvs eu=-1 ev=+0 eu_s=-0.5 ev_s=+0.3 dpan=+0.00 dtilt=+0.00 pan=-33.9 tilt=0.2 err=1px DB
2026-06-27 21:24:33.643 [DEBUG] [marker_detector] ibvs eu=-1 ev=+0 eu_s=-0.5 ev_s=+0.2 dpan=+0.00 dtilt=+0.00 pan=-33.9 tilt=0.2 err=1px DB
2026-06-27 21:24:33.734 [DEBUG] [marker_detector] ibvs eu=-0 ev=+0 eu_s=-0.5 ev_s=+0.2 dpan=+0.00 dtilt=+0.00 pan=-33.9 tilt=0.2 err=1px DB
2026-06-27 21:24:33.824 [DEBUG] [marker_detector] ibvs eu=-0 ev=+0 eu_s=-0.5 ev_s=+0.2 dpan=+0.00 dtilt=+0.00 pan=-33.9 tilt=0.2 err=1px DB
2026-06-27 21:24:33.919 [DEBUG] [marker_detector] ibvs eu=-1 ev=+0 eu_s=-0.5 ev_s=+0.2 dpan=+0.00 dtilt=+0.00 pan=-33.9 tilt=0.2 err=1px DB
2026-06-27 21:24:34.019 [DEBUG] [marker_detector] ibvs tag_lost timer start pan=-33.9 tilt=0.2
2026-06-27 21:24:34.066 [DEBUG] [marker_detector] ibvs eu=+24 ev=+4 eu_s=+19.3 ev_s=+3.5 dpan=+0.46 dtilt=-0.08 pan=-33.5 tilt=0.1 err=25px
2026-06-27 21:24:34.154 [DEBUG] [marker_detector] ibvs tag_lost timer start pan=-33.1 tilt=0.2
2026-06-27 21:24:34.326 [DEBUG] [marker_detector] ibvs eu=-119 ev=-10 eu_s=-91.3 ev_s=-9.1 dpan=-2.00 dtilt=+0.46 pan=-35.1 tilt=0.6 err=119px
2026-06-27 21:24:34.418 [DEBUG] [marker_detector] ibvs eu=-110 ev=-6 eu_s=-110.5 ev_s=-6.1 dpan=-2.00 dtilt=+0.30 pan=-39.1 tilt=1.2 err=110px
2026-06-27 21:24:34.503 [DEBUG] [marker_detector] ibvs tag_lost timer start pan=-41.1 tilt=1.5
2026-06-27 21:24:34.588 [DEBUG] [marker_detector] ibvs eu=-41 ev=+5 eu_s=-54.4 ev_s=+3.2 dpan=-2.00 dtilt=-0.16 pan=-43.1 tilt=1.4 err=41px
2026-06-27 21:24:34.679 [DEBUG] [marker_detector] ibvs eu=-40 ev=+6 eu_s=-41.0 ev_s=+5.9 dpan=-2.00 dtilt=-0.30 pan=-47.1 tilt=0.8 err=41px
2026-06-27 21:24:34.768 [DEBUG] [marker_detector] ibvs tag_lost timer start pan=-48.2 tilt=0.5
2026-06-27 21:24:34.854 [DEBUG] [marker_detector] ibvs eu=+29 ev=-1 eu_s=+18.3 ev_s=+0.9 dpan=+0.38 dtilt=-0.02 pan=-47.8 tilt=0.5 err=29px
2026-06-27 21:24:34.944 [DEBUG] [marker_detector] ibvs eu=+31 ev=-0 eu_s=+30.7 ev_s=-0.4 dpan=+1.54 dtilt=+0.02 pan=-45.0 tilt=0.5 err=31px
2026-06-27 21:24:35.033 [DEBUG] [marker_detector] ibvs eu=+27 ev=-1 eu_s=+28.0 ev_s=-0.8 dpan=+1.26 dtilt=+0.04 pan=-42.2 tilt=0.6 err=27px
2026-06-27 21:24:35.074 [DEBUG] [marker_detector] ibvs tag_lost timer start pan=-42.2 tilt=0.6
2026-06-27 21:24:35.160 [DEBUG] [marker_detector] ibvs tag_lost timer start pan=-42.2 tilt=0.6
2026-06-27 21:24:35.208 [DEBUG] [marker_detector] ibvs eu=-27 ev=-1 eu_s=-21.4 ev_s=-0.5 dpan=-0.61 dtilt=+0.02 pan=-42.8 tilt=0.6 err=27px
2026-06-27 21:24:35.309 [DEBUG] [marker_detector] ibvs eu=-27 ev=-0 eu_s=-26.4 ev_s=-0.4 dpan=-1.08 dtilt=+0.01 pan=-44.9 tilt=0.6 err=27px
2026-06-27 21:24:35.399 [DEBUG] [marker_detector] ibvs eu=-23 ev=-0 eu_s=-23.2 ev_s=-0.1 dpan=-0.76 dtilt=+0.00 pan=-46.4 tilt=0.6 err=23px
2026-06-27 21:24:35.443 [DEBUG] [marker_detector] ibvs tag_lost timer start pan=-46.4 tilt=0.6
2026-06-27 21:24:35.531 [DEBUG] [marker_detector] ibvs eu=+15 ev=+0 eu_s=+11.5 ev_s=+0.1 dpan=+0.04 dtilt=-0.00 pan=-46.4 tilt=0.6 err=15px
2026-06-27 21:24:35.622 [DEBUG] [marker_detector] ibvs eu=+17 ev=+0 eu_s=+16.3 ev_s=+0.0 dpan=+0.26 dtilt=-0.00 pan=-45.9 tilt=0.6 err=17px
2026-06-27 21:24:35.716 [DEBUG] [marker_detector] ibvs eu=+16 ev=-0 eu_s=+16.5 ev_s=-0.1 dpan=+0.27 dtilt=+0.00 pan=-45.4 tilt=0.6 err=16px
2026-06-27 21:24:35.806 [DEBUG] [marker_detector] ibvs eu=+17 ev=-0 eu_s=+16.6 ev_s=-0.1 dpan=+0.27 dtilt=+0.00 pan=-44.8 tilt=0.6 err=17px
2026-06-27 21:24:35.894 [DEBUG] [marker_detector] ibvs eu=+15 ev=+1 eu_s=+15.3 ev_s=+0.9 dpan=+0.20 dtilt=-0.01 pan=-44.4 tilt=0.6 err=15px
2026-06-27 21:24:35.982 [DEBUG] [marker_detector] ibvs eu=+9 ev=-0 eu_s=+9.6 ev_s=-0.3 dpan=+0.00 dtilt=+0.00 pan=-44.4 tilt=0.6 err=9px DB
2026-06-27 21:24:36.072 [DEBUG] [marker_detector] ibvs eu=+4 ev=-0 eu_s=+4.9 ev_s=-0.1 dpan=+0.00 dtilt=+0.00 pan=-44.4 tilt=0.6 err=4px DB
2026-06-27 21:24:36.165 [DEBUG] [marker_detector] ibvs eu=+4 ev=-0 eu_s=+4.2 ev_s=-0.1 dpan=+0.00 dtilt=+0.00 pan=-44.4 tilt=0.6 err=4px DB
2026-06-27 21:24:36.252 [DEBUG] [marker_detector] ibvs eu=+4 ev=-0 eu_s=+4.2 ev_s=-0.2 dpan=+0.00 dtilt=+0.00 pan=-44.4 tilt=0.6 err=4px DB
2026-06-27 21:24:36.347 [DEBUG] [marker_detector] ibvs eu=+4 ev=-0 eu_s=+4.2 ev_s=-0.2 dpan=+0.00 dtilt=+0.00 pan=-44.4 tilt=0.6 err=4px DB
2026-06-27 21:24:36.435 [DEBUG] [marker_detector] ibvs eu=+4 ev=-0 eu_s=+4.1 ev_s=-0.2 dpan=+0.00 dtilt=+0.00 pan=-44.4 tilt=0.6 err=4px DB
2026-06-27 21:24:36.524 [DEBUG] [marker_detector] ibvs eu=+4 ev=-0 eu_s=+4.1 ev_s=-0.2 dpan=+0.00 dtilt=+0.00 pan=-44.4 tilt=0.6 err=4px DB
2026-06-27 21:24:36.613 [DEBUG] [marker_detector] ibvs eu=+4 ev=-0 eu_s=+4.1 ev_s=-0.2 dpan=+0.00 dtilt=+0.00 pan=-44.4 tilt=0.6 err=4px DB
2026-06-27 21:24:36.702 [DEBUG] [marker_detector] ibvs eu=+4 ev=-0 eu_s=+4.2 ev_s=-0.1 dpan=+0.00 dtilt=+0.00 pan=-44.4 tilt=0.6 err=4px DB
2026-06-27 21:24:36.806 [DEBUG] [marker_detector] ibvs eu=+4 ev=-0 eu_s=+4.1 ev_s=-0.2 dpan=+0.00 dtilt=+0.00 pan=-44.4 tilt=0.6 err=4px DB
2026-06-27 21:24:36.909 [DEBUG] [marker_detector] ibvs eu=+4 ev=-0 eu_s=+4.1 ev_s=-0.2 dpan=+0.00 dtilt=+0.00 pan=-44.4 tilt=0.6 err=4px DB
2026-06-27 21:24:36.997 [DEBUG] [marker_detector] ibvs eu=+4 ev=-0 eu_s=+4.1 ev_s=-0.2 dpan=+0.00 dtilt=+0.00 pan=-44.4 tilt=0.6 err=4px DB
2026-06-27 21:24:37.085 [DEBUG] [marker_detector] ibvs eu=+4 ev=-0 eu_s=+4.2 ev_s=-0.2 dpan=+0.00 dtilt=+0.00 pan=-44.4 tilt=0.6 err=4px DB
2026-06-27 21:24:37.178 [DEBUG] [marker_detector] ibvs eu=+4 ev=-0 eu_s=+4.1 ev_s=-0.3 dpan=+0.00 dtilt=+0.00 pan=-44.4 tilt=0.6 err=4px DB
2026-06-27 21:24:37.265 [DEBUG] [marker_detector] ibvs eu=+4 ev=-0 eu_s=+4.1 ev_s=-0.3 dpan=+0.00 dtilt=+0.00 pan=-44.4 tilt=0.6 err=4px DB
2026-06-27 21:24:37.353 [DEBUG] [marker_detector] ibvs eu=+4 ev=-0 eu_s=+4.1 ev_s=-0.2 dpan=+0.00 dtilt=+0.00 pan=-44.4 tilt=0.6 err=4px DB
2026-06-27 21:24:37.452 [DEBUG] [marker_detector] ibvs eu=+4 ev=-0 eu_s=+4.2 ev_s=-0.2 dpan=+0.00 dtilt=+0.00 pan=-44.4 tilt=0.6 err=4px DB
2026-06-27 21:24:37.540 [DEBUG] [marker_detector] ibvs eu=+4 ev=-0 eu_s=+4.1 ev_s=-0.2 dpan=+0.00 dtilt=+0.00 pan=-44.4 tilt=0.6 err=4px DB
2026-06-27 21:24:37.633 [DEBUG] [marker_detector] ibvs eu=+4 ev=-0 eu_s=+4.2 ev_s=-0.3 dpan=+0.00 dtilt=+0.00 pan=-44.4 tilt=0.6 err=4px DB
2026-06-27 21:24:37.718 [DEBUG] [marker_detector] ibvs tag_lost timer start pan=-44.4 tilt=0.6
2026-06-27 21:24:37.764 [DEBUG] [marker_detector] ibvs eu=-14 ev=-1 eu_s=-10.5 ev_s=-0.9 dpan=-0.01 dtilt=+0.00 pan=-44.4 tilt=0.6 err=14px
2026-06-27 21:24:37.851 [DEBUG] [marker_detector] ibvs eu=-15 ev=+2 eu_s=-15.5 ev_s=+1.2 dpan=-0.22 dtilt=-0.02 pan=-44.8 tilt=0.6 err=16px
2026-06-27 21:24:37.940 [DEBUG] [marker_detector] ibvs eu=-3 ev=+2 eu_s=-4.6 ev_s=+0.8 dpan=+0.00 dtilt=+0.00 pan=-44.9 tilt=0.7 err=3px DB
2026-06-27 21:24:37.979 [DEBUG] [marker_detector] ibvs tag_lost timer start pan=-44.9 tilt=0.7
2026-06-27 21:24:38.068 [DEBUG] [marker_detector] ibvs eu=+36 ev=-1 eu_s=+34.1 ev_s=-0.3 dpan=+1.70 dtilt=+0.02 pan=-42.2 tilt=0.7 err=36px
2026-06-27 21:24:38.154 [DEBUG] [marker_detector] ibvs tag_lost timer start pan=-40.2 tilt=-0.1
2026-06-27 21:24:38.242 [DEBUG] [marker_detector] ibvs eu=+20 ev=+2 eu_s=+25.8 ev_s=+4.2 dpan=+1.04 dtilt=-0.17 pan=-39.2 tilt=-0.2 err=20px
2026-06-27 21:24:38.333 [DEBUG] [marker_detector] ibvs eu=+11 ev=+1 eu_s=+12.1 ev_s=+1.1 dpan=+0.06 dtilt=-0.01 pan=-38.9 tilt=-0.3 err=11px
2026-06-27 21:24:38.424 [DEBUG] [marker_detector] ibvs eu=-1 ev=-5 eu_s=-0.8 ev_s=-5.2 dpan=+0.00 dtilt=+0.00 pan=-38.9 tilt=-0.3 err=6px DB
2026-06-27 21:24:38.524 [DEBUG] [marker_detector] ibvs eu=-1 ev=-5 eu_s=-1.3 ev_s=-5.5 dpan=+0.00 dtilt=+0.00 pan=-38.9 tilt=-0.3 err=6px DB
2026-06-27 21:24:38.616 [DEBUG] [marker_detector] ibvs eu=-1 ev=-6 eu_s=-1.4 ev_s=-5.5 dpan=+0.00 dtilt=+0.00 pan=-38.9 tilt=-0.3 err=6px DB
2026-06-27 21:24:38.714 [DEBUG] [marker_detector] ibvs eu=-1 ev=-6 eu_s=-1.4 ev_s=-5.6 dpan=+0.00 dtilt=+0.00 pan=-38.9 tilt=-0.3 err=6px DB
2026-06-27 21:24:38.810 [DEBUG] [marker_detector] ibvs eu=-1 ev=-5 eu_s=-1.4 ev_s=-5.5 dpan=+0.00 dtilt=+0.00 pan=-38.9 tilt=-0.3 err=6px DB
2026-06-27 21:24:38.901 [DEBUG] [marker_detector] ibvs eu=-6 ev=-7 eu_s=-5.6 ev_s=-6.6 dpan=+0.00 dtilt=+0.00 pan=-38.9 tilt=-0.3 err=10px DB
2026-06-27 21:24:38.993 [DEBUG] [marker_detector] ibvs eu=+0 ev=-8 eu_s=-0.8 ev_s=-7.8 dpan=+0.00 dtilt=+0.00 pan=-38.9 tilt=-0.3 err=8px DB
2026-06-27 21:24:39.081 [DEBUG] [marker_detector] ibvs eu=+19 ev=-7 eu_s=+16.4 ev_s=-6.4 dpan=+0.31 dtilt=+0.12 pan=-38.6 tilt=-0.1 err=21px
2026-06-27 21:24:39.177 [DEBUG] [marker_detector] ibvs eu=+38 ev=-6 eu_s=+35.4 ev_s=-5.5 dpan=+1.77 dtilt=+0.28 pan=-36.0 tilt=0.3 err=39px
2026-06-27 21:24:39.222 [DEBUG] [marker_detector] ibvs tag_lost timer start pan=-36.0 tilt=0.3
2026-06-27 21:24:39.312 [DEBUG] [marker_detector] ibvs eu=+16 ev=-5 eu_s=+23.1 ev_s=-2.8 dpan=+0.76 dtilt=+0.09 pan=-33.3 tilt=0.2 err=17px
2026-06-27 21:24:39.402 [DEBUG] [marker_detector] ibvs eu=+4 ev=-6 eu_s=+6.6 ev_s=-5.5 dpan=+0.00 dtilt=+0.00 pan=-32.9 tilt=0.2 err=7px DB
2026-06-27 21:24:39.492 [DEBUG] [marker_detector] ibvs eu=-18 ev=-5 eu_s=-15.4 ev_s=-4.7 dpan=-0.24 dtilt=+0.07 pan=-33.2 tilt=0.3 err=18px
2026-06-27 21:24:39.588 [DEBUG] [marker_detector] ibvs eu=-18 ev=-5 eu_s=-17.6 ev_s=-5.1 dpan=-0.37 dtilt=+0.11 pan=-33.9 tilt=0.5 err=18px
2026-06-27 21:24:39.686 [DEBUG] [marker_detector] ibvs eu=-17 ev=-5 eu_s=-17.5 ev_s=-5.3 dpan=-0.37 dtilt=+0.11 pan=-34.7 tilt=0.7 err=18px
2026-06-27 21:24:39.781 [DEBUG] [marker_detector] ibvs eu=-15 ev=+2 eu_s=-14.8 ev_s=+0.7 dpan=-0.18 dtilt=-0.01 pan=-35.1 tilt=0.8 err=15px
2026-06-27 21:24:39.872 [DEBUG] [marker_detector] ibvs eu=-2 ev=+2 eu_s=-3.7 ev_s=+1.7 dpan=+0.00 dtilt=+0.00 pan=-35.1 tilt=0.8 err=3px DB
2026-06-27 21:24:39.964 [DEBUG] [marker_detector] ibvs eu=-10 ev=+4 eu_s=-10.3 ev_s=+3.6 dpan=-0.02 dtilt=-0.01 pan=-35.1 tilt=0.8 err=11px
2026-06-27 21:24:40.050 [DEBUG] [marker_detector] ibvs eu=-9 ev=+0 eu_s=-9.8 ev_s=+0.6 dpan=+0.00 dtilt=+0.00 pan=-35.1 tilt=0.8 err=9px DB
2026-06-27 21:24:40.136 [DEBUG] [marker_detector] ibvs tag_lost timer start pan=-35.3 tilt=0.6
2026-06-27 21:24:40.350 [DEBUG] [marker_detector] ibvs eu=+50 ev=+18 eu_s=+38.2 ev_s=+16.6 dpan=+1.91 dtilt=-0.83 pan=-33.4 tilt=-0.2 err=54px
2026-06-27 21:24:40.440 [DEBUG] [marker_detector] ibvs eu=+47 ev=+8 eu_s=+47.1 ev_s=+9.1 dpan=+2.00 dtilt=-0.45 pan=-29.4 tilt=-1.3 err=48px
2026-06-27 21:24:40.494 [DEBUG] [marker_detector] ibvs tag_lost timer start pan=-29.4 tilt=-1.3
2026-06-27 21:24:40.678 [DEBUG] [marker_detector] ibvs eu=-9 ev=-11 eu_s=-6.7 ev_s=-10.5 dpan=-0.04 dtilt=+0.07 pan=-29.4 tilt=-1.3 err=14px
2026-06-27 21:24:40.800 [DEBUG] [marker_detector] ibvs eu=-9 ev=-11 eu_s=-8.9 ev_s=-11.4 dpan=-0.10 dtilt=+0.13 pan=-29.6 tilt=-1.0 err=15px
2026-06-27 21:24:40.921 [DEBUG] [marker_detector] ibvs eu=-9 ev=-11 eu_s=-8.9 ev_s=-11.5 dpan=-0.10 dtilt=+0.13 pan=-29.8 tilt=-0.8 err=15px
2026-06-27 21:24:41.019 [DEBUG] [marker_detector] ibvs eu=-9 ev=-11 eu_s=-9.0 ev_s=-11.5 dpan=-0.10 dtilt=+0.13 pan=-30.0 tilt=-0.5 err=15px
2026-06-27 21:24:41.145 [DEBUG] [marker_detector] ibvs eu=-9 ev=-8 eu_s=-8.7 ev_s=-8.6 dpan=+0.00 dtilt=+0.00 pan=-30.1 tilt=-0.4 err=12px DB
2026-06-27 21:24:41.241 [DEBUG] [marker_detector] ibvs eu=-8 ev=-8 eu_s=-7.8 ev_s=-7.8 dpan=+0.00 dtilt=+0.00 pan=-30.1 tilt=-0.4 err=11px DB
2026-06-27 21:24:41.348 [DEBUG] [marker_detector] ibvs eu=-8 ev=-8 eu_s=-7.8 ev_s=-7.6 dpan=+0.00 dtilt=+0.00 pan=-30.1 tilt=-0.4 err=11px DB
2026-06-27 21:24:41.467 [DEBUG] [marker_detector] ibvs eu=-8 ev=-8 eu_s=-7.8 ev_s=-7.7 dpan=+0.00 dtilt=+0.00 pan=-30.1 tilt=-0.4 err=11px DB
2026-06-27 21:24:41.563 [DEBUG] [marker_detector] ibvs eu=-8 ev=-8 eu_s=-7.8 ev_s=-7.6 dpan=+0.00 dtilt=+0.00 pan=-30.1 tilt=-0.4 err=11px DB
2026-06-27 21:24:41.700 [DEBUG] [marker_detector] ibvs eu=-8 ev=-8 eu_s=-7.8 ev_s=-7.7 dpan=+0.00 dtilt=+0.00 pan=-30.1 tilt=-0.4 err=11px DB
2026-06-27 21:24:41.793 [DEBUG] [marker_detector] ibvs eu=-8 ev=-8 eu_s=-7.7 ev_s=-7.6 dpan=+0.00 dtilt=+0.00 pan=-30.1 tilt=-0.4 err=11px DB
2026-06-27 21:24:41.909 [DEBUG] [marker_detector] ibvs eu=-8 ev=-8 eu_s=-7.8 ev_s=-7.7 dpan=+0.00 dtilt=+0.00 pan=-30.1 tilt=-0.4 err=11px DB
2026-06-27 21:24:42.032 [DEBUG] [marker_detector] ibvs eu=-8 ev=-8 eu_s=-7.8 ev_s=-7.7 dpan=+0.00 dtilt=+0.00 pan=-30.1 tilt=-0.4 err=11px DB
2026-06-27 21:24:42.126 [DEBUG] [marker_detector] ibvs eu=-8 ev=-8 eu_s=-7.8 ev_s=-7.7 dpan=+0.00 dtilt=+0.00 pan=-30.1 tilt=-0.4 err=11px DB
2026-06-27 21:24:42.262 [DEBUG] [marker_detector] ibvs eu=-8 ev=-8 eu_s=-7.8 ev_s=-7.7 dpan=+0.00 dtilt=+0.00 pan=-30.1 tilt=-0.4 err=11px DB
2026-06-27 21:24:42.354 [DEBUG] [marker_detector] ibvs eu=-8 ev=-9 eu_s=-8.1 ev_s=-8.5 dpan=+0.00 dtilt=+0.00 pan=-30.1 tilt=-0.4 err=12px DB
2026-06-27 21:24:42.443 [DEBUG] [marker_detector] ibvs eu=-12 ev=-9 eu_s=-11.4 ev_s=-8.9 dpan=-0.13 dtilt=+0.10 pan=-30.2 tilt=-0.3 err=15px
2026-06-27 21:24:42.535 [DEBUG] [marker_detector] ibvs eu=-12 ev=-9 eu_s=-12.1 ev_s=-9.3 dpan=-0.16 dtilt=+0.12 pan=-30.6 tilt=-0.0 err=15px
2026-06-27 21:24:42.624 [DEBUG] [marker_detector] ibvs eu=-5 ev=-11 eu_s=-5.9 ev_s=-10.3 dpan=-0.03 dtilt=+0.05 pan=-30.6 tilt=0.0 err=12px
2026-06-27 21:24:42.715 [DEBUG] [marker_detector] ibvs eu=+12 ev=-1 eu_s=+8.7 ev_s=-2.3 dpan=+0.00 dtilt=+0.00 pan=-30.6 tilt=0.0 err=12px DB
2026-06-27 21:24:42.807 [DEBUG] [marker_detector] ibvs eu=+5 ev=-7 eu_s=+5.7 ev_s=-6.2 dpan=+0.00 dtilt=+0.00 pan=-30.6 tilt=0.0 err=8px DB
2026-06-27 21:24:42.908 [DEBUG] [marker_detector] ibvs eu=+5 ev=-4 eu_s=+5.5 ev_s=-4.5 dpan=+0.00 dtilt=+0.00 pan=-30.6 tilt=0.0 err=7px DB
2026-06-27 21:24:43.001 [DEBUG] [marker_detector] ibvs eu=+5 ev=-4 eu_s=+5.5 ev_s=-4.5 dpan=+0.00 dtilt=+0.00 pan=-30.6 tilt=0.0 err=7px DB
2026-06-27 21:24:43.091 [DEBUG] [marker_detector] ibvs eu=+5 ev=-5 eu_s=+5.5 ev_s=-4.6 dpan=+0.00 dtilt=+0.00 pan=-30.6 tilt=0.0 err=7px DB
2026-06-27 21:24:43.182 [DEBUG] [marker_detector] ibvs eu=+5 ev=-5 eu_s=+5.5 ev_s=-4.6 dpan=+0.00 dtilt=+0.00 pan=-30.6 tilt=0.0 err=7px DB
2026-06-27 21:24:43.274 [DEBUG] [marker_detector] ibvs eu=+5 ev=-5 eu_s=+5.5 ev_s=-4.6 dpan=+0.00 dtilt=+0.00 pan=-30.6 tilt=0.0 err=7px DB
2026-06-27 21:24:43.367 [DEBUG] [marker_detector] ibvs eu=+5 ev=-5 eu_s=+5.5 ev_s=-4.6 dpan=+0.00 dtilt=+0.00 pan=-30.6 tilt=0.0 err=7px DB
2026-06-27 21:24:43.458 [DEBUG] [marker_detector] ibvs eu=+6 ev=-5 eu_s=+5.5 ev_s=-4.6 dpan=+0.00 dtilt=+0.00 pan=-30.6 tilt=0.0 err=7px DB
2026-06-27 21:24:43.558 [DEBUG] [marker_detector] ibvs eu=+6 ev=-5 eu_s=+5.5 ev_s=-4.6 dpan=+0.00 dtilt=+0.00 pan=-30.6 tilt=0.0 err=7px DB
2026-06-27 21:24:43.653 [DEBUG] [marker_detector] ibvs eu=+6 ev=-5 eu_s=+5.5 ev_s=-4.6 dpan=+0.00 dtilt=+0.00 pan=-30.6 tilt=0.0 err=7px DB
2026-06-27 21:24:43.749 [DEBUG] [marker_detector] ibvs eu=+6 ev=-5 eu_s=+5.5 ev_s=-4.6 dpan=+0.00 dtilt=+0.00 pan=-30.6 tilt=0.0 err=7px DB
2026-06-27 21:24:43.840 [DEBUG] [marker_detector] ibvs eu=+6 ev=-5 eu_s=+5.5 ev_s=-4.6 dpan=+0.00 dtilt=+0.00 pan=-30.6 tilt=0.0 err=7px DB
2026-06-27 21:24:43.932 [DEBUG] [marker_detector] ibvs eu=+6 ev=-5 eu_s=+5.5 ev_s=-4.6 dpan=+0.00 dtilt=+0.00 pan=-30.6 tilt=0.0 err=7px DB
2026-06-27 21:24:44.035 [DEBUG] [marker_detector] ibvs eu=+5 ev=-5 eu_s=+5.5 ev_s=-4.6 dpan=+0.00 dtilt=+0.00 pan=-30.6 tilt=0.0 err=7px DB
2026-06-27 21:24:44.125 [DEBUG] [marker_detector] ibvs tag_lost timer start pan=-30.5 tilt=0.0
2026-06-27 21:24:49.139 [INFO ] [marker_detector] ibvs servo_reset pan→0 tilt→0 lost=5.0s
2026-06-27 21:24:49.184 [DEBUG] [marker_detector] ibvs tag_lost timer start pan=0.0 tilt=0.0
2026-06-27 21:24:54.220 [INFO ] [marker_detector] ibvs servo_reset pan→0 tilt→0 lost=5.0s
2026-06-27 21:24:54.271 [DEBUG] [marker_detector] ibvs tag_lost timer start pan=0.0 tilt=0.0
2026-06-27 21:24:59.294 [INFO ] [marker_detector] ibvs servo_reset pan→0 tilt→0 lost=5.0s
2026-06-27 21:24:59.362 [DEBUG] [marker_detector] ibvs tag_lost timer start pan=0.0 tilt=0.0
2026-06-27 21:25:02.771 [DEBUG] [marker_detector] ibvs eu=+6 ev=-39 eu_s=+4.5 ev_s=-31.0 dpan=+0.23 dtilt=+1.55 pan=0.2 tilt=1.5 err=39px
2026-06-27 21:25:02.870 [DEBUG] [marker_detector] ibvs eu=+6 ev=-38 eu_s=+6.0 ev_s=-38.0 dpan=+0.30 dtilt=+1.90 pan=0.8 tilt=5.3 err=39px
2026-06-27 21:25:02.956 [DEBUG] [marker_detector] ibvs eu=+3 ev=-9 eu_s=+3.6 ev_s=-12.8 dpan=+0.03 dtilt=+0.10 pan=1.1 tilt=6.6 err=10px
2026-06-27 21:25:03.038 [DEBUG] [marker_detector] ibvs tag_lost timer start pan=1.1 tilt=6.6
2026-06-27 21:25:03.084 [DEBUG] [marker_detector] ibvs eu=+3 ev=+24 eu_s=+2.8 ev_s=+20.2 dpan=+0.07 dtilt=-0.53 pan=1.1 tilt=6.1 err=24px
2026-06-27 21:25:03.175 [DEBUG] [marker_detector] ibvs eu=+3 ev=+23 eu_s=+2.7 ev_s=+23.1 dpan=+0.09 dtilt=-0.77 pan=1.3 tilt=4.6 err=23px
2026-06-27 21:25:03.262 [DEBUG] [marker_detector] ibvs eu=+4 ev=+29 eu_s=+3.5 ev_s=+28.1 dpan=+0.16 dtilt=-1.29 pan=1.6 tilt=2.5 err=30px
2026-06-27 21:25:03.305 [DEBUG] [marker_detector] ibvs tag_lost timer start pan=1.6 tilt=2.5
2026-06-27 21:25:03.470 [DEBUG] [marker_detector] ibvs tag_lost timer start pan=1.6 tilt=2.5
2026-06-27 21:25:03.554 [DEBUG] [marker_detector] ibvs eu=-7 ev=+14 eu_s=-5.5 ev_s=+13.3 dpan=-0.06 dtilt=-0.14 pan=1.5 tilt=2.4 err=16px
2026-06-27 21:25:03.596 [DEBUG] [marker_detector] ibvs tag_lost timer start pan=1.5 tilt=2.4
2026-06-27 21:25:03.682 [DEBUG] [marker_detector] ibvs eu=+11 ev=+6 eu_s=+10.5 ev_s=+7.7 dpan=+0.08 dtilt=-0.06 pan=1.7 tilt=2.1 err=13px
2026-06-27 21:25:03.769 [DEBUG] [marker_detector] ibvs eu=+23 ev=+12 eu_s=+21.0 ev_s=+11.4 dpan=+0.73 dtilt=-0.40 pan=2.7 tilt=1.5 err=25px
2026-06-27 21:25:03.854 [DEBUG] [marker_detector] ibvs eu=+33 ev=+5 eu_s=+31.8 ev_s=+5.2 dpan=+1.59 dtilt=-0.26 pan=5.5 tilt=0.9 err=33px
2026-06-27 21:25:03.900 [DEBUG] [marker_detector] ibvs tag_lost timer start pan=5.5 tilt=0.9
2026-06-27 21:25:03.984 [DEBUG] [marker_detector] ibvs tag_lost timer start pan=6.3 tilt=0.7
2026-06-27 21:25:04.026 [DEBUG] [marker_detector] ibvs eu=+15 ev=-1 eu_s=+16.7 ev_s=+0.2 dpan=+0.28 dtilt=-0.00 pan=6.5 tilt=0.7 err=15px
2026-06-27 21:25:04.116 [DEBUG] [marker_detector] ibvs eu=+11 ev=+0 eu_s=+11.6 ev_s=+0.2 dpan=+0.05 dtilt=-0.00 pan=6.7 tilt=0.7 err=11px
2026-06-27 21:25:04.164 [DEBUG] [marker_detector] ibvs tag_lost timer start pan=6.7 tilt=0.7
2026-06-27 21:25:04.252 [DEBUG] [marker_detector] ibvs eu=+25 ev=+5 eu_s=+23.9 ev_s=+3.7 dpan=+0.85 dtilt=-0.13 pan=7.9 tilt=0.6 err=26px
2026-06-27 21:25:04.339 [DEBUG] [marker_detector] ibvs eu=+27 ev=+4 eu_s=+26.8 ev_s=+3.7 dpan=+1.14 dtilt=-0.16 pan=10.1 tilt=0.3 err=27px
2026-06-27 21:25:04.426 [DEBUG] [marker_detector] ibvs eu=+7 ev=+6 eu_s=+10.5 ev_s=+3.3 dpan=+0.03 dtilt=-0.01 pan=11.0 tilt=0.5 err=9px
2026-06-27 21:25:04.514 [DEBUG] [marker_detector] ibvs eu=+4 ev=+3 eu_s=+4.2 ev_s=+2.8 dpan=+0.00 dtilt=+0.00 pan=11.0 tilt=0.5 err=5px DB
2026-06-27 21:25:04.607 [DEBUG] [marker_detector] ibvs tag_lost timer start pan=11.0 tilt=0.5
2026-06-27 21:25:04.649 [DEBUG] [marker_detector] ibvs eu=+7 ev=+9 eu_s=+7.2 ev_s=+8.1 dpan=+0.00 dtilt=+0.00 pan=11.0 tilt=0.5 err=12px DB
2026-06-27 21:25:04.741 [DEBUG] [marker_detector] ibvs eu=+19 ev=+3 eu_s=+18.9 ev_s=+2.3 dpan=+0.43 dtilt=-0.05 pan=11.8 tilt=0.5 err=19px
2026-06-27 21:25:04.834 [DEBUG] [marker_detector] ibvs eu=+30 ev=+8 eu_s=+28.9 ev_s=+7.6 dpan=+1.43 dtilt=-0.37 pan=14.2 tilt=-0.2 err=31px
2026-06-27 21:25:04.922 [DEBUG] [marker_detector] ibvs eu=+13 ev=+12 eu_s=+15.5 ev_s=+10.1 dpan=+0.33 dtilt=-0.21 pan=15.5 tilt=-0.5 err=18px
2026-06-27 21:25:04.967 [DEBUG] [marker_detector] ibvs tag_lost timer start pan=15.5 tilt=-0.5
2026-06-27 21:25:05.057 [DEBUG] [marker_detector] ibvs eu=+7 ev=-5 eu_s=+7.7 ev_s=-3.4 dpan=+0.00 dtilt=+0.00 pan=15.5 tilt=-0.5 err=9px DB
2026-06-27 21:25:05.097 [DEBUG] [marker_detector] ibvs tag_lost timer start pan=15.5 tilt=-0.5
2026-06-27 21:25:05.190 [DEBUG] [marker_detector] ibvs eu=+18 ev=+11 eu_s=+17.2 ev_s=+11.5 dpan=+0.46 dtilt=-0.31 pan=16.3 tilt=-1.1 err=21px
2026-06-27 21:25:05.292 [DEBUG] [marker_detector] ibvs eu=+8 ev=+1 eu_s=+9.8 ev_s=+1.6 dpan=+0.00 dtilt=+0.00 pan=16.5 tilt=-1.2 err=9px DB
2026-06-27 21:25:05.385 [DEBUG] [marker_detector] ibvs eu=+6 ev=+2 eu_s=+6.6 ev_s=+2.0 dpan=+0.00 dtilt=+0.00 pan=16.5 tilt=-1.2 err=7px DB
2026-06-27 21:25:05.480 [DEBUG] [marker_detector] ibvs eu=+4 ev=+1 eu_s=+4.5 ev_s=+1.6 dpan=+0.00 dtilt=+0.00 pan=16.5 tilt=-1.2 err=5px DB
2026-06-27 21:25:05.574 [DEBUG] [marker_detector] ibvs eu=+4 ev=+2 eu_s=+4.2 ev_s=+1.8 dpan=+0.00 dtilt=+0.00 pan=16.5 tilt=-1.2 err=5px DB
2026-06-27 21:25:05.682 [DEBUG] [marker_detector] ibvs eu=+4 ev=+2 eu_s=+4.0 ev_s=+1.9 dpan=+0.00 dtilt=+0.00 pan=16.5 tilt=-1.2 err=4px DB
2026-06-27 21:25:05.779 [DEBUG] [marker_detector] ibvs eu=+4 ev=+2 eu_s=+4.1 ev_s=+1.9 dpan=+0.00 dtilt=+0.00 pan=16.5 tilt=-1.2 err=4px DB
2026-06-27 21:25:05.879 [DEBUG] [marker_detector] ibvs eu=+4 ev=+2 eu_s=+4.0 ev_s=+1.9 dpan=+0.00 dtilt=+0.00 pan=16.5 tilt=-1.2 err=4px DB
2026-06-27 21:25:05.975 [DEBUG] [marker_detector] ibvs eu=+4 ev=+2 eu_s=+4.1 ev_s=+2.0 dpan=+0.00 dtilt=+0.00 pan=16.5 tilt=-1.2 err=5px DB
2026-06-27 21:25:06.074 [DEBUG] [marker_detector] ibvs eu=+4 ev=+2 eu_s=+4.1 ev_s=+1.9 dpan=+0.00 dtilt=+0.00 pan=16.5 tilt=-1.2 err=5px DB
2026-06-27 21:25:06.170 [DEBUG] [marker_detector] ibvs eu=+4 ev=+2 eu_s=+4.1 ev_s=+1.9 dpan=+0.00 dtilt=+0.00 pan=16.5 tilt=-1.2 err=5px DB
2026-06-27 21:25:06.268 [DEBUG] [marker_detector] ibvs eu=+4 ev=+2 eu_s=+4.1 ev_s=+1.9 dpan=+0.00 dtilt=+0.00 pan=16.5 tilt=-1.2 err=4px DB
2026-06-27 21:25:06.370 [DEBUG] [marker_detector] ibvs eu=+4 ev=+2 eu_s=+4.3 ev_s=+1.9 dpan=+0.00 dtilt=+0.00 pan=16.5 tilt=-1.2 err=5px DB
2026-06-27 21:25:06.464 [DEBUG] [marker_detector] ibvs eu=+4 ev=+2 eu_s=+4.2 ev_s=+1.8 dpan=+0.00 dtilt=+0.00 pan=16.5 tilt=-1.2 err=5px DB
2026-06-27 21:25:06.560 [DEBUG] [marker_detector] ibvs eu=+4 ev=+2 eu_s=+4.1 ev_s=+1.9 dpan=+0.00 dtilt=+0.00 pan=16.5 tilt=-1.2 err=5px DB
2026-06-27 21:25:06.655 [DEBUG] [marker_detector] ibvs eu=+4 ev=+2 eu_s=+4.1 ev_s=+1.7 dpan=+0.00 dtilt=+0.00 pan=16.5 tilt=-1.2 err=4px DB
2026-06-27 21:25:06.759 [DEBUG] [marker_detector] ibvs eu=+4 ev=+2 eu_s=+4.2 ev_s=+1.8 dpan=+0.00 dtilt=+0.00 pan=16.5 tilt=-1.2 err=5px DB
2026-06-27 21:25:06.855 [DEBUG] [marker_detector] ibvs eu=+4 ev=+2 eu_s=+4.2 ev_s=+1.7 dpan=+0.00 dtilt=+0.00 pan=16.5 tilt=-1.2 err=4px DB
2026-06-27 21:25:06.951 [DEBUG] [marker_detector] ibvs eu=+4 ev=+2 eu_s=+4.2 ev_s=+1.8 dpan=+0.00 dtilt=+0.00 pan=16.5 tilt=-1.2 err=5px DB
2026-06-27 21:25:07.074 [DEBUG] [marker_detector] ibvs eu=+4 ev=+2 eu_s=+4.2 ev_s=+1.8 dpan=+0.00 dtilt=+0.00 pan=16.5 tilt=-1.2 err=5px DB
2026-06-27 21:25:07.170 [DEBUG] [marker_detector] ibvs eu=+4 ev=+2 eu_s=+4.2 ev_s=+1.8 dpan=+0.00 dtilt=+0.00 pan=16.5 tilt=-1.2 err=5px DB
2026-06-27 21:25:07.262 [DEBUG] [marker_detector] ibvs eu=+4 ev=+2 eu_s=+4.2 ev_s=+1.8 dpan=+0.00 dtilt=+0.00 pan=16.5 tilt=-1.2 err=5px DB
2026-06-27 21:25:07.358 [DEBUG] [marker_detector] ibvs eu=+4 ev=+2 eu_s=+4.2 ev_s=+1.7 dpan=+0.00 dtilt=+0.00 pan=16.5 tilt=-1.2 err=5px DB
2026-06-27 21:25:07.458 [DEBUG] [marker_detector] ibvs eu=+4 ev=+2 eu_s=+4.2 ev_s=+1.7 dpan=+0.00 dtilt=+0.00 pan=16.5 tilt=-1.2 err=5px DB
2026-06-27 21:25:07.551 [DEBUG] [marker_detector] ibvs eu=+4 ev=+2 eu_s=+4.3 ev_s=+1.8 dpan=+0.00 dtilt=+0.00 pan=16.5 tilt=-1.2 err=5px DB
2026-06-27 21:25:07.647 [DEBUG] [marker_detector] ibvs eu=+4 ev=+2 eu_s=+4.2 ev_s=+1.7 dpan=+0.00 dtilt=+0.00 pan=16.5 tilt=-1.2 err=5px DB
2026-06-27 21:25:07.741 [DEBUG] [marker_detector] ibvs eu=+4 ev=+2 eu_s=+4.3 ev_s=+1.7 dpan=+0.00 dtilt=+0.00 pan=16.5 tilt=-1.2 err=5px DB
2026-06-27 21:25:07.841 [DEBUG] [marker_detector] ibvs eu=+4 ev=+2 eu_s=+4.1 ev_s=+1.7 dpan=+0.00 dtilt=+0.00 pan=16.5 tilt=-1.2 err=4px DB
2026-06-27 21:25:07.935 [DEBUG] [marker_detector] ibvs eu=+4 ev=+2 eu_s=+4.2 ev_s=+1.7 dpan=+0.00 dtilt=+0.00 pan=16.5 tilt=-1.2 err=5px DB
2026-06-27 21:25:08.030 [DEBUG] [marker_detector] ibvs eu=+4 ev=+2 eu_s=+4.3 ev_s=+1.8 dpan=+0.00 dtilt=+0.00 pan=16.5 tilt=-1.2 err=5px DB
2026-06-27 21:25:08.125 [DEBUG] [marker_detector] ibvs eu=+4 ev=+2 eu_s=+4.2 ev_s=+1.7 dpan=+0.00 dtilt=+0.00 pan=16.5 tilt=-1.2 err=5px DB
2026-06-27 21:25:08.218 [DEBUG] [marker_detector] ibvs eu=+4 ev=+2 eu_s=+4.2 ev_s=+1.7 dpan=+0.00 dtilt=+0.00 pan=16.5 tilt=-1.2 err=5px DB
2026-06-27 21:25:08.325 [DEBUG] [marker_detector] ibvs eu=+4 ev=+2 eu_s=+4.2 ev_s=+1.7 dpan=+0.00 dtilt=+0.00 pan=16.5 tilt=-1.2 err=5px DB
2026-06-27 21:25:08.422 [DEBUG] [marker_detector] ibvs eu=+4 ev=+2 eu_s=+4.3 ev_s=+1.7 dpan=+0.00 dtilt=+0.00 pan=16.5 tilt=-1.2 err=5px DB
2026-06-27 21:25:08.514 [DEBUG] [marker_detector] ibvs eu=+4 ev=+2 eu_s=+4.3 ev_s=+1.7 dpan=+0.00 dtilt=+0.00 pan=16.5 tilt=-1.2 err=5px DB
2026-06-27 21:25:08.607 [DEBUG] [marker_detector] ibvs eu=+4 ev=+2 eu_s=+4.3 ev_s=+1.7 dpan=+0.00 dtilt=+0.00 pan=16.5 tilt=-1.2 err=5px DB
2026-06-27 21:25:08.713 [DEBUG] [marker_detector] ibvs eu=+4 ev=+2 eu_s=+4.3 ev_s=+1.7 dpan=+0.00 dtilt=+0.00 pan=16.5 tilt=-1.2 err=5px DB
2026-06-27 21:25:08.806 [DEBUG] [marker_detector] ibvs eu=+4 ev=+2 eu_s=+4.3 ev_s=+1.7 dpan=+0.00 dtilt=+0.00 pan=16.5 tilt=-1.2 err=5px DB
2026-06-27 21:25:08.896 [DEBUG] [marker_detector] ibvs eu=+4 ev=+2 eu_s=+4.3 ev_s=+1.6 dpan=+0.00 dtilt=+0.00 pan=16.5 tilt=-1.2 err=5px DB
2026-06-27 21:25:08.991 [DEBUG] [marker_detector] ibvs eu=+4 ev=+2 eu_s=+4.2 ev_s=+1.6 dpan=+0.00 dtilt=+0.00 pan=16.5 tilt=-1.2 err=4px DB
2026-06-27 21:25:09.088 [DEBUG] [marker_detector] ibvs eu=+4 ev=+2 eu_s=+4.3 ev_s=+1.7 dpan=+0.00 dtilt=+0.00 pan=16.5 tilt=-1.2 err=5px DB
2026-06-27 21:25:09.195 [DEBUG] [marker_detector] ibvs eu=+4 ev=+2 eu_s=+4.3 ev_s=+1.7 dpan=+0.00 dtilt=+0.00 pan=16.5 tilt=-1.2 err=5px DB
2026-06-27 21:25:09.289 [DEBUG] [marker_detector] ibvs eu=+4 ev=+2 eu_s=+4.3 ev_s=+1.7 dpan=+0.00 dtilt=+0.00 pan=16.5 tilt=-1.2 err=5px DB
2026-06-27 21:25:09.340 [INFO ] [marker_detector] ibvs_recording_stop frames=4378 detections=2496 deadband=1408 max_eu=280.0 max_ev=38.7 final_pan=16.45 final_tilt=-1.19 dir=/home/jvpicar/picar_ros/logs/pi_session_20260627_212028/ibvs_frames_212146
2026-06-27 21:25:09.341 [INFO ] [marker_detector] chase_stop cycle=0 reason=toggle_off
