2026-06-27 21:20:28.696  INFO     Server starting | session=/home/jvpicar/picar_ros/logs/pi_session_20260627_212028
2026-06-27 21:20:29.103  INFO     Picarx initialized
2026-06-27 21:20:29.227  INFO     TagChaser v3 initialized
2026-06-27 21:20:29.317  INFO     ManualTracker initialized
2026-06-27 21:20:30.338  INFO     Picamera2 started at 640x480
2026-06-27 21:20:30.338  INFO     MJPEG stream at :9000
2026-06-27 21:20:30.339  INFO     Camera stream at http://0.0.0.0:9000
2026-06-27 21:20:30.342  INFO     Sensor and capture loops started
2026-06-27 21:20:30.342  INFO     Dashboard listening at http://0.0.0.0:8000
2026-06-27 21:20:30.352  INFO     frame_diag shape=(480, 640, 3) dtype=uint8 ch0_mean=80.8 ch1_mean=84.3 ch2_mean=98.4
2026-06-27 21:20:37.109  INFO     WebSocket connected from 192.168.1.151
2026-06-27 21:20:42.113  WARNING  Watchdog fired — no heartbeat for 5.0s, stopping motors
2026-06-27 21:21:03.396  DEBUG    heartbeat from 192.168.1.151
2026-06-27 21:21:04.270  INFO     Watchdog reset — heartbeat restored from 192.168.1.151
2026-06-27 21:21:09.272  WARNING  Watchdog fired — no heartbeat for 5.0s, stopping motors
2026-06-27 21:21:37.367  DEBUG    heartbeat from 192.168.1.151
2026-06-27 21:21:37.468  INFO     Watchdog reset — heartbeat restored from 192.168.1.151
2026-06-27 21:21:37.578  DEBUG    heartbeat from 192.168.1.151
2026-06-27 21:21:38.575  DEBUG    heartbeat from 192.168.1.151
2026-06-27 21:21:39.621  DEBUG    heartbeat from 192.168.1.151
2026-06-27 21:21:40.652  DEBUG    heartbeat from 192.168.1.151
2026-06-27 21:21:41.586  DEBUG    heartbeat from 192.168.1.151
2026-06-27 21:21:41.752  INFO     gimbal axis=pan angle=0
2026-06-27 21:21:41.755  INFO     gimbal axis=tilt angle=0
2026-06-27 21:21:42.070  INFO     WebSocket disconnected from 192.168.1.151
2026-06-27 21:21:42.112  INFO     WebSocket connected from 192.168.1.151
2026-06-27 21:21:43.103  DEBUG    heartbeat from 192.168.1.151
2026-06-27 21:21:44.099  DEBUG    heartbeat from 192.168.1.151
2026-06-27 21:21:45.101  DEBUG    heartbeat from 192.168.1.151
2026-06-27 21:21:45.113  INFO     set_chase_mode mode=manual_ibvs
2026-06-27 21:21:46.102  DEBUG    heartbeat from 192.168.1.151
2026-06-27 21:21:46.244  INFO     tag_chase start speed=75 mode=manual_ibvs
2026-06-27 21:21:46.262  DEBUG    capture->chaser active
2026-06-27 21:21:47.104  DEBUG    heartbeat from 192.168.1.151
2026-06-27 21:21:48.100  DEBUG    heartbeat from 192.168.1.151
2026-06-27 21:21:49.104  DEBUG    heartbeat from 192.168.1.151
2026-06-27 21:21:50.101  DEBUG    heartbeat from 192.168.1.151
2026-06-27 21:21:50.159  INFO     steer angle=0
2026-06-27 21:21:50.161  INFO     drive direction=forward speed=75
2026-06-27 21:21:50.265  INFO     steer angle=0
2026-06-27 21:21:50.266  INFO     drive direction=forward speed=75
2026-06-27 21:21:50.362  INFO     steer angle=0
2026-06-27 21:21:50.364  INFO     drive direction=forward speed=75
2026-06-27 21:21:50.459  INFO     steer angle=0
2026-06-27 21:21:50.461  INFO     drive direction=forward speed=75
2026-06-27 21:21:50.560  INFO     steer angle=0
2026-06-27 21:21:50.562  INFO     drive direction=forward speed=75
2026-06-27 21:21:50.606  INFO     steer angle=0
2026-06-27 21:21:50.608  INFO     drive direction=stop speed=0
2026-06-27 21:21:51.100  INFO     steer angle=0
2026-06-27 21:21:51.101  INFO     drive direction=forward speed=75
2026-06-27 21:21:51.114  DEBUG    heartbeat from 192.168.1.151
2026-06-27 21:21:51.155  INFO     steer angle=-30
2026-06-27 21:21:51.157  INFO     drive direction=forward speed=75
2026-06-27 21:21:51.200  INFO     steer angle=-30
2026-06-27 21:21:51.202  INFO     drive direction=forward speed=75
2026-06-27 21:21:51.252  INFO     steer angle=-30
2026-06-27 21:21:51.255  INFO     drive direction=forward speed=75
2026-06-27 21:21:51.306  INFO     steer angle=-30
2026-06-27 21:21:51.308  INFO     drive direction=forward speed=75
2026-06-27 21:21:51.353  INFO     steer angle=-30
2026-06-27 21:21:51.355  INFO     drive direction=forward speed=75
2026-06-27 21:21:51.399  INFO     steer angle=-30
2026-06-27 21:21:51.401  INFO     drive direction=forward speed=75
2026-06-27 21:21:51.422  INFO     steer angle=0
2026-06-27 21:21:51.424  INFO     drive direction=forward speed=75
2026-06-27 21:21:51.430  INFO     steer angle=0
2026-06-27 21:21:51.431  INFO     drive direction=stop speed=0
2026-06-27 21:21:52.100  DEBUG    heartbeat from 192.168.1.151
2026-06-27 21:21:53.004  INFO     steer angle=0
2026-06-27 21:21:53.007  INFO     drive direction=forward speed=75
2026-06-27 21:21:53.099  INFO     steer angle=0
2026-06-27 21:21:53.102  INFO     drive direction=forward speed=75
2026-06-27 21:21:53.104  DEBUG    heartbeat from 192.168.1.151
2026-06-27 21:21:53.199  INFO     steer angle=0
2026-06-27 21:21:53.208  INFO     drive direction=forward speed=75
2026-06-27 21:21:53.301  INFO     steer angle=0
2026-06-27 21:21:53.304  INFO     drive direction=forward speed=75
2026-06-27 21:21:53.406  INFO     steer angle=0
2026-06-27 21:21:53.408  INFO     drive direction=forward speed=75
2026-06-27 21:21:53.499  INFO     steer angle=0
2026-06-27 21:21:53.501  INFO     drive direction=forward speed=75
2026-06-27 21:21:53.600  INFO     steer angle=-30
2026-06-27 21:21:53.602  INFO     drive direction=forward speed=75
2026-06-27 21:21:53.608  INFO     steer angle=-30
2026-06-27 21:21:53.611  INFO     drive direction=forward speed=75
2026-06-27 21:21:53.712  INFO     steer angle=-30
2026-06-27 21:21:53.713  INFO     drive direction=forward speed=75
2026-06-27 21:21:53.717  INFO     steer angle=-30
2026-06-27 21:21:53.719  INFO     drive direction=forward speed=75
2026-06-27 21:21:53.800  INFO     steer angle=-30
2026-06-27 21:21:53.802  INFO     drive direction=forward speed=75
2026-06-27 21:21:53.803  INFO     steer angle=-30
2026-06-27 21:21:53.805  INFO     drive direction=forward speed=75
2026-06-27 21:21:53.903  INFO     steer angle=-30
2026-06-27 21:21:53.905  INFO     drive direction=forward speed=75
2026-06-27 21:21:53.907  INFO     steer angle=-30
2026-06-27 21:21:53.909  INFO     drive direction=forward speed=75
2026-06-27 21:21:53.965  INFO     steer angle=0
2026-06-27 21:21:53.967  INFO     drive direction=forward speed=75
2026-06-27 21:21:54.004  INFO     steer angle=0
2026-06-27 21:21:54.006  INFO     drive direction=forward speed=75
2026-06-27 21:21:54.101  INFO     steer angle=0
2026-06-27 21:21:54.103  INFO     drive direction=forward speed=75
2026-06-27 21:21:54.105  DEBUG    heartbeat from 192.168.1.151
2026-06-27 21:21:54.200  INFO     steer angle=0
2026-06-27 21:21:54.202  INFO     drive direction=forward speed=75
2026-06-27 21:21:54.300  INFO     steer angle=0
2026-06-27 21:21:54.302  INFO     drive direction=forward speed=75
2026-06-27 21:21:54.372  INFO     steer angle=30
2026-06-27 21:21:54.375  INFO     drive direction=forward speed=75
2026-06-27 21:21:54.400  INFO     steer angle=30
2026-06-27 21:21:54.402  INFO     drive direction=forward speed=75
2026-06-27 21:21:54.474  INFO     steer angle=30
2026-06-27 21:21:54.476  INFO     drive direction=forward speed=75
2026-06-27 21:21:54.502  INFO     steer angle=30
2026-06-27 21:21:54.503  INFO     drive direction=forward speed=75
2026-06-27 21:21:54.574  INFO     steer angle=30
2026-06-27 21:21:54.576  INFO     drive direction=forward speed=75
2026-06-27 21:21:54.605  INFO     steer angle=30
2026-06-27 21:21:54.608  INFO     drive direction=forward speed=75
2026-06-27 21:21:54.673  INFO     steer angle=30
2026-06-27 21:21:54.685  INFO     drive direction=forward speed=75
2026-06-27 21:21:54.702  INFO     steer angle=30
2026-06-27 21:21:54.704  INFO     drive direction=forward speed=75
2026-06-27 21:21:54.772  INFO     steer angle=30
2026-06-27 21:21:54.775  INFO     drive direction=forward speed=75
2026-06-27 21:21:54.804  INFO     steer angle=30
2026-06-27 21:21:54.808  INFO     drive direction=forward speed=75
2026-06-27 21:21:54.872  INFO     steer angle=30
2026-06-27 21:21:54.874  INFO     drive direction=forward speed=75
2026-06-27 21:21:54.903  INFO     steer angle=30
2026-06-27 21:21:54.906  INFO     drive direction=forward speed=75
2026-06-27 21:21:54.978  INFO     steer angle=30
2026-06-27 21:21:54.980  INFO     drive direction=forward speed=75
2026-06-27 21:21:55.010  INFO     steer angle=30
2026-06-27 21:21:55.012  INFO     drive direction=forward speed=75
2026-06-27 21:21:55.077  INFO     steer angle=30
2026-06-27 21:21:55.079  INFO     drive direction=forward speed=75
2026-06-27 21:21:55.096  INFO     steer angle=0
2026-06-27 21:21:55.097  INFO     drive direction=forward speed=75
2026-06-27 21:21:55.116  INFO     steer angle=0
2026-06-27 21:21:55.118  INFO     drive direction=forward speed=75
2026-06-27 21:21:55.120  DEBUG    heartbeat from 192.168.1.151
2026-06-27 21:21:55.200  INFO     steer angle=0
2026-06-27 21:21:55.202  INFO     drive direction=forward speed=75
2026-06-27 21:21:55.299  INFO     steer angle=0
2026-06-27 21:21:55.301  INFO     drive direction=forward speed=75
2026-06-27 21:21:55.348  INFO     steer angle=0
2026-06-27 21:21:55.350  INFO     drive direction=stop speed=0
2026-06-27 21:21:56.100  DEBUG    heartbeat from 192.168.1.151
2026-06-27 21:21:56.363  INFO     steer angle=-30
2026-06-27 21:21:56.364  INFO     drive direction=stop speed=0
2026-06-27 21:21:56.373  INFO     steer angle=-30
2026-06-27 21:21:56.375  INFO     drive direction=forward speed=75
2026-06-27 21:21:56.461  INFO     steer angle=-30
2026-06-27 21:21:56.464  INFO     drive direction=forward speed=75
2026-06-27 21:21:56.467  INFO     steer angle=-30
2026-06-27 21:21:56.469  INFO     drive direction=forward speed=75
2026-06-27 21:21:56.562  INFO     steer angle=-30
2026-06-27 21:21:56.564  INFO     drive direction=forward speed=75
2026-06-27 21:21:56.569  INFO     steer angle=-30
2026-06-27 21:21:56.571  INFO     drive direction=forward speed=75
2026-06-27 21:21:56.616  INFO     steer angle=0
2026-06-27 21:21:56.617  INFO     drive direction=forward speed=75
2026-06-27 21:21:56.620  INFO     steer angle=0
2026-06-27 21:21:56.622  INFO     drive direction=stop speed=0
2026-06-27 21:21:57.100  DEBUG    heartbeat from 192.168.1.151
2026-06-27 21:21:57.633  INFO     steer angle=-30
2026-06-27 21:21:57.635  INFO     drive direction=stop speed=0
2026-06-27 21:21:57.721  INFO     steer angle=-30
2026-06-27 21:21:57.724  INFO     drive direction=forward speed=75
2026-06-27 21:21:57.733  INFO     steer angle=-30
2026-06-27 21:21:57.734  INFO     drive direction=forward speed=75
2026-06-27 21:21:57.821  INFO     steer angle=-30
2026-06-27 21:21:57.823  INFO     drive direction=forward speed=75
2026-06-27 21:21:57.832  INFO     steer angle=-30
2026-06-27 21:21:57.834  INFO     drive direction=forward speed=75
2026-06-27 21:21:57.909  INFO     steer angle=-30
2026-06-27 21:21:57.912  INFO     drive direction=stop speed=0
2026-06-27 21:21:57.927  INFO     steer angle=0
2026-06-27 21:21:57.932  INFO     drive direction=stop speed=0
2026-06-27 21:21:58.104  DEBUG    heartbeat from 192.168.1.151
2026-06-27 21:21:59.103  DEBUG    heartbeat from 192.168.1.151
2026-06-27 21:22:00.100  DEBUG    heartbeat from 192.168.1.151
2026-06-27 21:22:00.614  INFO     steer angle=30
2026-06-27 21:22:00.616  INFO     drive direction=stop speed=0
2026-06-27 21:22:00.652  INFO     steer angle=30
2026-06-27 21:22:00.654  INFO     drive direction=backward speed=75
2026-06-27 21:22:00.714  INFO     steer angle=30
2026-06-27 21:22:00.716  INFO     drive direction=backward speed=75
2026-06-27 21:22:00.753  INFO     steer angle=30
2026-06-27 21:22:00.755  INFO     drive direction=backward speed=75
2026-06-27 21:22:00.815  INFO     steer angle=30
2026-06-27 21:22:00.817  INFO     drive direction=backward speed=75
2026-06-27 21:22:00.856  INFO     steer angle=30
2026-06-27 21:22:00.859  INFO     drive direction=backward speed=75
2026-06-27 21:22:00.915  INFO     steer angle=30
2026-06-27 21:22:00.916  INFO     drive direction=backward speed=75
2026-06-27 21:22:00.953  INFO     steer angle=30
2026-06-27 21:22:00.954  INFO     drive direction=backward speed=75
2026-06-27 21:22:01.015  INFO     steer angle=30
2026-06-27 21:22:01.016  INFO     drive direction=backward speed=75
2026-06-27 21:22:01.053  INFO     steer angle=30
2026-06-27 21:22:01.055  INFO     drive direction=backward speed=75
2026-06-27 21:22:01.103  DEBUG    heartbeat from 192.168.1.151
2026-06-27 21:22:01.115  INFO     steer angle=30
2026-06-27 21:22:01.116  INFO     drive direction=backward speed=75
2026-06-27 21:22:01.152  INFO     steer angle=30
2026-06-27 21:22:01.154  INFO     drive direction=backward speed=75
2026-06-27 21:22:01.214  INFO     steer angle=30
2026-06-27 21:22:01.216  INFO     drive direction=backward speed=75
2026-06-27 21:22:01.260  INFO     steer angle=30
2026-06-27 21:22:01.261  INFO     drive direction=backward speed=75
2026-06-27 21:22:01.326  INFO     steer angle=30
2026-06-27 21:22:01.328  INFO     drive direction=stop speed=0
2026-06-27 21:22:01.337  INFO     steer angle=0
2026-06-27 21:22:01.340  INFO     drive direction=stop speed=0
2026-06-27 21:22:02.100  DEBUG    heartbeat from 192.168.1.151
2026-06-27 21:22:02.713  INFO     steer angle=30
2026-06-27 21:22:02.715  INFO     drive direction=stop speed=0
2026-06-27 21:22:02.739  INFO     steer angle=30
2026-06-27 21:22:02.741  INFO     drive direction=forward speed=75
2026-06-27 21:22:02.811  INFO     steer angle=30
2026-06-27 21:22:02.813  INFO     drive direction=forward speed=75
2026-06-27 21:22:02.841  INFO     steer angle=30
2026-06-27 21:22:02.843  INFO     drive direction=forward speed=75
2026-06-27 21:22:02.909  INFO     steer angle=30
2026-06-27 21:22:02.911  INFO     drive direction=forward speed=75
2026-06-27 21:22:02.942  INFO     steer angle=30
2026-06-27 21:22:02.944  INFO     drive direction=forward speed=75
2026-06-27 21:22:03.010  INFO     steer angle=30
2026-06-27 21:22:03.012  INFO     drive direction=forward speed=75
2026-06-27 21:22:03.038  INFO     steer angle=30
2026-06-27 21:22:03.040  INFO     drive direction=forward speed=75
2026-06-27 21:22:03.101  DEBUG    heartbeat from 192.168.1.151
2026-06-27 21:22:03.109  INFO     steer angle=30
2026-06-27 21:22:03.110  INFO     drive direction=forward speed=75
2026-06-27 21:22:03.137  INFO     steer angle=30
2026-06-27 21:22:03.139  INFO     drive direction=forward speed=75
2026-06-27 21:22:03.213  INFO     steer angle=30
2026-06-27 21:22:03.215  INFO     drive direction=forward speed=75
2026-06-27 21:22:03.237  INFO     steer angle=30
2026-06-27 21:22:03.239  INFO     drive direction=forward speed=75
2026-06-27 21:22:03.310  INFO     steer angle=30
2026-06-27 21:22:03.312  INFO     drive direction=forward speed=75
2026-06-27 21:22:03.328  INFO     steer angle=0
2026-06-27 21:22:03.330  INFO     drive direction=forward speed=75
2026-06-27 21:22:03.333  INFO     steer angle=0
2026-06-27 21:22:03.335  INFO     drive direction=stop speed=0
2026-06-27 21:22:04.105  DEBUG    heartbeat from 192.168.1.151
2026-06-27 21:22:04.525  INFO     steer angle=30
2026-06-27 21:22:04.527  INFO     drive direction=stop speed=0
2026-06-27 21:22:04.625  INFO     steer angle=30
2026-06-27 21:22:04.627  INFO     drive direction=stop speed=0
2026-06-27 21:22:04.658  INFO     steer angle=0
2026-06-27 21:22:04.659  INFO     drive direction=stop speed=0
2026-06-27 21:22:04.667  INFO     steer angle=0
2026-06-27 21:22:04.670  INFO     drive direction=backward speed=75
2026-06-27 21:22:04.764  INFO     steer angle=0
2026-06-27 21:22:04.766  INFO     drive direction=backward speed=75
2026-06-27 21:22:04.859  INFO     steer angle=-30
2026-06-27 21:22:04.861  INFO     drive direction=backward speed=75
2026-06-27 21:22:04.877  INFO     steer angle=-30
2026-06-27 21:22:04.878  INFO     drive direction=backward speed=75
2026-06-27 21:22:04.960  INFO     steer angle=-30
2026-06-27 21:22:04.962  INFO     drive direction=backward speed=75
2026-06-27 21:22:04.965  INFO     steer angle=-30
2026-06-27 21:22:04.968  INFO     drive direction=backward speed=75
2026-06-27 21:22:05.061  INFO     steer angle=-30
2026-06-27 21:22:05.063  INFO     drive direction=backward speed=75
2026-06-27 21:22:05.066  INFO     steer angle=-30
2026-06-27 21:22:05.068  INFO     drive direction=backward speed=75
2026-06-27 21:22:05.107  DEBUG    heartbeat from 192.168.1.151
2026-06-27 21:22:05.159  INFO     steer angle=-30
2026-06-27 21:22:05.162  INFO     drive direction=backward speed=75
2026-06-27 21:22:05.165  INFO     steer angle=-30
2026-06-27 21:22:05.167  INFO     drive direction=backward speed=75
2026-06-27 21:22:05.227  INFO     steer angle=0
2026-06-27 21:22:05.230  INFO     drive direction=backward speed=75
2026-06-27 21:22:05.264  INFO     steer angle=0
2026-06-27 21:22:05.266  INFO     drive direction=backward speed=75
2026-06-27 21:22:05.363  INFO     steer angle=0
2026-06-27 21:22:05.366  INFO     drive direction=backward speed=75
2026-06-27 21:22:05.373  INFO     steer angle=0
2026-06-27 21:22:05.375  INFO     drive direction=stop speed=0
2026-06-27 21:22:06.105  DEBUG    heartbeat from 192.168.1.151
2026-06-27 21:22:07.101  DEBUG    heartbeat from 192.168.1.151
2026-06-27 21:22:08.105  DEBUG    heartbeat from 192.168.1.151
2026-06-27 21:22:08.428  INFO     steer angle=30
2026-06-27 21:22:08.431  INFO     drive direction=stop speed=0
2026-06-27 21:22:08.448  INFO     steer angle=30
2026-06-27 21:22:08.450  INFO     drive direction=backward speed=75
2026-06-27 21:22:08.530  INFO     steer angle=30
2026-06-27 21:22:08.532  INFO     drive direction=backward speed=75
2026-06-27 21:22:08.549  INFO     steer angle=30
2026-06-27 21:22:08.551  INFO     drive direction=backward speed=75
2026-06-27 21:22:08.631  INFO     steer angle=30
2026-06-27 21:22:08.634  INFO     drive direction=backward speed=75
2026-06-27 21:22:08.662  INFO     steer angle=30
2026-06-27 21:22:08.665  INFO     drive direction=backward speed=75
2026-06-27 21:22:08.699  INFO     steer angle=30
2026-06-27 21:22:08.701  INFO     drive direction=stop speed=0
2026-06-27 21:22:08.709  INFO     steer angle=0
2026-06-27 21:22:08.710  INFO     drive direction=stop speed=0
2026-06-27 21:22:09.101  DEBUG    heartbeat from 192.168.1.151
2026-06-27 21:22:10.103  DEBUG    heartbeat from 192.168.1.151
2026-06-27 21:22:10.900  INFO     steer angle=0
2026-06-27 21:22:10.902  INFO     drive direction=forward speed=75
2026-06-27 21:22:11.002  INFO     steer angle=0
2026-06-27 21:22:11.003  INFO     drive direction=forward speed=75
2026-06-27 21:22:11.100  INFO     steer angle=0
2026-06-27 21:22:11.101  INFO     drive direction=forward speed=75
2026-06-27 21:22:11.105  DEBUG    heartbeat from 192.168.1.151
2026-06-27 21:22:11.176  INFO     steer angle=0
2026-06-27 21:22:11.178  INFO     drive direction=stop speed=0
2026-06-27 21:22:12.104  DEBUG    heartbeat from 192.168.1.151
2026-06-27 21:22:13.103  DEBUG    heartbeat from 192.168.1.151
2026-06-27 21:22:14.102  DEBUG    heartbeat from 192.168.1.151
2026-06-27 21:22:15.103  DEBUG    heartbeat from 192.168.1.151
2026-06-27 21:22:15.164  INFO     steer angle=30
2026-06-27 21:22:15.166  INFO     drive direction=stop speed=0
2026-06-27 21:22:15.185  INFO     steer angle=30
2026-06-27 21:22:15.186  INFO     drive direction=forward speed=75
2026-06-27 21:22:15.261  INFO     steer angle=30
2026-06-27 21:22:15.262  INFO     drive direction=forward speed=75
2026-06-27 21:22:15.288  INFO     steer angle=30
2026-06-27 21:22:15.290  INFO     drive direction=forward speed=75
2026-06-27 21:22:15.360  INFO     steer angle=30
2026-06-27 21:22:15.363  INFO     drive direction=forward speed=75
2026-06-27 21:22:15.386  INFO     steer angle=30
2026-06-27 21:22:15.387  INFO     drive direction=forward speed=75
2026-06-27 21:22:15.415  INFO     steer angle=0
2026-06-27 21:22:15.417  INFO     drive direction=forward speed=75
2026-06-27 21:22:15.433  INFO     steer angle=0
2026-06-27 21:22:15.435  INFO     drive direction=stop speed=0
2026-06-27 21:22:16.101  DEBUG    heartbeat from 192.168.1.151
2026-06-27 21:22:16.167  INFO     steer angle=30
2026-06-27 21:22:16.170  INFO     drive direction=stop speed=0
2026-06-27 21:22:16.179  INFO     steer angle=30
2026-06-27 21:22:16.181  INFO     drive direction=forward speed=75
2026-06-27 21:22:16.260  INFO     steer angle=30
2026-06-27 21:22:16.262  INFO     drive direction=forward speed=75
2026-06-27 21:22:16.270  INFO     steer angle=30
2026-06-27 21:22:16.272  INFO     drive direction=forward speed=75
2026-06-27 21:22:16.283  DEBUG    capture->chaser active
2026-06-27 21:22:16.338  INFO     steer angle=0
2026-06-27 21:22:16.340  INFO     drive direction=forward speed=75
2026-06-27 21:22:16.347  INFO     steer angle=0
2026-06-27 21:22:16.349  INFO     drive direction=stop speed=0
2026-06-27 21:22:16.972  INFO     steer angle=30
2026-06-27 21:22:16.974  INFO     drive direction=stop speed=0
2026-06-27 21:22:17.030  INFO     steer angle=30
2026-06-27 21:22:17.032  INFO     drive direction=forward speed=75
2026-06-27 21:22:17.071  INFO     steer angle=30
2026-06-27 21:22:17.073  INFO     drive direction=forward speed=75
2026-06-27 21:22:17.104  DEBUG    heartbeat from 192.168.1.151
2026-06-27 21:22:17.127  INFO     steer angle=30
2026-06-27 21:22:17.129  INFO     drive direction=forward speed=75
2026-06-27 21:22:17.176  INFO     steer angle=30
2026-06-27 21:22:17.178  INFO     drive direction=forward speed=75
2026-06-27 21:22:17.227  INFO     steer angle=30
2026-06-27 21:22:17.237  INFO     drive direction=forward speed=75
2026-06-27 21:22:17.241  INFO     steer angle=0
2026-06-27 21:22:17.245  INFO     drive direction=forward speed=75
2026-06-27 21:22:17.247  INFO     steer angle=0
2026-06-27 21:22:17.249  INFO     drive direction=stop speed=0
2026-06-27 21:22:17.964  INFO     steer angle=0
2026-06-27 21:22:17.967  INFO     drive direction=forward speed=75
2026-06-27 21:22:17.971  INFO     steer angle=30
2026-06-27 21:22:17.973  INFO     drive direction=forward speed=75
2026-06-27 21:22:18.060  INFO     steer angle=30
2026-06-27 21:22:18.062  INFO     drive direction=forward speed=75
2026-06-27 21:22:18.070  INFO     steer angle=30
2026-06-27 21:22:18.072  INFO     drive direction=forward speed=75
2026-06-27 21:22:18.103  DEBUG    heartbeat from 192.168.1.151
2026-06-27 21:22:18.164  INFO     steer angle=30
2026-06-27 21:22:18.166  INFO     drive direction=forward speed=75
2026-06-27 21:22:18.171  INFO     steer angle=30
2026-06-27 21:22:18.173  INFO     drive direction=forward speed=75
2026-06-27 21:22:18.216  INFO     steer angle=30
2026-06-27 21:22:18.219  INFO     drive direction=stop speed=0
2026-06-27 21:22:18.229  INFO     steer angle=0
2026-06-27 21:22:18.231  INFO     drive direction=stop speed=0
2026-06-27 21:22:19.106  DEBUG    heartbeat from 192.168.1.151
2026-06-27 21:22:19.394  INFO     steer angle=30
2026-06-27 21:22:19.396  INFO     drive direction=stop speed=0
2026-06-27 21:22:19.438  INFO     steer angle=30
2026-06-27 21:22:19.475  INFO     drive direction=forward speed=75
2026-06-27 21:22:19.495  INFO     steer angle=30
2026-06-27 21:22:19.497  INFO     drive direction=forward speed=75
2026-06-27 21:22:19.525  INFO     steer angle=30
2026-06-27 21:22:19.527  INFO     drive direction=forward speed=75
2026-06-27 21:22:19.598  INFO     steer angle=30
2026-06-27 21:22:19.600  INFO     drive direction=forward speed=75
2026-06-27 21:22:19.630  INFO     steer angle=30
2026-06-27 21:22:19.632  INFO     drive direction=forward speed=75
2026-06-27 21:22:19.639  INFO     steer angle=0
2026-06-27 21:22:19.641  INFO     drive direction=forward speed=75
2026-06-27 21:22:19.646  INFO     steer angle=0
2026-06-27 21:22:19.648  INFO     drive direction=stop speed=0
2026-06-27 21:22:20.102  DEBUG    heartbeat from 192.168.1.151
2026-06-27 21:22:21.105  DEBUG    heartbeat from 192.168.1.151
2026-06-27 21:22:21.317  INFO     steer angle=30
2026-06-27 21:22:21.319  INFO     drive direction=stop speed=0
2026-06-27 21:22:21.327  INFO     steer angle=30
2026-06-27 21:22:21.329  INFO     drive direction=forward speed=75
2026-06-27 21:22:21.419  INFO     steer angle=30
2026-06-27 21:22:21.422  INFO     drive direction=forward speed=75
2026-06-27 21:22:21.429  INFO     steer angle=30
2026-06-27 21:22:21.431  INFO     drive direction=forward speed=75
2026-06-27 21:22:21.494  INFO     steer angle=30
2026-06-27 21:22:21.496  INFO     drive direction=stop speed=0
2026-06-27 21:22:21.504  INFO     steer angle=0
2026-06-27 21:22:21.505  INFO     drive direction=stop speed=0
2026-06-27 21:22:22.104  DEBUG    heartbeat from 192.168.1.151
2026-06-27 21:22:22.944  INFO     steer angle=0
2026-06-27 21:22:22.946  INFO     drive direction=forward speed=75
2026-06-27 21:22:22.966  INFO     steer angle=30
2026-06-27 21:22:22.968  INFO     drive direction=forward speed=75
2026-06-27 21:22:23.045  INFO     steer angle=30
2026-06-27 21:22:23.047  INFO     drive direction=forward speed=75
2026-06-27 21:22:23.064  INFO     steer angle=30
2026-06-27 21:22:23.066  INFO     drive direction=forward speed=75
2026-06-27 21:22:23.102  DEBUG    heartbeat from 192.168.1.151
2026-06-27 21:22:23.141  INFO     steer angle=0
2026-06-27 21:22:23.143  INFO     drive direction=forward speed=75
2026-06-27 21:22:23.145  INFO     steer angle=0
2026-06-27 21:22:23.147  INFO     drive direction=stop speed=0
2026-06-27 21:22:24.102  DEBUG    heartbeat from 192.168.1.151
2026-06-27 21:22:25.102  DEBUG    heartbeat from 192.168.1.151
2026-06-27 21:22:25.313  INFO     steer angle=30
2026-06-27 21:22:25.317  INFO     drive direction=stop speed=0
2026-06-27 21:22:25.368  INFO     steer angle=30
2026-06-27 21:22:25.370  INFO     drive direction=backward speed=75
2026-06-27 21:22:25.414  INFO     steer angle=30
2026-06-27 21:22:25.416  INFO     drive direction=backward speed=75
2026-06-27 21:22:25.464  INFO     steer angle=30
2026-06-27 21:22:25.466  INFO     drive direction=backward speed=75
2026-06-27 21:22:25.513  INFO     steer angle=30
2026-06-27 21:22:25.515  INFO     drive direction=backward speed=75
2026-06-27 21:22:25.567  INFO     steer angle=30
2026-06-27 21:22:25.568  INFO     drive direction=backward speed=75
2026-06-27 21:22:25.613  INFO     steer angle=30
2026-06-27 21:22:25.615  INFO     drive direction=backward speed=75
2026-06-27 21:22:25.663  INFO     steer angle=30
2026-06-27 21:22:25.666  INFO     drive direction=backward speed=75
2026-06-27 21:22:25.713  INFO     steer angle=30
2026-06-27 21:22:25.715  INFO     drive direction=backward speed=75
2026-06-27 21:22:25.761  INFO     steer angle=30
2026-06-27 21:22:25.763  INFO     drive direction=backward speed=75
2026-06-27 21:22:25.813  INFO     steer angle=30
2026-06-27 21:22:25.815  INFO     drive direction=backward speed=75
2026-06-27 21:22:25.861  INFO     steer angle=30
2026-06-27 21:22:25.863  INFO     drive direction=backward speed=75
2026-06-27 21:22:25.913  INFO     steer angle=30
2026-06-27 21:22:25.915  INFO     drive direction=backward speed=75
2026-06-27 21:22:25.974  INFO     steer angle=30
2026-06-27 21:22:25.975  INFO     drive direction=backward speed=75
2026-06-27 21:22:25.998  INFO     steer angle=30
2026-06-27 21:22:26.000  INFO     drive direction=stop speed=0
2026-06-27 21:22:26.014  INFO     steer angle=30
2026-06-27 21:22:26.015  INFO     drive direction=stop speed=0
2026-06-27 21:22:26.024  INFO     steer angle=0
2026-06-27 21:22:26.025  INFO     drive direction=stop speed=0
2026-06-27 21:22:26.105  DEBUG    heartbeat from 192.168.1.151
2026-06-27 21:22:27.103  DEBUG    heartbeat from 192.168.1.151
2026-06-27 21:22:28.107  DEBUG    heartbeat from 192.168.1.151
2026-06-27 21:22:29.103  DEBUG    heartbeat from 192.168.1.151
2026-06-27 21:22:29.774  INFO     steer angle=30
2026-06-27 21:22:29.776  INFO     drive direction=stop speed=0
2026-06-27 21:22:29.784  INFO     steer angle=30
2026-06-27 21:22:29.786  INFO     drive direction=forward speed=75
2026-06-27 21:22:29.876  INFO     steer angle=30
2026-06-27 21:22:29.878  INFO     drive direction=forward speed=75
2026-06-27 21:22:29.884  INFO     steer angle=30
2026-06-27 21:22:29.886  INFO     drive direction=forward speed=75
2026-06-27 21:22:29.979  INFO     steer angle=30
2026-06-27 21:22:29.981  INFO     drive direction=forward speed=75
2026-06-27 21:22:29.984  INFO     steer angle=30
2026-06-27 21:22:29.986  INFO     drive direction=forward speed=75
2026-06-27 21:22:30.072  INFO     steer angle=0
2026-06-27 21:22:30.074  INFO     drive direction=forward speed=75
2026-06-27 21:22:30.084  INFO     steer angle=0
2026-06-27 21:22:30.086  INFO     drive direction=forward speed=75
2026-06-27 21:22:30.089  INFO     steer angle=0
2026-06-27 21:22:30.090  INFO     drive direction=stop speed=0
2026-06-27 21:22:30.108  DEBUG    heartbeat from 192.168.1.151
2026-06-27 21:22:30.584  INFO     steer angle=30
2026-06-27 21:22:30.587  INFO     drive direction=stop speed=0
2026-06-27 21:22:30.604  INFO     steer angle=30
2026-06-27 21:22:30.606  INFO     drive direction=forward speed=75
2026-06-27 21:22:30.685  INFO     steer angle=30
2026-06-27 21:22:30.687  INFO     drive direction=forward speed=75
2026-06-27 21:22:30.707  INFO     steer angle=30
2026-06-27 21:22:30.709  INFO     drive direction=forward speed=75
2026-06-27 21:22:30.785  INFO     steer angle=30
2026-06-27 21:22:30.786  INFO     drive direction=forward speed=75
2026-06-27 21:22:30.806  INFO     steer angle=30
2026-06-27 21:22:30.808  INFO     drive direction=forward speed=75
2026-06-27 21:22:30.884  INFO     steer angle=30
2026-06-27 21:22:30.886  INFO     drive direction=forward speed=75
2026-06-27 21:22:30.904  INFO     steer angle=30
2026-06-27 21:22:30.907  INFO     drive direction=forward speed=75
2026-06-27 21:22:30.910  INFO     steer angle=0
2026-06-27 21:22:30.914  INFO     drive direction=forward speed=75
2026-06-27 21:22:30.916  INFO     steer angle=0
2026-06-27 21:22:30.919  INFO     drive direction=stop speed=0
2026-06-27 21:22:31.106  DEBUG    heartbeat from 192.168.1.151
2026-06-27 21:22:32.105  DEBUG    heartbeat from 192.168.1.151
2026-06-27 21:22:32.456  INFO     steer angle=30
2026-06-27 21:22:32.458  INFO     drive direction=stop speed=0
2026-06-27 21:22:32.470  INFO     steer angle=30
2026-06-27 21:22:32.472  INFO     drive direction=backward speed=75
2026-06-27 21:22:32.564  INFO     steer angle=30
2026-06-27 21:22:32.565  INFO     drive direction=backward speed=75
2026-06-27 21:22:32.574  INFO     steer angle=30
2026-06-27 21:22:32.576  INFO     drive direction=backward speed=75
2026-06-27 21:22:32.659  INFO     steer angle=30
2026-06-27 21:22:32.661  INFO     drive direction=backward speed=75
2026-06-27 21:22:32.670  INFO     steer angle=30
2026-06-27 21:22:32.672  INFO     drive direction=backward speed=75
2026-06-27 21:22:32.766  INFO     steer angle=30
2026-06-27 21:22:32.768  INFO     drive direction=backward speed=75
2026-06-27 21:22:32.772  INFO     steer angle=30
2026-06-27 21:22:32.774  INFO     drive direction=backward speed=75
2026-06-27 21:22:32.859  INFO     steer angle=30
2026-06-27 21:22:32.864  INFO     drive direction=backward speed=75
2026-06-27 21:22:32.871  INFO     steer angle=30
2026-06-27 21:22:32.873  INFO     drive direction=backward speed=75
2026-06-27 21:22:32.957  INFO     steer angle=30
2026-06-27 21:22:32.959  INFO     drive direction=backward speed=75
2026-06-27 21:22:32.971  INFO     steer angle=0
2026-06-27 21:22:32.973  INFO     drive direction=backward speed=75
2026-06-27 21:22:32.979  INFO     steer angle=0
2026-06-27 21:22:32.981  INFO     drive direction=stop speed=0
2026-06-27 21:22:33.104  DEBUG    heartbeat from 192.168.1.151
2026-06-27 21:22:34.104  DEBUG    heartbeat from 192.168.1.151
2026-06-27 21:22:34.648  INFO     steer angle=0
2026-06-27 21:22:34.650  INFO     drive direction=backward speed=75
2026-06-27 21:22:34.748  INFO     steer angle=0
2026-06-27 21:22:34.751  INFO     drive direction=backward speed=75
2026-06-27 21:22:34.848  INFO     steer angle=0
2026-06-27 21:22:34.850  INFO     drive direction=backward speed=75
2026-06-27 21:22:34.952  INFO     steer angle=0
2026-06-27 21:22:34.953  INFO     drive direction=backward speed=75
2026-06-27 21:22:34.993  INFO     steer angle=0
2026-06-27 21:22:34.995  INFO     drive direction=stop speed=0
2026-06-27 21:22:35.103  DEBUG    heartbeat from 192.168.1.151
2026-06-27 21:22:36.103  DEBUG    heartbeat from 192.168.1.151
2026-06-27 21:22:37.105  DEBUG    heartbeat from 192.168.1.151
2026-06-27 21:22:37.208  INFO     steer angle=0
2026-06-27 21:22:37.211  INFO     drive direction=backward speed=75
2026-06-27 21:22:37.308  INFO     steer angle=0
2026-06-27 21:22:37.310  INFO     drive direction=backward speed=75
2026-06-27 21:22:37.412  INFO     steer angle=0
2026-06-27 21:22:37.416  INFO     drive direction=backward speed=75
2026-06-27 21:22:37.513  INFO     steer angle=0
2026-06-27 21:22:37.515  INFO     drive direction=backward speed=75
2026-06-27 21:22:37.555  INFO     steer angle=0
2026-06-27 21:22:37.557  INFO     drive direction=stop speed=0
2026-06-27 21:22:38.105  DEBUG    heartbeat from 192.168.1.151
2026-06-27 21:22:38.634  INFO     steer angle=0
2026-06-27 21:22:38.636  INFO     drive direction=forward speed=75
2026-06-27 21:22:38.718  INFO     steer angle=-30
2026-06-27 21:22:38.720  INFO     drive direction=forward speed=75
2026-06-27 21:22:38.735  INFO     steer angle=-30
2026-06-27 21:22:38.737  INFO     drive direction=forward speed=75
2026-06-27 21:22:38.819  INFO     steer angle=-30
2026-06-27 21:22:38.821  INFO     drive direction=forward speed=75
2026-06-27 21:22:38.836  INFO     steer angle=-30
2026-06-27 21:22:38.838  INFO     drive direction=forward speed=75
2026-06-27 21:22:38.919  INFO     steer angle=-30
2026-06-27 21:22:38.921  INFO     drive direction=forward speed=75
2026-06-27 21:22:38.938  INFO     steer angle=-30
2026-06-27 21:22:38.941  INFO     drive direction=forward speed=75
2026-06-27 21:22:38.945  INFO     steer angle=-30
2026-06-27 21:22:38.948  INFO     drive direction=stop speed=0
2026-06-27 21:22:38.956  INFO     steer angle=0
2026-06-27 21:22:38.957  INFO     drive direction=stop speed=0
2026-06-27 21:22:39.113  DEBUG    heartbeat from 192.168.1.151
2026-06-27 21:22:39.900  INFO     steer angle=0
2026-06-27 21:22:39.902  INFO     drive direction=backward speed=75
2026-06-27 21:22:40.000  INFO     steer angle=0
2026-06-27 21:22:40.003  INFO     drive direction=backward speed=75
2026-06-27 21:22:40.101  INFO     steer angle=0
2026-06-27 21:22:40.103  INFO     drive direction=backward speed=75
2026-06-27 21:22:40.107  DEBUG    heartbeat from 192.168.1.151
2026-06-27 21:22:40.201  INFO     steer angle=0
2026-06-27 21:22:40.202  INFO     drive direction=backward speed=75
2026-06-27 21:22:40.260  INFO     steer angle=0
2026-06-27 21:22:40.263  INFO     drive direction=stop speed=0
2026-06-27 21:22:40.562  INFO     steer angle=0
2026-06-27 21:22:40.564  INFO     drive direction=backward speed=75
2026-06-27 21:22:40.658  INFO     steer angle=0
2026-06-27 21:22:40.661  INFO     drive direction=backward speed=75
2026-06-27 21:22:40.759  INFO     steer angle=0
2026-06-27 21:22:40.761  INFO     drive direction=backward speed=75
2026-06-27 21:22:40.858  INFO     steer angle=0
2026-06-27 21:22:40.860  INFO     drive direction=backward speed=75
2026-06-27 21:22:40.884  INFO     steer angle=-30
2026-06-27 21:22:40.886  INFO     drive direction=backward speed=75
2026-06-27 21:22:40.958  INFO     steer angle=-30
2026-06-27 21:22:40.960  INFO     drive direction=backward speed=75
2026-06-27 21:22:40.985  INFO     steer angle=-30
2026-06-27 21:22:40.987  INFO     drive direction=backward speed=75
2026-06-27 21:22:41.058  INFO     steer angle=-30
2026-06-27 21:22:41.060  INFO     drive direction=backward speed=75
2026-06-27 21:22:41.085  INFO     steer angle=-30
2026-06-27 21:22:41.088  INFO     drive direction=backward speed=75
2026-06-27 21:22:41.112  DEBUG    heartbeat from 192.168.1.151
2026-06-27 21:22:41.119  INFO     steer angle=0
2026-06-27 21:22:41.121  INFO     drive direction=backward speed=75
2026-06-27 21:22:41.158  INFO     steer angle=0
2026-06-27 21:22:41.159  INFO     drive direction=backward speed=75
2026-06-27 21:22:41.260  INFO     steer angle=0
2026-06-27 21:22:41.262  INFO     drive direction=backward speed=75
2026-06-27 21:22:41.358  INFO     steer angle=0
2026-06-27 21:22:41.360  INFO     drive direction=backward speed=75
2026-06-27 21:22:41.459  INFO     steer angle=0
2026-06-27 21:22:41.461  INFO     drive direction=backward speed=75
2026-06-27 21:22:41.527  INFO     steer angle=0
2026-06-27 21:22:41.530  INFO     drive direction=stop speed=0
2026-06-27 21:22:41.609  INFO     steer angle=30
2026-06-27 21:22:41.611  INFO     drive direction=stop speed=0
2026-06-27 21:22:41.708  INFO     steer angle=30
2026-06-27 21:22:41.709  INFO     drive direction=stop speed=0
2026-06-27 21:22:41.787  INFO     steer angle=30
2026-06-27 21:22:41.789  INFO     drive direction=backward speed=75
2026-06-27 21:22:41.807  INFO     steer angle=30
2026-06-27 21:22:41.809  INFO     drive direction=backward speed=75
2026-06-27 21:22:41.884  INFO     steer angle=30
2026-06-27 21:22:41.886  INFO     drive direction=backward speed=75
2026-06-27 21:22:41.907  INFO     steer angle=30
2026-06-27 21:22:41.910  INFO     drive direction=backward speed=75
2026-06-27 21:22:41.982  INFO     steer angle=30
2026-06-27 21:22:41.985  INFO     drive direction=backward speed=75
2026-06-27 21:22:42.007  INFO     steer angle=30
2026-06-27 21:22:42.009  INFO     drive direction=backward speed=75
2026-06-27 21:22:42.078  INFO     steer angle=30
2026-06-27 21:22:42.081  INFO     drive direction=backward speed=75
2026-06-27 21:22:42.103  DEBUG    heartbeat from 192.168.1.151
2026-06-27 21:22:42.107  INFO     steer angle=30
2026-06-27 21:22:42.109  INFO     drive direction=backward speed=75
2026-06-27 21:22:42.111  INFO     steer angle=30
2026-06-27 21:22:42.113  INFO     drive direction=stop speed=0
2026-06-27 21:22:42.122  INFO     steer angle=0
2026-06-27 21:22:42.124  INFO     drive direction=stop speed=0
2026-06-27 21:22:42.925  INFO     steer angle=30
2026-06-27 21:22:42.928  INFO     drive direction=stop speed=0
2026-06-27 21:22:42.986  INFO     steer angle=30
2026-06-27 21:22:42.988  INFO     drive direction=forward speed=75
2026-06-27 21:22:43.024  INFO     steer angle=30
2026-06-27 21:22:43.026  INFO     drive direction=forward speed=75
2026-06-27 21:22:43.090  INFO     steer angle=30
2026-06-27 21:22:43.093  INFO     drive direction=forward speed=75
2026-06-27 21:22:43.110  DEBUG    heartbeat from 192.168.1.151
2026-06-27 21:22:43.124  INFO     steer angle=30
2026-06-27 21:22:43.126  INFO     drive direction=forward speed=75
2026-06-27 21:22:43.187  INFO     steer angle=30
2026-06-27 21:22:43.189  INFO     drive direction=forward speed=75
2026-06-27 21:22:43.225  INFO     steer angle=30
2026-06-27 21:22:43.228  INFO     drive direction=forward speed=75
2026-06-27 21:22:43.258  INFO     steer angle=0
2026-06-27 21:22:43.260  INFO     drive direction=forward speed=75
2026-06-27 21:22:43.288  INFO     steer angle=0
2026-06-27 21:22:43.290  INFO     drive direction=forward speed=75
2026-06-27 21:22:43.312  INFO     steer angle=0
2026-06-27 21:22:43.314  INFO     drive direction=stop speed=0
2026-06-27 21:22:43.965  INFO     steer angle=0
2026-06-27 21:22:43.967  INFO     drive direction=forward speed=75
2026-06-27 21:22:44.065  INFO     steer angle=0
2026-06-27 21:22:44.068  INFO     drive direction=forward speed=75
2026-06-27 21:22:44.109  DEBUG    heartbeat from 192.168.1.151
2026-06-27 21:22:44.167  INFO     steer angle=0
2026-06-27 21:22:44.169  INFO     drive direction=forward speed=75
2026-06-27 21:22:44.265  INFO     steer angle=0
2026-06-27 21:22:44.268  INFO     drive direction=forward speed=75
2026-06-27 21:22:44.363  INFO     steer angle=0
2026-06-27 21:22:44.367  INFO     drive direction=forward speed=75
2026-06-27 21:22:44.404  INFO     steer angle=0
2026-06-27 21:22:44.406  INFO     drive direction=stop speed=0
2026-06-27 21:22:44.959  INFO     steer angle=0
2026-06-27 21:22:44.961  INFO     drive direction=forward speed=75
2026-06-27 21:22:45.057  INFO     steer angle=0
2026-06-27 21:22:45.059  INFO     drive direction=forward speed=75
2026-06-27 21:22:45.106  DEBUG    heartbeat from 192.168.1.151
2026-06-27 21:22:45.154  INFO     steer angle=0
2026-06-27 21:22:45.156  INFO     drive direction=forward speed=75
2026-06-27 21:22:45.260  INFO     steer angle=0
2026-06-27 21:22:45.261  INFO     drive direction=forward speed=75
2026-06-27 21:22:45.355  INFO     steer angle=0
2026-06-27 21:22:45.357  INFO     drive direction=forward speed=75
2026-06-27 21:22:45.359  INFO     steer angle=30
2026-06-27 21:22:45.364  INFO     drive direction=forward speed=75
2026-06-27 21:22:45.452  INFO     steer angle=30
2026-06-27 21:22:45.455  INFO     drive direction=forward speed=75
2026-06-27 21:22:45.463  INFO     steer angle=30
2026-06-27 21:22:45.465  INFO     drive direction=forward speed=75
2026-06-27 21:22:45.552  INFO     steer angle=30
2026-06-27 21:22:45.555  INFO     drive direction=forward speed=75
2026-06-27 21:22:45.557  INFO     steer angle=30
2026-06-27 21:22:45.559  INFO     drive direction=forward speed=75
2026-06-27 21:22:45.638  INFO     steer angle=30
2026-06-27 21:22:45.639  INFO     drive direction=stop speed=0
2026-06-27 21:22:45.647  INFO     steer angle=0
2026-06-27 21:22:45.649  INFO     drive direction=stop speed=0
2026-06-27 21:22:45.928  INFO     steer angle=0
2026-06-27 21:22:45.930  INFO     drive direction=forward speed=75
2026-06-27 21:22:46.023  INFO     steer angle=-30
2026-06-27 21:22:46.025  INFO     drive direction=forward speed=75
2026-06-27 21:22:46.041  INFO     steer angle=-30
2026-06-27 21:22:46.043  INFO     drive direction=forward speed=75
2026-06-27 21:22:46.109  DEBUG    heartbeat from 192.168.1.151
2026-06-27 21:22:46.124  INFO     steer angle=-30
2026-06-27 21:22:46.126  INFO     drive direction=forward speed=75
2026-06-27 21:22:46.129  INFO     steer angle=-30
2026-06-27 21:22:46.131  INFO     drive direction=forward speed=75
2026-06-27 21:22:46.225  INFO     steer angle=-30
2026-06-27 21:22:46.226  INFO     drive direction=forward speed=75
2026-06-27 21:22:46.230  INFO     steer angle=-30
2026-06-27 21:22:46.234  INFO     drive direction=forward speed=75
2026-06-27 21:22:46.317  DEBUG    capture->chaser active
2026-06-27 21:22:46.324  INFO     steer angle=-30
2026-06-27 21:22:46.326  INFO     drive direction=forward speed=75
2026-06-27 21:22:46.331  INFO     steer angle=-30
2026-06-27 21:22:46.334  INFO     drive direction=forward speed=75
2026-06-27 21:22:46.358  INFO     steer angle=0
2026-06-27 21:22:46.359  INFO     drive direction=forward speed=75
2026-06-27 21:22:46.381  INFO     steer angle=0
2026-06-27 21:22:46.385  INFO     drive direction=stop speed=0
2026-06-27 21:22:47.023  INFO     steer angle=30
2026-06-27 21:22:47.026  INFO     drive direction=stop speed=0
2026-06-27 21:22:47.035  INFO     steer angle=30
2026-06-27 21:22:47.038  INFO     drive direction=backward speed=75
2026-06-27 21:22:47.112  DEBUG    heartbeat from 192.168.1.151
2026-06-27 21:22:47.124  INFO     steer angle=30
2026-06-27 21:22:47.126  INFO     drive direction=backward speed=75
2026-06-27 21:22:47.130  INFO     steer angle=30
2026-06-27 21:22:47.133  INFO     drive direction=backward speed=75
2026-06-27 21:22:47.224  INFO     steer angle=30
2026-06-27 21:22:47.226  INFO     drive direction=backward speed=75
2026-06-27 21:22:47.230  INFO     steer angle=30
2026-06-27 21:22:47.240  INFO     drive direction=backward speed=75
2026-06-27 21:22:47.319  INFO     steer angle=30
2026-06-27 21:22:47.321  INFO     drive direction=backward speed=75
2026-06-27 21:22:47.327  INFO     steer angle=30
2026-06-27 21:22:47.330  INFO     drive direction=backward speed=75
2026-06-27 21:22:47.420  INFO     steer angle=30
2026-06-27 21:22:47.422  INFO     drive direction=backward speed=75
2026-06-27 21:22:47.428  INFO     steer angle=30
2026-06-27 21:22:47.430  INFO     drive direction=backward speed=75
2026-06-27 21:22:47.475  INFO     steer angle=30
2026-06-27 21:22:47.477  INFO     drive direction=stop speed=0
2026-06-27 21:22:47.496  INFO     steer angle=0
2026-06-27 21:22:47.499  INFO     drive direction=stop speed=0
2026-06-27 21:22:48.104  DEBUG    heartbeat from 192.168.1.151
2026-06-27 21:22:48.174  INFO     steer angle=30
2026-06-27 21:22:48.177  INFO     drive direction=stop speed=0
2026-06-27 21:22:48.206  INFO     steer angle=30
2026-06-27 21:22:48.208  INFO     drive direction=backward speed=75
2026-06-27 21:22:48.275  INFO     steer angle=30
2026-06-27 21:22:48.277  INFO     drive direction=backward speed=75
2026-06-27 21:22:48.309  INFO     steer angle=30
2026-06-27 21:22:48.312  INFO     drive direction=backward speed=75
2026-06-27 21:22:48.376  INFO     steer angle=30
2026-06-27 21:22:48.379  INFO     drive direction=backward speed=75
2026-06-27 21:22:48.408  INFO     steer angle=30
2026-06-27 21:22:48.410  INFO     drive direction=backward speed=75
2026-06-27 21:22:48.475  INFO     steer angle=30
2026-06-27 21:22:48.477  INFO     drive direction=backward speed=75
2026-06-27 21:22:48.506  INFO     steer angle=30
2026-06-27 21:22:48.509  INFO     drive direction=backward speed=75
2026-06-27 21:22:48.523  INFO     steer angle=0
2026-06-27 21:22:48.525  INFO     drive direction=backward speed=75
2026-06-27 21:22:48.575  INFO     steer angle=0
2026-06-27 21:22:48.577  INFO     drive direction=backward speed=75
2026-06-27 21:22:48.606  INFO     steer angle=0
2026-06-27 21:22:48.608  INFO     drive direction=backward speed=75
2026-06-27 21:22:48.622  INFO     steer angle=0
2026-06-27 21:22:48.624  INFO     drive direction=backward speed=75
2026-06-27 21:22:48.627  INFO     steer angle=30
2026-06-27 21:22:48.629  INFO     drive direction=backward speed=75
2026-06-27 21:22:48.675  INFO     steer angle=30
2026-06-27 21:22:48.678  INFO     drive direction=backward speed=75
2026-06-27 21:22:48.709  INFO     steer angle=30
2026-06-27 21:22:48.710  INFO     drive direction=backward speed=75
2026-06-27 21:22:48.775  INFO     steer angle=30
2026-06-27 21:22:48.777  INFO     drive direction=backward speed=75
2026-06-27 21:22:48.808  INFO     steer angle=30
2026-06-27 21:22:48.810  INFO     drive direction=backward speed=75
2026-06-27 21:22:48.875  INFO     steer angle=30
2026-06-27 21:22:48.878  INFO     drive direction=backward speed=75
2026-06-27 21:22:48.910  INFO     steer angle=30
2026-06-27 21:22:48.912  INFO     drive direction=backward speed=75
2026-06-27 21:22:48.976  INFO     steer angle=30
2026-06-27 21:22:48.978  INFO     drive direction=backward speed=75
2026-06-27 21:22:49.007  INFO     steer angle=30
2026-06-27 21:22:49.009  INFO     drive direction=backward speed=75
2026-06-27 21:22:49.075  INFO     steer angle=30
2026-06-27 21:22:49.077  INFO     drive direction=backward speed=75
2026-06-27 21:22:49.106  DEBUG    heartbeat from 192.168.1.151
2026-06-27 21:22:49.107  INFO     steer angle=30
2026-06-27 21:22:49.108  INFO     drive direction=backward speed=75
2026-06-27 21:22:49.173  INFO     steer angle=0
2026-06-27 21:22:49.175  INFO     drive direction=backward speed=75
2026-06-27 21:22:49.194  INFO     steer angle=0
2026-06-27 21:22:49.196  INFO     drive direction=stop speed=0
2026-06-27 21:22:49.579  INFO     steer angle=0
2026-06-27 21:22:49.581  INFO     drive direction=backward speed=75
2026-06-27 21:22:49.679  INFO     steer angle=0
2026-06-27 21:22:49.683  INFO     drive direction=backward speed=75
2026-06-27 21:22:49.697  INFO     steer angle=-30
2026-06-27 21:22:49.700  INFO     drive direction=backward speed=75
2026-06-27 21:22:49.779  INFO     steer angle=-30
2026-06-27 21:22:49.780  INFO     drive direction=backward speed=75
2026-06-27 21:22:49.797  INFO     steer angle=-30
2026-06-27 21:22:49.799  INFO     drive direction=backward speed=75
2026-06-27 21:22:49.880  INFO     steer angle=-30
2026-06-27 21:22:49.881  INFO     drive direction=backward speed=75
2026-06-27 21:22:49.898  INFO     steer angle=-30
2026-06-27 21:22:49.900  INFO     drive direction=backward speed=75
2026-06-27 21:22:49.978  INFO     steer angle=-30
2026-06-27 21:22:49.979  INFO     drive direction=backward speed=75
2026-06-27 21:22:49.998  INFO     steer angle=-30
2026-06-27 21:22:50.000  INFO     drive direction=backward speed=75
2026-06-27 21:22:50.082  INFO     steer angle=-30
2026-06-27 21:22:50.084  INFO     drive direction=backward speed=75
2026-06-27 21:22:50.097  INFO     steer angle=-30
2026-06-27 21:22:50.099  INFO     drive direction=backward speed=75
2026-06-27 21:22:50.106  DEBUG    heartbeat from 192.168.1.151
2026-06-27 21:22:50.178  INFO     steer angle=-30
2026-06-27 21:22:50.179  INFO     drive direction=backward speed=75
2026-06-27 21:22:50.197  INFO     steer angle=-30
2026-06-27 21:22:50.199  INFO     drive direction=backward speed=75
2026-06-27 21:22:50.276  INFO     steer angle=0
2026-06-27 21:22:50.278  INFO     drive direction=backward speed=75
2026-06-27 21:22:50.300  INFO     steer angle=0
2026-06-27 21:22:50.302  INFO     drive direction=backward speed=75
2026-06-27 21:22:50.316  INFO     steer angle=0
2026-06-27 21:22:50.317  INFO     drive direction=stop speed=0
2026-06-27 21:22:50.626  INFO     steer angle=0
2026-06-27 21:22:50.629  INFO     drive direction=backward speed=75
2026-06-27 21:22:50.714  INFO     steer angle=-30
2026-06-27 21:22:50.716  INFO     drive direction=backward speed=75
2026-06-27 21:22:50.730  INFO     steer angle=-30
2026-06-27 21:22:50.733  INFO     drive direction=backward speed=75
2026-06-27 21:22:50.816  INFO     steer angle=-30
2026-06-27 21:22:50.817  INFO     drive direction=backward speed=75
2026-06-27 21:22:50.824  INFO     steer angle=-30
2026-06-27 21:22:50.826  INFO     drive direction=backward speed=75
2026-06-27 21:22:50.914  INFO     steer angle=-30
2026-06-27 21:22:50.916  INFO     drive direction=backward speed=75
2026-06-27 21:22:50.923  INFO     steer angle=-30
2026-06-27 21:22:50.926  INFO     drive direction=backward speed=75
2026-06-27 21:22:51.017  INFO     steer angle=-30
2026-06-27 21:22:51.019  INFO     drive direction=backward speed=75
2026-06-27 21:22:51.026  INFO     steer angle=-30
2026-06-27 21:22:51.029  INFO     drive direction=backward speed=75
2026-06-27 21:22:51.107  DEBUG    heartbeat from 192.168.1.151
2026-06-27 21:22:51.114  INFO     steer angle=-30
2026-06-27 21:22:51.116  INFO     drive direction=backward speed=75
2026-06-27 21:22:51.124  INFO     steer angle=-30
2026-06-27 21:22:51.127  INFO     drive direction=backward speed=75
2026-06-27 21:22:51.130  INFO     steer angle=0
2026-06-27 21:22:51.131  INFO     drive direction=backward speed=75
2026-06-27 21:22:51.177  INFO     steer angle=0
2026-06-27 21:22:51.179  INFO     drive direction=stop speed=0
2026-06-27 21:22:51.433  INFO     steer angle=0
2026-06-27 21:22:51.440  INFO     drive direction=backward speed=75
2026-06-27 21:22:51.449  INFO     steer angle=30
2026-06-27 21:22:51.451  INFO     drive direction=backward speed=75
2026-06-27 21:22:51.528  INFO     steer angle=30
2026-06-27 21:22:51.530  INFO     drive direction=backward speed=75
2026-06-27 21:22:51.547  INFO     steer angle=30
2026-06-27 21:22:51.549  INFO     drive direction=backward speed=75
2026-06-27 21:22:51.627  INFO     steer angle=30
2026-06-27 21:22:51.629  INFO     drive direction=backward speed=75
2026-06-27 21:22:51.657  INFO     steer angle=30
2026-06-27 21:22:51.662  INFO     drive direction=backward speed=75
2026-06-27 21:22:51.726  INFO     steer angle=30
2026-06-27 21:22:51.728  INFO     drive direction=backward speed=75
2026-06-27 21:22:51.746  INFO     steer angle=30
2026-06-27 21:22:51.748  INFO     drive direction=backward speed=75
2026-06-27 21:22:51.830  INFO     steer angle=30
2026-06-27 21:22:51.832  INFO     drive direction=backward speed=75
2026-06-27 21:22:51.846  INFO     steer angle=30
2026-06-27 21:22:51.848  INFO     drive direction=backward speed=75
2026-06-27 21:22:51.926  INFO     steer angle=30
2026-06-27 21:22:51.929  INFO     drive direction=backward speed=75
2026-06-27 21:22:51.948  INFO     steer angle=30
2026-06-27 21:22:51.949  INFO     drive direction=backward speed=75
2026-06-27 21:22:52.027  INFO     steer angle=30
2026-06-27 21:22:52.032  INFO     drive direction=backward speed=75
2026-06-27 21:22:52.055  INFO     steer angle=30
2026-06-27 21:22:52.058  INFO     drive direction=backward speed=75
2026-06-27 21:22:52.082  INFO     steer angle=0
2026-06-27 21:22:52.083  INFO     drive direction=backward speed=75
2026-06-27 21:22:52.091  INFO     steer angle=0
2026-06-27 21:22:52.093  INFO     drive direction=stop speed=0
2026-06-27 21:22:52.111  DEBUG    heartbeat from 192.168.1.151
2026-06-27 21:22:52.420  INFO     steer angle=0
2026-06-27 21:22:52.422  INFO     drive direction=backward speed=75
2026-06-27 21:22:52.480  INFO     steer angle=-30
2026-06-27 21:22:52.482  INFO     drive direction=backward speed=75
2026-06-27 21:22:52.521  INFO     steer angle=-30
2026-06-27 21:22:52.523  INFO     drive direction=backward speed=75
2026-06-27 21:22:52.584  INFO     steer angle=-30
2026-06-27 21:22:52.586  INFO     drive direction=backward speed=75
2026-06-27 21:22:52.624  INFO     steer angle=-30
2026-06-27 21:22:52.627  INFO     drive direction=backward speed=75
2026-06-27 21:22:52.679  INFO     steer angle=-30
2026-06-27 21:22:52.680  INFO     drive direction=backward speed=75
2026-06-27 21:22:52.722  INFO     steer angle=-30
2026-06-27 21:22:52.724  INFO     drive direction=backward speed=75
2026-06-27 21:22:52.780  INFO     steer angle=-30
2026-06-27 21:22:52.781  INFO     drive direction=backward speed=75
2026-06-27 21:22:52.825  INFO     steer angle=-30
2026-06-27 21:22:52.827  INFO     drive direction=backward speed=75
2026-06-27 21:22:52.880  INFO     steer angle=-30
2026-06-27 21:22:52.881  INFO     drive direction=backward speed=75
2026-06-27 21:22:52.922  INFO     steer angle=-30
2026-06-27 21:22:52.925  INFO     drive direction=backward speed=75
2026-06-27 21:22:52.978  INFO     steer angle=-30
2026-06-27 21:22:52.980  INFO     drive direction=backward speed=75
2026-06-27 21:22:53.021  INFO     steer angle=-30
2026-06-27 21:22:53.023  INFO     drive direction=backward speed=75
2026-06-27 21:22:53.064  INFO     steer angle=-30
2026-06-27 21:22:53.066  INFO     drive direction=stop speed=0
2026-06-27 21:22:53.074  INFO     steer angle=0
2026-06-27 21:22:53.076  INFO     drive direction=stop speed=0
2026-06-27 21:22:53.106  DEBUG    heartbeat from 192.168.1.151
2026-06-27 21:22:54.105  DEBUG    heartbeat from 192.168.1.151
2026-06-27 21:22:55.120  DEBUG    heartbeat from 192.168.1.151
2026-06-27 21:22:56.106  DEBUG    heartbeat from 192.168.1.151
2026-06-27 21:22:57.104  DEBUG    heartbeat from 192.168.1.151
2026-06-27 21:22:58.105  DEBUG    heartbeat from 192.168.1.151
2026-06-27 21:22:59.104  DEBUG    heartbeat from 192.168.1.151
2026-06-27 21:22:59.663  INFO     steer angle=0
2026-06-27 21:22:59.665  INFO     drive direction=forward speed=75
2026-06-27 21:22:59.760  INFO     steer angle=0
2026-06-27 21:22:59.762  INFO     drive direction=forward speed=75
2026-06-27 21:22:59.860  INFO     steer angle=0
2026-06-27 21:22:59.862  INFO     drive direction=forward speed=75
2026-06-27 21:22:59.960  INFO     steer angle=0
2026-06-27 21:22:59.962  INFO     drive direction=forward speed=75
2026-06-27 21:23:00.059  INFO     steer angle=0
2026-06-27 21:23:00.061  INFO     drive direction=forward speed=75
2026-06-27 21:23:00.073  INFO     steer angle=0
2026-06-27 21:23:00.075  INFO     drive direction=stop speed=0
2026-06-27 21:23:00.107  DEBUG    heartbeat from 192.168.1.151
2026-06-27 21:23:00.479  INFO     steer angle=0
2026-06-27 21:23:00.481  INFO     drive direction=forward speed=75
2026-06-27 21:23:00.579  INFO     steer angle=0
2026-06-27 21:23:00.581  INFO     drive direction=forward speed=75
2026-06-27 21:23:00.679  INFO     steer angle=0
2026-06-27 21:23:00.681  INFO     drive direction=forward speed=75
2026-06-27 21:23:00.781  INFO     steer angle=0
2026-06-27 21:23:00.783  INFO     drive direction=forward speed=75
2026-06-27 21:23:00.880  INFO     steer angle=0
2026-06-27 21:23:00.883  INFO     drive direction=forward speed=75
2026-06-27 21:23:00.984  INFO     steer angle=0
2026-06-27 21:23:00.986  INFO     drive direction=forward speed=75
2026-06-27 21:23:01.087  INFO     steer angle=0
2026-06-27 21:23:01.089  INFO     drive direction=forward speed=75
2026-06-27 21:23:01.121  DEBUG    heartbeat from 192.168.1.151
2026-06-27 21:23:01.187  INFO     steer angle=0
2026-06-27 21:23:01.189  INFO     drive direction=forward speed=75
2026-06-27 21:23:01.281  INFO     steer angle=0
2026-06-27 21:23:01.283  INFO     drive direction=forward speed=75
2026-06-27 21:23:01.382  INFO     steer angle=0
2026-06-27 21:23:01.384  INFO     drive direction=forward speed=75
2026-06-27 21:23:01.479  INFO     steer angle=0
2026-06-27 21:23:01.482  INFO     drive direction=forward speed=75
2026-06-27 21:23:01.579  INFO     steer angle=0
2026-06-27 21:23:01.581  INFO     drive direction=forward speed=75
2026-06-27 21:23:01.689  INFO     steer angle=0
2026-06-27 21:23:01.691  INFO     drive direction=forward speed=75
2026-06-27 21:23:01.704  INFO     steer angle=0
2026-06-27 21:23:01.705  INFO     drive direction=stop speed=0
2026-06-27 21:23:02.090  INFO     steer angle=0
2026-06-27 21:23:02.092  INFO     drive direction=forward speed=75
2026-06-27 21:23:02.104  DEBUG    heartbeat from 192.168.1.151
2026-06-27 21:23:02.191  INFO     steer angle=0
2026-06-27 21:23:02.193  INFO     drive direction=forward speed=75
2026-06-27 21:23:02.291  INFO     steer angle=0
2026-06-27 21:23:02.296  INFO     drive direction=forward speed=75
2026-06-27 21:23:02.391  INFO     steer angle=0
2026-06-27 21:23:02.393  INFO     drive direction=forward speed=75
2026-06-27 21:23:02.491  INFO     steer angle=0
2026-06-27 21:23:02.493  INFO     drive direction=forward speed=75
2026-06-27 21:23:02.593  INFO     steer angle=0
2026-06-27 21:23:02.595  INFO     drive direction=forward speed=75
2026-06-27 21:23:02.705  INFO     steer angle=0
2026-06-27 21:23:02.706  INFO     drive direction=forward speed=75
2026-06-27 21:23:02.794  INFO     steer angle=0
2026-06-27 21:23:02.799  INFO     drive direction=forward speed=75
2026-06-27 21:23:02.896  INFO     steer angle=0
2026-06-27 21:23:02.898  INFO     drive direction=forward speed=75
2026-06-27 21:23:02.970  INFO     steer angle=0
2026-06-27 21:23:02.976  INFO     drive direction=stop speed=0
2026-06-27 21:23:03.106  DEBUG    heartbeat from 192.168.1.151
2026-06-27 21:23:03.337  INFO     steer angle=0
2026-06-27 21:23:03.338  INFO     drive direction=backward speed=75
2026-06-27 21:23:03.438  INFO     steer angle=0
2026-06-27 21:23:03.440  INFO     drive direction=backward speed=75
2026-06-27 21:23:03.540  INFO     steer angle=0
2026-06-27 21:23:03.542  INFO     drive direction=backward speed=75
2026-06-27 21:23:03.642  INFO     steer angle=0
2026-06-27 21:23:03.644  INFO     drive direction=backward speed=75
2026-06-27 21:23:03.748  INFO     steer angle=0
2026-06-27 21:23:03.750  INFO     drive direction=backward speed=75
2026-06-27 21:23:03.853  INFO     steer angle=0
2026-06-27 21:23:03.855  INFO     drive direction=backward speed=75
2026-06-27 21:23:03.937  INFO     steer angle=0
2026-06-27 21:23:03.940  INFO     drive direction=backward speed=75
2026-06-27 21:23:04.037  INFO     steer angle=0
2026-06-27 21:23:04.039  INFO     drive direction=backward speed=75
2026-06-27 21:23:04.106  DEBUG    heartbeat from 192.168.1.151
2026-06-27 21:23:04.138  INFO     steer angle=0
2026-06-27 21:23:04.141  INFO     drive direction=backward speed=75
2026-06-27 21:23:04.213  INFO     steer angle=0
2026-06-27 21:23:04.215  INFO     drive direction=stop speed=0
2026-06-27 21:23:04.873  INFO     steer angle=0
2026-06-27 21:23:04.885  INFO     drive direction=backward speed=75
2026-06-27 21:23:04.963  INFO     steer angle=0
2026-06-27 21:23:04.965  INFO     drive direction=backward speed=75
2026-06-27 21:23:05.063  INFO     steer angle=0
2026-06-27 21:23:05.067  INFO     drive direction=backward speed=75
2026-06-27 21:23:05.104  DEBUG    heartbeat from 192.168.1.151
2026-06-27 21:23:05.163  INFO     steer angle=0
2026-06-27 21:23:05.165  INFO     drive direction=backward speed=75
2026-06-27 21:23:05.212  INFO     steer angle=0
2026-06-27 21:23:05.214  INFO     drive direction=stop speed=0
2026-06-27 21:23:05.722  INFO     steer angle=0
2026-06-27 21:23:05.724  INFO     drive direction=backward speed=75
2026-06-27 21:23:05.825  INFO     steer angle=0
2026-06-27 21:23:05.827  INFO     drive direction=backward speed=75
2026-06-27 21:23:05.924  INFO     steer angle=0
2026-06-27 21:23:05.926  INFO     drive direction=backward speed=75
2026-06-27 21:23:06.014  INFO     steer angle=0
2026-06-27 21:23:06.017  INFO     drive direction=stop speed=0
2026-06-27 21:23:06.105  DEBUG    heartbeat from 192.168.1.151
2026-06-27 21:23:07.107  DEBUG    heartbeat from 192.168.1.151
2026-06-27 21:23:07.347  INFO     steer angle=-30
2026-06-27 21:23:07.349  INFO     drive direction=stop speed=0
2026-06-27 21:23:07.359  INFO     steer angle=-30
2026-06-27 21:23:07.360  INFO     drive direction=forward speed=75
2026-06-27 21:23:07.450  INFO     steer angle=-30
2026-06-27 21:23:07.452  INFO     drive direction=forward speed=75
2026-06-27 21:23:07.455  INFO     steer angle=-30
2026-06-27 21:23:07.457  INFO     drive direction=forward speed=75
2026-06-27 21:23:07.548  INFO     steer angle=-30
2026-06-27 21:23:07.550  INFO     drive direction=forward speed=75
2026-06-27 21:23:07.557  INFO     steer angle=-30
2026-06-27 21:23:07.559  INFO     drive direction=forward speed=75
2026-06-27 21:23:07.649  INFO     steer angle=-30
2026-06-27 21:23:07.651  INFO     drive direction=forward speed=75
2026-06-27 21:23:07.656  INFO     steer angle=-30
2026-06-27 21:23:07.657  INFO     drive direction=forward speed=75
2026-06-27 21:23:07.749  INFO     steer angle=-30
2026-06-27 21:23:07.751  INFO     drive direction=forward speed=75
2026-06-27 21:23:07.756  INFO     steer angle=-30
2026-06-27 21:23:07.759  INFO     drive direction=forward speed=75
2026-06-27 21:23:07.847  INFO     steer angle=-30
2026-06-27 21:23:07.849  INFO     drive direction=forward speed=75
2026-06-27 21:23:07.870  INFO     steer angle=-30
2026-06-27 21:23:07.871  INFO     drive direction=forward speed=75
2026-06-27 21:23:07.897  INFO     steer angle=-30
2026-06-27 21:23:07.901  INFO     drive direction=stop speed=0
2026-06-27 21:23:07.909  INFO     steer angle=0
2026-06-27 21:23:07.911  INFO     drive direction=stop speed=0
2026-06-27 21:23:08.105  DEBUG    heartbeat from 192.168.1.151
2026-06-27 21:23:08.842  INFO     steer angle=30
2026-06-27 21:23:08.848  INFO     drive direction=stop speed=0
2026-06-27 21:23:08.888  INFO     steer angle=30
2026-06-27 21:23:08.890  INFO     drive direction=forward speed=75
2026-06-27 21:23:08.943  INFO     steer angle=30
2026-06-27 21:23:08.945  INFO     drive direction=forward speed=75
2026-06-27 21:23:08.989  INFO     steer angle=30
2026-06-27 21:23:08.991  INFO     drive direction=forward speed=75
2026-06-27 21:23:09.043  INFO     steer angle=30
2026-06-27 21:23:09.046  INFO     drive direction=forward speed=75
2026-06-27 21:23:09.090  INFO     steer angle=30
2026-06-27 21:23:09.091  INFO     drive direction=forward speed=75
2026-06-27 21:23:09.106  DEBUG    heartbeat from 192.168.1.151
2026-06-27 21:23:09.144  INFO     steer angle=30
2026-06-27 21:23:09.147  INFO     drive direction=forward speed=75
2026-06-27 21:23:09.150  INFO     steer angle=0
2026-06-27 21:23:09.152  INFO     drive direction=forward speed=75
2026-06-27 21:23:09.156  INFO     steer angle=0
2026-06-27 21:23:09.158  INFO     drive direction=stop speed=0
2026-06-27 21:23:10.036  INFO     steer angle=0
2026-06-27 21:23:10.037  INFO     drive direction=forward speed=75
2026-06-27 21:23:10.104  DEBUG    heartbeat from 192.168.1.151
2026-06-27 21:23:10.138  INFO     steer angle=0
2026-06-27 21:23:10.139  INFO     drive direction=forward speed=75
2026-06-27 21:23:10.235  INFO     steer angle=0
2026-06-27 21:23:10.237  INFO     drive direction=forward speed=75
2026-06-27 21:23:10.337  INFO     steer angle=0
2026-06-27 21:23:10.338  INFO     drive direction=forward speed=75
2026-06-27 21:23:10.440  INFO     steer angle=0
2026-06-27 21:23:10.443  INFO     drive direction=forward speed=75
2026-06-27 21:23:10.553  INFO     steer angle=0
2026-06-27 21:23:10.554  INFO     drive direction=forward speed=75
2026-06-27 21:23:10.610  INFO     steer angle=0
2026-06-27 21:23:10.612  INFO     drive direction=stop speed=0
2026-06-27 21:23:10.998  INFO     steer angle=0
2026-06-27 21:23:11.000  INFO     drive direction=forward speed=75
2026-06-27 21:23:11.097  INFO     steer angle=0
2026-06-27 21:23:11.098  INFO     drive direction=forward speed=75
2026-06-27 21:23:11.112  DEBUG    heartbeat from 192.168.1.151
2026-06-27 21:23:11.196  INFO     steer angle=0
2026-06-27 21:23:11.198  INFO     drive direction=forward speed=75
2026-06-27 21:23:11.296  INFO     steer angle=0
2026-06-27 21:23:11.297  INFO     drive direction=forward speed=75
2026-06-27 21:23:11.396  INFO     steer angle=0
2026-06-27 21:23:11.398  INFO     drive direction=forward speed=75
2026-06-27 21:23:11.495  INFO     steer angle=0
2026-06-27 21:23:11.498  INFO     drive direction=forward speed=75
2026-06-27 21:23:11.605  INFO     steer angle=0
2026-06-27 21:23:11.607  INFO     drive direction=forward speed=75
2026-06-27 21:23:11.611  INFO     steer angle=0
2026-06-27 21:23:11.614  INFO     drive direction=stop speed=0
2026-06-27 21:23:12.104  DEBUG    heartbeat from 192.168.1.151
2026-06-27 21:23:13.105  DEBUG    heartbeat from 192.168.1.151
2026-06-27 21:23:13.563  INFO     steer angle=0
2026-06-27 21:23:13.565  INFO     drive direction=forward speed=75
2026-06-27 21:23:13.662  INFO     steer angle=0
2026-06-27 21:23:13.664  INFO     drive direction=forward speed=75
2026-06-27 21:23:13.761  INFO     steer angle=0
2026-06-27 21:23:13.766  INFO     drive direction=forward speed=75
2026-06-27 21:23:13.861  INFO     steer angle=0
2026-06-27 21:23:13.863  INFO     drive direction=forward speed=75
2026-06-27 21:23:13.962  INFO     steer angle=0
2026-06-27 21:23:13.964  INFO     drive direction=forward speed=75
2026-06-27 21:23:14.059  INFO     steer angle=0
2026-06-27 21:23:14.061  INFO     drive direction=forward speed=75
2026-06-27 21:23:14.109  DEBUG    heartbeat from 192.168.1.151
2026-06-27 21:23:14.170  INFO     steer angle=0
2026-06-27 21:23:14.172  INFO     drive direction=forward speed=75
2026-06-27 21:23:14.259  INFO     steer angle=0
2026-06-27 21:23:14.261  INFO     drive direction=forward speed=75
2026-06-27 21:23:14.359  INFO     steer angle=0
2026-06-27 21:23:14.361  INFO     drive direction=forward speed=75
2026-06-27 21:23:14.459  INFO     steer angle=0
2026-06-27 21:23:14.461  INFO     drive direction=forward speed=75
2026-06-27 21:23:14.463  INFO     steer angle=0
2026-06-27 21:23:14.465  INFO     drive direction=stop speed=0
2026-06-27 21:23:15.106  DEBUG    heartbeat from 192.168.1.151
2026-06-27 21:23:15.238  INFO     steer angle=0
2026-06-27 21:23:15.241  INFO     drive direction=backward speed=75
2026-06-27 21:23:15.345  INFO     steer angle=0
2026-06-27 21:23:15.348  INFO     drive direction=backward speed=75
2026-06-27 21:23:15.437  INFO     steer angle=0
2026-06-27 21:23:15.440  INFO     drive direction=backward speed=75
2026-06-27 21:23:15.540  INFO     steer angle=0
2026-06-27 21:23:15.542  INFO     drive direction=backward speed=75
2026-06-27 21:23:15.641  INFO     steer angle=0
2026-06-27 21:23:15.644  INFO     drive direction=backward speed=75
2026-06-27 21:23:15.753  INFO     steer angle=0
2026-06-27 21:23:15.755  INFO     drive direction=backward speed=75
2026-06-27 21:23:15.840  INFO     steer angle=0
2026-06-27 21:23:15.843  INFO     drive direction=backward speed=75
2026-06-27 21:23:15.942  INFO     steer angle=0
2026-06-27 21:23:15.944  INFO     drive direction=backward speed=75
2026-06-27 21:23:16.041  INFO     steer angle=0
2026-06-27 21:23:16.043  INFO     drive direction=backward speed=75
2026-06-27 21:23:16.109  DEBUG    heartbeat from 192.168.1.151
2026-06-27 21:23:16.137  INFO     steer angle=0
2026-06-27 21:23:16.139  INFO     drive direction=backward speed=75
2026-06-27 21:23:16.186  INFO     steer angle=30
2026-06-27 21:23:16.188  INFO     drive direction=backward speed=75
2026-06-27 21:23:16.236  INFO     steer angle=30
2026-06-27 21:23:16.240  INFO     drive direction=backward speed=75
2026-06-27 21:23:16.271  INFO     steer angle=0
2026-06-27 21:23:16.274  INFO     drive direction=backward speed=75
2026-06-27 21:23:16.290  INFO     steer angle=-30
2026-06-27 21:23:16.291  INFO     drive direction=backward speed=75
2026-06-27 21:23:16.337  INFO     steer angle=-30
2026-06-27 21:23:16.338  INFO     drive direction=backward speed=75
2026-06-27 21:23:16.357  DEBUG    capture->chaser active
2026-06-27 21:23:16.390  INFO     steer angle=-30
2026-06-27 21:23:16.391  INFO     drive direction=backward speed=75
2026-06-27 21:23:16.436  INFO     steer angle=-30
2026-06-27 21:23:16.438  INFO     drive direction=backward speed=75
2026-06-27 21:23:16.492  INFO     steer angle=-30
2026-06-27 21:23:16.494  INFO     drive direction=backward speed=75
2026-06-27 21:23:16.537  INFO     steer angle=-30
2026-06-27 21:23:16.539  INFO     drive direction=backward speed=75
2026-06-27 21:23:16.594  INFO     steer angle=-30
2026-06-27 21:23:16.596  INFO     drive direction=backward speed=75
2026-06-27 21:23:16.636  INFO     steer angle=-30
2026-06-27 21:23:16.638  INFO     drive direction=backward speed=75
2026-06-27 21:23:16.691  INFO     steer angle=-30
2026-06-27 21:23:16.694  INFO     drive direction=backward speed=75
2026-06-27 21:23:16.736  INFO     steer angle=-30
2026-06-27 21:23:16.737  INFO     drive direction=backward speed=75
2026-06-27 21:23:16.805  INFO     steer angle=-30
2026-06-27 21:23:16.808  INFO     drive direction=backward speed=75
2026-06-27 21:23:16.842  INFO     steer angle=-30
2026-06-27 21:23:16.844  INFO     drive direction=backward speed=75
2026-06-27 21:23:16.891  INFO     steer angle=-30
2026-06-27 21:23:16.893  INFO     drive direction=backward speed=75
2026-06-27 21:23:16.936  INFO     steer angle=-30
2026-06-27 21:23:16.938  INFO     drive direction=backward speed=75
2026-06-27 21:23:16.992  INFO     steer angle=-30
2026-06-27 21:23:16.994  INFO     drive direction=backward speed=75
2026-06-27 21:23:17.034  INFO     steer angle=0
2026-06-27 21:23:17.036  INFO     drive direction=backward speed=75
2026-06-27 21:23:17.039  INFO     steer angle=0
2026-06-27 21:23:17.042  INFO     drive direction=backward speed=75
2026-06-27 21:23:17.106  DEBUG    heartbeat from 192.168.1.151
2026-06-27 21:23:17.139  INFO     steer angle=0
2026-06-27 21:23:17.141  INFO     drive direction=backward speed=75
2026-06-27 21:23:17.158  INFO     steer angle=0
2026-06-27 21:23:17.160  INFO     drive direction=stop speed=0
2026-06-27 21:23:17.896  INFO     steer angle=30
2026-06-27 21:23:17.898  INFO     drive direction=stop speed=0
2026-06-27 21:23:17.987  INFO     steer angle=30
2026-06-27 21:23:17.989  INFO     drive direction=backward speed=75
2026-06-27 21:23:18.004  INFO     steer angle=30
2026-06-27 21:23:18.006  INFO     drive direction=backward speed=75
2026-06-27 21:23:18.089  INFO     steer angle=30
2026-06-27 21:23:18.090  INFO     drive direction=backward speed=75
2026-06-27 21:23:18.097  INFO     steer angle=30
2026-06-27 21:23:18.099  INFO     drive direction=backward speed=75
2026-06-27 21:23:18.106  DEBUG    heartbeat from 192.168.1.151
2026-06-27 21:23:18.147  INFO     steer angle=0
2026-06-27 21:23:18.150  INFO     drive direction=backward speed=75
2026-06-27 21:23:18.190  INFO     steer angle=0
2026-06-27 21:23:18.192  INFO     drive direction=backward speed=75
2026-06-27 21:23:18.194  INFO     steer angle=0
2026-06-27 21:23:18.196  INFO     drive direction=stop speed=0
2026-06-27 21:23:18.864  INFO     steer angle=30
2026-06-27 21:23:18.866  INFO     drive direction=stop speed=0
2026-06-27 21:23:18.936  INFO     steer angle=30
2026-06-27 21:23:18.937  INFO     drive direction=backward speed=75
2026-06-27 21:23:18.965  INFO     steer angle=30
2026-06-27 21:23:18.967  INFO     drive direction=backward speed=75
2026-06-27 21:23:19.038  INFO     steer angle=30
2026-06-27 21:23:19.042  INFO     drive direction=backward speed=75
2026-06-27 21:23:19.065  INFO     steer angle=30
2026-06-27 21:23:19.067  INFO     drive direction=backward speed=75
2026-06-27 21:23:19.106  DEBUG    heartbeat from 192.168.1.151
2026-06-27 21:23:19.139  INFO     steer angle=30
2026-06-27 21:23:19.142  INFO     drive direction=backward speed=75
2026-06-27 21:23:19.166  INFO     steer angle=30
2026-06-27 21:23:19.168  INFO     drive direction=backward speed=75
2026-06-27 21:23:19.184  INFO     steer angle=0
2026-06-27 21:23:19.185  INFO     drive direction=backward speed=75
2026-06-27 21:23:19.214  INFO     steer angle=0
2026-06-27 21:23:19.216  INFO     drive direction=stop speed=0
2026-06-27 21:23:19.938  INFO     steer angle=30
2026-06-27 21:23:19.940  INFO     drive direction=stop speed=0
2026-06-27 21:23:20.016  INFO     steer angle=30
2026-06-27 21:23:20.017  INFO     drive direction=backward speed=75
2026-06-27 21:23:20.039  INFO     steer angle=30
2026-06-27 21:23:20.041  INFO     drive direction=backward speed=75
2026-06-27 21:23:20.106  DEBUG    heartbeat from 192.168.1.151
2026-06-27 21:23:20.114  INFO     steer angle=30
2026-06-27 21:23:20.116  INFO     drive direction=backward speed=75
2026-06-27 21:23:20.139  INFO     steer angle=30
2026-06-27 21:23:20.140  INFO     drive direction=backward speed=75
2026-06-27 21:23:20.190  INFO     steer angle=0
2026-06-27 21:23:20.193  INFO     drive direction=backward speed=75
2026-06-27 21:23:20.214  INFO     steer angle=0
2026-06-27 21:23:20.216  INFO     drive direction=backward speed=75
2026-06-27 21:23:20.235  INFO     steer angle=0
2026-06-27 21:23:20.237  INFO     drive direction=stop speed=0
2026-06-27 21:23:21.108  DEBUG    heartbeat from 192.168.1.151
2026-06-27 21:23:22.108  DEBUG    heartbeat from 192.168.1.151
2026-06-27 21:23:22.218  INFO     steer angle=0
2026-06-27 21:23:22.220  INFO     drive direction=forward speed=75
2026-06-27 21:23:22.321  INFO     steer angle=0
2026-06-27 21:23:22.324  INFO     drive direction=forward speed=75
2026-06-27 21:23:22.421  INFO     steer angle=0
2026-06-27 21:23:22.422  INFO     drive direction=forward speed=75
2026-06-27 21:23:22.522  INFO     steer angle=0
2026-06-27 21:23:22.524  INFO     drive direction=forward speed=75
2026-06-27 21:23:22.621  INFO     steer angle=0
2026-06-27 21:23:22.623  INFO     drive direction=forward speed=75
2026-06-27 21:23:22.645  INFO     steer angle=0
2026-06-27 21:23:22.647  INFO     drive direction=stop speed=0
2026-06-27 21:23:23.105  DEBUG    heartbeat from 192.168.1.151
2026-06-27 21:23:23.388  INFO     steer angle=30
2026-06-27 21:23:23.389  INFO     drive direction=stop speed=0
2026-06-27 21:23:23.414  INFO     steer angle=30
2026-06-27 21:23:23.415  INFO     drive direction=forward speed=75
2026-06-27 21:23:23.489  INFO     steer angle=30
2026-06-27 21:23:23.490  INFO     drive direction=forward speed=75
2026-06-27 21:23:23.512  INFO     steer angle=30
2026-06-27 21:23:23.513  INFO     drive direction=forward speed=75
2026-06-27 21:23:23.588  INFO     steer angle=30
2026-06-27 21:23:23.590  INFO     drive direction=forward speed=75
2026-06-27 21:23:23.611  INFO     steer angle=30
2026-06-27 21:23:23.613  INFO     drive direction=forward speed=75
2026-06-27 21:23:23.688  INFO     steer angle=30
2026-06-27 21:23:23.690  INFO     drive direction=forward speed=75
2026-06-27 21:23:23.712  INFO     steer angle=30
2026-06-27 21:23:23.714  INFO     drive direction=forward speed=75
2026-06-27 21:23:23.730  INFO     steer angle=0
2026-06-27 21:23:23.731  INFO     drive direction=forward speed=75
2026-06-27 21:23:23.735  INFO     steer angle=0
2026-06-27 21:23:23.738  INFO     drive direction=stop speed=0
2026-06-27 21:23:24.111  DEBUG    heartbeat from 192.168.1.151
2026-06-27 21:23:24.687  INFO     steer angle=30
2026-06-27 21:23:24.689  INFO     drive direction=stop speed=0
2026-06-27 21:23:24.716  INFO     steer angle=30
2026-06-27 21:23:24.718  INFO     drive direction=forward speed=75
2026-06-27 21:23:24.787  INFO     steer angle=30
2026-06-27 21:23:24.789  INFO     drive direction=forward speed=75
2026-06-27 21:23:24.816  INFO     steer angle=30
2026-06-27 21:23:24.818  INFO     drive direction=forward speed=75
2026-06-27 21:23:24.892  INFO     steer angle=30
2026-06-27 21:23:24.895  INFO     drive direction=forward speed=75
2026-06-27 21:23:24.916  INFO     steer angle=30
2026-06-27 21:23:24.917  INFO     drive direction=forward speed=75
2026-06-27 21:23:24.987  INFO     steer angle=30
2026-06-27 21:23:24.989  INFO     drive direction=forward speed=75
2026-06-27 21:23:25.020  INFO     steer angle=30
2026-06-27 21:23:25.022  INFO     drive direction=forward speed=75
2026-06-27 21:23:25.028  INFO     steer angle=0
2026-06-27 21:23:25.031  INFO     drive direction=forward speed=75
2026-06-27 21:23:25.036  INFO     steer angle=0
2026-06-27 21:23:25.037  INFO     drive direction=stop speed=0
2026-06-27 21:23:25.109  DEBUG    heartbeat from 192.168.1.151
2026-06-27 21:23:26.107  DEBUG    heartbeat from 192.168.1.151
2026-06-27 21:23:26.131  INFO     steer angle=0
2026-06-27 21:23:26.134  INFO     drive direction=backward speed=75
2026-06-27 21:23:26.196  INFO     steer angle=-30
2026-06-27 21:23:26.197  INFO     drive direction=backward speed=75
2026-06-27 21:23:26.231  INFO     steer angle=-30
2026-06-27 21:23:26.236  INFO     drive direction=backward speed=75
2026-06-27 21:23:26.297  INFO     steer angle=-30
2026-06-27 21:23:26.299  INFO     drive direction=backward speed=75
2026-06-27 21:23:26.335  INFO     steer angle=-30
2026-06-27 21:23:26.337  INFO     drive direction=backward speed=75
2026-06-27 21:23:26.397  INFO     steer angle=-30
2026-06-27 21:23:26.401  INFO     drive direction=backward speed=75
2026-06-27 21:23:26.431  INFO     steer angle=-30
2026-06-27 21:23:26.433  INFO     drive direction=backward speed=75
2026-06-27 21:23:26.461  INFO     steer angle=0
2026-06-27 21:23:26.464  INFO     drive direction=backward speed=75
2026-06-27 21:23:26.480  INFO     steer angle=0
2026-06-27 21:23:26.482  INFO     drive direction=stop speed=0
2026-06-27 21:23:27.106  DEBUG    heartbeat from 192.168.1.151
2026-06-27 21:23:27.158  INFO     steer angle=0
2026-06-27 21:23:27.160  INFO     drive direction=backward speed=75
2026-06-27 21:23:27.167  INFO     steer angle=-30
2026-06-27 21:23:27.169  INFO     drive direction=backward speed=75
2026-06-27 21:23:27.256  INFO     steer angle=-30
2026-06-27 21:23:27.258  INFO     drive direction=backward speed=75
2026-06-27 21:23:27.271  INFO     steer angle=-30
2026-06-27 21:23:27.273  INFO     drive direction=backward speed=75
2026-06-27 21:23:27.357  INFO     steer angle=-30
2026-06-27 21:23:27.359  INFO     drive direction=backward speed=75
2026-06-27 21:23:27.369  INFO     steer angle=-30
2026-06-27 21:23:27.372  INFO     drive direction=backward speed=75
2026-06-27 21:23:27.457  INFO     steer angle=-30
2026-06-27 21:23:27.460  INFO     drive direction=backward speed=75
2026-06-27 21:23:27.471  INFO     steer angle=-30
2026-06-27 21:23:27.473  INFO     drive direction=backward speed=75
2026-06-27 21:23:27.559  INFO     steer angle=0
2026-06-27 21:23:27.561  INFO     drive direction=backward speed=75
2026-06-27 21:23:27.564  INFO     steer angle=0
2026-06-27 21:23:27.566  INFO     drive direction=stop speed=0
2026-06-27 21:23:28.109  DEBUG    heartbeat from 192.168.1.151
2026-06-27 21:23:28.699  INFO     steer angle=0
2026-06-27 21:23:28.701  INFO     drive direction=backward speed=75
2026-06-27 21:23:28.714  INFO     steer angle=-30
2026-06-27 21:23:28.717  INFO     drive direction=backward speed=75
2026-06-27 21:23:28.800  INFO     steer angle=-30
2026-06-27 21:23:28.801  INFO     drive direction=backward speed=75
2026-06-27 21:23:28.815  INFO     steer angle=-30
2026-06-27 21:23:28.817  INFO     drive direction=backward speed=75
2026-06-27 21:23:28.899  INFO     steer angle=-30
2026-06-27 21:23:28.901  INFO     drive direction=backward speed=75
2026-06-27 21:23:28.913  INFO     steer angle=-30
2026-06-27 21:23:28.915  INFO     drive direction=backward speed=75
2026-06-27 21:23:28.999  INFO     steer angle=-30
2026-06-27 21:23:29.001  INFO     drive direction=backward speed=75
2026-06-27 21:23:29.015  INFO     steer angle=-30
2026-06-27 21:23:29.017  INFO     drive direction=backward speed=75
2026-06-27 21:23:29.026  INFO     steer angle=0
2026-06-27 21:23:29.027  INFO     drive direction=backward speed=75
2026-06-27 21:23:29.052  INFO     steer angle=0
2026-06-27 21:23:29.056  INFO     drive direction=stop speed=0
2026-06-27 21:23:29.106  DEBUG    heartbeat from 192.168.1.151
2026-06-27 21:23:30.109  DEBUG    heartbeat from 192.168.1.151
2026-06-27 21:23:31.120  DEBUG    heartbeat from 192.168.1.151
2026-06-27 21:23:32.107  DEBUG    heartbeat from 192.168.1.151
2026-06-27 21:23:33.108  DEBUG    heartbeat from 192.168.1.151
2026-06-27 21:23:34.107  DEBUG    heartbeat from 192.168.1.151
2026-06-27 21:23:35.106  DEBUG    heartbeat from 192.168.1.151
2026-06-27 21:23:35.129  INFO     steer angle=-30
2026-06-27 21:23:35.131  INFO     drive direction=stop speed=0
2026-06-27 21:23:35.139  INFO     steer angle=-30
2026-06-27 21:23:35.141  INFO     drive direction=forward speed=75
2026-06-27 21:23:35.235  INFO     steer angle=-30
2026-06-27 21:23:35.237  INFO     drive direction=forward speed=75
2026-06-27 21:23:35.240  INFO     steer angle=-30
2026-06-27 21:23:35.242  INFO     drive direction=forward speed=75
2026-06-27 21:23:35.332  INFO     steer angle=-30
2026-06-27 21:23:35.334  INFO     drive direction=forward speed=75
2026-06-27 21:23:35.336  INFO     steer angle=-30
2026-06-27 21:23:35.338  INFO     drive direction=forward speed=75
2026-06-27 21:23:35.367  INFO     steer angle=-30
2026-06-27 21:23:35.369  INFO     drive direction=stop speed=0
2026-06-27 21:23:35.376  INFO     steer angle=0
2026-06-27 21:23:35.378  INFO     drive direction=stop speed=0
2026-06-27 21:23:36.107  DEBUG    heartbeat from 192.168.1.151
2026-06-27 21:23:36.203  INFO     steer angle=-30
2026-06-27 21:23:36.206  INFO     drive direction=stop speed=0
2026-06-27 21:23:36.219  INFO     steer angle=-30
2026-06-27 21:23:36.220  INFO     drive direction=forward speed=75
2026-06-27 21:23:36.304  INFO     steer angle=-30
2026-06-27 21:23:36.306  INFO     drive direction=forward speed=75
2026-06-27 21:23:36.323  INFO     steer angle=-30
2026-06-27 21:23:36.325  INFO     drive direction=forward speed=75
2026-06-27 21:23:36.403  INFO     steer angle=-30
2026-06-27 21:23:36.405  INFO     drive direction=forward speed=75
2026-06-27 21:23:36.419  INFO     steer angle=-30
2026-06-27 21:23:36.421  INFO     drive direction=forward speed=75
2026-06-27 21:23:36.475  INFO     steer angle=-30
2026-06-27 21:23:36.477  INFO     drive direction=stop speed=0
2026-06-27 21:23:36.490  INFO     steer angle=0
2026-06-27 21:23:36.492  INFO     drive direction=stop speed=0
2026-06-27 21:23:37.107  DEBUG    heartbeat from 192.168.1.151
2026-06-27 21:23:38.107  DEBUG    heartbeat from 192.168.1.151
2026-06-27 21:23:39.114  DEBUG    heartbeat from 192.168.1.151
2026-06-27 21:23:40.110  DEBUG    heartbeat from 192.168.1.151
2026-06-27 21:23:40.325  INFO     steer angle=0
2026-06-27 21:23:40.327  INFO     drive direction=forward speed=75
2026-06-27 21:23:40.335  INFO     steer angle=-30
2026-06-27 21:23:40.337  INFO     drive direction=forward speed=75
2026-06-27 21:23:40.425  INFO     steer angle=-30
2026-06-27 21:23:40.427  INFO     drive direction=forward speed=75
2026-06-27 21:23:40.435  INFO     steer angle=-30
2026-06-27 21:23:40.437  INFO     drive direction=forward speed=75
2026-06-27 21:23:40.525  INFO     steer angle=-30
2026-06-27 21:23:40.527  INFO     drive direction=forward speed=75
2026-06-27 21:23:40.535  INFO     steer angle=-30
2026-06-27 21:23:40.537  INFO     drive direction=forward speed=75
2026-06-27 21:23:40.589  INFO     steer angle=-30
2026-06-27 21:23:40.591  INFO     drive direction=stop speed=0
2026-06-27 21:23:40.611  INFO     steer angle=0
2026-06-27 21:23:40.614  INFO     drive direction=stop speed=0
2026-06-27 21:23:41.109  DEBUG    heartbeat from 192.168.1.151
2026-06-27 21:23:41.316  INFO     steer angle=0
2026-06-27 21:23:41.319  INFO     drive direction=forward speed=75
2026-06-27 21:23:41.415  INFO     steer angle=0
2026-06-27 21:23:41.417  INFO     drive direction=forward speed=75
2026-06-27 21:23:41.488  INFO     steer angle=-30
2026-06-27 21:23:41.490  INFO     drive direction=forward speed=75
2026-06-27 21:23:41.516  INFO     steer angle=-30
2026-06-27 21:23:41.518  INFO     drive direction=forward speed=75
2026-06-27 21:23:41.589  INFO     steer angle=-30
2026-06-27 21:23:41.592  INFO     drive direction=forward speed=75
2026-06-27 21:23:41.615  INFO     steer angle=-30
2026-06-27 21:23:41.617  INFO     drive direction=forward speed=75
2026-06-27 21:23:41.688  INFO     steer angle=-30
2026-06-27 21:23:41.690  INFO     drive direction=forward speed=75
2026-06-27 21:23:41.716  INFO     steer angle=-30
2026-06-27 21:23:41.718  INFO     drive direction=forward speed=75
2026-06-27 21:23:41.774  INFO     steer angle=-30
2026-06-27 21:23:41.776  INFO     drive direction=stop speed=0
2026-06-27 21:23:41.784  INFO     steer angle=0
2026-06-27 21:23:41.787  INFO     drive direction=stop speed=0
2026-06-27 21:23:42.107  DEBUG    heartbeat from 192.168.1.151
2026-06-27 21:23:43.108  DEBUG    heartbeat from 192.168.1.151
2026-06-27 21:23:43.583  INFO     steer angle=30
2026-06-27 21:23:43.587  INFO     drive direction=stop speed=0
2026-06-27 21:23:43.595  INFO     steer angle=30
2026-06-27 21:23:43.597  INFO     drive direction=backward speed=75
2026-06-27 21:23:43.685  INFO     steer angle=30
2026-06-27 21:23:43.687  INFO     drive direction=backward speed=75
2026-06-27 21:23:43.692  INFO     steer angle=30
2026-06-27 21:23:43.693  INFO     drive direction=backward speed=75
2026-06-27 21:23:43.782  INFO     steer angle=30
2026-06-27 21:23:43.785  INFO     drive direction=backward speed=75
2026-06-27 21:23:43.796  INFO     steer angle=30
2026-06-27 21:23:43.797  INFO     drive direction=backward speed=75
2026-06-27 21:23:43.884  INFO     steer angle=30
2026-06-27 21:23:43.886  INFO     drive direction=backward speed=75
2026-06-27 21:23:43.898  INFO     steer angle=30
2026-06-27 21:23:43.900  INFO     drive direction=backward speed=75
2026-06-27 21:23:43.986  INFO     steer angle=30
2026-06-27 21:23:43.989  INFO     drive direction=backward speed=75
2026-06-27 21:23:43.994  INFO     steer angle=30
2026-06-27 21:23:43.996  INFO     drive direction=backward speed=75
2026-06-27 21:23:44.087  INFO     steer angle=30
2026-06-27 21:23:44.089  INFO     drive direction=backward speed=75
2026-06-27 21:23:44.093  INFO     steer angle=30
2026-06-27 21:23:44.094  INFO     drive direction=stop speed=0
2026-06-27 21:23:44.102  INFO     steer angle=0
2026-06-27 21:23:44.116  INFO     drive direction=stop speed=0
2026-06-27 21:23:44.124  DEBUG    heartbeat from 192.168.1.151
2026-06-27 21:23:44.686  INFO     steer angle=30
2026-06-27 21:23:44.689  INFO     drive direction=stop speed=0
2026-06-27 21:23:44.739  INFO     steer angle=30
2026-06-27 21:23:44.740  INFO     drive direction=forward speed=75
2026-06-27 21:23:44.787  INFO     steer angle=30
2026-06-27 21:23:44.789  INFO     drive direction=forward speed=75
2026-06-27 21:23:44.839  INFO     steer angle=30
2026-06-27 21:23:44.840  INFO     drive direction=forward speed=75
2026-06-27 21:23:44.888  INFO     steer angle=30
2026-06-27 21:23:44.890  INFO     drive direction=forward speed=75
2026-06-27 21:23:44.940  INFO     steer angle=30
2026-06-27 21:23:44.942  INFO     drive direction=forward speed=75
2026-06-27 21:23:44.987  INFO     steer angle=30
2026-06-27 21:23:44.989  INFO     drive direction=forward speed=75
2026-06-27 21:23:45.008  INFO     steer angle=0
2026-06-27 21:23:45.009  INFO     drive direction=forward speed=75
2026-06-27 21:23:45.015  INFO     steer angle=0
2026-06-27 21:23:45.017  INFO     drive direction=stop speed=0
2026-06-27 21:23:45.108  DEBUG    heartbeat from 192.168.1.151
2026-06-27 21:23:46.107  DEBUG    heartbeat from 192.168.1.151
2026-06-27 21:23:46.276  INFO     steer angle=30
2026-06-27 21:23:46.279  INFO     drive direction=stop speed=0
2026-06-27 21:23:46.297  INFO     steer angle=30
2026-06-27 21:23:46.299  INFO     drive direction=forward speed=75
2026-06-27 21:23:46.377  INFO     steer angle=30
2026-06-27 21:23:46.378  INFO     drive direction=forward speed=75
2026-06-27 21:23:46.390  DEBUG    capture->chaser active
2026-06-27 21:23:46.397  INFO     steer angle=30
2026-06-27 21:23:46.399  INFO     drive direction=forward speed=75
2026-06-27 21:23:46.468  INFO     steer angle=30
2026-06-27 21:23:46.470  INFO     drive direction=stop speed=0
2026-06-27 21:23:46.479  INFO     steer angle=0
2026-06-27 21:23:46.482  INFO     drive direction=stop speed=0
2026-06-27 21:23:47.110  DEBUG    heartbeat from 192.168.1.151
2026-06-27 21:23:48.113  DEBUG    heartbeat from 192.168.1.151
2026-06-27 21:23:48.985  INFO     steer angle=30
2026-06-27 21:23:48.987  INFO     drive direction=stop speed=0
2026-06-27 21:23:49.022  INFO     steer angle=30
2026-06-27 21:23:49.024  INFO     drive direction=backward speed=75
2026-06-27 21:23:49.087  INFO     steer angle=30
2026-06-27 21:23:49.089  INFO     drive direction=backward speed=75
2026-06-27 21:23:49.107  DEBUG    heartbeat from 192.168.1.151
2026-06-27 21:23:49.121  INFO     steer angle=30
2026-06-27 21:23:49.125  INFO     drive direction=backward speed=75
2026-06-27 21:23:49.186  INFO     steer angle=30
2026-06-27 21:23:49.188  INFO     drive direction=backward speed=75
2026-06-27 21:23:49.221  INFO     steer angle=30
2026-06-27 21:23:49.223  INFO     drive direction=backward speed=75
2026-06-27 21:23:49.252  INFO     steer angle=0
2026-06-27 21:23:49.254  INFO     drive direction=backward speed=75
2026-06-27 21:23:49.262  INFO     steer angle=0
2026-06-27 21:23:49.263  INFO     drive direction=stop speed=0
2026-06-27 21:23:50.115  DEBUG    heartbeat from 192.168.1.151
2026-06-27 21:23:50.420  INFO     steer angle=0
2026-06-27 21:23:50.422  INFO     drive direction=backward speed=75
2026-06-27 21:23:50.424  INFO     steer angle=30
2026-06-27 21:23:50.426  INFO     drive direction=backward speed=75
2026-06-27 21:23:50.528  INFO     steer angle=30
2026-06-27 21:23:50.530  INFO     drive direction=backward speed=75
2026-06-27 21:23:50.539  INFO     steer angle=30
2026-06-27 21:23:50.541  INFO     drive direction=backward speed=75
2026-06-27 21:23:50.628  INFO     steer angle=30
2026-06-27 21:23:50.630  INFO     drive direction=backward speed=75
2026-06-27 21:23:50.632  INFO     steer angle=30
2026-06-27 21:23:50.634  INFO     drive direction=backward speed=75
2026-06-27 21:23:50.643  INFO     steer angle=0
2026-06-27 21:23:50.647  INFO     drive direction=backward speed=75
2026-06-27 21:23:50.649  INFO     steer angle=0
2026-06-27 21:23:50.651  INFO     drive direction=stop speed=0
2026-06-27 21:23:51.108  DEBUG    heartbeat from 192.168.1.151
2026-06-27 21:23:51.804  INFO     steer angle=0
2026-06-27 21:23:51.807  INFO     drive direction=backward speed=75
2026-06-27 21:23:51.811  INFO     steer angle=30
2026-06-27 21:23:51.813  INFO     drive direction=backward speed=75
2026-06-27 21:23:51.903  INFO     steer angle=30
2026-06-27 21:23:51.906  INFO     drive direction=backward speed=75
2026-06-27 21:23:51.909  INFO     steer angle=30
2026-06-27 21:23:51.912  INFO     drive direction=backward speed=75
2026-06-27 21:23:52.007  INFO     steer angle=30
2026-06-27 21:23:52.010  INFO     drive direction=backward speed=75
2026-06-27 21:23:52.013  INFO     steer angle=30
2026-06-27 21:23:52.015  INFO     drive direction=backward speed=75
2026-06-27 21:23:52.105  INFO     steer angle=30
2026-06-27 21:23:52.107  INFO     drive direction=backward speed=75
2026-06-27 21:23:52.110  INFO     steer angle=30
2026-06-27 21:23:52.114  INFO     drive direction=backward speed=75
2026-06-27 21:23:52.116  DEBUG    heartbeat from 192.168.1.151
2026-06-27 21:23:52.157  INFO     steer angle=0
2026-06-27 21:23:52.159  INFO     drive direction=backward speed=75
2026-06-27 21:23:52.175  INFO     steer angle=0
2026-06-27 21:23:52.178  INFO     drive direction=stop speed=0
2026-06-27 21:23:53.108  DEBUG    heartbeat from 192.168.1.151
2026-06-27 21:23:54.108  DEBUG    heartbeat from 192.168.1.151
2026-06-27 21:23:55.107  DEBUG    heartbeat from 192.168.1.151
2026-06-27 21:23:56.108  DEBUG    heartbeat from 192.168.1.151
2026-06-27 21:23:57.112  DEBUG    heartbeat from 192.168.1.151
2026-06-27 21:23:58.113  DEBUG    heartbeat from 192.168.1.151
2026-06-27 21:23:59.108  DEBUG    heartbeat from 192.168.1.151
2026-06-27 21:24:00.075  INFO     steer angle=30
2026-06-27 21:24:00.076  INFO     drive direction=stop speed=0
2026-06-27 21:24:00.085  INFO     steer angle=30
2026-06-27 21:24:00.087  INFO     drive direction=backward speed=75
2026-06-27 21:24:00.115  DEBUG    heartbeat from 192.168.1.151
2026-06-27 21:24:00.172  INFO     steer angle=30
2026-06-27 21:24:00.186  INFO     drive direction=backward speed=75
2026-06-27 21:24:00.189  INFO     steer angle=30
2026-06-27 21:24:00.191  INFO     drive direction=backward speed=75
2026-06-27 21:24:00.272  INFO     steer angle=30
2026-06-27 21:24:00.274  INFO     drive direction=backward speed=75
2026-06-27 21:24:00.284  INFO     steer angle=30
2026-06-27 21:24:00.286  INFO     drive direction=backward speed=75
2026-06-27 21:24:00.372  INFO     steer angle=30
2026-06-27 21:24:00.374  INFO     drive direction=backward speed=75
2026-06-27 21:24:00.386  INFO     steer angle=30
2026-06-27 21:24:00.387  INFO     drive direction=backward speed=75
2026-06-27 21:24:00.404  INFO     steer angle=0
2026-06-27 21:24:00.408  INFO     drive direction=backward speed=75
2026-06-27 21:24:00.411  INFO     steer angle=0
2026-06-27 21:24:00.412  INFO     drive direction=stop speed=0
2026-06-27 21:24:01.110  DEBUG    heartbeat from 192.168.1.151
2026-06-27 21:24:02.112  DEBUG    heartbeat from 192.168.1.151
2026-06-27 21:24:03.110  DEBUG    heartbeat from 192.168.1.151
2026-06-27 21:24:04.108  DEBUG    heartbeat from 192.168.1.151
2026-06-27 21:24:05.111  DEBUG    heartbeat from 192.168.1.151
2026-06-27 21:24:05.199  INFO     steer angle=0
2026-06-27 21:24:05.202  INFO     drive direction=forward speed=75
2026-06-27 21:24:05.300  INFO     steer angle=0
2026-06-27 21:24:05.302  INFO     drive direction=forward speed=75
2026-06-27 21:24:05.354  INFO     steer angle=0
2026-06-27 21:24:05.356  INFO     drive direction=stop speed=0
2026-06-27 21:24:06.109  DEBUG    heartbeat from 192.168.1.151
2026-06-27 21:24:06.809  INFO     steer angle=0
2026-06-27 21:24:06.811  INFO     drive direction=forward speed=75
2026-06-27 21:24:06.912  INFO     steer angle=0
2026-06-27 21:24:06.914  INFO     drive direction=forward speed=75
2026-06-27 21:24:07.010  INFO     steer angle=0
2026-06-27 21:24:07.012  INFO     drive direction=forward speed=75
2026-06-27 21:24:07.108  INFO     steer angle=0
2026-06-27 21:24:07.110  INFO     drive direction=stop speed=0
2026-06-27 21:24:07.120  DEBUG    heartbeat from 192.168.1.151
2026-06-27 21:24:07.624  INFO     steer angle=0
2026-06-27 21:24:07.626  INFO     drive direction=forward speed=75
2026-06-27 21:24:07.725  INFO     steer angle=0
2026-06-27 21:24:07.727  INFO     drive direction=forward speed=75
2026-06-27 21:24:07.826  INFO     steer angle=0
2026-06-27 21:24:07.828  INFO     drive direction=forward speed=75
2026-06-27 21:24:07.927  INFO     steer angle=0
2026-06-27 21:24:07.929  INFO     drive direction=forward speed=75
2026-06-27 21:24:08.027  INFO     steer angle=0
2026-06-27 21:24:08.029  INFO     drive direction=forward speed=75
2026-06-27 21:24:08.108  DEBUG    heartbeat from 192.168.1.151
2026-06-27 21:24:08.129  INFO     steer angle=0
2026-06-27 21:24:08.132  INFO     drive direction=forward speed=75
2026-06-27 21:24:08.233  INFO     steer angle=0
2026-06-27 21:24:08.236  INFO     drive direction=forward speed=75
2026-06-27 21:24:08.327  INFO     steer angle=0
2026-06-27 21:24:08.330  INFO     drive direction=forward speed=75
2026-06-27 21:24:08.427  INFO     steer angle=0
2026-06-27 21:24:08.429  INFO     drive direction=forward speed=75
2026-06-27 21:24:08.525  INFO     steer angle=0
2026-06-27 21:24:08.528  INFO     drive direction=forward speed=75
2026-06-27 21:24:08.556  INFO     steer angle=0
2026-06-27 21:24:08.558  INFO     drive direction=stop speed=0
2026-06-27 21:24:09.115  DEBUG    heartbeat from 192.168.1.151
2026-06-27 21:24:10.111  DEBUG    heartbeat from 192.168.1.151
2026-06-27 21:24:11.109  DEBUG    heartbeat from 192.168.1.151
2026-06-27 21:24:12.108  DEBUG    heartbeat from 192.168.1.151
2026-06-27 21:24:12.143  INFO     steer angle=0
2026-06-27 21:24:12.144  INFO     drive direction=forward speed=75
2026-06-27 21:24:12.243  INFO     steer angle=0
2026-06-27 21:24:12.246  INFO     drive direction=forward speed=75
2026-06-27 21:24:12.343  INFO     steer angle=0
2026-06-27 21:24:12.345  INFO     drive direction=forward speed=75
2026-06-27 21:24:12.443  INFO     steer angle=0
2026-06-27 21:24:12.446  INFO     drive direction=forward speed=75
2026-06-27 21:24:12.545  INFO     steer angle=0
2026-06-27 21:24:12.547  INFO     drive direction=forward speed=75
2026-06-27 21:24:12.642  INFO     steer angle=0
2026-06-27 21:24:12.644  INFO     drive direction=forward speed=75
2026-06-27 21:24:12.751  INFO     steer angle=0
2026-06-27 21:24:12.753  INFO     drive direction=forward speed=75
2026-06-27 21:24:12.840  INFO     steer angle=0
2026-06-27 21:24:12.843  INFO     drive direction=forward speed=75
2026-06-27 21:24:12.939  INFO     steer angle=0
2026-06-27 21:24:12.941  INFO     drive direction=forward speed=75
2026-06-27 21:24:12.956  INFO     steer angle=0
2026-06-27 21:24:12.959  INFO     drive direction=stop speed=0
2026-06-27 21:24:13.108  DEBUG    heartbeat from 192.168.1.151
2026-06-27 21:24:13.802  INFO     steer angle=0
2026-06-27 21:24:13.803  INFO     drive direction=forward speed=75
2026-06-27 21:24:13.903  INFO     steer angle=0
2026-06-27 21:24:13.906  INFO     drive direction=forward speed=75
2026-06-27 21:24:14.003  INFO     steer angle=0
2026-06-27 21:24:14.005  INFO     drive direction=forward speed=75
2026-06-27 21:24:14.020  INFO     steer angle=0
2026-06-27 21:24:14.022  INFO     drive direction=stop speed=0
2026-06-27 21:24:14.110  DEBUG    heartbeat from 192.168.1.151
2026-06-27 21:24:14.429  INFO     steer angle=0
2026-06-27 21:24:14.431  INFO     drive direction=forward speed=75
2026-06-27 21:24:14.536  INFO     steer angle=0
2026-06-27 21:24:14.538  INFO     drive direction=forward speed=75
2026-06-27 21:24:14.632  INFO     steer angle=0
2026-06-27 21:24:14.637  INFO     drive direction=forward speed=75
2026-06-27 21:24:14.670  INFO     steer angle=0
2026-06-27 21:24:14.671  INFO     drive direction=stop speed=0
2026-06-27 21:24:15.110  DEBUG    heartbeat from 192.168.1.151
2026-06-27 21:24:16.111  DEBUG    heartbeat from 192.168.1.151
2026-06-27 21:24:16.397  DEBUG    capture->chaser active
2026-06-27 21:24:16.463  INFO     steer angle=0
2026-06-27 21:24:16.466  INFO     drive direction=backward speed=75
2026-06-27 21:24:16.563  INFO     steer angle=0
2026-06-27 21:24:16.568  INFO     drive direction=backward speed=75
2026-06-27 21:24:16.665  INFO     steer angle=0
2026-06-27 21:24:16.667  INFO     drive direction=backward speed=75
2026-06-27 21:24:16.764  INFO     steer angle=0
2026-06-27 21:24:16.766  INFO     drive direction=backward speed=75
2026-06-27 21:24:16.864  INFO     steer angle=0
2026-06-27 21:24:16.865  INFO     drive direction=backward speed=75
2026-06-27 21:24:16.964  INFO     steer angle=0
2026-06-27 21:24:16.975  INFO     drive direction=backward speed=75
2026-06-27 21:24:17.066  INFO     steer angle=0
2026-06-27 21:24:17.067  INFO     drive direction=backward speed=75
2026-06-27 21:24:17.108  DEBUG    heartbeat from 192.168.1.151
2026-06-27 21:24:17.167  INFO     steer angle=0
2026-06-27 21:24:17.169  INFO     drive direction=backward speed=75
2026-06-27 21:24:17.267  INFO     steer angle=0
2026-06-27 21:24:17.269  INFO     drive direction=backward speed=75
2026-06-27 21:24:17.366  INFO     steer angle=0
2026-06-27 21:24:17.368  INFO     drive direction=backward speed=75
2026-06-27 21:24:17.468  INFO     steer angle=0
2026-06-27 21:24:17.469  INFO     drive direction=backward speed=75
2026-06-27 21:24:17.564  INFO     steer angle=0
2026-06-27 21:24:17.565  INFO     drive direction=backward speed=75
2026-06-27 21:24:17.668  INFO     steer angle=0
2026-06-27 21:24:17.669  INFO     drive direction=backward speed=75
2026-06-27 21:24:17.766  INFO     steer angle=0
2026-06-27 21:24:17.768  INFO     drive direction=backward speed=75
2026-06-27 21:24:17.866  INFO     steer angle=0
2026-06-27 21:24:17.868  INFO     drive direction=backward speed=75
2026-06-27 21:24:17.963  INFO     steer angle=0
2026-06-27 21:24:18.134  INFO     drive direction=backward speed=75
2026-06-27 21:24:18.137  INFO     steer angle=0
2026-06-27 21:24:18.138  INFO     drive direction=backward speed=75
2026-06-27 21:24:18.140  DEBUG    heartbeat from 192.168.1.151
2026-06-27 21:24:18.164  INFO     steer angle=0
2026-06-27 21:24:18.166  INFO     drive direction=backward speed=75
2026-06-27 21:24:18.265  INFO     steer angle=0
2026-06-27 21:24:18.267  INFO     drive direction=backward speed=75
2026-06-27 21:24:18.367  INFO     steer angle=0
2026-06-27 21:24:18.369  INFO     drive direction=backward speed=75
2026-06-27 21:24:18.413  INFO     steer angle=0
2026-06-27 21:24:18.415  INFO     drive direction=stop speed=0
2026-06-27 21:24:19.108  DEBUG    heartbeat from 192.168.1.151
2026-06-27 21:24:20.108  DEBUG    heartbeat from 192.168.1.151
2026-06-27 21:24:20.896  INFO     steer angle=30
2026-06-27 21:24:20.897  INFO     drive direction=stop speed=0
2026-06-27 21:24:20.945  INFO     steer angle=30
2026-06-27 21:24:20.947  INFO     drive direction=forward speed=75
2026-06-27 21:24:20.996  INFO     steer angle=30
2026-06-27 21:24:20.998  INFO     drive direction=forward speed=75
2026-06-27 21:24:21.044  INFO     steer angle=30
2026-06-27 21:24:21.046  INFO     drive direction=forward speed=75
2026-06-27 21:24:21.097  INFO     steer angle=30
2026-06-27 21:24:21.099  INFO     drive direction=forward speed=75
2026-06-27 21:24:21.110  DEBUG    heartbeat from 192.168.1.151
2026-06-27 21:24:21.143  INFO     steer angle=30
2026-06-27 21:24:21.145  INFO     drive direction=forward speed=75
2026-06-27 21:24:21.197  INFO     steer angle=30
2026-06-27 21:24:21.199  INFO     drive direction=forward speed=75
2026-06-27 21:24:21.242  INFO     steer angle=30
2026-06-27 21:24:21.243  INFO     drive direction=forward speed=75
2026-06-27 21:24:21.296  INFO     steer angle=30
2026-06-27 21:24:21.297  INFO     drive direction=forward speed=75
2026-06-27 21:24:21.342  INFO     steer angle=30
2026-06-27 21:24:21.344  INFO     drive direction=forward speed=75
2026-06-27 21:24:21.396  INFO     steer angle=30
2026-06-27 21:24:21.397  INFO     drive direction=forward speed=75
2026-06-27 21:24:21.451  INFO     steer angle=30
2026-06-27 21:24:21.453  INFO     drive direction=forward speed=75
2026-06-27 21:24:21.496  INFO     steer angle=30
2026-06-27 21:24:21.498  INFO     drive direction=forward speed=75
2026-06-27 21:24:21.517  INFO     steer angle=0
2026-06-27 21:24:21.522  INFO     drive direction=forward speed=75
2026-06-27 21:24:21.525  INFO     steer angle=0
2026-06-27 21:24:21.527  INFO     drive direction=stop speed=0
2026-06-27 21:24:22.109  DEBUG    heartbeat from 192.168.1.151
2026-06-27 21:24:23.114  DEBUG    heartbeat from 192.168.1.151
2026-06-27 21:24:24.110  DEBUG    heartbeat from 192.168.1.151
2026-06-27 21:24:25.110  DEBUG    heartbeat from 192.168.1.151
2026-06-27 21:24:25.996  INFO     steer angle=0
2026-06-27 21:24:25.998  INFO     drive direction=forward speed=75
2026-06-27 21:24:26.049  INFO     steer angle=-30
2026-06-27 21:24:26.051  INFO     drive direction=forward speed=75
2026-06-27 21:24:26.098  INFO     steer angle=-30
2026-06-27 21:24:26.100  INFO     drive direction=forward speed=75
2026-06-27 21:24:26.111  DEBUG    heartbeat from 192.168.1.151
2026-06-27 21:24:26.146  INFO     steer angle=-30
2026-06-27 21:24:26.148  INFO     drive direction=forward speed=75
2026-06-27 21:24:26.195  INFO     steer angle=-30
2026-06-27 21:24:26.197  INFO     drive direction=forward speed=75
2026-06-27 21:24:26.250  INFO     steer angle=-30
2026-06-27 21:24:26.253  INFO     drive direction=stop speed=0
2026-06-27 21:24:26.261  INFO     steer angle=-30
2026-06-27 21:24:26.263  INFO     drive direction=stop speed=0
2026-06-27 21:24:26.274  INFO     steer angle=0
2026-06-27 21:24:26.276  INFO     drive direction=stop speed=0
2026-06-27 21:24:27.112  DEBUG    heartbeat from 192.168.1.151
2026-06-27 21:24:27.822  INFO     steer angle=30
2026-06-27 21:24:27.824  INFO     drive direction=stop speed=0
2026-06-27 21:24:27.842  INFO     steer angle=30
2026-06-27 21:24:27.844  INFO     drive direction=forward speed=75
2026-06-27 21:24:27.924  INFO     steer angle=30
2026-06-27 21:24:27.926  INFO     drive direction=forward speed=75
2026-06-27 21:24:27.936  INFO     steer angle=30
2026-06-27 21:24:27.938  INFO     drive direction=forward speed=75
2026-06-27 21:24:28.023  INFO     steer angle=30
2026-06-27 21:24:28.025  INFO     drive direction=forward speed=75
2026-06-27 21:24:28.037  INFO     steer angle=30
2026-06-27 21:24:28.038  INFO     drive direction=forward speed=75
2026-06-27 21:24:28.096  INFO     steer angle=0
2026-06-27 21:24:28.097  INFO     drive direction=forward speed=75
2026-06-27 21:24:28.100  INFO     steer angle=0
2026-06-27 21:24:28.102  INFO     drive direction=stop speed=0
2026-06-27 21:24:28.113  DEBUG    heartbeat from 192.168.1.151
2026-06-27 21:24:29.002  INFO     steer angle=30
2026-06-27 21:24:29.004  INFO     drive direction=stop speed=0
2026-06-27 21:24:29.012  INFO     steer angle=30
2026-06-27 21:24:29.014  INFO     drive direction=forward speed=75
2026-06-27 21:24:29.102  INFO     steer angle=30
2026-06-27 21:24:29.104  INFO     drive direction=forward speed=75
2026-06-27 21:24:29.109  INFO     steer angle=30
2026-06-27 21:24:29.111  INFO     drive direction=forward speed=75
2026-06-27 21:24:29.114  DEBUG    heartbeat from 192.168.1.151
2026-06-27 21:24:29.203  INFO     steer angle=30
2026-06-27 21:24:29.205  INFO     drive direction=forward speed=75
2026-06-27 21:24:29.208  INFO     steer angle=30
2026-06-27 21:24:29.210  INFO     drive direction=forward speed=75
2026-06-27 21:24:29.219  INFO     steer angle=30
2026-06-27 21:24:29.222  INFO     drive direction=stop speed=0
2026-06-27 21:24:29.229  INFO     steer angle=0
2026-06-27 21:24:29.231  INFO     drive direction=stop speed=0
2026-06-27 21:24:30.111  DEBUG    heartbeat from 192.168.1.151
2026-06-27 21:24:31.109  DEBUG    heartbeat from 192.168.1.151
2026-06-27 21:24:32.110  DEBUG    heartbeat from 192.168.1.151
2026-06-27 21:24:33.112  DEBUG    heartbeat from 192.168.1.151
2026-06-27 21:24:33.861  INFO     steer angle=30
2026-06-27 21:24:33.863  INFO     drive direction=stop speed=0
2026-06-27 21:24:33.870  INFO     steer angle=30
2026-06-27 21:24:33.872  INFO     drive direction=forward speed=75
2026-06-27 21:24:33.962  INFO     steer angle=30
2026-06-27 21:24:33.964  INFO     drive direction=forward speed=75
2026-06-27 21:24:33.970  INFO     steer angle=30
2026-06-27 21:24:33.973  INFO     drive direction=forward speed=75
2026-06-27 21:24:34.062  INFO     steer angle=30
2026-06-27 21:24:34.063  INFO     drive direction=forward speed=75
2026-06-27 21:24:34.072  INFO     steer angle=30
2026-06-27 21:24:34.074  INFO     drive direction=forward speed=75
2026-06-27 21:24:34.089  INFO     steer angle=0
2026-06-27 21:24:34.091  INFO     drive direction=forward speed=75
2026-06-27 21:24:34.093  INFO     steer angle=0
2026-06-27 21:24:34.095  INFO     drive direction=stop speed=0
2026-06-27 21:24:34.110  DEBUG    heartbeat from 192.168.1.151
2026-06-27 21:24:35.110  DEBUG    heartbeat from 192.168.1.151
2026-06-27 21:24:36.113  DEBUG    heartbeat from 192.168.1.151
2026-06-27 21:24:37.110  DEBUG    heartbeat from 192.168.1.151
2026-06-27 21:24:37.575  INFO     steer angle=0
2026-06-27 21:24:37.577  INFO     drive direction=backward speed=75
2026-06-27 21:24:37.673  INFO     steer angle=0
2026-06-27 21:24:37.675  INFO     drive direction=backward speed=75
2026-06-27 21:24:37.774  INFO     steer angle=0
2026-06-27 21:24:37.777  INFO     drive direction=backward speed=75
2026-06-27 21:24:37.875  INFO     steer angle=0
2026-06-27 21:24:37.877  INFO     drive direction=backward speed=75
2026-06-27 21:24:37.972  INFO     steer angle=0
2026-06-27 21:24:37.974  INFO     drive direction=stop speed=0
2026-06-27 21:24:38.115  DEBUG    heartbeat from 192.168.1.151
2026-06-27 21:24:38.704  INFO     steer angle=0
2026-06-27 21:24:38.707  INFO     drive direction=backward speed=75
2026-06-27 21:24:38.794  INFO     steer angle=0
2026-06-27 21:24:38.796  INFO     drive direction=backward speed=75
2026-06-27 21:24:38.895  INFO     steer angle=0
2026-06-27 21:24:38.897  INFO     drive direction=backward speed=75
2026-06-27 21:24:38.998  INFO     steer angle=0
2026-06-27 21:24:39.000  INFO     drive direction=backward speed=75
2026-06-27 21:24:39.075  INFO     steer angle=0
2026-06-27 21:24:39.077  INFO     drive direction=stop speed=0
2026-06-27 21:24:39.110  DEBUG    heartbeat from 192.168.1.151
2026-06-27 21:24:39.751  INFO     steer angle=0
2026-06-27 21:24:39.755  INFO     drive direction=backward speed=75
2026-06-27 21:24:39.852  INFO     steer angle=0
2026-06-27 21:24:39.854  INFO     drive direction=backward speed=75
2026-06-27 21:24:39.951  INFO     steer angle=0
2026-06-27 21:24:39.953  INFO     drive direction=backward speed=75
2026-06-27 21:24:40.052  INFO     steer angle=0
2026-06-27 21:24:40.056  INFO     drive direction=backward speed=75
2026-06-27 21:24:40.110  DEBUG    heartbeat from 192.168.1.151
2026-06-27 21:24:40.147  INFO     steer angle=0
2026-06-27 21:24:40.149  INFO     drive direction=backward speed=75
2026-06-27 21:24:40.180  INFO     steer angle=0
2026-06-27 21:24:40.181  INFO     drive direction=stop speed=0
2026-06-27 21:24:41.111  DEBUG    heartbeat from 192.168.1.151
2026-06-27 21:24:42.110  DEBUG    heartbeat from 192.168.1.151
2026-06-27 21:24:42.225  INFO     steer angle=0
2026-06-27 21:24:42.228  INFO     drive direction=backward speed=75
2026-06-27 21:24:42.325  INFO     steer angle=0
2026-06-27 21:24:42.327  INFO     drive direction=backward speed=75
2026-06-27 21:24:42.432  INFO     steer angle=0
2026-06-27 21:24:42.435  INFO     drive direction=backward speed=75
2026-06-27 21:24:42.525  INFO     steer angle=0
2026-06-27 21:24:42.527  INFO     drive direction=backward speed=75
2026-06-27 21:24:42.529  INFO     steer angle=0
2026-06-27 21:24:42.531  INFO     drive direction=stop speed=0
2026-06-27 21:24:43.114  DEBUG    heartbeat from 192.168.1.151
2026-06-27 21:24:43.933  INFO     steer angle=30
2026-06-27 21:24:43.936  INFO     drive direction=stop speed=0
2026-06-27 21:24:43.984  INFO     steer angle=30
2026-06-27 21:24:43.986  INFO     drive direction=forward speed=75
2026-06-27 21:24:44.035  INFO     steer angle=30
2026-06-27 21:24:44.038  INFO     drive direction=forward speed=75
2026-06-27 21:24:44.085  INFO     steer angle=30
2026-06-27 21:24:44.087  INFO     drive direction=forward speed=75
2026-06-27 21:24:44.110  DEBUG    heartbeat from 192.168.1.151
2026-06-27 21:24:44.136  INFO     steer angle=30
2026-06-27 21:24:44.138  INFO     drive direction=forward speed=75
2026-06-27 21:24:44.185  INFO     steer angle=30
2026-06-27 21:24:44.186  INFO     drive direction=forward speed=75
2026-06-27 21:24:44.236  INFO     steer angle=30
2026-06-27 21:24:44.238  INFO     drive direction=forward speed=75
2026-06-27 21:24:44.284  INFO     steer angle=30
2026-06-27 21:24:44.286  INFO     drive direction=forward speed=75
2026-06-27 21:24:44.333  INFO     steer angle=30
2026-06-27 21:24:44.335  INFO     drive direction=forward speed=75
2026-06-27 21:24:44.386  INFO     steer angle=30
2026-06-27 21:24:44.389  INFO     drive direction=forward speed=75
2026-06-27 21:24:44.434  INFO     steer angle=30
2026-06-27 21:24:44.437  INFO     drive direction=forward speed=75
2026-06-27 21:24:44.484  INFO     steer angle=30
2026-06-27 21:24:44.486  INFO     drive direction=forward speed=75
2026-06-27 21:24:44.533  INFO     steer angle=30
2026-06-27 21:24:44.534  INFO     drive direction=forward speed=75
2026-06-27 21:24:44.585  INFO     steer angle=30
2026-06-27 21:24:44.587  INFO     drive direction=forward speed=75
2026-06-27 21:24:44.636  INFO     steer angle=30
2026-06-27 21:24:44.638  INFO     drive direction=forward speed=75
2026-06-27 21:24:44.685  INFO     steer angle=30
2026-06-27 21:24:44.687  INFO     drive direction=forward speed=75
2026-06-27 21:24:44.733  INFO     steer angle=30
2026-06-27 21:24:44.735  INFO     drive direction=forward speed=75
2026-06-27 21:24:44.785  INFO     steer angle=30
2026-06-27 21:24:44.787  INFO     drive direction=forward speed=75
2026-06-27 21:24:44.833  INFO     steer angle=30
2026-06-27 21:24:44.835  INFO     drive direction=forward speed=75
2026-06-27 21:24:44.886  INFO     steer angle=30
2026-06-27 21:24:44.888  INFO     drive direction=forward speed=75
2026-06-27 21:24:44.899  INFO     steer angle=30
2026-06-27 21:24:44.901  INFO     drive direction=stop speed=0
2026-06-27 21:24:44.933  INFO     steer angle=30
2026-06-27 21:24:44.938  INFO     drive direction=stop speed=0
2026-06-27 21:24:44.947  INFO     steer angle=0
2026-06-27 21:24:44.949  INFO     drive direction=stop speed=0
2026-06-27 21:24:44.961  INFO     steer angle=0
2026-06-27 21:24:44.965  INFO     drive direction=backward speed=75
2026-06-27 21:24:45.061  INFO     steer angle=0
2026-06-27 21:24:45.064  INFO     drive direction=backward speed=75
2026-06-27 21:24:45.110  DEBUG    heartbeat from 192.168.1.151
2026-06-27 21:24:45.117  INFO     steer angle=-30
2026-06-27 21:24:45.119  INFO     drive direction=backward speed=75
2026-06-27 21:24:45.162  INFO     steer angle=-30
2026-06-27 21:24:45.164  INFO     drive direction=backward speed=75
2026-06-27 21:24:45.218  INFO     steer angle=-30
2026-06-27 21:24:45.220  INFO     drive direction=backward speed=75
2026-06-27 21:24:45.261  INFO     steer angle=-30
2026-06-27 21:24:45.263  INFO     drive direction=backward speed=75
2026-06-27 21:24:45.320  INFO     steer angle=-30
2026-06-27 21:24:45.322  INFO     drive direction=backward speed=75
2026-06-27 21:24:45.361  INFO     steer angle=-30
2026-06-27 21:24:45.364  INFO     drive direction=backward speed=75
2026-06-27 21:24:45.417  INFO     steer angle=-30
2026-06-27 21:24:45.419  INFO     drive direction=backward speed=75
2026-06-27 21:24:45.461  INFO     steer angle=-30
2026-06-27 21:24:45.464  INFO     drive direction=backward speed=75
2026-06-27 21:24:45.516  INFO     steer angle=-30
2026-06-27 21:24:45.518  INFO     drive direction=backward speed=75
2026-06-27 21:24:45.520  INFO     steer angle=0
2026-06-27 21:24:45.522  INFO     drive direction=backward speed=75
2026-06-27 21:24:45.560  INFO     steer angle=0
2026-06-27 21:24:45.562  INFO     drive direction=stop speed=0
2026-06-27 21:24:45.693  INFO     steer angle=30
2026-06-27 21:24:45.696  INFO     drive direction=stop speed=0
2026-06-27 21:24:45.749  INFO     steer angle=30
2026-06-27 21:24:45.751  INFO     drive direction=forward speed=75
2026-06-27 21:24:45.793  INFO     steer angle=30
2026-06-27 21:24:45.795  INFO     drive direction=forward speed=75
2026-06-27 21:24:45.840  INFO     steer angle=0
2026-06-27 21:24:45.841  INFO     drive direction=forward speed=75
2026-06-27 21:24:45.850  INFO     steer angle=0
2026-06-27 21:24:45.852  INFO     drive direction=forward speed=75
2026-06-27 21:24:45.953  INFO     steer angle=0
2026-06-27 21:24:45.955  INFO     drive direction=forward speed=75
2026-06-27 21:24:46.007  INFO     steer angle=30
2026-06-27 21:24:46.009  INFO     drive direction=forward speed=75
2026-06-27 21:24:46.050  INFO     steer angle=30
2026-06-27 21:24:46.052  INFO     drive direction=forward speed=75
2026-06-27 21:24:46.108  INFO     steer angle=30
2026-06-27 21:24:46.110  INFO     drive direction=forward speed=75
2026-06-27 21:24:46.112  DEBUG    heartbeat from 192.168.1.151
2026-06-27 21:24:46.149  INFO     steer angle=30
2026-06-27 21:24:46.151  INFO     drive direction=forward speed=75
2026-06-27 21:24:46.207  INFO     steer angle=30
2026-06-27 21:24:46.209  INFO     drive direction=forward speed=75
2026-06-27 21:24:46.249  INFO     steer angle=30
2026-06-27 21:24:46.251  INFO     drive direction=forward speed=75
2026-06-27 21:24:46.309  INFO     steer angle=30
2026-06-27 21:24:46.311  INFO     drive direction=forward speed=75
2026-06-27 21:24:46.349  INFO     steer angle=30
2026-06-27 21:24:46.352  INFO     drive direction=forward speed=75
2026-06-27 21:24:46.408  INFO     steer angle=30
2026-06-27 21:24:46.409  INFO     drive direction=forward speed=75
2026-06-27 21:24:46.419  DEBUG    capture->chaser active
2026-06-27 21:24:46.449  INFO     steer angle=30
2026-06-27 21:24:46.451  INFO     drive direction=forward speed=75
2026-06-27 21:24:46.455  INFO     steer angle=30
2026-06-27 21:24:46.457  INFO     drive direction=stop speed=0
2026-06-27 21:24:46.516  INFO     steer angle=30
2026-06-27 21:24:46.539  INFO     drive direction=stop speed=0
2026-06-27 21:24:46.617  INFO     steer angle=30
2026-06-27 21:24:46.619  INFO     drive direction=stop speed=0
2026-06-27 21:24:46.631  INFO     steer angle=30
2026-06-27 21:24:46.633  INFO     drive direction=forward speed=75
2026-06-27 21:24:46.709  INFO     steer angle=30
2026-06-27 21:24:46.711  INFO     drive direction=forward speed=75
2026-06-27 21:24:46.728  INFO     steer angle=30
2026-06-27 21:24:46.732  INFO     drive direction=forward speed=75
2026-06-27 21:24:46.810  INFO     steer angle=30
2026-06-27 21:24:46.812  INFO     drive direction=forward speed=75
2026-06-27 21:24:46.819  INFO     steer angle=0
2026-06-27 21:24:46.821  INFO     drive direction=forward speed=75
2026-06-27 21:24:46.834  INFO     steer angle=0
2026-06-27 21:24:46.836  INFO     drive direction=forward speed=75
2026-06-27 21:24:46.928  INFO     steer angle=0
2026-06-27 21:24:46.930  INFO     drive direction=forward speed=75
2026-06-27 21:24:47.028  INFO     steer angle=0
2026-06-27 21:24:47.030  INFO     drive direction=forward speed=75
2026-06-27 21:24:47.112  DEBUG    heartbeat from 192.168.1.151
2026-06-27 21:24:47.128  INFO     steer angle=0
2026-06-27 21:24:47.131  INFO     drive direction=forward speed=75
2026-06-27 21:24:47.230  INFO     steer angle=0
2026-06-27 21:24:47.232  INFO     drive direction=forward speed=75
2026-06-27 21:24:47.279  INFO     steer angle=0
2026-06-27 21:24:47.281  INFO     drive direction=stop speed=0
2026-06-27 21:24:47.562  INFO     steer angle=-30
2026-06-27 21:24:47.564  INFO     drive direction=stop speed=0
2026-06-27 21:24:47.662  INFO     steer angle=-30
2026-06-27 21:24:47.664  INFO     drive direction=stop speed=0
2026-06-27 21:24:47.762  INFO     steer angle=-30
2026-06-27 21:24:47.765  INFO     drive direction=stop speed=0
2026-06-27 21:24:47.863  INFO     steer angle=-30
2026-06-27 21:24:47.865  INFO     drive direction=stop speed=0
2026-06-27 21:24:47.946  INFO     steer angle=-30
2026-06-27 21:24:47.948  INFO     drive direction=backward speed=75
2026-06-27 21:24:47.966  INFO     steer angle=-30
2026-06-27 21:24:47.967  INFO     drive direction=backward speed=75
2026-06-27 21:24:48.054  INFO     steer angle=-30
2026-06-27 21:24:48.057  INFO     drive direction=backward speed=75
2026-06-27 21:24:48.072  INFO     steer angle=-30
2026-06-27 21:24:48.074  INFO     drive direction=backward speed=75
2026-06-27 21:24:48.112  DEBUG    heartbeat from 192.168.1.151
2026-06-27 21:24:48.149  INFO     steer angle=-30
2026-06-27 21:24:48.153  INFO     drive direction=backward speed=75
2026-06-27 21:24:48.166  INFO     steer angle=-30
2026-06-27 21:24:48.168  INFO     drive direction=backward speed=75
2026-06-27 21:24:48.247  INFO     steer angle=-30
2026-06-27 21:24:48.248  INFO     drive direction=backward speed=75
2026-06-27 21:24:48.273  INFO     steer angle=-30
2026-06-27 21:24:48.275  INFO     drive direction=backward speed=75
2026-06-27 21:24:48.310  INFO     steer angle=0
2026-06-27 21:24:48.312  INFO     drive direction=backward speed=75
2026-06-27 21:24:48.316  INFO     steer angle=30
2026-06-27 21:24:48.317  INFO     drive direction=backward speed=75
2026-06-27 21:24:48.347  INFO     steer angle=30
2026-06-27 21:24:48.349  INFO     drive direction=backward speed=75
2026-06-27 21:24:48.417  INFO     steer angle=30
2026-06-27 21:24:48.418  INFO     drive direction=backward speed=75
2026-06-27 21:24:48.447  INFO     steer angle=30
2026-06-27 21:24:48.449  INFO     drive direction=backward speed=75
2026-06-27 21:24:48.518  INFO     steer angle=30
2026-06-27 21:24:48.520  INFO     drive direction=backward speed=75
2026-06-27 21:24:48.547  INFO     steer angle=30
2026-06-27 21:24:48.549  INFO     drive direction=backward speed=75
2026-06-27 21:24:48.620  INFO     steer angle=30
2026-06-27 21:24:48.622  INFO     drive direction=backward speed=75
2026-06-27 21:24:48.646  INFO     steer angle=30
2026-06-27 21:24:48.648  INFO     drive direction=backward speed=75
2026-06-27 21:24:48.717  INFO     steer angle=30
2026-06-27 21:24:48.719  INFO     drive direction=backward speed=75
2026-06-27 21:24:48.751  INFO     steer angle=30
2026-06-27 21:24:48.753  INFO     drive direction=backward speed=75
2026-06-27 21:24:48.831  INFO     steer angle=30
2026-06-27 21:24:48.832  INFO     drive direction=backward speed=75
2026-06-27 21:24:48.850  INFO     steer angle=30
2026-06-27 21:24:48.852  INFO     drive direction=backward speed=75
2026-06-27 21:24:48.921  INFO     steer angle=30
2026-06-27 21:24:48.923  INFO     drive direction=backward speed=75
2026-06-27 21:24:48.951  INFO     steer angle=30
2026-06-27 21:24:48.953  INFO     drive direction=backward speed=75
2026-06-27 21:24:48.979  INFO     steer angle=0
2026-06-27 21:24:48.981  INFO     drive direction=backward speed=75
2026-06-27 21:24:49.017  INFO     steer angle=0
2026-06-27 21:24:49.020  INFO     drive direction=backward speed=75
2026-06-27 21:24:49.050  INFO     steer angle=0
2026-06-27 21:24:49.053  INFO     drive direction=backward speed=75
2026-06-27 21:24:49.056  INFO     steer angle=0
2026-06-27 21:24:49.058  INFO     drive direction=stop speed=0
2026-06-27 21:24:49.088  INFO     steer angle=0
2026-06-27 21:24:49.091  INFO     drive direction=stop speed=0
2026-06-27 21:24:49.113  DEBUG    heartbeat from 192.168.1.151
2026-06-27 21:24:49.119  INFO     steer angle=0
2026-06-27 21:24:49.121  INFO     drive direction=stop speed=0
2026-06-27 21:24:49.140  INFO     steer angle=-30
2026-06-27 21:24:49.142  INFO     drive direction=stop speed=0
2026-06-27 21:24:49.150  INFO     steer angle=-30
2026-06-27 21:24:49.152  INFO     drive direction=backward speed=75
2026-06-27 21:24:49.181  INFO     steer angle=-30
2026-06-27 21:24:49.183  INFO     drive direction=backward speed=75
2026-06-27 21:24:49.208  INFO     steer angle=0
2026-06-27 21:24:49.210  INFO     drive direction=backward speed=75
2026-06-27 21:24:49.234  INFO     steer angle=0
2026-06-27 21:24:49.236  INFO     drive direction=backward speed=75
2026-06-27 21:24:49.278  INFO     steer angle=0
2026-06-27 21:24:49.281  INFO     drive direction=backward speed=75
2026-06-27 21:24:49.303  INFO     steer angle=0
2026-06-27 21:24:49.305  INFO     drive direction=backward speed=75
2026-06-27 21:24:49.334  INFO     steer angle=0
2026-06-27 21:24:49.336  INFO     drive direction=backward speed=75
2026-06-27 21:24:49.378  INFO     steer angle=0
2026-06-27 21:24:49.381  INFO     drive direction=backward speed=75
2026-06-27 21:24:49.403  INFO     steer angle=0
2026-06-27 21:24:49.405  INFO     drive direction=backward speed=75
2026-06-27 21:24:49.433  INFO     steer angle=0
2026-06-27 21:24:49.435  INFO     drive direction=backward speed=75
2026-06-27 21:24:49.471  INFO     steer angle=0
2026-06-27 21:24:49.475  INFO     drive direction=stop speed=0
2026-06-27 21:24:49.483  INFO     steer angle=0
2026-06-27 21:24:49.485  INFO     drive direction=stop speed=0
2026-06-27 21:24:49.505  INFO     steer angle=0
2026-06-27 21:24:49.507  INFO     drive direction=stop speed=0
2026-06-27 21:24:49.514  INFO     steer angle=30
2026-06-27 21:24:49.516  INFO     drive direction=stop speed=0
2026-06-27 21:24:49.523  INFO     steer angle=30
2026-06-27 21:24:49.526  INFO     drive direction=forward speed=75
2026-06-27 21:24:49.552  INFO     steer angle=0
2026-06-27 21:24:49.554  INFO     drive direction=forward speed=75
2026-06-27 21:24:49.596  INFO     steer angle=30
2026-06-27 21:24:49.600  INFO     drive direction=forward speed=75
2026-06-27 21:24:49.619  INFO     steer angle=30
2026-06-27 21:24:49.621  INFO     drive direction=forward speed=75
2026-06-27 21:24:49.695  INFO     steer angle=30
2026-06-27 21:24:49.697  INFO     drive direction=forward speed=75
2026-06-27 21:24:49.717  INFO     steer angle=30
2026-06-27 21:24:49.719  INFO     drive direction=forward speed=75
2026-06-27 21:24:49.795  INFO     steer angle=30
2026-06-27 21:24:49.799  INFO     drive direction=forward speed=75
2026-06-27 21:24:49.817  INFO     steer angle=30
2026-06-27 21:24:49.819  INFO     drive direction=forward speed=75
2026-06-27 21:24:49.894  INFO     steer angle=30
2026-06-27 21:24:49.896  INFO     drive direction=forward speed=75
2026-06-27 21:24:49.918  INFO     steer angle=30
2026-06-27 21:24:49.919  INFO     drive direction=forward speed=75
2026-06-27 21:24:49.993  INFO     steer angle=30
2026-06-27 21:24:49.997  INFO     drive direction=forward speed=75
2026-06-27 21:24:50.017  INFO     steer angle=30
2026-06-27 21:24:50.020  INFO     drive direction=forward speed=75
2026-06-27 21:24:50.100  INFO     steer angle=30
2026-06-27 21:24:50.102  INFO     drive direction=forward speed=75
2026-06-27 21:24:50.110  DEBUG    heartbeat from 192.168.1.151
2026-06-27 21:24:50.117  INFO     steer angle=30
2026-06-27 21:24:50.119  INFO     drive direction=forward speed=75
2026-06-27 21:24:50.200  INFO     steer angle=30
2026-06-27 21:24:50.202  INFO     drive direction=forward speed=75
2026-06-27 21:24:50.218  INFO     steer angle=30
2026-06-27 21:24:50.220  INFO     drive direction=forward speed=75
2026-06-27 21:24:50.297  INFO     steer angle=30
2026-06-27 21:24:50.299  INFO     drive direction=forward speed=75
2026-06-27 21:24:50.333  INFO     steer angle=30
2026-06-27 21:24:50.335  INFO     drive direction=forward speed=75
2026-06-27 21:24:50.393  INFO     steer angle=30
2026-06-27 21:24:50.396  INFO     drive direction=forward speed=75
2026-06-27 21:24:50.417  INFO     steer angle=30
2026-06-27 21:24:50.431  INFO     drive direction=forward speed=75
2026-06-27 21:24:50.436  INFO     steer angle=0
2026-06-27 21:24:50.438  INFO     drive direction=forward speed=75
2026-06-27 21:24:50.517  INFO     steer angle=0
2026-06-27 21:24:50.519  INFO     drive direction=forward speed=75
2026-06-27 21:24:50.618  INFO     steer angle=0
2026-06-27 21:24:50.619  INFO     drive direction=forward speed=75
2026-06-27 21:24:50.625  INFO     steer angle=-30
2026-06-27 21:24:50.627  INFO     drive direction=forward speed=75
2026-06-27 21:24:50.719  INFO     steer angle=-30
2026-06-27 21:24:50.722  INFO     drive direction=forward speed=75
2026-06-27 21:24:50.727  INFO     steer angle=-30
2026-06-27 21:24:50.729  INFO     drive direction=forward speed=75
2026-06-27 21:24:50.817  INFO     steer angle=-30
2026-06-27 21:24:50.819  INFO     drive direction=forward speed=75
2026-06-27 21:24:50.827  INFO     steer angle=-30
2026-06-27 21:24:50.829  INFO     drive direction=forward speed=75
2026-06-27 21:24:50.920  INFO     steer angle=-30
2026-06-27 21:24:50.922  INFO     drive direction=forward speed=75
2026-06-27 21:24:50.928  INFO     steer angle=-30
2026-06-27 21:24:50.930  INFO     drive direction=forward speed=75
2026-06-27 21:24:51.020  INFO     steer angle=-30
2026-06-27 21:24:51.022  INFO     drive direction=forward speed=75
2026-06-27 21:24:51.027  INFO     steer angle=-30
2026-06-27 21:24:51.029  INFO     drive direction=forward speed=75
2026-06-27 21:24:51.116  DEBUG    heartbeat from 192.168.1.151
2026-06-27 21:24:51.118  INFO     steer angle=-30
2026-06-27 21:24:51.119  INFO     drive direction=forward speed=75
2026-06-27 21:24:51.126  INFO     steer angle=-30
2026-06-27 21:24:51.128  INFO     drive direction=forward speed=75
2026-06-27 21:24:51.222  INFO     steer angle=-30
2026-06-27 21:24:51.224  INFO     drive direction=forward speed=75
2026-06-27 21:24:51.231  INFO     steer angle=-30
2026-06-27 21:24:51.233  INFO     drive direction=forward speed=75
2026-06-27 21:24:51.333  INFO     steer angle=-30
2026-06-27 21:24:51.335  INFO     drive direction=forward speed=75
2026-06-27 21:24:51.338  INFO     steer angle=-30
2026-06-27 21:24:51.339  INFO     drive direction=forward speed=75
2026-06-27 21:24:51.431  INFO     steer angle=-30
2026-06-27 21:24:51.434  INFO     drive direction=forward speed=75
2026-06-27 21:24:51.436  INFO     steer angle=-30
2026-06-27 21:24:51.438  INFO     drive direction=forward speed=75
2026-06-27 21:24:51.518  INFO     steer angle=-30
2026-06-27 21:24:51.521  INFO     drive direction=forward speed=75
2026-06-27 21:24:51.530  INFO     steer angle=-30
2026-06-27 21:24:51.532  INFO     drive direction=forward speed=75
2026-06-27 21:24:51.619  INFO     steer angle=-30
2026-06-27 21:24:51.621  INFO     drive direction=forward speed=75
2026-06-27 21:24:51.630  INFO     steer angle=-30
2026-06-27 21:24:51.633  INFO     drive direction=forward speed=75
2026-06-27 21:24:51.638  INFO     steer angle=0
2026-06-27 21:24:51.640  INFO     drive direction=forward speed=75
2026-06-27 21:24:51.648  INFO     steer angle=30
2026-06-27 21:24:51.649  INFO     drive direction=forward speed=75
2026-06-27 21:24:51.711  INFO     steer angle=0
2026-06-27 21:24:51.713  INFO     drive direction=forward speed=75
2026-06-27 21:24:51.717  INFO     steer angle=0
2026-06-27 21:24:51.719  INFO     drive direction=forward speed=75
2026-06-27 21:24:51.823  INFO     steer angle=0
2026-06-27 21:24:51.827  INFO     drive direction=stop speed=0
2026-06-27 21:24:52.116  DEBUG    heartbeat from 192.168.1.151
2026-06-27 21:24:52.253  INFO     steer angle=30
2026-06-27 21:24:52.261  INFO     drive direction=stop speed=0
2026-06-27 21:24:52.302  INFO     steer angle=30
2026-06-27 21:24:52.304  INFO     drive direction=backward speed=75
2026-06-27 21:24:52.352  INFO     steer angle=30
2026-06-27 21:24:52.355  INFO     drive direction=backward speed=75
2026-06-27 21:24:52.400  INFO     steer angle=30
2026-06-27 21:24:52.402  INFO     drive direction=backward speed=75
2026-06-27 21:24:52.451  INFO     steer angle=30
2026-06-27 21:24:52.452  INFO     drive direction=backward speed=75
2026-06-27 21:24:52.503  INFO     steer angle=30
2026-06-27 21:24:52.505  INFO     drive direction=backward speed=75
2026-06-27 21:24:52.552  INFO     steer angle=30
2026-06-27 21:24:52.554  INFO     drive direction=backward speed=75
2026-06-27 21:24:52.600  INFO     steer angle=30
2026-06-27 21:24:52.602  INFO     drive direction=backward speed=75
2026-06-27 21:24:52.655  INFO     steer angle=30
2026-06-27 21:24:52.658  INFO     drive direction=backward speed=75
2026-06-27 21:24:52.700  INFO     steer angle=30
2026-06-27 21:24:52.702  INFO     drive direction=backward speed=75
2026-06-27 21:24:52.754  INFO     steer angle=30
2026-06-27 21:24:52.756  INFO     drive direction=backward speed=75
2026-06-27 21:24:52.800  INFO     steer angle=30
2026-06-27 21:24:52.802  INFO     drive direction=backward speed=75
2026-06-27 21:24:52.852  INFO     steer angle=30
2026-06-27 21:24:52.854  INFO     drive direction=backward speed=75
2026-06-27 21:24:52.900  INFO     steer angle=30
2026-06-27 21:24:52.902  INFO     drive direction=backward speed=75
2026-06-27 21:24:52.959  INFO     steer angle=30
2026-06-27 21:24:52.961  INFO     drive direction=backward speed=75
2026-06-27 21:24:53.004  INFO     steer angle=30
2026-06-27 21:24:53.006  INFO     drive direction=backward speed=75
2026-06-27 21:24:53.064  INFO     steer angle=30
2026-06-27 21:24:53.067  INFO     drive direction=backward speed=75
2026-06-27 21:24:53.104  INFO     steer angle=30
2026-06-27 21:24:53.106  INFO     drive direction=backward speed=75
2026-06-27 21:24:53.111  DEBUG    heartbeat from 192.168.1.151
2026-06-27 21:24:53.166  INFO     steer angle=30
2026-06-27 21:24:53.169  INFO     drive direction=backward speed=75
2026-06-27 21:24:53.171  INFO     steer angle=0
2026-06-27 21:24:53.173  INFO     drive direction=backward speed=75
2026-06-27 21:24:53.175  INFO     steer angle=0
2026-06-27 21:24:53.177  INFO     drive direction=stop speed=0
2026-06-27 21:24:53.267  INFO     steer angle=0
2026-06-27 21:24:53.270  INFO     drive direction=forward speed=75
2026-06-27 21:24:53.363  INFO     steer angle=-30
2026-06-27 21:24:53.368  INFO     drive direction=forward speed=75
2026-06-27 21:24:53.371  INFO     steer angle=-30
2026-06-27 21:24:53.373  INFO     drive direction=forward speed=75
2026-06-27 21:24:53.468  INFO     steer angle=-30
2026-06-27 21:24:53.471  INFO     drive direction=forward speed=75
2026-06-27 21:24:53.473  INFO     steer angle=-30
2026-06-27 21:24:53.474  INFO     drive direction=forward speed=75
2026-06-27 21:24:53.563  INFO     steer angle=-30
2026-06-27 21:24:53.565  INFO     drive direction=forward speed=75
2026-06-27 21:24:53.571  INFO     steer angle=-30
2026-06-27 21:24:53.573  INFO     drive direction=forward speed=75
2026-06-27 21:24:53.664  INFO     steer angle=-30
2026-06-27 21:24:53.667  INFO     drive direction=forward speed=75
2026-06-27 21:24:53.673  INFO     steer angle=-30
2026-06-27 21:24:53.683  INFO     drive direction=forward speed=75
2026-06-27 21:24:53.760  INFO     steer angle=-30
2026-06-27 21:24:53.762  INFO     drive direction=forward speed=75
2026-06-27 21:24:53.772  INFO     steer angle=-30
2026-06-27 21:24:53.773  INFO     drive direction=forward speed=75
2026-06-27 21:24:53.860  INFO     steer angle=-30
2026-06-27 21:24:53.861  INFO     drive direction=forward speed=75
2026-06-27 21:24:53.869  INFO     steer angle=-30
2026-06-27 21:24:53.870  INFO     drive direction=forward speed=75
2026-06-27 21:24:53.963  INFO     steer angle=-30
2026-06-27 21:24:53.965  INFO     drive direction=forward speed=75
2026-06-27 21:24:53.972  INFO     steer angle=-30
2026-06-27 21:24:53.973  INFO     drive direction=forward speed=75
2026-06-27 21:24:54.068  INFO     steer angle=-30
2026-06-27 21:24:54.070  INFO     drive direction=forward speed=75
2026-06-27 21:24:54.074  INFO     steer angle=-30
2026-06-27 21:24:54.076  INFO     drive direction=forward speed=75
2026-06-27 21:24:54.112  DEBUG    heartbeat from 192.168.1.151
2026-06-27 21:24:54.160  INFO     steer angle=-30
2026-06-27 21:24:54.162  INFO     drive direction=forward speed=75
2026-06-27 21:24:54.167  INFO     steer angle=-30
2026-06-27 21:24:54.169  INFO     drive direction=forward speed=75
2026-06-27 21:24:54.260  INFO     steer angle=-30
2026-06-27 21:24:54.262  INFO     drive direction=forward speed=75
2026-06-27 21:24:54.269  INFO     steer angle=-30
2026-06-27 21:24:54.271  INFO     drive direction=forward speed=75
2026-06-27 21:24:54.360  INFO     steer angle=-30
2026-06-27 21:24:54.362  INFO     drive direction=forward speed=75
2026-06-27 21:24:54.382  INFO     steer angle=-30
2026-06-27 21:24:54.384  INFO     drive direction=forward speed=75
2026-06-27 21:24:54.461  INFO     steer angle=-30
2026-06-27 21:24:54.463  INFO     drive direction=forward speed=75
2026-06-27 21:24:54.467  INFO     steer angle=-30
2026-06-27 21:24:54.472  INFO     drive direction=forward speed=75
2026-06-27 21:24:54.563  INFO     steer angle=-30
2026-06-27 21:24:54.565  INFO     drive direction=forward speed=75
2026-06-27 21:24:54.568  INFO     steer angle=-30
2026-06-27 21:24:54.570  INFO     drive direction=forward speed=75
2026-06-27 21:24:54.663  INFO     steer angle=-30
2026-06-27 21:24:54.665  INFO     drive direction=forward speed=75
2026-06-27 21:24:54.667  INFO     steer angle=-30
2026-06-27 21:24:54.669  INFO     drive direction=forward speed=75
2026-06-27 21:24:54.764  INFO     steer angle=-30
2026-06-27 21:24:54.765  INFO     drive direction=forward speed=75
2026-06-27 21:24:54.768  INFO     steer angle=-30
2026-06-27 21:24:54.770  INFO     drive direction=forward speed=75
2026-06-27 21:24:54.860  INFO     steer angle=-30
2026-06-27 21:24:54.862  INFO     drive direction=forward speed=75
2026-06-27 21:24:54.867  INFO     steer angle=-30
2026-06-27 21:24:54.869  INFO     drive direction=forward speed=75
2026-06-27 21:24:54.932  INFO     steer angle=-30
2026-06-27 21:24:54.933  INFO     drive direction=stop speed=0
2026-06-27 21:24:54.964  INFO     steer angle=-30
2026-06-27 21:24:54.971  INFO     drive direction=stop speed=0
2026-06-27 21:24:55.023  INFO     steer angle=0
2026-06-27 21:24:55.028  INFO     drive direction=stop speed=0
2026-06-27 21:24:55.111  DEBUG    heartbeat from 192.168.1.151
2026-06-27 21:24:55.448  INFO     steer angle=30
2026-06-27 21:24:55.451  INFO     drive direction=stop speed=0
2026-06-27 21:24:55.493  INFO     steer angle=30
2026-06-27 21:24:55.495  INFO     drive direction=backward speed=75
2026-06-27 21:24:55.552  INFO     steer angle=30
2026-06-27 21:24:55.554  INFO     drive direction=backward speed=75
2026-06-27 21:24:55.594  INFO     steer angle=30
2026-06-27 21:24:55.596  INFO     drive direction=backward speed=75
2026-06-27 21:24:55.650  INFO     steer angle=30
2026-06-27 21:24:55.652  INFO     drive direction=backward speed=75
2026-06-27 21:24:55.694  INFO     steer angle=30
2026-06-27 21:24:55.696  INFO     drive direction=backward speed=75
2026-06-27 21:24:55.749  INFO     steer angle=30
2026-06-27 21:24:55.751  INFO     drive direction=backward speed=75
2026-06-27 21:24:55.793  INFO     steer angle=30
2026-06-27 21:24:55.794  INFO     drive direction=backward speed=75
2026-06-27 21:24:55.846  INFO     steer angle=30
2026-06-27 21:24:55.848  INFO     drive direction=backward speed=75
2026-06-27 21:24:55.895  INFO     steer angle=30
2026-06-27 21:24:55.896  INFO     drive direction=backward speed=75
2026-06-27 21:24:55.947  INFO     steer angle=30
2026-06-27 21:24:55.950  INFO     drive direction=backward speed=75
2026-06-27 21:24:55.993  INFO     steer angle=30
2026-06-27 21:24:55.995  INFO     drive direction=backward speed=75
2026-06-27 21:24:56.053  INFO     steer angle=30
2026-06-27 21:24:56.055  INFO     drive direction=backward speed=75
2026-06-27 21:24:56.096  INFO     steer angle=30
2026-06-27 21:24:56.098  INFO     drive direction=backward speed=75
2026-06-27 21:24:56.110  DEBUG    heartbeat from 192.168.1.151
2026-06-27 21:24:56.151  INFO     steer angle=30
2026-06-27 21:24:56.155  INFO     drive direction=backward speed=75
2026-06-27 21:24:56.189  INFO     steer angle=30
2026-06-27 21:24:56.191  INFO     drive direction=stop speed=0
2026-06-27 21:24:56.215  INFO     steer angle=0
2026-06-27 21:24:56.218  INFO     drive direction=stop speed=0
2026-06-27 21:24:57.112  DEBUG    heartbeat from 192.168.1.151
2026-06-27 21:24:57.279  INFO     steer angle=30
2026-06-27 21:24:57.281  INFO     drive direction=stop speed=0
2026-06-27 21:24:57.379  INFO     steer angle=30
2026-06-27 21:24:57.382  INFO     drive direction=stop speed=0
2026-06-27 21:24:57.404  INFO     steer angle=0
2026-06-27 21:24:57.405  INFO     drive direction=stop speed=0
2026-06-27 21:24:57.432  INFO     steer angle=0
2026-06-27 21:24:57.434  INFO     drive direction=forward speed=75
2026-06-27 21:24:57.532  INFO     steer angle=0
2026-06-27 21:24:57.534  INFO     drive direction=forward speed=75
2026-06-27 21:24:57.633  INFO     steer angle=0
2026-06-27 21:24:57.634  INFO     drive direction=forward speed=75
2026-06-27 21:24:57.643  INFO     steer angle=0
2026-06-27 21:24:57.645  INFO     drive direction=stop speed=0
2026-06-27 21:24:58.004  INFO     steer angle=0
2026-06-27 21:24:58.006  INFO     drive direction=forward speed=75
2026-06-27 21:24:58.104  INFO     steer angle=0
2026-06-27 21:24:58.106  INFO     drive direction=forward speed=75
2026-06-27 21:24:58.117  DEBUG    heartbeat from 192.168.1.151
2026-06-27 21:24:58.204  INFO     steer angle=0
2026-06-27 21:24:58.206  INFO     drive direction=forward speed=75
2026-06-27 21:24:58.306  INFO     steer angle=0
2026-06-27 21:24:58.308  INFO     drive direction=forward speed=75
2026-06-27 21:24:58.404  INFO     steer angle=0
2026-06-27 21:24:58.406  INFO     drive direction=forward speed=75
2026-06-27 21:24:58.504  INFO     steer angle=0
2026-06-27 21:24:58.506  INFO     drive direction=forward speed=75
2026-06-27 21:24:58.620  INFO     steer angle=0
2026-06-27 21:24:58.622  INFO     drive direction=forward speed=75
2026-06-27 21:24:58.705  INFO     steer angle=0
2026-06-27 21:24:58.707  INFO     drive direction=forward speed=75
2026-06-27 21:24:58.805  INFO     steer angle=0
2026-06-27 21:24:58.807  INFO     drive direction=forward speed=75
2026-06-27 21:24:58.907  INFO     steer angle=0
2026-06-27 21:24:58.910  INFO     drive direction=forward speed=75
2026-06-27 21:24:59.008  INFO     steer angle=0
2026-06-27 21:24:59.010  INFO     drive direction=forward speed=75
2026-06-27 21:24:59.108  INFO     steer angle=0
2026-06-27 21:24:59.110  INFO     drive direction=forward speed=75
2026-06-27 21:24:59.114  DEBUG    heartbeat from 192.168.1.151
2026-06-27 21:24:59.192  INFO     steer angle=0
2026-06-27 21:24:59.194  INFO     drive direction=stop speed=0
2026-06-27 21:24:59.324  INFO     steer angle=0
2026-06-27 21:24:59.346  INFO     drive direction=backward speed=75
2026-06-27 21:24:59.405  INFO     steer angle=0
2026-06-27 21:24:59.406  INFO     drive direction=backward speed=75
2026-06-27 21:24:59.508  INFO     steer angle=0
2026-06-27 21:24:59.510  INFO     drive direction=backward speed=75
2026-06-27 21:24:59.606  INFO     steer angle=0
2026-06-27 21:24:59.609  INFO     drive direction=backward speed=75
2026-06-27 21:24:59.708  INFO     steer angle=0
2026-06-27 21:24:59.710  INFO     drive direction=backward speed=75
2026-06-27 21:24:59.806  INFO     steer angle=0
2026-06-27 21:24:59.808  INFO     drive direction=backward speed=75
2026-06-27 21:24:59.913  INFO     steer angle=0
2026-06-27 21:24:59.916  INFO     drive direction=backward speed=75
2026-06-27 21:25:00.013  INFO     steer angle=0
2026-06-27 21:25:00.015  INFO     drive direction=backward speed=75
2026-06-27 21:25:00.053  INFO     steer angle=0
2026-06-27 21:25:00.055  INFO     drive direction=stop speed=0
2026-06-27 21:25:00.114  DEBUG    heartbeat from 192.168.1.151
2026-06-27 21:25:00.160  INFO     steer angle=0
2026-06-27 21:25:00.162  INFO     drive direction=forward speed=75
2026-06-27 21:25:00.261  INFO     steer angle=0
2026-06-27 21:25:00.264  INFO     drive direction=forward speed=75
2026-06-27 21:25:00.360  INFO     steer angle=0
2026-06-27 21:25:00.362  INFO     drive direction=forward speed=75
2026-06-27 21:25:00.462  INFO     steer angle=0
2026-06-27 21:25:00.464  INFO     drive direction=forward speed=75
2026-06-27 21:25:00.560  INFO     steer angle=0
2026-06-27 21:25:00.562  INFO     drive direction=forward speed=75
2026-06-27 21:25:00.661  INFO     steer angle=0
2026-06-27 21:25:00.663  INFO     drive direction=forward speed=75
2026-06-27 21:25:00.764  INFO     steer angle=0
2026-06-27 21:25:00.766  INFO     drive direction=forward speed=75
2026-06-27 21:25:00.862  INFO     steer angle=0
2026-06-27 21:25:00.863  INFO     drive direction=forward speed=75
2026-06-27 21:25:00.960  INFO     steer angle=0
2026-06-27 21:25:00.962  INFO     drive direction=forward speed=75
2026-06-27 21:25:01.063  INFO     steer angle=0
2026-06-27 21:25:01.065  INFO     drive direction=forward speed=75
2026-06-27 21:25:01.117  DEBUG    heartbeat from 192.168.1.151
2026-06-27 21:25:01.160  INFO     steer angle=0
2026-06-27 21:25:01.161  INFO     drive direction=forward speed=75
2026-06-27 21:25:01.265  INFO     steer angle=0
2026-06-27 21:25:01.268  INFO     drive direction=forward speed=75
2026-06-27 21:25:01.362  INFO     steer angle=0
2026-06-27 21:25:01.363  INFO     drive direction=forward speed=75
2026-06-27 21:25:01.463  INFO     steer angle=0
2026-06-27 21:25:01.465  INFO     drive direction=forward speed=75
2026-06-27 21:25:01.483  INFO     steer angle=0
2026-06-27 21:25:01.485  INFO     drive direction=stop speed=0
2026-06-27 21:25:01.960  INFO     steer angle=0
2026-06-27 21:25:01.962  INFO     drive direction=forward speed=75
2026-06-27 21:25:02.063  INFO     steer angle=0
2026-06-27 21:25:02.066  INFO     drive direction=forward speed=75
2026-06-27 21:25:02.114  DEBUG    heartbeat from 192.168.1.151
2026-06-27 21:25:02.160  INFO     steer angle=0
2026-06-27 21:25:02.164  INFO     drive direction=forward speed=75
2026-06-27 21:25:02.260  INFO     steer angle=0
2026-06-27 21:25:02.262  INFO     drive direction=forward speed=75
2026-06-27 21:25:02.360  INFO     steer angle=0
2026-06-27 21:25:02.362  INFO     drive direction=forward speed=75
2026-06-27 21:25:02.426  INFO     steer angle=0
2026-06-27 21:25:02.428  INFO     drive direction=stop speed=0
2026-06-27 21:25:03.105  INFO     steer angle=0
2026-06-27 21:25:03.106  INFO     drive direction=backward speed=75
2026-06-27 21:25:03.114  DEBUG    heartbeat from 192.168.1.151
2026-06-27 21:25:03.207  INFO     steer angle=0
2026-06-27 21:25:03.209  INFO     drive direction=backward speed=75
2026-06-27 21:25:03.308  INFO     steer angle=0
2026-06-27 21:25:03.310  INFO     drive direction=backward speed=75
2026-06-27 21:25:03.407  INFO     steer angle=0
2026-06-27 21:25:03.410  INFO     drive direction=backward speed=75
2026-06-27 21:25:03.509  INFO     steer angle=0
2026-06-27 21:25:03.512  INFO     drive direction=backward speed=75
2026-06-27 21:25:03.612  INFO     steer angle=0
2026-06-27 21:25:03.614  INFO     drive direction=backward speed=75
2026-06-27 21:25:03.709  INFO     steer angle=0
2026-06-27 21:25:03.711  INFO     drive direction=backward speed=75
2026-06-27 21:25:03.814  INFO     steer angle=0
2026-06-27 21:25:03.817  INFO     drive direction=backward speed=75
2026-06-27 21:25:03.909  INFO     steer angle=0
2026-06-27 21:25:03.912  INFO     drive direction=backward speed=75
2026-06-27 21:25:04.011  INFO     steer angle=0
2026-06-27 21:25:04.012  INFO     drive direction=backward speed=75
2026-06-27 21:25:04.107  INFO     steer angle=0
2026-06-27 21:25:04.109  INFO     drive direction=backward speed=75
2026-06-27 21:25:04.117  DEBUG    heartbeat from 192.168.1.151
2026-06-27 21:25:04.206  INFO     steer angle=0
2026-06-27 21:25:04.207  INFO     drive direction=backward speed=75
2026-06-27 21:25:04.313  INFO     steer angle=0
2026-06-27 21:25:04.317  INFO     drive direction=backward speed=75
2026-06-27 21:25:04.414  INFO     steer angle=0
2026-06-27 21:25:04.416  INFO     drive direction=backward speed=75
2026-06-27 21:25:04.514  INFO     steer angle=0
2026-06-27 21:25:04.517  INFO     drive direction=backward speed=75
2026-06-27 21:25:04.606  INFO     steer angle=0
2026-06-27 21:25:04.609  INFO     drive direction=backward speed=75
2026-06-27 21:25:04.706  INFO     steer angle=0
2026-06-27 21:25:04.708  INFO     drive direction=backward speed=75
2026-06-27 21:25:04.806  INFO     steer angle=0
2026-06-27 21:25:04.808  INFO     drive direction=backward speed=75
2026-06-27 21:25:04.913  INFO     steer angle=0
2026-06-27 21:25:04.915  INFO     drive direction=backward speed=75
2026-06-27 21:25:04.976  INFO     steer angle=0
2026-06-27 21:25:04.981  INFO     drive direction=stop speed=0
2026-06-27 21:25:05.114  DEBUG    heartbeat from 192.168.1.151
2026-06-27 21:25:06.115  DEBUG    heartbeat from 192.168.1.151
2026-06-27 21:25:07.111  DEBUG    heartbeat from 192.168.1.151
2026-06-27 21:25:08.116  DEBUG    heartbeat from 192.168.1.151
2026-06-27 21:25:09.138  DEBUG    heartbeat from 192.168.1.151
2026-06-27 21:25:09.331  INFO     tag_chase stop
2026-06-27 21:25:10.125  DEBUG    heartbeat from 192.168.1.151
2026-06-27 21:25:11.112  DEBUG    heartbeat from 192.168.1.151
2026-06-27 21:25:11.616  INFO     shutdown command from 192.168.1.151
2026-06-27 21:25:11.617  INFO     Graceful shutdown initiated — stopping hardware
2026-06-27 21:25:11.869  INFO     WebSocket disconnected from 192.168.1.151
2026-06-27 21:25:11.969  INFO     Signal 15 received — releasing hardware
