t_s,frame,tag_detected,state,pan_deg,tilt_deg,eu_px,ev_px,eu_s_px,ev_s_px,err_px,dpan,dtilt,in_deadband,clamped_pan,clamped_tilt,servo_sent,tag_conf,lost_t
0.003,1,1,ibvs_active,-1.47,-0.36,-36.8,8.9,-29.4,7.1,37.8,-1.471,-0.357,0,0,0,1,26.4,
0.074,2,1,ibvs_active,-3.23,-0.79,-36.7,9.1,-35.2,8.7,37.8,-1.761,-0.435,0,0,0,1,27.4,
0.119,3,1,ibvs_active,-5.05,-1.24,-36.6,9.1,-36.3,9.0,37.7,-1.815,-0.452,0,0,0,1,27.6,
0.171,4,1,ibvs_active,-6.67,-1.7,-31.5,9.2,-32.5,9.2,32.8,-1.623,-0.458,0,0,0,1,27.6,
0.218,5,0,tag_lost_countdown,-6.67,-1.7,,,,,,,,,,,,,0.0
0.265,6,1,deadband,-6.67,-1.7,7.5,6.7,-0.5,7.2,10.1,0.0,0.0,1,0,0,0,27.1,
0.311,7,1,ibvs_active,-6.18,-1.77,24.8,1.5,19.8,2.6,24.9,0.492,-0.066,0,0,0,1,27.0,
0.362,8,1,ibvs_active,-5.35,-1.83,24.8,1.5,23.8,1.8,24.9,0.828,-0.061,0,0,0,1,27.6,
0.406,9,1,ibvs_active,-4.45,-1.88,24.8,1.1,24.6,1.3,24.8,0.901,-0.046,0,0,0,1,27.6,
0.453,10,1,ibvs_active,-3.54,-1.92,24.8,1.2,24.7,1.2,24.8,0.914,-0.044,0,0,0,1,27.2,
0.499,11,1,ibvs_active,-2.65,-1.98,24.4,1.6,24.5,1.5,24.5,0.888,-0.055,0,0,0,1,27.3,
0.547,12,1,ibvs_active,-1.97,-2.02,21.5,1.6,22.1,1.6,21.6,0.674,-0.048,0,0,0,1,24.0,
0.594,13,1,deadband,-1.97,-2.02,4.3,1.3,7.9,1.3,4.5,0.0,0.0,1,0,0,0,27.4,
0.642,14,1,deadband,-1.97,-2.02,2.7,1.7,3.7,1.6,3.2,0.0,0.0,1,0,0,0,26.6,
0.685,15,1,deadband,-1.97,-2.02,-8.9,1.4,-6.4,1.5,9.1,0.0,0.0,1,0,0,0,27.1,
0.736,16,1,deadband,-1.97,-2.02,-8.9,1.5,-8.4,1.5,9.0,0.0,0.0,1,0,0,0,27.5,
0.780,17,1,deadband,-1.97,-2.02,-9.0,1.5,-8.9,1.5,9.1,0.0,0.0,1,0,0,0,26.3,
0.826,18,1,deadband,-1.97,-2.02,-9.0,1.5,-8.9,1.5,9.1,0.0,0.0,1,0,0,0,27.7,
0.873,19,1,deadband,-1.97,-2.02,-8.9,1.4,-8.9,1.4,9.0,0.0,0.0,1,0,0,0,27.8,
0.921,20,1,deadband,-1.97,-2.02,-9.0,1.5,-9.0,1.5,9.1,0.0,0.0,1,0,0,0,28.2,
0.966,21,1,deadband,-1.97,-2.02,-8.9,1.5,-8.9,1.5,9.0,0.0,0.0,1,0,0,0,27.9,
1.017,22,1,deadband,-1.97,-2.02,-8.9,1.5,-8.9,1.5,9.0,0.0,0.0,1,0,0,0,27.4,
1.062,23,1,deadband,-1.97,-2.02,-9.0,1.5,-8.9,1.5,9.1,0.0,0.0,1,0,0,0,28.2,
1.111,24,1,deadband,-1.97,-2.02,-8.9,1.4,-8.9,1.4,9.0,0.0,0.0,1,0,0,0,27.6,
1.156,25,1,deadband,-1.97,-2.02,-8.9,1.4,-8.9,1.4,9.0,0.0,0.0,1,0,0,0,26.7,
1.205,26,1,deadband,-1.97,-2.02,-8.9,1.4,-8.9,1.4,9.0,0.0,0.0,1,0,0,0,27.1,
1.250,27,1,deadband,-1.97,-2.02,-9.0,1.4,-9.0,1.4,9.1,0.0,0.0,1,0,0,0,27.3,
1.304,28,1,deadband,-1.97,-2.02,-9.0,1.5,-9.0,1.5,9.1,0.0,0.0,1,0,0,0,27.6,
1.347,29,1,deadband,-1.97,-2.02,-8.9,1.4,-8.9,1.4,9.0,0.0,0.0,1,0,0,0,26.9,
1.396,30,1,deadband,-1.97,-2.02,-8.9,1.4,-8.9,1.4,9.0,0.0,0.0,1,0,0,0,26.9,
1.443,31,1,deadband,-1.97,-2.02,-8.9,1.4,-8.9,1.4,9.0,0.0,0.0,1,0,0,0,28.2,
1.492,32,1,deadband,-1.97,-2.02,-8.9,1.5,-8.9,1.5,9.0,0.0,0.0,1,0,0,0,27.5,
1.537,33,1,deadband,-1.97,-2.02,-8.9,1.4,-8.9,1.4,9.0,0.0,0.0,1,0,0,0,26.9,
1.588,34,1,deadband,-1.97,-2.02,-8.9,1.4,-8.9,1.4,9.0,0.0,0.0,1,0,0,0,28.1,
1.630,35,1,deadband,-1.97,-2.02,-9.0,1.4,-8.9,1.4,9.1,0.0,0.0,1,0,0,0,26.0,
1.683,36,1,deadband,-1.97,-2.02,-9.3,2.5,-9.2,2.3,9.6,0.0,0.0,1,0,0,0,26.1,
1.727,37,1,deadband,-1.97,-2.02,-9.7,11.9,-9.6,10.0,15.4,0.0,0.0,1,0,0,0,27.1,
1.774,38,1,deadband,-1.97,-2.02,-8.4,-2.1,-8.6,0.4,8.6,0.0,0.0,1,0,0,0,25.5,
1.819,39,0,tag_lost_countdown,-1.97,-2.02,,,,,,,,,,,,,0.0
1.871,40,1,ibvs_active,-2.43,-1.69,-18.7,-15.7,-16.7,-12.5,24.4,-0.454,0.338,0,0,0,1,24.3,
1.916,41,1,ibvs_active,-2.78,-1.19,-11.2,-18.7,-12.3,-17.5,21.8,-0.349,0.496,0,0,0,1,26.5,
1.968,42,1,ibvs_active,-3.03,-0.76,-9.6,-17.1,-10.1,-17.2,19.6,-0.252,0.426,0,0,0,1,26.6,
2.015,43,1,ibvs_active,-3.27,-0.42,-10.9,-15.1,-10.8,-15.5,18.6,-0.239,0.344,0,0,0,1,26.9,
2.068,44,1,ibvs_active,-3.43,-0.25,-11.2,-10.5,-11.1,-11.5,15.4,-0.167,0.173,0,0,0,1,27.4,
2.113,45,1,ibvs_active,-3.57,-0.13,-11.6,-9.0,-11.5,-9.5,14.7,-0.141,0.117,0,0,0,1,26.8,
2.165,46,1,ibvs_active,-3.69,-0.03,-10.8,-9.1,-10.9,-9.2,14.1,-0.117,0.098,0,0,0,1,27.1,
2.209,47,1,ibvs_active,-3.71,-0.02,-10.1,-1.6,-10.3,-3.1,10.2,-0.019,0.006,0,0,0,1,26.8,
2.259,48,1,ibvs_active,-3.72,-0.02,-10.2,-1.2,-10.2,-1.5,10.2,-0.007,0.001,0,0,0,1,27.5,
2.305,49,1,ibvs_active,-3.72,-0.02,-10.1,-1.2,-10.1,-1.3,10.1,-0.004,0.001,0,0,0,1,27.2,
2.359,50,1,deadband,-3.72,-0.02,-10.0,-1.3,-10.0,-1.3,10.1,0.0,0.0,1,0,0,0,27.5,
2.405,51,1,ibvs_active,-3.72,-0.02,-10.0,-1.3,-10.0,-1.3,10.1,-0.003,0.0,0,0,0,1,28.5,
2.455,52,1,deadband,-3.72,-0.02,-10.0,-1.4,-10.0,-1.4,10.1,0.0,0.0,1,0,0,0,27.1,
2.499,53,1,deadband,-3.72,-0.02,-9.9,-1.3,-10.0,-1.4,10.0,0.0,0.0,1,0,0,0,27.7,
2.549,54,1,deadband,-3.72,-0.02,-10.0,-1.3,-10.0,-1.3,10.0,0.0,0.0,1,0,0,0,27.6,
2.596,55,1,deadband,-3.72,-0.02,-9.9,-1.3,-9.9,-1.3,10.0,0.0,0.0,1,0,0,0,27.2,
2.649,56,1,ibvs_active,-3.82,-0.09,-11.4,10.1,-11.1,7.8,15.2,-0.1,-0.07,0,0,0,1,26.3,
2.693,57,0,tag_lost_countdown,-3.82,-0.09,,,,,,,,,,,,,0.0
2.743,58,0,tag_lost_countdown,-3.82,-0.09,,,,,,,,,,,,,0.05
2.789,59,1,ibvs_active,-5.01,-0.05,-31.4,-3.1,-27.4,-0.9,31.6,-1.189,0.04,0,0,0,1,26.7,
2.839,60,1,ibvs_active,-6.5,0.18,-30.4,-5.5,-29.8,-4.6,30.9,-1.491,0.228,0,0,0,1,26.6,
2.881,61,0,tag_lost_countdown,-6.5,0.18,,,,,,,,,,,,,0.0
2.932,62,0,tag_lost_countdown,-6.5,0.18,,,,,,,,,,,,,0.04
2.978,63,1,deadband,-6.5,0.18,-0.9,1.0,-6.7,-0.1,1.3,0.0,0.0,1,0,0,0,27.0,
3.026,64,1,deadband,-6.5,0.18,-0.3,-0.1,-1.6,-0.1,0.3,0.0,0.0,1,0,0,0,27.7,
3.071,65,1,deadband,-6.5,0.18,-0.3,0.2,-0.6,0.2,0.4,0.0,0.0,1,0,0,0,27.4,
3.120,66,1,deadband,-6.5,0.18,-0.3,0.1,-0.4,0.2,0.3,0.0,0.0,1,0,0,0,27.6,
3.164,67,1,deadband,-6.5,0.18,-0.4,0.2,-0.4,0.2,0.4,0.0,0.0,1,0,0,0,27.7,
3.212,68,1,deadband,-6.5,0.18,-0.3,0.1,-0.4,0.1,0.4,0.0,0.0,1,0,0,0,27.6,
3.257,69,1,deadband,-6.5,0.18,-0.5,0.2,-0.4,0.2,0.5,0.0,0.0,1,0,0,0,28.1,
3.309,70,1,deadband,-6.5,0.18,-0.4,0.2,-0.4,0.2,0.4,0.0,0.0,1,0,0,0,26.9,
3.352,71,1,deadband,-6.5,0.18,-0.3,0.2,-0.4,0.2,0.4,0.0,0.0,1,0,0,0,27.6,
3.403,72,1,deadband,-6.5,0.18,-0.3,0.3,-0.3,0.3,0.4,0.0,0.0,1,0,0,0,26.8,
3.446,73,1,deadband,-6.5,0.18,-0.3,0.0,-0.3,0.1,0.3,0.0,0.0,1,0,0,0,27.8,
3.494,74,1,deadband,-6.5,0.18,-0.3,0.2,-0.3,0.2,0.4,0.0,0.0,1,0,0,0,26.9,
3.536,75,1,deadband,-6.5,0.18,-0.3,0.2,-0.3,0.2,0.4,0.0,0.0,1,0,0,0,27.5,
3.591,76,1,deadband,-6.5,0.18,-0.2,0.2,-0.2,0.2,0.3,0.0,0.0,1,0,0,0,27.3,
3.637,77,1,deadband,-6.5,0.18,-0.3,0.2,-0.3,0.2,0.4,0.0,0.0,1,0,0,0,27.4,
3.688,78,1,deadband,-6.5,0.18,-0.2,0.2,-0.2,0.2,0.3,0.0,0.0,1,0,0,0,27.2,
3.733,79,1,deadband,-6.5,0.18,-0.3,0.1,-0.3,0.1,0.3,0.0,0.0,1,0,0,0,27.1,
3.784,80,1,deadband,-6.5,0.18,4.9,1.8,3.9,1.4,5.3,0.0,0.0,1,0,0,0,26.9,
3.832,81,1,deadband,-6.5,0.18,10.7,7.5,9.3,6.3,13.1,0.0,0.0,1,0,0,0,25.9,
3.884,82,1,deadband,-6.5,0.18,0.4,7.7,2.2,7.4,7.7,0.0,0.0,1,0,0,0,26.7,
3.927,83,1,deadband,-6.5,0.18,5.1,2.5,4.5,3.5,5.7,0.0,0.0,1,0,0,0,25.1,
3.972,84,0,tag_lost_countdown,-6.5,0.18,,,,,,,,,,,,,0.0
4.014,85,1,deadband,-6.5,0.18,-11.6,4.0,-8.4,3.9,12.3,0.0,0.0,1,0,0,0,27.1,
4.063,86,1,ibvs_active,-6.72,0.13,-17.0,2.9,-15.3,3.1,17.3,-0.214,-0.043,0,0,0,1,25.9,
4.108,87,1,ibvs_active,-8.72,-0.12,-51.0,5.4,-43.9,5.0,51.3,-2.0,-0.248,0,0,0,1,30.0,
4.157,88,1,ibvs_active,-10.72,0.0,-45.1,-4.3,-44.8,-2.4,45.3,-2.0,0.121,0,0,0,1,25.7,
4.199,89,0,tag_lost_countdown,-10.72,0.0,,,,,,,,,,,,,0.0
4.249,90,1,ibvs_active,-12.72,-0.17,-43.6,5.1,-43.9,3.6,43.9,-2.0,-0.179,0,0,0,1,22.7,
4.295,91,1,ibvs_active,-13.87,-0.46,-22.2,7.3,-26.5,6.6,23.3,-1.147,-0.285,0,0,0,1,24.2,
4.348,92,1,ibvs_active,-14.61,-0.68,-21.3,6.5,-22.4,6.5,22.3,-0.743,-0.217,0,0,0,1,21.3,
4.398,93,1,ibvs_active,-14.71,-0.73,-9.1,6.1,-11.7,6.2,11.0,-0.097,-0.051,0,0,0,1,30.4,
4.448,94,1,deadband,-14.71,-0.73,4.7,6.1,1.4,6.1,7.7,0.0,0.0,1,0,0,0,29.3,
4.491,95,1,deadband,-14.71,-0.73,11.2,2.8,9.3,3.5,11.6,0.0,0.0,1,0,0,0,29.4,
4.542,96,1,ibvs_active,-14.67,-0.74,11.2,2.7,10.8,2.9,11.5,0.031,-0.008,0,0,0,1,29.7,
4.588,97,1,ibvs_active,-14.63,-0.75,11.2,2.8,11.1,2.8,11.6,0.041,-0.01,0,0,0,1,29.9,
4.642,98,1,ibvs_active,-14.59,-0.76,11.2,2.7,11.2,2.7,11.5,0.042,-0.01,0,0,0,1,29.5,
4.687,99,1,ibvs_active,-14.55,-0.77,11.2,2.7,11.2,2.7,11.5,0.043,-0.01,0,0,0,1,29.8,
4.739,100,1,ibvs_active,-14.51,-0.78,11.2,2.6,11.2,2.7,11.5,0.043,-0.01,0,0,0,1,28.8,
4.784,101,1,ibvs_active,-14.46,-0.79,11.2,2.7,11.2,2.7,11.5,0.043,-0.01,0,0,0,1,29.6,
4.835,102,1,ibvs_active,-14.42,-0.8,11.3,2.7,11.3,2.7,11.6,0.044,-0.011,0,0,0,1,30.2,
4.880,103,1,ibvs_active,-14.37,-0.81,11.2,2.6,11.2,2.6,11.5,0.043,-0.01,0,0,0,1,29.3,
4.933,104,1,ibvs_active,-14.33,-0.82,11.2,2.7,11.2,2.7,11.5,0.042,-0.01,0,0,0,1,30.1,
4.977,105,1,ibvs_active,-14.29,-0.83,11.3,2.6,11.2,2.6,11.6,0.044,-0.01,0,0,0,1,28.7,
5.030,106,1,ibvs_active,-14.25,-0.84,11.2,2.7,11.2,2.7,11.5,0.043,-0.01,0,0,0,1,29.1,
5.074,107,1,ibvs_active,-14.2,-0.85,11.2,2.6,11.2,2.6,11.5,0.043,-0.01,0,0,0,1,29.6,
5.126,108,1,ibvs_active,-14.16,-0.86,11.2,2.7,11.2,2.7,11.5,0.043,-0.01,0,0,0,1,29.9,
5.174,109,1,ibvs_active,-14.12,-0.87,11.3,2.7,11.3,2.7,11.6,0.044,-0.011,0,0,0,1,28.8,
5.225,110,1,ibvs_active,-14.07,-0.88,11.2,2.7,11.2,2.7,11.6,0.044,-0.011,0,0,0,1,29.4,
5.269,111,1,ibvs_active,-14.03,-0.89,11.3,2.7,11.3,2.7,11.6,0.045,-0.011,0,0,0,1,29.4,
5.326,112,1,ibvs_active,-13.98,-0.9,11.3,2.6,11.3,2.6,11.6,0.046,-0.011,0,0,0,1,30.0,
5.372,113,1,ibvs_active,-13.94,-0.91,11.2,2.7,11.2,2.6,11.5,0.044,-0.01,0,0,0,1,28.9,
5.422,114,1,ibvs_active,-13.89,-0.92,11.3,2.6,11.3,2.6,11.6,0.044,-0.01,0,0,0,1,28.5,
5.468,115,1,ibvs_active,-13.86,-0.92,11.0,0.6,11.1,1.0,11.0,0.031,-0.003,0,0,0,1,29.9,
5.517,116,1,ibvs_active,-13.49,-0.91,19.9,-1.4,18.1,-0.9,20.0,0.37,0.019,0,0,0,1,29.1,
5.561,117,1,ibvs_active,-13.16,-0.89,17.5,-0.7,17.6,-0.8,17.5,0.336,0.015,0,0,0,1,29.7,
5.613,118,1,deadband,-13.16,-0.89,3.5,-10.3,6.3,-8.4,10.9,0.0,0.0,1,0,0,0,26.2,
5.654,119,0,tag_lost_countdown,-13.16,-0.89,,,,,,,,,,,,,0.0
5.709,120,1,ibvs_active,-13.34,-0.6,-13.2,-16.8,-9.3,-15.1,21.4,-0.181,0.293,0,0,0,1,29.6,
5.755,121,1,ibvs_active,-14.06,-0.07,-22.4,-14.4,-19.8,-14.6,26.7,-0.722,0.532,0,0,0,1,29.2,
5.806,122,1,ibvs_active,-14.74,0.29,-20.8,-9.6,-20.6,-10.6,23.0,-0.682,0.351,0,0,0,1,29.3,
5.851,123,1,ibvs_active,-15.38,0.63,-20.0,-10.8,-20.1,-10.8,22.7,-0.644,0.345,0,0,0,1,27.7,
5.898,124,0,tag_lost_countdown,-15.38,0.63,,,,,,,,,,,,,0.0
5.949,125,1,ibvs_active,-15.58,0.65,-14.0,1.1,-15.2,-1.3,14.0,-0.199,0.016,0,0,0,1,29.4,
6.002,126,1,ibvs_active,-15.73,0.64,-13.8,1.4,-14.1,0.8,13.9,-0.145,-0.009,0,0,0,1,29.1,
6.047,127,1,ibvs_active,-15.86,0.63,-13.9,1.1,-13.9,1.1,13.9,-0.137,-0.011,0,0,0,1,29.6,
6.097,128,1,ibvs_active,-16.0,0.61,-13.9,1.3,-13.9,1.3,14.0,-0.138,-0.013,0,0,0,1,29.9,
6.141,129,1,ibvs_active,-16.16,0.55,-13.6,6.1,-13.7,5.1,14.9,-0.158,-0.059,0,0,0,1,29.3,
6.191,130,1,ibvs_active,-16.33,0.48,-13.5,6.4,-13.5,6.2,15.0,-0.165,-0.075,0,0,0,1,28.6,
6.234,131,0,tag_lost_countdown,-16.33,0.48,,,,,,,,,,,,,0.0
6.283,132,1,ibvs_active,-16.39,0.27,-2.6,17.1,-4.8,14.9,17.3,-0.068,-0.213,0,0,0,1,29.5,
6.327,133,1,deadband,-16.39,0.27,-6.9,5.3,-6.5,7.2,8.7,0.0,0.0,1,0,0,0,28.7,
6.382,134,0,tag_lost_countdown,-16.39,0.27,,,,,,,,,,,,,0.0
6.425,135,1,ibvs_active,-17.71,0.08,-33.7,3.1,-28.3,3.9,33.9,-1.313,-0.182,0,0,0,1,28.6,
6.476,136,1,ibvs_active,-19.69,0.13,-42.5,-2.2,-39.6,-1.0,42.5,-1.982,0.048,0,0,0,1,28.6,
6.521,137,1,ibvs_active,-21.68,0.05,-39.9,2.4,-39.8,1.7,39.9,-1.991,-0.086,0,0,0,1,27.6,
6.573,138,1,ibvs_active,-23.19,-0.01,-27.8,0.9,-30.2,1.1,27.8,-1.511,-0.054,0,0,0,1,22.5,
6.618,139,1,ibvs_active,-23.49,-0.05,-13.6,3.0,-16.9,2.6,13.9,-0.3,-0.046,0,0,0,1,27.5,
6.669,140,0,tag_lost_countdown,-23.49,-0.05,,,,,,,,,,,,,0.0
6.716,141,1,ibvs_active,-23.28,-0.08,23.5,1.4,15.4,1.7,23.5,0.212,-0.023,0,0,0,1,27.8,
6.770,142,1,ibvs_active,-21.99,-0.15,31.5,1.5,28.3,1.6,31.5,1.295,-0.072,0,0,0,1,28.6,
6.815,143,1,ibvs_active,-20.44,-0.23,31.5,1.6,30.9,1.6,31.6,1.544,-0.078,0,0,0,1,27.3,
6.864,144,1,ibvs_active,-18.87,-0.3,31.6,1.6,31.5,1.6,31.7,1.575,-0.078,0,0,0,1,28.1,
6.910,145,1,ibvs_active,-17.77,-0.37,25.2,1.6,26.5,1.6,25.3,1.094,-0.067,0,0,0,1,27.6,
6.967,146,1,ibvs_active,-17.63,-0.39,10.9,1.8,14.0,1.8,11.1,0.145,-0.018,0,0,0,1,22.6,
7.010,147,0,tag_lost_countdown,-17.63,-0.39,,,,,,,,,,,,,0.0
7.062,148,1,ibvs_active,-17.76,-0.32,-19.4,-8.4,-12.7,-6.3,21.1,-0.132,0.066,0,0,0,1,27.5,
7.107,149,1,ibvs_active,-18.18,-0.16,-19.4,-7.3,-18.0,-7.1,20.7,-0.422,0.167,0,0,0,1,27.8,
7.158,150,1,ibvs_active,-18.69,0.05,-19.4,-7.9,-19.1,-7.8,20.9,-0.507,0.206,0,0,0,1,29.2,
7.203,151,1,ibvs_active,-19.21,0.26,-19.3,-7.6,-19.3,-7.7,20.8,-0.517,0.206,0,0,0,1,27.4,
7.253,152,1,ibvs_active,-19.67,0.47,-18.1,-8.5,-18.3,-8.3,20.0,-0.462,0.21,0,0,0,1,28.5,
7.298,153,1,ibvs_active,-19.73,0.49,-9.7,-2.7,-11.4,-3.8,10.1,-0.059,0.02,0,0,0,1,27.7,
7.347,154,0,tag_lost_countdown,-19.73,0.49,,,,,,,,,,,,,0.0
7.395,155,1,ibvs_active,-20.54,0.6,-26.6,-3.2,-23.6,-3.3,26.8,-0.812,0.114,0,0,0,1,29.0,
7.444,156,1,ibvs_active,-22.42,0.6,-41.1,0.8,-37.6,-0.0,41.1,-1.881,0.001,0,0,0,1,29.0,
7.491,157,0,tag_lost_countdown,-22.42,0.6,,,,,,,,,,,,,0.0
7.538,158,0,tag_lost_countdown,-22.42,0.6,,,,,,,,,,,,,0.05
7.578,159,0,tag_lost_countdown,-22.42,0.6,,,,,,,,,,,,,0.09
7.625,160,0,tag_lost_countdown,-22.42,0.6,,,,,,,,,,,,,0.13
7.667,161,0,tag_lost_countdown,-22.42,0.6,,,,,,,,,,,,,0.18
7.719,162,0,tag_lost_countdown,-22.42,0.6,,,,,,,,,,,,,0.22
7.762,163,0,tag_lost_countdown,-22.42,0.6,,,,,,,,,,,,,0.27
7.806,164,0,tag_lost_countdown,-22.42,0.6,,,,,,,,,,,,,0.32
7.849,165,0,tag_lost_countdown,-22.42,0.6,,,,,,,,,,,,,0.37
7.897,166,0,tag_lost_countdown,-22.42,0.6,,,,,,,,,,,,,0.41
7.937,167,0,tag_lost_countdown,-22.42,0.6,,,,,,,,,,,,,0.45
7.985,168,0,tag_lost_countdown,-22.42,0.6,,,,,,,,,,,,,0.49
8.028,169,0,tag_lost_countdown,-22.42,0.6,,,,,,,,,,,,,0.54
8.075,170,0,tag_lost_countdown,-22.42,0.6,,,,,,,,,,,,,0.58
8.115,171,0,tag_lost_countdown,-22.42,0.6,,,,,,,,,,,,,0.63
8.159,172,0,tag_lost_countdown,-22.42,0.6,,,,,,,,,,,,,0.67
8.200,173,0,tag_lost_countdown,-22.42,0.6,,,,,,,,,,,,,0.71
8.247,174,0,tag_lost_countdown,-22.42,0.6,,,,,,,,,,,,,0.76
8.290,175,0,tag_lost_countdown,-22.42,0.6,,,,,,,,,,,,,0.8
8.338,176,0,tag_lost_countdown,-22.42,0.6,,,,,,,,,,,,,0.85
8.378,177,0,tag_lost_countdown,-22.42,0.6,,,,,,,,,,,,,0.89
8.427,178,0,tag_lost_countdown,-22.42,0.6,,,,,,,,,,,,,0.93
8.472,179,0,tag_lost_countdown,-22.42,0.6,,,,,,,,,,,,,0.99
8.518,180,0,tag_lost_countdown,-22.42,0.6,,,,,,,,,,,,,1.03
8.559,181,0,tag_lost_countdown,-22.42,0.6,,,,,,,,,,,,,1.07
8.605,182,0,tag_lost_countdown,-22.42,0.6,,,,,,,,,,,,,1.11
8.646,183,0,tag_lost_countdown,-22.42,0.6,,,,,,,,,,,,,1.16
8.692,184,0,tag_lost_countdown,-22.42,0.6,,,,,,,,,,,,,1.2
8.735,185,0,tag_lost_countdown,-22.42,0.6,,,,,,,,,,,,,1.25
8.781,186,0,tag_lost_countdown,-22.42,0.6,,,,,,,,,,,,,1.29
8.821,187,0,tag_lost_countdown,-22.42,0.6,,,,,,,,,,,,,1.34
8.866,188,0,tag_lost_countdown,-22.42,0.6,,,,,,,,,,,,,1.38
8.910,189,0,tag_lost_countdown,-22.42,0.6,,,,,,,,,,,,,1.42
8.958,190,0,tag_lost_countdown,-22.42,0.6,,,,,,,,,,,,,1.47
8.997,191,0,tag_lost_countdown,-22.42,0.6,,,,,,,,,,,,,1.51
9.047,192,0,tag_lost_countdown,-22.42,0.6,,,,,,,,,,,,,1.55
9.089,193,0,tag_lost_countdown,-22.42,0.6,,,,,,,,,,,,,1.6
9.136,194,0,tag_lost_countdown,-22.42,0.6,,,,,,,,,,,,,1.64
9.175,195,0,tag_lost_countdown,-22.42,0.6,,,,,,,,,,,,,1.69
9.222,196,0,tag_lost_countdown,-22.42,0.6,,,,,,,,,,,,,1.73
9.263,197,0,tag_lost_countdown,-22.42,0.6,,,,,,,,,,,,,1.78
9.311,198,0,tag_lost_countdown,-22.42,0.6,,,,,,,,,,,,,1.82
9.353,199,0,tag_lost_countdown,-22.42,0.6,,,,,,,,,,,,,1.87
9.398,200,0,tag_lost_countdown,-22.42,0.6,,,,,,,,,,,,,1.91
9.440,201,0,tag_lost_countdown,-22.42,0.6,,,,,,,,,,,,,1.95
9.488,202,0,tag_lost_countdown,-22.42,0.6,,,,,,,,,,,,,2.0
9.529,203,0,tag_lost_countdown,-22.42,0.6,,,,,,,,,,,,,2.04
9.575,204,0,tag_lost_countdown,-22.42,0.6,,,,,,,,,,,,,2.08
9.615,205,0,tag_lost_countdown,-22.42,0.6,,,,,,,,,,,,,2.13
9.661,206,0,tag_lost_countdown,-22.42,0.6,,,,,,,,,,,,,2.17
9.704,207,0,tag_lost_countdown,-22.42,0.6,,,,,,,,,,,,,2.22
9.750,208,0,tag_lost_countdown,-22.42,0.6,,,,,,,,,,,,,2.26
9.795,209,0,tag_lost_countdown,-22.42,0.6,,,,,,,,,,,,,2.31
9.840,210,0,tag_lost_countdown,-22.42,0.6,,,,,,,,,,,,,2.35
9.880,211,0,tag_lost_countdown,-22.42,0.6,,,,,,,,,,,,,2.4
9.927,212,0,tag_lost_countdown,-22.42,0.6,,,,,,,,,,,,,2.44
9.972,213,0,tag_lost_countdown,-22.42,0.6,,,,,,,,,,,,,2.48
10.018,214,0,tag_lost_countdown,-22.42,0.6,,,,,,,,,,,,,2.53
10.060,215,0,tag_lost_countdown,-22.42,0.6,,,,,,,,,,,,,2.57
10.106,216,0,tag_lost_countdown,-22.42,0.6,,,,,,,,,,,,,2.62
10.148,217,0,tag_lost_countdown,-22.42,0.6,,,,,,,,,,,,,2.66
10.194,218,0,tag_lost_countdown,-22.42,0.6,,,,,,,,,,,,,2.7
10.235,219,0,tag_lost_countdown,-22.42,0.6,,,,,,,,,,,,,2.75
10.280,220,0,tag_lost_countdown,-22.42,0.6,,,,,,,,,,,,,2.79
10.319,221,0,tag_lost_countdown,-22.42,0.6,,,,,,,,,,,,,2.84
10.365,222,0,tag_lost_countdown,-22.42,0.6,,,,,,,,,,,,,2.88
10.405,223,0,tag_lost_countdown,-22.42,0.6,,,,,,,,,,,,,2.92
10.450,224,0,tag_lost_countdown,-22.42,0.6,,,,,,,,,,,,,2.96
10.491,225,0,tag_lost_countdown,-22.42,0.6,,,,,,,,,,,,,3.01
10.535,226,0,tag_lost_countdown,-22.42,0.6,,,,,,,,,,,,,3.05
10.575,227,0,tag_lost_countdown,-22.42,0.6,,,,,,,,,,,,,3.09
10.619,228,0,tag_lost_countdown,-22.42,0.6,,,,,,,,,,,,,3.13
10.661,229,0,tag_lost_countdown,-22.42,0.6,,,,,,,,,,,,,3.18
10.708,230,0,tag_lost_countdown,-22.42,0.6,,,,,,,,,,,,,3.22
10.750,231,0,tag_lost_countdown,-22.42,0.6,,,,,,,,,,,,,3.26
10.795,232,0,tag_lost_countdown,-22.42,0.6,,,,,,,,,,,,,3.31
10.836,233,0,tag_lost_countdown,-22.42,0.6,,,,,,,,,,,,,3.35
10.881,234,0,tag_lost_countdown,-22.42,0.6,,,,,,,,,,,,,3.39
10.923,235,0,tag_lost_countdown,-22.42,0.6,,,,,,,,,,,,,3.44
10.970,236,0,tag_lost_countdown,-22.42,0.6,,,,,,,,,,,,,3.48
11.009,237,0,tag_lost_countdown,-22.42,0.6,,,,,,,,,,,,,3.53
11.057,238,0,tag_lost_countdown,-22.42,0.6,,,,,,,,,,,,,3.57
11.096,239,0,tag_lost_countdown,-22.42,0.6,,,,,,,,,,,,,3.61
11.140,240,0,tag_lost_countdown,-22.42,0.6,,,,,,,,,,,,,3.65
11.186,241,0,tag_lost_countdown,-22.42,0.6,,,,,,,,,,,,,3.7
11.233,242,0,tag_lost_countdown,-22.42,0.6,,,,,,,,,,,,,3.74
11.272,243,0,tag_lost_countdown,-22.42,0.6,,,,,,,,,,,,,3.79
11.318,244,0,tag_lost_countdown,-22.42,0.6,,,,,,,,,,,,,3.83
11.358,245,0,tag_lost_countdown,-22.42,0.6,,,,,,,,,,,,,3.87
11.407,246,0,tag_lost_countdown,-22.42,0.6,,,,,,,,,,,,,3.91
11.448,247,0,tag_lost_countdown,-22.42,0.6,,,,,,,,,,,,,3.96
11.493,248,0,tag_lost_countdown,-22.42,0.6,,,,,,,,,,,,,4.0
11.535,249,0,tag_lost_countdown,-22.42,0.6,,,,,,,,,,,,,4.05
11.582,250,0,tag_lost_countdown,-22.42,0.6,,,,,,,,,,,,,4.09
11.622,251,0,tag_lost_countdown,-22.42,0.6,,,,,,,,,,,,,4.14
11.666,252,0,tag_lost_countdown,-22.42,0.6,,,,,,,,,,,,,4.18
11.705,253,0,tag_lost_countdown,-22.42,0.6,,,,,,,,,,,,,4.22
11.752,254,0,tag_lost_countdown,-22.42,0.6,,,,,,,,,,,,,4.26
11.793,255,0,tag_lost_countdown,-22.42,0.6,,,,,,,,,,,,,4.31
11.839,256,0,tag_lost_countdown,-22.42,0.6,,,,,,,,,,,,,4.35
11.878,257,0,tag_lost_countdown,-22.42,0.6,,,,,,,,,,,,,4.39
11.931,258,0,tag_lost_countdown,-22.42,0.6,,,,,,,,,,,,,4.43
11.972,259,0,tag_lost_countdown,-22.42,0.6,,,,,,,,,,,,,4.49
12.021,260,0,tag_lost_countdown,-22.42,0.6,,,,,,,,,,,,,4.53
12.060,261,0,tag_lost_countdown,-22.42,0.6,,,,,,,,,,,,,4.58
12.107,262,0,tag_lost_countdown,-22.42,0.6,,,,,,,,,,,,,4.62
12.148,263,0,tag_lost_countdown,-22.42,0.6,,,,,,,,,,,,,4.66
12.196,264,0,tag_lost_countdown,-22.42,0.6,,,,,,,,,,,,,4.7
12.236,265,0,tag_lost_countdown,-22.42,0.6,,,,,,,,,,,,,4.75
12.281,266,0,tag_lost_countdown,-22.42,0.6,,,,,,,,,,,,,4.79
12.323,267,0,tag_lost_countdown,-22.42,0.6,,,,,,,,,,,,,4.84
12.369,268,0,tag_lost_countdown,-22.42,0.6,,,,,,,,,,,,,4.88
12.409,269,0,tag_lost_countdown,-22.42,0.6,,,,,,,,,,,,,4.92
12.454,270,0,tag_lost_countdown,-22.42,0.6,,,,,,,,,,,,,4.97
12.495,271,0,chasing,0.0,0.0,,,,,,,,,,,,,
12.543,272,0,tag_lost_countdown,0.0,0.0,,,,,,,,,,,,,0.0
12.586,273,0,tag_lost_countdown,0.0,0.0,,,,,,,,,,,,,0.05
12.631,274,0,tag_lost_countdown,0.0,0.0,,,,,,,,,,,,,0.09
12.670,275,0,tag_lost_countdown,0.0,0.0,,,,,,,,,,,,,0.14
12.719,276,0,tag_lost_countdown,0.0,0.0,,,,,,,,,,,,,0.17
12.760,277,0,tag_lost_countdown,0.0,0.0,,,,,,,,,,,,,0.22
12.810,278,0,tag_lost_countdown,0.0,0.0,,,,,,,,,,,,,0.27
12.851,279,0,tag_lost_countdown,0.0,0.0,,,,,,,,,,,,,0.31
12.900,280,0,tag_lost_countdown,0.0,0.0,,,,,,,,,,,,,0.36
12.942,281,0,tag_lost_countdown,0.0,0.0,,,,,,,,,,,,,0.4
12.989,282,0,tag_lost_countdown,0.0,0.0,,,,,,,,,,,,,0.45
13.032,283,0,tag_lost_countdown,0.0,0.0,,,,,,,,,,,,,0.49
13.077,284,0,tag_lost_countdown,0.0,0.0,,,,,,,,,,,,,0.54
13.120,285,0,tag_lost_countdown,0.0,0.0,,,,,,,,,,,,,0.58
13.166,286,0,tag_lost_countdown,0.0,0.0,,,,,,,,,,,,,0.63
13.207,287,0,tag_lost_countdown,0.0,0.0,,,,,,,,,,,,,0.67
13.258,288,0,tag_lost_countdown,0.0,0.0,,,,,,,,,,,,,0.71
13.301,289,0,tag_lost_countdown,0.0,0.0,,,,,,,,,,,,,0.76
13.347,290,0,tag_lost_countdown,0.0,0.0,,,,,,,,,,,,,0.81
13.390,291,0,tag_lost_countdown,0.0,0.0,,,,,,,,,,,,,0.85
13.439,292,0,tag_lost_countdown,0.0,0.0,,,,,,,,,,,,,0.89
13.479,293,0,tag_lost_countdown,0.0,0.0,,,,,,,,,,,,,0.94
13.526,294,0,tag_lost_countdown,0.0,0.0,,,,,,,,,,,,,0.98
13.569,295,0,tag_lost_countdown,0.0,0.0,,,,,,,,,,,,,1.03
13.615,296,0,tag_lost_countdown,0.0,0.0,,,,,,,,,,,,,1.07
13.654,297,0,tag_lost_countdown,0.0,0.0,,,,,,,,,,,,,1.12
13.703,298,0,tag_lost_countdown,0.0,0.0,,,,,,,,,,,,,1.16
13.741,299,0,tag_lost_countdown,0.0,0.0,,,,,,,,,,,,,1.21
13.788,300,0,tag_lost_countdown,0.0,0.0,,,,,,,,,,,,,1.25
13.828,301,0,tag_lost_countdown,0.0,0.0,,,,,,,,,,,,,1.29
13.875,302,0,tag_lost_countdown,0.0,0.0,,,,,,,,,,,,,1.33
13.918,303,0,tag_lost_countdown,0.0,0.0,,,,,,,,,,,,,1.38
13.963,304,0,tag_lost_countdown,0.0,0.0,,,,,,,,,,,,,1.42
14.007,305,0,tag_lost_countdown,0.0,0.0,,,,,,,,,,,,,1.47
14.057,306,0,tag_lost_countdown,0.0,0.0,,,,,,,,,,,,,1.51
14.100,307,0,tag_lost_countdown,0.0,0.0,,,,,,,,,,,,,1.56
14.145,308,0,tag_lost_countdown,0.0,0.0,,,,,,,,,,,,,1.6
14.183,309,0,tag_lost_countdown,0.0,0.0,,,,,,,,,,,,,1.65
14.230,310,0,tag_lost_countdown,0.0,0.0,,,,,,,,,,,,,1.69
14.271,311,0,tag_lost_countdown,0.0,0.0,,,,,,,,,,,,,1.73
14.319,312,0,tag_lost_countdown,0.0,0.0,,,,,,,,,,,,,1.78
14.361,313,0,tag_lost_countdown,0.0,0.0,,,,,,,,,,,,,1.82
14.407,314,0,tag_lost_countdown,0.0,0.0,,,,,,,,,,,,,1.87
14.449,315,0,tag_lost_countdown,0.0,0.0,,,,,,,,,,,,,1.91
14.497,316,0,tag_lost_countdown,0.0,0.0,,,,,,,,,,,,,1.95
14.539,317,0,tag_lost_countdown,0.0,0.0,,,,,,,,,,,,,2.0
14.584,318,0,tag_lost_countdown,0.0,0.0,,,,,,,,,,,,,2.04
14.627,319,0,tag_lost_countdown,0.0,0.0,,,,,,,,,,,,,2.09
14.670,320,0,tag_lost_countdown,0.0,0.0,,,,,,,,,,,,,2.13
14.713,321,0,tag_lost_countdown,0.0,0.0,,,,,,,,,,,,,2.17
14.761,322,0,tag_lost_countdown,0.0,0.0,,,,,,,,,,,,,2.22
14.802,323,0,tag_lost_countdown,0.0,0.0,,,,,,,,,,,,,2.27
14.845,324,0,tag_lost_countdown,0.0,0.0,,,,,,,,,,,,,2.31
14.890,325,0,tag_lost_countdown,0.0,0.0,,,,,,,,,,,,,2.35
14.938,326,0,tag_lost_countdown,0.0,0.0,,,,,,,,,,,,,2.39
14.978,327,0,tag_lost_countdown,0.0,0.0,,,,,,,,,,,,,2.44
15.024,328,0,tag_lost_countdown,0.0,0.0,,,,,,,,,,,,,2.48
15.066,329,0,tag_lost_countdown,0.0,0.0,,,,,,,,,,,,,2.53
15.114,330,0,tag_lost_countdown,0.0,0.0,,,,,,,,,,,,,2.57
15.158,331,0,tag_lost_countdown,0.0,0.0,,,,,,,,,,,,,2.62
15.205,332,0,tag_lost_countdown,0.0,0.0,,,,,,,,,,,,,2.66
15.248,333,0,tag_lost_countdown,0.0,0.0,,,,,,,,,,,,,2.71
15.297,334,0,tag_lost_countdown,0.0,0.0,,,,,,,,,,,,,2.75
15.343,335,0,tag_lost_countdown,0.0,0.0,,,,,,,,,,,,,2.8
15.389,336,0,tag_lost_countdown,0.0,0.0,,,,,,,,,,,,,2.85
15.435,337,0,tag_lost_countdown,0.0,0.0,,,,,,,,,,,,,2.89
15.483,338,0,tag_lost_countdown,0.0,0.0,,,,,,,,,,,,,2.94
15.526,339,0,tag_lost_countdown,0.0,0.0,,,,,,,,,,,,,2.99
15.574,340,0,tag_lost_countdown,0.0,0.0,,,,,,,,,,,,,3.03
15.616,341,0,tag_lost_countdown,0.0,0.0,,,,,,,,,,,,,3.08
15.663,342,0,tag_lost_countdown,0.0,0.0,,,,,,,,,,,,,3.12
15.707,343,0,tag_lost_countdown,0.0,0.0,,,,,,,,,,,,,3.17
15.758,344,0,tag_lost_countdown,0.0,0.0,,,,,,,,,,,,,3.21
15.801,345,0,tag_lost_countdown,0.0,0.0,,,,,,,,,,,,,3.26
15.848,346,0,tag_lost_countdown,0.0,0.0,,,,,,,,,,,,,3.31
15.892,347,0,tag_lost_countdown,0.0,0.0,,,,,,,,,,,,,3.35
15.938,348,0,tag_lost_countdown,0.0,0.0,,,,,,,,,,,,,3.4
15.982,349,0,tag_lost_countdown,0.0,0.0,,,,,,,,,,,,,3.44
16.032,350,0,tag_lost_countdown,0.0,0.0,,,,,,,,,,,,,3.49
16.074,351,0,tag_lost_countdown,0.0,0.0,,,,,,,,,,,,,3.54
16.123,352,0,tag_lost_countdown,0.0,0.0,,,,,,,,,,,,,3.58
16.169,353,0,tag_lost_countdown,0.0,0.0,,,,,,,,,,,,,3.63
16.219,354,0,tag_lost_countdown,0.0,0.0,,,,,,,,,,,,,3.67
16.263,355,0,tag_lost_countdown,0.0,0.0,,,,,,,,,,,,,3.72
16.314,356,0,tag_lost_countdown,0.0,0.0,,,,,,,,,,,,,3.77
16.358,357,0,tag_lost_countdown,0.0,0.0,,,,,,,,,,,,,3.82
16.406,358,0,tag_lost_countdown,0.0,0.0,,,,,,,,,,,,,3.86
16.450,359,0,tag_lost_countdown,0.0,0.0,,,,,,,,,,,,,3.91
16.498,360,0,tag_lost_countdown,0.0,0.0,,,,,,,,,,,,,3.95
16.541,361,0,tag_lost_countdown,0.0,0.0,,,,,,,,,,,,,4.0
16.589,362,0,tag_lost_countdown,0.0,0.0,,,,,,,,,,,,,4.05
16.630,363,0,tag_lost_countdown,0.0,0.0,,,,,,,,,,,,,4.09
16.679,364,0,tag_lost_countdown,0.0,0.0,,,,,,,,,,,,,4.14
16.721,365,0,tag_lost_countdown,0.0,0.0,,,,,,,,,,,,,4.18
16.767,366,0,tag_lost_countdown,0.0,0.0,,,,,,,,,,,,,4.23
16.812,367,0,tag_lost_countdown,0.0,0.0,,,,,,,,,,,,,4.28
16.863,368,0,tag_lost_countdown,0.0,0.0,,,,,,,,,,,,,4.32
16.903,369,0,tag_lost_countdown,0.0,0.0,,,,,,,,,,,,,4.37
17.466,370,0,tag_lost_countdown,0.0,0.0,,,,,,,,,,,,,4.41
17.509,371,0,tag_lost_countdown,0.0,0.0,,,,,,,,,,,,,4.97
17.560,372,0,chasing,0.0,0.0,,,,,,,,,,,,,
17.602,373,0,tag_lost_countdown,0.0,0.0,,,,,,,,,,,,,0.0
17.659,374,0,tag_lost_countdown,0.0,0.0,,,,,,,,,,,,,0.05
17.705,375,0,tag_lost_countdown,0.0,0.0,,,,,,,,,,,,,0.1
17.753,376,0,tag_lost_countdown,0.0,0.0,,,,,,,,,,,,,0.15
17.797,377,0,tag_lost_countdown,0.0,0.0,,,,,,,,,,,,,0.19
17.845,378,0,tag_lost_countdown,0.0,0.0,,,,,,,,,,,,,0.24
17.889,379,0,tag_lost_countdown,0.0,0.0,,,,,,,,,,,,,0.29
17.937,380,0,tag_lost_countdown,0.0,0.0,,,,,,,,,,,,,0.33
17.982,381,0,tag_lost_countdown,0.0,0.0,,,,,,,,,,,,,0.38
18.036,382,0,tag_lost_countdown,0.0,0.0,,,,,,,,,,,,,0.42
18.079,383,0,tag_lost_countdown,0.0,0.0,,,,,,,,,,,,,0.48
18.127,384,0,tag_lost_countdown,0.0,0.0,,,,,,,,,,,,,0.52
18.170,385,0,tag_lost_countdown,0.0,0.0,,,,,,,,,,,,,0.57
18.219,386,0,tag_lost_countdown,0.0,0.0,,,,,,,,,,,,,0.61
18.266,387,0,tag_lost_countdown,0.0,0.0,,,,,,,,,,,,,0.66
18.313,388,0,tag_lost_countdown,0.0,0.0,,,,,,,,,,,,,0.71
18.357,389,0,tag_lost_countdown,0.0,0.0,,,,,,,,,,,,,0.75
18.405,390,0,tag_lost_countdown,0.0,0.0,,,,,,,,,,,,,0.8
18.448,391,0,tag_lost_countdown,0.0,0.0,,,,,,,,,,,,,0.85
18.502,392,0,tag_lost_countdown,0.0,0.0,,,,,,,,,,,,,0.89
18.544,393,0,tag_lost_countdown,0.0,0.0,,,,,,,,,,,,,0.94
18.591,394,0,tag_lost_countdown,0.0,0.0,,,,,,,,,,,,,0.98
18.636,395,0,tag_lost_countdown,0.0,0.0,,,,,,,,,,,,,1.03
18.686,396,0,tag_lost_countdown,0.0,0.0,,,,,,,,,,,,,1.08
18.730,397,0,tag_lost_countdown,0.0,0.0,,,,,,,,,,,,,1.13
18.780,398,0,tag_lost_countdown,0.0,0.0,,,,,,,,,,,,,1.17
18.828,399,0,tag_lost_countdown,0.0,0.0,,,,,,,,,,,,,1.22
18.878,400,0,tag_lost_countdown,0.0,0.0,,,,,,,,,,,,,1.27
18.920,401,0,tag_lost_countdown,0.0,0.0,,,,,,,,,,,,,1.32
18.965,402,0,tag_lost_countdown,0.0,0.0,,,,,,,,,,,,,1.36
19.010,403,0,tag_lost_countdown,0.0,0.0,,,,,,,,,,,,,1.41
19.057,404,0,tag_lost_countdown,0.0,0.0,,,,,,,,,,,,,1.45
19.101,405,0,tag_lost_countdown,0.0,0.0,,,,,,,,,,,,,1.5
19.148,406,0,tag_lost_countdown,0.0,0.0,,,,,,,,,,,,,1.54
19.188,407,0,tag_lost_countdown,0.0,0.0,,,,,,,,,,,,,1.59
19.235,408,0,tag_lost_countdown,0.0,0.0,,,,,,,,,,,,,1.63
19.279,409,0,tag_lost_countdown,0.0,0.0,,,,,,,,,,,,,1.68
19.328,410,0,tag_lost_countdown,0.0,0.0,,,,,,,,,,,,,1.72
19.373,411,0,tag_lost_countdown,0.0,0.0,,,,,,,,,,,,,1.77
19.421,412,0,tag_lost_countdown,0.0,0.0,,,,,,,,,,,,,1.81
19.463,413,0,tag_lost_countdown,0.0,0.0,,,,,,,,,,,,,1.86
19.512,414,0,tag_lost_countdown,0.0,0.0,,,,,,,,,,,,,1.9
19.558,415,0,tag_lost_countdown,0.0,0.0,,,,,,,,,,,,,1.95
19.608,416,0,tag_lost_countdown,0.0,0.0,,,,,,,,,,,,,2.0
19.652,417,0,tag_lost_countdown,0.0,0.0,,,,,,,,,,,,,2.05
19.703,418,0,tag_lost_countdown,0.0,0.0,,,,,,,,,,,,,2.09
19.753,419,0,tag_lost_countdown,0.0,0.0,,,,,,,,,,,,,2.15
19.800,420,0,tag_lost_countdown,0.0,0.0,,,,,,,,,,,,,2.19
19.844,421,0,tag_lost_countdown,0.0,0.0,,,,,,,,,,,,,2.24
19.889,422,0,tag_lost_countdown,0.0,0.0,,,,,,,,,,,,,2.28
19.931,423,0,tag_lost_countdown,0.0,0.0,,,,,,,,,,,,,2.33
19.978,424,0,tag_lost_countdown,0.0,0.0,,,,,,,,,,,,,2.37
20.017,425,0,tag_lost_countdown,0.0,0.0,,,,,,,,,,,,,2.42
20.071,426,0,tag_lost_countdown,0.0,0.0,,,,,,,,,,,,,2.46
20.129,427,0,tag_lost_countdown,0.0,0.0,,,,,,,,,,,,,2.51
20.186,428,0,tag_lost_countdown,0.0,0.0,,,,,,,,,,,,,2.58
20.231,429,0,tag_lost_countdown,0.0,0.0,,,,,,,,,,,,,2.63
20.283,430,0,tag_lost_countdown,0.0,0.0,,,,,,,,,,,,,2.67
20.328,431,0,tag_lost_countdown,0.0,0.0,,,,,,,,,,,,,2.72
20.374,432,0,tag_lost_countdown,0.0,0.0,,,,,,,,,,,,,2.77
20.419,433,0,tag_lost_countdown,0.0,0.0,,,,,,,,,,,,,2.81
20.464,434,0,tag_lost_countdown,0.0,0.0,,,,,,,,,,,,,2.86
20.504,435,0,tag_lost_countdown,0.0,0.0,,,,,,,,,,,,,2.91
20.553,436,0,tag_lost_countdown,0.0,0.0,,,,,,,,,,,,,2.94
20.594,437,0,tag_lost_countdown,0.0,0.0,,,,,,,,,,,,,2.99
20.637,438,0,tag_lost_countdown,0.0,0.0,,,,,,,,,,,,,3.03
20.682,439,0,tag_lost_countdown,0.0,0.0,,,,,,,,,,,,,3.08
20.728,440,0,tag_lost_countdown,0.0,0.0,,,,,,,,,,,,,3.12
20.769,441,0,tag_lost_countdown,0.0,0.0,,,,,,,,,,,,,3.17
20.814,442,0,tag_lost_countdown,0.0,0.0,,,,,,,,,,,,,3.21
20.852,443,0,tag_lost_countdown,0.0,0.0,,,,,,,,,,,,,3.25
20.897,444,0,tag_lost_countdown,0.0,0.0,,,,,,,,,,,,,3.29
20.940,445,0,tag_lost_countdown,0.0,0.0,,,,,,,,,,,,,3.34
20.988,446,0,tag_lost_countdown,0.0,0.0,,,,,,,,,,,,,3.38
21.030,447,0,tag_lost_countdown,0.0,0.0,,,,,,,,,,,,,3.43
21.078,448,0,tag_lost_countdown,0.0,0.0,,,,,,,,,,,,,3.47
21.121,449,0,tag_lost_countdown,0.0,0.0,,,,,,,,,,,,,3.52
21.167,450,0,tag_lost_countdown,0.0,0.0,,,,,,,,,,,,,3.56
21.208,451,0,tag_lost_countdown,0.0,0.0,,,,,,,,,,,,,3.61
21.262,452,0,tag_lost_countdown,0.0,0.0,,,,,,,,,,,,,3.65
21.305,453,0,tag_lost_countdown,0.0,0.0,,,,,,,,,,,,,3.7
21.353,454,0,tag_lost_countdown,0.0,0.0,,,,,,,,,,,,,3.74
21.395,455,0,tag_lost_countdown,0.0,0.0,,,,,,,,,,,,,3.79
21.452,456,0,tag_lost_countdown,0.0,0.0,,,,,,,,,,,,,3.84
21.494,457,0,tag_lost_countdown,0.0,0.0,,,,,,,,,,,,,3.89
21.541,458,0,tag_lost_countdown,0.0,0.0,,,,,,,,,,,,,3.93
21.587,459,0,tag_lost_countdown,0.0,0.0,,,,,,,,,,,,,3.98
21.633,460,0,tag_lost_countdown,0.0,0.0,,,,,,,,,,,,,4.03
21.674,461,0,tag_lost_countdown,0.0,0.0,,,,,,,,,,,,,4.07
21.722,462,0,tag_lost_countdown,0.0,0.0,,,,,,,,,,,,,4.11
21.765,463,0,tag_lost_countdown,0.0,0.0,,,,,,,,,,,,,4.16
21.809,464,0,tag_lost_countdown,0.0,0.0,,,,,,,,,,,,,4.2
21.852,465,0,tag_lost_countdown,0.0,0.0,,,,,,,,,,,,,4.25
21.901,466,0,tag_lost_countdown,0.0,0.0,,,,,,,,,,,,,4.29
21.941,467,0,tag_lost_countdown,0.0,0.0,,,,,,,,,,,,,4.34
21.989,468,0,tag_lost_countdown,0.0,0.0,,,,,,,,,,,,,4.38
22.031,469,0,tag_lost_countdown,0.0,0.0,,,,,,,,,,,,,4.43
22.081,470,0,tag_lost_countdown,0.0,0.0,,,,,,,,,,,,,4.47
22.133,471,0,tag_lost_countdown,0.0,0.0,,,,,,,,,,,,,4.53
22.178,472,0,tag_lost_countdown,0.0,0.0,,,,,,,,,,,,,4.57
22.221,473,0,tag_lost_countdown,0.0,0.0,,,,,,,,,,,,,4.62
22.270,474,0,tag_lost_countdown,0.0,0.0,,,,,,,,,,,,,4.66
22.313,475,0,tag_lost_countdown,0.0,0.0,,,,,,,,,,,,,4.71
22.360,476,0,tag_lost_countdown,0.0,0.0,,,,,,,,,,,,,4.75
22.400,477,0,tag_lost_countdown,0.0,0.0,,,,,,,,,,,,,4.8
22.450,478,0,tag_lost_countdown,0.0,0.0,,,,,,,,,,,,,4.84
22.493,479,0,tag_lost_countdown,0.0,0.0,,,,,,,,,,,,,4.89
22.540,480,0,tag_lost_countdown,0.0,0.0,,,,,,,,,,,,,4.93
22.581,481,0,tag_lost_countdown,0.0,0.0,,,,,,,,,,,,,4.98
22.632,482,0,chasing,0.0,0.0,,,,,,,,,,,,,
22.675,483,0,tag_lost_countdown,0.0,0.0,,,,,,,,,,,,,0.0
22.722,484,0,tag_lost_countdown,0.0,0.0,,,,,,,,,,,,,0.04
22.765,485,0,tag_lost_countdown,0.0,0.0,,,,,,,,,,,,,0.09
22.816,486,0,tag_lost_countdown,0.0,0.0,,,,,,,,,,,,,0.13
22.855,487,0,tag_lost_countdown,0.0,0.0,,,,,,,,,,,,,0.18
22.902,488,0,tag_lost_countdown,0.0,0.0,,,,,,,,,,,,,0.22
22.941,489,0,tag_lost_countdown,0.0,0.0,,,,,,,,,,,,,0.27
22.992,490,0,tag_lost_countdown,0.0,0.0,,,,,,,,,,,,,0.31
23.036,491,0,tag_lost_countdown,0.0,0.0,,,,,,,,,,,,,0.36
23.080,492,0,tag_lost_countdown,0.0,0.0,,,,,,,,,,,,,0.4
23.121,493,0,tag_lost_countdown,0.0,0.0,,,,,,,,,,,,,0.45
23.181,494,0,tag_lost_countdown,0.0,0.0,,,,,,,,,,,,,0.49
23.223,495,0,tag_lost_countdown,0.0,0.0,,,,,,,,,,,,,0.55
23.272,496,0,tag_lost_countdown,0.0,0.0,,,,,,,,,,,,,0.59
23.316,497,0,tag_lost_countdown,0.0,0.0,,,,,,,,,,,,,0.64
23.367,498,0,tag_lost_countdown,0.0,0.0,,,,,,,,,,,,,0.68
23.412,499,0,tag_lost_countdown,0.0,0.0,,,,,,,,,,,,,0.74
23.461,500,0,tag_lost_countdown,0.0,0.0,,,,,,,,,,,,,0.78
23.500,501,0,tag_lost_countdown,0.0,0.0,,,,,,,,,,,,,0.83
23.549,502,0,tag_lost_countdown,0.0,0.0,,,,,,,,,,,,,0.87
23.591,503,0,tag_lost_countdown,0.0,0.0,,,,,,,,,,,,,0.92
23.636,504,0,tag_lost_countdown,0.0,0.0,,,,,,,,,,,,,0.96
23.678,505,0,tag_lost_countdown,0.0,0.0,,,,,,,,,,,,,1.0
23.727,506,0,tag_lost_countdown,0.0,0.0,,,,,,,,,,,,,1.05
23.771,507,0,tag_lost_countdown,0.0,0.0,,,,,,,,,,,,,1.09
23.831,508,0,tag_lost_countdown,0.0,0.0,,,,,,,,,,,,,1.14
23.875,509,0,tag_lost_countdown,0.0,0.0,,,,,,,,,,,,,1.2
23.926,510,0,tag_lost_countdown,0.0,0.0,,,,,,,,,,,,,1.24
23.970,511,0,tag_lost_countdown,0.0,0.0,,,,,,,,,,,,,1.29
24.016,512,0,tag_lost_countdown,0.0,0.0,,,,,,,,,,,,,1.34
24.058,513,0,tag_lost_countdown,0.0,0.0,,,,,,,,,,,,,1.38
24.105,514,0,tag_lost_countdown,0.0,0.0,,,,,,,,,,,,,1.43
24.148,515,0,tag_lost_countdown,0.0,0.0,,,,,,,,,,,,,1.47
24.194,516,0,tag_lost_countdown,0.0,0.0,,,,,,,,,,,,,1.52
24.236,517,0,tag_lost_countdown,0.0,0.0,,,,,,,,,,,,,1.56
24.282,518,0,tag_lost_countdown,0.0,0.0,,,,,,,,,,,,,1.6
24.323,519,0,tag_lost_countdown,0.0,0.0,,,,,,,,,,,,,1.65
24.372,520,0,tag_lost_countdown,0.0,0.0,,,,,,,,,,,,,1.69
24.416,521,0,tag_lost_countdown,0.0,0.0,,,,,,,,,,,,,1.74
24.463,522,0,tag_lost_countdown,0.0,0.0,,,,,,,,,,,,,1.78
24.510,523,0,tag_lost_countdown,0.0,0.0,,,,,,,,,,,,,1.84
24.556,524,0,tag_lost_countdown,0.0,0.0,,,,,,,,,,,,,1.88
24.598,525,0,tag_lost_countdown,0.0,0.0,,,,,,,,,,,,,1.92
24.644,526,0,tag_lost_countdown,0.0,0.0,,,,,,,,,,,,,1.97
24.682,527,0,tag_lost_countdown,0.0,0.0,,,,,,,,,,,,,2.01
24.736,528,0,tag_lost_countdown,0.0,0.0,,,,,,,,,,,,,2.06
24.777,529,0,tag_lost_countdown,0.0,0.0,,,,,,,,,,,,,2.1
24.818,530,0,tag_lost_countdown,0.0,0.0,,,,,,,,,,,,,2.14
24.855,531,0,tag_lost_countdown,0.0,0.0,,,,,,,,,,,,,2.19
24.909,532,0,tag_lost_countdown,0.0,0.0,,,,,,,,,,,,,2.22
24.945,533,0,tag_lost_countdown,0.0,0.0,,,,,,,,,,,,,2.28
24.990,534,0,tag_lost_countdown,0.0,0.0,,,,,,,,,,,,,2.31
25.028,535,0,tag_lost_countdown,0.0,0.0,,,,,,,,,,,,,2.36
25.071,536,0,tag_lost_countdown,0.0,0.0,,,,,,,,,,,,,2.4
25.112,537,0,tag_lost_countdown,0.0,0.0,,,,,,,,,,,,,2.44
25.163,538,0,tag_lost_countdown,0.0,0.0,,,,,,,,,,,,,2.48
25.202,539,0,tag_lost_countdown,0.0,0.0,,,,,,,,,,,,,2.53
25.245,540,0,tag_lost_countdown,0.0,0.0,,,,,,,,,,,,,2.57
25.283,541,0,tag_lost_countdown,0.0,0.0,,,,,,,,,,,,,2.61
25.328,542,0,tag_lost_countdown,0.0,0.0,,,,,,,,,,,,,2.65
25.376,543,0,tag_lost_countdown,0.0,0.0,,,,,,,,,,,,,2.71
25.419,544,0,tag_lost_countdown,0.0,0.0,,,,,,,,,,,,,2.74
25.456,545,0,tag_lost_countdown,0.0,0.0,,,,,,,,,,,,,2.79
25.499,546,0,tag_lost_countdown,0.0,0.0,,,,,,,,,,,,,2.82
25.541,547,0,tag_lost_countdown,0.0,0.0,,,,,,,,,,,,,2.87
25.593,548,0,tag_lost_countdown,0.0,0.0,,,,,,,,,,,,,2.92
25.630,549,0,tag_lost_countdown,0.0,0.0,,,,,,,,,,,,,2.96
25.674,550,0,tag_lost_countdown,0.0,0.0,,,,,,,,,,,,,3.0
25.712,551,0,tag_lost_countdown,0.0,0.0,,,,,,,,,,,,,3.04
25.755,552,0,tag_lost_countdown,0.0,0.0,,,,,,,,,,,,,3.08
25.800,553,0,tag_lost_countdown,0.0,0.0,,,,,,,,,,,,,3.13
25.842,554,0,tag_lost_countdown,0.0,0.0,,,,,,,,,,,,,3.17
25.882,555,0,tag_lost_countdown,0.0,0.0,,,,,,,,,,,,,3.21
25.924,556,0,tag_lost_countdown,0.0,0.0,,,,,,,,,,,,,3.25
25.963,557,0,tag_lost_countdown,0.0,0.0,,,,,,,,,,,,,3.29
26.008,558,0,tag_lost_countdown,0.0,0.0,,,,,,,,,,,,,3.33
26.046,559,0,tag_lost_countdown,0.0,0.0,,,,,,,,,,,,,3.38
26.091,560,0,tag_lost_countdown,0.0,0.0,,,,,,,,,,,,,3.41
26.128,561,0,tag_lost_countdown,0.0,0.0,,,,,,,,,,,,,3.46
26.172,562,0,tag_lost_countdown,0.0,0.0,,,,,,,,,,,,,3.5
26.209,563,0,tag_lost_countdown,0.0,0.0,,,,,,,,,,,,,3.54
26.251,564,0,tag_lost_countdown,0.0,0.0,,,,,,,,,,,,,3.58
26.288,565,0,tag_lost_countdown,0.0,0.0,,,,,,,,,,,,,3.62
26.331,566,0,tag_lost_countdown,0.0,0.0,,,,,,,,,,,,,3.66
26.369,567,0,tag_lost_countdown,0.0,0.0,,,,,,,,,,,,,3.7
26.417,568,0,tag_lost_countdown,0.0,0.0,,,,,,,,,,,,,3.74
26.455,569,0,tag_lost_countdown,0.0,0.0,,,,,,,,,,,,,3.79
26.501,570,0,tag_lost_countdown,0.0,0.0,,,,,,,,,,,,,3.82
26.540,571,0,tag_lost_countdown,0.0,0.0,,,,,,,,,,,,,3.87
26.591,572,0,tag_lost_countdown,0.0,0.0,,,,,,,,,,,,,3.91
26.632,573,0,tag_lost_countdown,0.0,0.0,,,,,,,,,,,,,3.96
26.676,574,0,tag_lost_countdown,0.0,0.0,,,,,,,,,,,,,4.0
26.713,575,0,tag_lost_countdown,0.0,0.0,,,,,,,,,,,,,4.04
26.758,576,0,tag_lost_countdown,0.0,0.0,,,,,,,,,,,,,4.08
26.797,577,0,tag_lost_countdown,0.0,0.0,,,,,,,,,,,,,4.13
26.848,578,0,tag_lost_countdown,0.0,0.0,,,,,,,,,,,,,4.16
26.888,579,0,tag_lost_countdown,0.0,0.0,,,,,,,,,,,,,4.22
26.935,580,0,tag_lost_countdown,0.0,0.0,,,,,,,,,,,,,4.26
26.976,581,0,tag_lost_countdown,0.0,0.0,,,,,,,,,,,,,4.3
27.020,582,0,tag_lost_countdown,0.0,0.0,,,,,,,,,,,,,4.34
27.063,583,0,tag_lost_countdown,0.0,0.0,,,,,,,,,,,,,4.39
27.110,584,0,tag_lost_countdown,0.0,0.0,,,,,,,,,,,,,4.43
27.150,585,0,tag_lost_countdown,0.0,0.0,,,,,,,,,,,,,4.48
27.193,586,0,tag_lost_countdown,0.0,0.0,,,,,,,,,,,,,4.52
27.230,587,0,tag_lost_countdown,0.0,0.0,,,,,,,,,,,,,4.56
27.279,588,0,tag_lost_countdown,0.0,0.0,,,,,,,,,,,,,4.6
27.323,589,0,tag_lost_countdown,0.0,0.0,,,,,,,,,,,,,4.65
27.368,590,0,tag_lost_countdown,0.0,0.0,,,,,,,,,,,,,4.69
27.406,591,0,tag_lost_countdown,0.0,0.0,,,,,,,,,,,,,4.74
27.448,592,0,tag_lost_countdown,0.0,0.0,,,,,,,,,,,,,4.77
27.494,593,0,tag_lost_countdown,0.0,0.0,,,,,,,,,,,,,4.82
27.537,594,0,tag_lost_countdown,0.0,0.0,,,,,,,,,,,,,4.86
27.574,595,0,tag_lost_countdown,0.0,0.0,,,,,,,,,,,,,4.9
27.614,596,0,tag_lost_countdown,0.0,0.0,,,,,,,,,,,,,4.94
27.654,597,0,tag_lost_countdown,0.0,0.0,,,,,,,,,,,,,4.98
27.696,598,0,chasing,0.0,0.0,,,,,,,,,,,,,
27.741,599,0,tag_lost_countdown,0.0,0.0,,,,,,,,,,,,,0.0
27.787,600,0,tag_lost_countdown,0.0,0.0,,,,,,,,,,,,,0.04
27.824,601,0,tag_lost_countdown,0.0,0.0,,,,,,,,,,,,,0.08
27.869,602,0,tag_lost_countdown,0.0,0.0,,,,,,,,,,,,,0.12
27.910,603,0,tag_lost_countdown,0.0,0.0,,,,,,,,,,,,,0.17
27.960,604,0,tag_lost_countdown,0.0,0.0,,,,,,,,,,,,,0.21
27.998,605,0,tag_lost_countdown,0.0,0.0,,,,,,,,,,,,,0.26
28.045,606,0,tag_lost_countdown,0.0,0.0,,,,,,,,,,,,,0.3
28.083,607,0,tag_lost_countdown,0.0,0.0,,,,,,,,,,,,,0.34
28.126,608,0,tag_lost_countdown,0.0,0.0,,,,,,,,,,,,,0.38
28.170,609,0,tag_lost_countdown,0.0,0.0,,,,,,,,,,,,,0.43
28.215,610,0,tag_lost_countdown,0.0,0.0,,,,,,,,,,,,,0.47
28.254,611,0,tag_lost_countdown,0.0,0.0,,,,,,,,,,,,,0.51
28.298,612,0,tag_lost_countdown,0.0,0.0,,,,,,,,,,,,,0.55
28.336,613,0,tag_lost_countdown,0.0,0.0,,,,,,,,,,,,,0.6
28.382,614,0,tag_lost_countdown,0.0,0.0,,,,,,,,,,,,,0.63
28.421,615,0,tag_lost_countdown,0.0,0.0,,,,,,,,,,,,,0.68
28.465,616,0,tag_lost_countdown,0.0,0.0,,,,,,,,,,,,,0.72
28.501,617,0,tag_lost_countdown,0.0,0.0,,,,,,,,,,,,,0.76
28.545,618,0,tag_lost_countdown,0.0,0.0,,,,,,,,,,,,,0.8
28.581,619,0,tag_lost_countdown,0.0,0.0,,,,,,,,,,,,,0.84
28.628,620,0,tag_lost_countdown,0.0,0.0,,,,,,,,,,,,,0.88
28.666,621,0,tag_lost_countdown,0.0,0.0,,,,,,,,,,,,,0.93
28.709,622,0,tag_lost_countdown,0.0,0.0,,,,,,,,,,,,,0.96
28.745,623,0,tag_lost_countdown,0.0,0.0,,,,,,,,,,,,,1.01
28.791,624,0,tag_lost_countdown,0.0,0.0,,,,,,,,,,,,,1.04
28.830,625,0,tag_lost_countdown,0.0,0.0,,,,,,,,,,,,,1.09
28.875,626,0,tag_lost_countdown,0.0,0.0,,,,,,,,,,,,,1.13
28.912,627,0,tag_lost_countdown,0.0,0.0,,,,,,,,,,,,,1.17
28.957,628,0,tag_lost_countdown,0.0,0.0,,,,,,,,,,,,,1.21
29.000,629,0,tag_lost_countdown,0.0,0.0,,,,,,,,,,,,,1.25
29.045,630,0,tag_lost_countdown,0.0,0.0,,,,,,,,,,,,,1.3
29.085,631,0,tag_lost_countdown,0.0,0.0,,,,,,,,,,,,,1.34
29.128,632,0,tag_lost_countdown,0.0,0.0,,,,,,,,,,,,,1.38
29.169,633,0,tag_lost_countdown,0.0,0.0,,,,,,,,,,,,,1.43
29.221,634,0,tag_lost_countdown,0.0,0.0,,,,,,,,,,,,,1.47
29.256,635,0,tag_lost_countdown,0.0,0.0,,,,,,,,,,,,,1.52
29.300,636,0,tag_lost_countdown,0.0,0.0,,,,,,,,,,,,,1.55
29.339,637,0,tag_lost_countdown,0.0,0.0,,,,,,,,,,,,,1.6
29.381,638,0,tag_lost_countdown,0.0,0.0,,,,,,,,,,,,,1.64
29.425,639,0,tag_lost_countdown,0.0,0.0,,,,,,,,,,,,,1.68
29.473,640,0,tag_lost_countdown,0.0,0.0,,,,,,,,,,,,,1.73
29.513,641,0,tag_lost_countdown,0.0,0.0,,,,,,,,,,,,,1.77
29.558,642,0,tag_lost_countdown,0.0,0.0,,,,,,,,,,,,,1.81
29.595,643,0,tag_lost_countdown,0.0,0.0,,,,,,,,,,,,,1.86
29.647,644,0,tag_lost_countdown,0.0,0.0,,,,,,,,,,,,,1.89
29.687,645,0,tag_lost_countdown,0.0,0.0,,,,,,,,,,,,,1.94
29.730,646,0,tag_lost_countdown,0.0,0.0,,,,,,,,,,,,,1.98
29.767,647,0,tag_lost_countdown,0.0,0.0,,,,,,,,,,,,,2.03
29.816,648,0,tag_lost_countdown,0.0,0.0,,,,,,,,,,,,,2.07
29.862,649,0,tag_lost_countdown,0.0,0.0,,,,,,,,,,,,,2.11
29.906,650,0,tag_lost_countdown,0.0,0.0,,,,,,,,,,,,,2.16
29.948,651,0,tag_lost_countdown,0.0,0.0,,,,,,,,,,,,,2.2
29.992,652,0,tag_lost_countdown,0.0,0.0,,,,,,,,,,,,,2.25
30.028,653,0,tag_lost_countdown,0.0,0.0,,,,,,,,,,,,,2.29
30.082,654,0,tag_lost_countdown,0.0,0.0,,,,,,,,,,,,,2.33
30.124,655,0,tag_lost_countdown,0.0,0.0,,,,,,,,,,,,,2.38
30.176,656,0,tag_lost_countdown,0.0,0.0,,,,,,,,,,,,,2.42
30.234,657,0,tag_lost_countdown,0.0,0.0,,,,,,,,,,,,,2.48
30.281,658,0,tag_lost_countdown,0.0,0.0,,,,,,,,,,,,,2.53
30.327,659,0,tag_lost_countdown,0.0,0.0,,,,,,,,,,,,,2.59
30.370,660,0,tag_lost_countdown,0.0,0.0,,,,,,,,,,,,,2.62
30.408,661,0,tag_lost_countdown,0.0,0.0,,,,,,,,,,,,,2.67
30.452,662,0,tag_lost_countdown,0.0,0.0,,,,,,,,,,,,,2.71
30.490,663,0,tag_lost_countdown,0.0,0.0,,,,,,,,,,,,,2.75
30.542,664,0,tag_lost_countdown,0.0,0.0,,,,,,,,,,,,,2.8
30.579,665,0,tag_lost_countdown,0.0,0.0,,,,,,,,,,,,,2.84
30.623,666,0,tag_lost_countdown,0.0,0.0,,,,,,,,,,,,,2.88
30.660,667,0,tag_lost_countdown,0.0,0.0,,,,,,,,,,,,,2.92
30.702,668,0,tag_lost_countdown,0.0,0.0,,,,,,,,,,,,,2.96
30.747,669,0,tag_lost_countdown,0.0,0.0,,,,,,,,,,,,,3.0
30.789,670,0,tag_lost_countdown,0.0,0.0,,,,,,,,,,,,,3.04
30.827,671,0,tag_lost_countdown,0.0,0.0,,,,,,,,,,,,,3.09
30.870,672,0,tag_lost_countdown,0.0,0.0,,,,,,,,,,,,,3.12
30.909,673,0,tag_lost_countdown,0.0,0.0,,,,,,,,,,,,,3.17
30.956,674,0,tag_lost_countdown,0.0,0.0,,,,,,,,,,,,,3.21
30.992,675,0,tag_lost_countdown,0.0,0.0,,,,,,,,,,,,,3.25
31.035,676,0,tag_lost_countdown,0.0,0.0,,,,,,,,,,,,,3.29
31.074,677,0,tag_lost_countdown,0.0,0.0,,,,,,,,,,,,,3.33
31.118,678,0,tag_lost_countdown,0.0,0.0,,,,,,,,,,,,,3.37
31.158,679,0,tag_lost_countdown,0.0,0.0,,,,,,,,,,,,,3.41
31.205,680,0,tag_lost_countdown,0.0,0.0,,,,,,,,,,,,,3.46
31.242,681,0,tag_lost_countdown,0.0,0.0,,,,,,,,,,,,,3.5
31.283,682,0,tag_lost_countdown,0.0,0.0,,,,,,,,,,,,,3.54
31.322,683,0,tag_lost_countdown,0.0,0.0,,,,,,,,,,,,,3.58
31.373,684,0,tag_lost_countdown,0.0,0.0,,,,,,,,,,,,,3.62
31.413,685,0,tag_lost_countdown,0.0,0.0,,,,,,,,,,,,,3.67
31.458,686,0,tag_lost_countdown,0.0,0.0,,,,,,,,,,,,,3.71
31.497,687,0,tag_lost_countdown,0.0,0.0,,,,,,,,,,,,,3.76
31.538,688,0,tag_lost_countdown,0.0,0.0,,,,,,,,,,,,,3.79
31.582,689,0,tag_lost_countdown,0.0,0.0,,,,,,,,,,,,,3.84
31.624,690,0,tag_lost_countdown,0.0,0.0,,,,,,,,,,,,,3.88
31.663,691,0,tag_lost_countdown,0.0,0.0,,,,,,,,,,,,,3.92
31.709,692,0,tag_lost_countdown,0.0,0.0,,,,,,,,,,,,,3.96
31.748,693,0,tag_lost_countdown,0.0,0.0,,,,,,,,,,,,,4.01
31.803,694,0,tag_lost_countdown,0.0,0.0,,,,,,,,,,,,,4.05
31.844,695,0,tag_lost_countdown,0.0,0.0,,,,,,,,,,,,,4.1
31.887,696,0,tag_lost_countdown,0.0,0.0,,,,,,,,,,,,,4.14
31.924,697,0,tag_lost_countdown,0.0,0.0,,,,,,,,,,,,,4.18
31.967,698,0,tag_lost_countdown,0.0,0.0,,,,,,,,,,,,,4.22
32.009,699,0,tag_lost_countdown,0.0,0.0,,,,,,,,,,,,,4.26
32.057,700,0,tag_lost_countdown,0.0,0.0,,,,,,,,,,,,,4.31
32.096,701,0,tag_lost_countdown,0.0,0.0,,,,,,,,,,,,,4.36
32.139,702,0,tag_lost_countdown,0.0,0.0,,,,,,,,,,,,,4.39
32.175,703,0,tag_lost_countdown,0.0,0.0,,,,,,,,,,,,,4.44
32.228,704,0,tag_lost_countdown,0.0,0.0,,,,,,,,,,,,,4.47
32.268,705,0,tag_lost_countdown,0.0,0.0,,,,,,,,,,,,,4.53
32.313,706,0,tag_lost_countdown,0.0,0.0,,,,,,,,,,,,,4.57
32.353,707,0,tag_lost_countdown,0.0,0.0,,,,,,,,,,,,,4.61
32.398,708,0,tag_lost_countdown,0.0,0.0,,,,,,,,,,,,,4.65
32.443,709,0,tag_lost_countdown,0.0,0.0,,,,,,,,,,,,,4.7
32.487,710,0,tag_lost_countdown,0.0,0.0,,,,,,,,,,,,,4.74
32.526,711,0,tag_lost_countdown,0.0,0.0,,,,,,,,,,,,,4.78
32.572,712,0,tag_lost_countdown,0.0,0.0,,,,,,,,,,,,,4.82
32.611,713,0,tag_lost_countdown,0.0,0.0,,,,,,,,,,,,,4.87
32.660,714,0,tag_lost_countdown,0.0,0.0,,,,,,,,,,,,,4.91
32.698,715,0,tag_lost_countdown,0.0,0.0,,,,,,,,,,,,,4.96
32.742,716,0,tag_lost_countdown,0.0,0.0,,,,,,,,,,,,,5.0
32.782,717,0,chasing,0.0,0.0,,,,,,,,,,,,,
32.824,718,0,tag_lost_countdown,0.0,0.0,,,,,,,,,,,,,0.0
32.863,719,0,tag_lost_countdown,0.0,0.0,,,,,,,,,,,,,0.04
32.916,720,0,tag_lost_countdown,0.0,0.0,,,,,,,,,,,,,0.09
32.956,721,0,tag_lost_countdown,0.0,0.0,,,,,,,,,,,,,0.13
33.001,722,0,tag_lost_countdown,0.0,0.0,,,,,,,,,,,,,0.17
33.041,723,0,tag_lost_countdown,0.0,0.0,,,,,,,,,,,,,0.22
33.090,724,0,tag_lost_countdown,0.0,0.0,,,,,,,,,,,,,0.26
33.129,725,0,tag_lost_countdown,0.0,0.0,,,,,,,,,,,,,0.31
33.175,726,0,tag_lost_countdown,0.0,0.0,,,,,,,,,,,,,0.35
33.210,727,0,tag_lost_countdown,0.0,0.0,,,,,,,,,,,,,0.39
33.252,728,0,tag_lost_countdown,0.0,0.0,,,,,,,,,,,,,0.43
33.290,729,0,tag_lost_countdown,0.0,0.0,,,,,,,,,,,,,0.47
33.341,730,0,tag_lost_countdown,0.0,0.0,,,,,,,,,,,,,0.52
33.380,731,0,tag_lost_countdown,0.0,0.0,,,,,,,,,,,,,0.56
33.423,732,0,tag_lost_countdown,0.0,0.0,,,,,,,,,,,,,0.6
33.461,733,0,tag_lost_countdown,0.0,0.0,,,,,,,,,,,,,0.64
33.508,734,0,tag_lost_countdown,0.0,0.0,,,,,,,,,,,,,0.68
33.552,735,0,tag_lost_countdown,0.0,0.0,,,,,,,,,,,,,0.73
33.595,736,0,tag_lost_countdown,0.0,0.0,,,,,,,,,,,,,0.77
33.636,737,0,tag_lost_countdown,0.0,0.0,,,,,,,,,,,,,0.81
33.678,738,0,tag_lost_countdown,0.0,0.0,,,,,,,,,,,,,0.85
33.717,739,0,tag_lost_countdown,0.0,0.0,,,,,,,,,,,,,0.9
33.762,740,0,tag_lost_countdown,0.0,0.0,,,,,,,,,,,,,0.94
33.800,741,0,tag_lost_countdown,0.0,0.0,,,,,,,,,,,,,0.98
33.847,742,0,tag_lost_countdown,0.0,0.0,,,,,,,,,,,,,1.02
33.884,743,0,tag_lost_countdown,0.0,0.0,,,,,,,,,,,,,1.07
33.927,744,0,tag_lost_countdown,0.0,0.0,,,,,,,,,,,,,1.1
33.966,745,0,tag_lost_countdown,0.0,0.0,,,,,,,,,,,,,1.14
34.010,746,0,tag_lost_countdown,0.0,0.0,,,,,,,,,,,,,1.18
34.046,747,0,tag_lost_countdown,0.0,0.0,,,,,,,,,,,,,1.23
34.089,748,0,tag_lost_countdown,0.0,0.0,,,,,,,,,,,,,1.26
34.126,749,0,tag_lost_countdown,0.0,0.0,,,,,,,,,,,,,1.31
34.172,750,0,tag_lost_countdown,0.0,0.0,,,,,,,,,,,,,1.34
34.209,751,0,tag_lost_countdown,0.0,0.0,,,,,,,,,,,,,1.39
34.253,752,0,tag_lost_countdown,0.0,0.0,,,,,,,,,,,,,1.43
34.295,753,0,tag_lost_countdown,0.0,0.0,,,,,,,,,,,,,1.47
34.339,754,0,tag_lost_countdown,0.0,0.0,,,,,,,,,,,,,1.51
34.381,755,0,tag_lost_countdown,0.0,0.0,,,,,,,,,,,,,1.56
34.424,756,0,tag_lost_countdown,0.0,0.0,,,,,,,,,,,,,1.6
34.464,757,0,tag_lost_countdown,0.0,0.0,,,,,,,,,,,,,1.64
34.510,758,0,tag_lost_countdown,0.0,0.0,,,,,,,,,,,,,1.68
34.546,759,0,tag_lost_countdown,0.0,0.0,,,,,,,,,,,,,1.73
34.596,760,0,tag_lost_countdown,0.0,0.0,,,,,,,,,,,,,1.76
34.637,761,0,tag_lost_countdown,0.0,0.0,,,,,,,,,,,,,1.82
34.678,762,0,tag_lost_countdown,0.0,0.0,,,,,,,,,,,,,1.85
34.717,763,0,tag_lost_countdown,0.0,0.0,,,,,,,,,,,,,1.9
34.766,764,0,tag_lost_countdown,0.0,0.0,,,,,,,,,,,,,1.94
34.812,765,0,tag_lost_countdown,0.0,0.0,,,,,,,,,,,,,1.98
34.854,766,0,tag_lost_countdown,0.0,0.0,,,,,,,,,,,,,2.03
34.894,767,0,tag_lost_countdown,0.0,0.0,,,,,,,,,,,,,2.07
34.937,768,0,tag_lost_countdown,0.0,0.0,,,,,,,,,,,,,2.11
34.976,769,0,tag_lost_countdown,0.0,0.0,,,,,,,,,,,,,2.15
35.027,770,0,tag_lost_countdown,0.0,0.0,,,,,,,,,,,,,2.19
35.063,771,0,tag_lost_countdown,0.0,0.0,,,,,,,,,,,,,2.25
35.108,772,0,tag_lost_countdown,0.0,0.0,,,,,,,,,,,,,2.28
35.149,773,0,tag_lost_countdown,0.0,0.0,,,,,,,,,,,,,2.33
35.193,774,0,tag_lost_countdown,0.0,0.0,,,,,,,,,,,,,2.37
35.230,775,0,tag_lost_countdown,0.0,0.0,,,,,,,,,,,,,2.41
35.280,776,0,tag_lost_countdown,0.0,0.0,,,,,,,,,,,,,2.45
35.317,777,0,tag_lost_countdown,0.0,0.0,,,,,,,,,,,,,2.5
35.359,778,0,tag_lost_countdown,0.0,0.0,,,,,,,,,,,,,2.53
35.396,779,0,tag_lost_countdown,0.0,0.0,,,,,,,,,,,,,2.58
35.443,780,0,tag_lost_countdown,0.0,0.0,,,,,,,,,,,,,2.61
35.489,781,0,tag_lost_countdown,0.0,0.0,,,,,,,,,,,,,2.67
35.533,782,0,tag_lost_countdown,0.0,0.0,,,,,,,,,,,,,2.71
35.573,783,0,tag_lost_countdown,0.0,0.0,,,,,,,,,,,,,2.75
35.618,784,0,tag_lost_countdown,0.0,0.0,,,,,,,,,,,,,2.79
35.661,785,0,tag_lost_countdown,0.0,0.0,,,,,,,,,,,,,2.84
35.717,786,0,tag_lost_countdown,0.0,0.0,,,,,,,,,,,,,2.89
35.756,787,0,tag_lost_countdown,0.0,0.0,,,,,,,,,,,,,2.93
35.799,788,0,tag_lost_countdown,0.0,0.0,,,,,,,,,,,,,2.97
35.835,789,0,tag_lost_countdown,0.0,0.0,,,,,,,,,,,,,3.02
35.888,790,0,tag_lost_countdown,0.0,0.0,,,,,,,,,,,,,3.05
35.927,791,0,tag_lost_countdown,0.0,0.0,,,,,,,,,,,,,3.11
35.971,792,0,tag_lost_countdown,0.0,0.0,,,,,,,,,,,,,3.15
36.009,793,0,tag_lost_countdown,0.0,0.0,,,,,,,,,,,,,3.19
36.052,794,0,tag_lost_countdown,0.0,0.0,,,,,,,,,,,,,3.23
36.092,795,0,tag_lost_countdown,0.0,0.0,,,,,,,,,,,,,3.27
36.150,796,0,tag_lost_countdown,0.0,0.0,,,,,,,,,,,,,3.32
36.188,797,0,tag_lost_countdown,0.0,0.0,,,,,,,,,,,,,3.37
36.231,798,0,tag_lost_countdown,0.0,0.0,,,,,,,,,,,,,3.41
36.274,799,0,tag_lost_countdown,0.0,0.0,,,,,,,,,,,,,3.45
36.324,800,0,tag_lost_countdown,0.0,0.0,,,,,,,,,,,,,3.49
36.362,801,0,tag_lost_countdown,0.0,0.0,,,,,,,,,,,,,3.54
36.405,802,0,tag_lost_countdown,0.0,0.0,,,,,,,,,,,,,3.58
36.442,803,0,tag_lost_countdown,0.0,0.0,,,,,,,,,,,,,3.62
36.487,804,0,tag_lost_countdown,0.0,0.0,,,,,,,,,,,,,3.66
36.532,805,0,tag_lost_countdown,0.0,0.0,,,,,,,,,,,,,3.7
36.577,806,0,tag_lost_countdown,0.0,0.0,,,,,,,,,,,,,3.75
36.614,807,0,tag_lost_countdown,0.0,0.0,,,,,,,,,,,,,3.79
36.656,808,0,tag_lost_countdown,0.0,0.0,,,,,,,,,,,,,3.83
36.697,809,0,tag_lost_countdown,0.0,0.0,,,,,,,,,,,,,3.87
36.751,810,0,tag_lost_countdown,0.0,0.0,,,,,,,,,,,,,3.92
36.789,811,0,tag_lost_countdown,0.0,0.0,,,,,,,,,,,,,3.97
36.834,812,0,tag_lost_countdown,0.0,0.0,,,,,,,,,,,,,4.01
36.875,813,0,tag_lost_countdown,0.0,0.0,,,,,,,,,,,,,4.05
36.921,814,0,tag_lost_countdown,0.0,0.0,,,,,,,,,,,,,4.09
36.965,815,0,tag_lost_countdown,0.0,0.0,,,,,,,,,,,,,4.14
37.007,816,0,tag_lost_countdown,0.0,0.0,,,,,,,,,,,,,4.18
37.046,817,0,tag_lost_countdown,0.0,0.0,,,,,,,,,,,,,4.23
37.092,818,0,tag_lost_countdown,0.0,0.0,,,,,,,,,,,,,4.26
37.130,819,0,tag_lost_countdown,0.0,0.0,,,,,,,,,,,,,4.31
37.186,820,0,tag_lost_countdown,0.0,0.0,,,,,,,,,,,,,4.35
37.226,821,0,tag_lost_countdown,0.0,0.0,,,,,,,,,,,,,4.4
37.270,822,0,tag_lost_countdown,0.0,0.0,,,,,,,,,,,,,4.44
37.308,823,0,tag_lost_countdown,0.0,0.0,,,,,,,,,,,,,4.49
37.352,824,0,tag_lost_countdown,0.0,0.0,,,,,,,,,,,,,4.53
37.395,825,0,tag_lost_countdown,0.0,0.0,,,,,,,,,,,,,4.57
37.438,826,0,tag_lost_countdown,0.0,0.0,,,,,,,,,,,,,4.61
37.475,827,0,tag_lost_countdown,0.0,0.0,,,,,,,,,,,,,4.66
37.517,828,0,tag_lost_countdown,0.0,0.0,,,,,,,,,,,,,4.69
37.556,829,0,tag_lost_countdown,0.0,0.0,,,,,,,,,,,,,4.73
37.611,830,0,tag_lost_countdown,0.0,0.0,,,,,,,,,,,,,4.77
37.650,831,0,tag_lost_countdown,0.0,0.0,,,,,,,,,,,,,4.83
37.693,832,0,tag_lost_countdown,0.0,0.0,,,,,,,,,,,,,4.87
37.729,833,0,tag_lost_countdown,0.0,0.0,,,,,,,,,,,,,4.91
37.771,834,0,tag_lost_countdown,0.0,0.0,,,,,,,,,,,,,4.95
37.808,835,0,tag_lost_countdown,0.0,0.0,,,,,,,,,,,,,4.99
37.864,836,0,chasing,0.0,0.0,,,,,,,,,,,,,
37.903,837,0,tag_lost_countdown,0.0,0.0,,,,,,,,,,,,,0.0
37.945,838,0,tag_lost_countdown,0.0,0.0,,,,,,,,,,,,,0.04
37.988,839,0,tag_lost_countdown,0.0,0.0,,,,,,,,,,,,,0.08
38.041,840,0,tag_lost_countdown,0.0,0.0,,,,,,,,,,,,,0.12
38.078,841,0,tag_lost_countdown,0.0,0.0,,,,,,,,,,,,,0.18
38.124,842,0,tag_lost_countdown,0.0,0.0,,,,,,,,,,,,,0.21
38.162,843,0,tag_lost_countdown,0.0,0.0,,,,,,,,,,,,,0.26
38.206,844,0,tag_lost_countdown,0.0,0.0,,,,,,,,,,,,,0.3
38.244,845,0,tag_lost_countdown,0.0,0.0,,,,,,,,,,,,,0.34
38.293,846,0,tag_lost_countdown,0.0,0.0,,,,,,,,,,,,,0.38
38.331,847,0,tag_lost_countdown,0.0,0.0,,,,,,,,,,,,,0.43
38.378,848,0,tag_lost_countdown,0.0,0.0,,,,,,,,,,,,,0.47
38.414,849,0,tag_lost_countdown,0.0,0.0,,,,,,,,,,,,,0.51
38.456,850,0,tag_lost_countdown,0.0,0.0,,,,,,,,,,,,,0.55
38.502,851,0,tag_lost_countdown,0.0,0.0,,,,,,,,,,,,,0.6
38.548,852,0,tag_lost_countdown,0.0,0.0,,,,,,,,,,,,,0.64
38.589,853,0,tag_lost_countdown,0.0,0.0,,,,,,,,,,,,,0.68
38.633,854,0,tag_lost_countdown,0.0,0.0,,,,,,,,,,,,,0.72
38.673,855,0,tag_lost_countdown,0.0,0.0,,,,,,,,,,,,,0.77
38.719,856,0,tag_lost_countdown,0.0,0.0,,,,,,,,,,,,,0.81
38.756,857,0,tag_lost_countdown,0.0,0.0,,,,,,,,,,,,,0.86
38.799,858,0,tag_lost_countdown,0.0,0.0,,,,,,,,,,,,,0.89
38.839,859,0,tag_lost_countdown,0.0,0.0,,,,,,,,,,,,,0.94
38.885,860,0,tag_lost_countdown,0.0,0.0,,,,,,,,,,,,,0.98
38.929,861,0,tag_lost_countdown,0.0,0.0,,,,,,,,,,,,,1.03
38.972,862,0,tag_lost_countdown,0.0,0.0,,,,,,,,,,,,,1.06
39.010,863,0,tag_lost_countdown,0.0,0.0,,,,,,,,,,,,,1.11
39.053,864,0,tag_lost_countdown,0.0,0.0,,,,,,,,,,,,,1.15
39.093,865,0,tag_lost_countdown,0.0,0.0,,,,,,,,,,,,,1.19
39.145,866,0,tag_lost_countdown,0.0,0.0,,,,,,,,,,,,,1.23
39.185,867,0,tag_lost_countdown,0.0,0.0,,,,,,,,,,,,,1.28
39.230,868,0,tag_lost_countdown,0.0,0.0,,,,,,,,,,,,,1.32
39.270,869,0,tag_lost_countdown,0.0,0.0,,,,,,,,,,,,,1.37
39.318,870,0,tag_lost_countdown,0.0,0.0,,,,,,,,,,,,,1.4
39.357,871,0,tag_lost_countdown,0.0,0.0,,,,,,,,,,,,,1.45
39.401,872,0,tag_lost_countdown,0.0,0.0,,,,,,,,,,,,,1.49
39.443,873,0,tag_lost_countdown,0.0,0.0,,,,,,,,,,,,,1.54
39.491,874,0,tag_lost_countdown,0.0,0.0,,,,,,,,,,,,,1.58
39.533,875,0,tag_lost_countdown,0.0,0.0,,,,,,,,,,,,,1.63
39.582,876,0,tag_lost_countdown,0.0,0.0,,,,,,,,,,,,,1.67
39.622,877,0,tag_lost_countdown,0.0,0.0,,,,,,,,,,,,,1.72
39.667,878,0,tag_lost_countdown,0.0,0.0,,,,,,,,,,,,,1.76
39.707,879,0,tag_lost_countdown,0.0,0.0,,,,,,,,,,,,,1.8
39.750,880,0,tag_lost_countdown,0.0,0.0,,,,,,,,,,,,,1.84
39.792,881,0,tag_lost_countdown,0.0,0.0,,,,,,,,,,,,,1.89
39.839,882,0,tag_lost_countdown,0.0,0.0,,,,,,,,,,,,,1.93
39.879,883,0,tag_lost_countdown,0.0,0.0,,,,,,,,,,,,,1.97
39.924,884,0,tag_lost_countdown,0.0,0.0,,,,,,,,,,,,,2.01
39.964,885,0,tag_lost_countdown,0.0,0.0,,,,,,,,,,,,,2.06
40.009,886,0,tag_lost_countdown,0.0,0.0,,,,,,,,,,,,,2.1
40.049,887,0,tag_lost_countdown,0.0,0.0,,,,,,,,,,,,,2.15
40.094,888,0,tag_lost_countdown,0.0,0.0,,,,,,,,,,,,,2.19
40.134,889,0,tag_lost_countdown,0.0,0.0,,,,,,,,,,,,,2.23
40.177,890,0,tag_lost_countdown,0.0,0.0,,,,,,,,,,,,,2.27
40.216,891,0,tag_lost_countdown,0.0,0.0,,,,,,,,,,,,,2.31
40.266,892,0,tag_lost_countdown,0.0,0.0,,,,,,,,,,,,,2.35
40.321,893,0,tag_lost_countdown,0.0,0.0,,,,,,,,,,,,,2.4
40.378,894,0,tag_lost_countdown,0.0,0.0,,,,,,,,,,,,,2.46
40.417,895,0,tag_lost_countdown,0.0,0.0,,,,,,,,,,,,,2.51
40.462,896,0,tag_lost_countdown,0.0,0.0,,,,,,,,,,,,,2.55
40.501,897,0,tag_lost_countdown,0.0,0.0,,,,,,,,,,,,,2.6
40.546,898,0,tag_lost_countdown,0.0,0.0,,,,,,,,,,,,,2.64
40.585,899,0,tag_lost_countdown,0.0,0.0,,,,,,,,,,,,,2.68
40.630,900,0,tag_lost_countdown,0.0,0.0,,,,,,,,,,,,,2.72
40.670,901,0,tag_lost_countdown,0.0,0.0,,,,,,,,,,,,,2.77
40.715,902,0,tag_lost_countdown,0.0,0.0,,,,,,,,,,,,,2.8
40.755,903,0,tag_lost_countdown,0.0,0.0,,,,,,,,,,,,,2.85
40.800,904,0,tag_lost_countdown,0.0,0.0,,,,,,,,,,,,,2.89
40.839,905,0,tag_lost_countdown,0.0,0.0,,,,,,,,,,,,,2.93
40.883,906,0,tag_lost_countdown,0.0,0.0,,,,,,,,,,,,,2.97
40.922,907,0,tag_lost_countdown,0.0,0.0,,,,,,,,,,,,,3.02
40.968,908,0,tag_lost_countdown,0.0,0.0,,,,,,,,,,,,,3.06
41.007,909,0,tag_lost_countdown,0.0,0.0,,,,,,,,,,,,,3.1
41.053,910,0,tag_lost_countdown,0.0,0.0,,,,,,,,,,,,,3.14
41.094,911,0,tag_lost_countdown,0.0,0.0,,,,,,,,,,,,,3.19
41.139,912,0,tag_lost_countdown,0.0,0.0,,,,,,,,,,,,,3.23
41.182,913,0,tag_lost_countdown,0.0,0.0,,,,,,,,,,,,,3.28
41.227,914,0,tag_lost_countdown,0.0,0.0,,,,,,,,,,,,,3.32
41.270,915,0,tag_lost_countdown,0.0,0.0,,,,,,,,,,,,,3.36
41.316,916,0,tag_lost_countdown,0.0,0.0,,,,,,,,,,,,,3.41
41.357,917,0,tag_lost_countdown,0.0,0.0,,,,,,,,,,,,,3.45
41.401,918,0,tag_lost_countdown,0.0,0.0,,,,,,,,,,,,,3.49
41.444,919,0,tag_lost_countdown,0.0,0.0,,,,,,,,,,,,,3.54
41.487,920,0,tag_lost_countdown,0.0,0.0,,,,,,,,,,,,,3.58
41.530,921,0,tag_lost_countdown,0.0,0.0,,,,,,,,,,,,,3.62
41.578,922,0,tag_lost_countdown,0.0,0.0,,,,,,,,,,,,,3.67
41.622,923,0,tag_lost_countdown,0.0,0.0,,,,,,,,,,,,,3.71
41.669,924,0,tag_lost_countdown,0.0,0.0,,,,,,,,,,,,,3.76
41.709,925,0,tag_lost_countdown,0.0,0.0,,,,,,,,,,,,,3.81
41.754,926,0,tag_lost_countdown,0.0,0.0,,,,,,,,,,,,,3.84
41.794,927,0,tag_lost_countdown,0.0,0.0,,,,,,,,,,,,,3.89
41.838,928,0,tag_lost_countdown,0.0,0.0,,,,,,,,,,,,,3.93
41.880,929,0,tag_lost_countdown,0.0,0.0,,,,,,,,,,,,,3.97
41.924,930,0,tag_lost_countdown,0.0,0.0,,,,,,,,,,,,,4.01
41.965,931,0,tag_lost_countdown,0.0,0.0,,,,,,,,,,,,,4.06
42.011,932,0,tag_lost_countdown,0.0,0.0,,,,,,,,,,,,,4.1
42.051,933,0,tag_lost_countdown,0.0,0.0,,,,,,,,,,,,,4.15
42.096,934,0,tag_lost_countdown,0.0,0.0,,,,,,,,,,,,,4.19
42.138,935,0,tag_lost_countdown,0.0,0.0,,,,,,,,,,,,,4.23
42.183,936,0,tag_lost_countdown,0.0,0.0,,,,,,,,,,,,,4.27
42.223,937,0,tag_lost_countdown,0.0,0.0,,,,,,,,,,,,,4.32
42.268,938,0,tag_lost_countdown,0.0,0.0,,,,,,,,,,,,,4.36
42.305,939,0,tag_lost_countdown,0.0,0.0,,,,,,,,,,,,,4.4
42.350,940,0,tag_lost_countdown,0.0,0.0,,,,,,,,,,,,,4.44
42.392,941,0,tag_lost_countdown,0.0,0.0,,,,,,,,,,,,,4.49
42.438,942,0,tag_lost_countdown,0.0,0.0,,,,,,,,,,,,,4.53
42.479,943,0,tag_lost_countdown,0.0,0.0,,,,,,,,,,,,,4.57
42.527,944,0,tag_lost_countdown,0.0,0.0,,,,,,,,,,,,,4.61
42.571,945,0,tag_lost_countdown,0.0,0.0,,,,,,,,,,,,,4.66
42.622,946,0,tag_lost_countdown,0.0,0.0,,,,,,,,,,,,,4.71
42.667,947,0,tag_lost_countdown,0.0,0.0,,,,,,,,,,,,,4.76
42.718,948,0,tag_lost_countdown,0.0,0.0,,,,,,,,,,,,,4.8
42.765,949,1,ibvs_active,-0.02,0.04,-6.9,-12.7,-5.5,-10.1,14.4,-0.021,0.039,0,0,0,1,26.5,
42.814,950,1,deadband,-0.02,0.04,-7.4,6.9,-7.1,3.5,10.1,0.0,0.0,1,0,0,0,27.1,
42.858,951,0,tag_lost_countdown,-0.02,0.04,,,,,,,,,,,,,0.0
42.911,952,1,deadband,-0.02,0.04,-9.1,-11.2,-8.7,-8.3,14.4,0.0,0.0,1,0,0,0,26.3,
42.959,953,1,ibvs_active,-0.11,0.14,-9.2,-10.9,-9.1,-10.4,14.3,-0.087,0.099,0,0,0,1,26.9,
43.013,954,1,ibvs_active,-0.2,0.25,-9.3,-10.7,-9.2,-10.6,14.2,-0.095,0.109,0,0,0,1,25.7,
43.059,955,1,ibvs_active,-0.29,0.35,-9.4,-10.2,-9.3,-10.3,13.9,-0.091,0.1,0,0,0,1,25.7,
43.112,956,1,ibvs_active,-0.39,0.45,-9.2,-10.5,-9.3,-10.4,14.0,-0.091,0.103,0,0,0,1,26.8,
43.160,957,0,tag_lost_countdown,-0.39,0.45,,,,,,,,,,,,,0.0
43.215,958,1,ibvs_active,-0.45,0.53,-8.0,-10.0,-8.3,-10.1,12.8,-0.063,0.076,0,0,0,1,26.2,
43.264,959,1,ibvs_active,-0.47,0.58,-3.1,-11.4,-4.2,-11.1,11.8,-0.02,0.053,0,0,0,1,26.7,
43.313,960,0,tag_lost_countdown,-0.47,0.58,,,,,,,,,,,,,0.0
43.362,961,1,deadband,-0.47,0.58,-4.3,-4.8,-4.3,-6.0,6.4,0.0,0.0,1,0,0,0,25.7,
43.411,962,1,deadband,-0.47,0.58,8.2,-3.4,5.7,-3.9,8.8,0.0,0.0,1,0,0,0,27.2,
43.454,963,0,tag_lost_countdown,-0.47,0.58,,,,,,,,,,,,,0.0
43.505,964,1,ibvs_active,0.07,-0.01,18.4,22.7,15.8,17.4,29.2,0.537,-0.59,0,0,0,1,27.3,
43.551,965,1,ibvs_active,0.46,-0.24,16.8,8.0,16.6,9.9,18.6,0.388,-0.232,0,0,0,1,26.7,
43.602,966,1,ibvs_active,0.79,-0.37,16.7,5.8,16.7,6.6,17.6,0.329,-0.13,0,0,0,1,26.9,
43.650,967,1,ibvs_active,1.08,-0.42,16.8,2.0,16.8,2.9,16.9,0.294,-0.051,0,0,0,1,27.0,
43.700,968,1,ibvs_active,1.39,-0.45,17.2,1.2,17.1,1.5,17.3,0.308,-0.028,0,0,0,1,27.7,
43.748,969,1,ibvs_active,1.7,-0.43,17.2,-1.6,17.2,-0.9,17.3,0.31,0.017,0,0,0,1,27.1,
43.800,970,1,ibvs_active,1.72,-0.43,8.7,-2.6,10.4,-2.2,9.1,0.017,0.004,0,0,0,1,25.4,
43.845,971,1,deadband,1.72,-0.43,-0.4,-1.1,1.8,-1.4,1.2,0.0,0.0,1,0,0,0,26.5,
43.896,972,1,deadband,1.72,-0.43,-0.5,-1.2,-0.0,-1.2,1.3,0.0,0.0,1,0,0,0,26.4,
43.946,973,0,tag_lost_countdown,1.72,-0.43,,,,,,,,,,,,,0.0
43.998,974,1,deadband,1.72,-0.43,-10.5,-6.1,-8.4,-5.1,12.2,0.0,0.0,1,0,0,0,26.7,
44.044,975,1,ibvs_active,1.39,-0.3,-18.8,-6.8,-16.7,-6.5,20.0,-0.33,0.128,0,0,0,1,27.3,
44.094,976,1,ibvs_active,0.99,-0.2,-18.6,-4.1,-18.2,-4.5,19.0,-0.398,0.099,0,0,0,1,26.4,
44.139,977,1,ibvs_active,0.93,-0.2,-10.4,1.4,-12.0,0.2,10.5,-0.06,-0.001,0,0,0,1,27.3,
44.185,978,1,deadband,0.93,-0.2,-7.3,1.2,-8.2,1.0,7.4,0.0,0.0,1,0,0,0,27.7,
44.228,979,1,deadband,0.93,-0.2,-5.4,4.2,-6.0,3.6,6.9,0.0,0.0,1,0,0,0,27.4,
44.276,980,1,deadband,0.93,-0.2,3.8,7.1,1.9,6.4,8.0,0.0,0.0,1,0,0,0,27.6,
44.319,981,1,ibvs_active,0.98,-0.28,8.4,11.8,7.1,10.7,14.5,0.05,-0.076,0,0,0,1,27.7,
44.363,982,0,tag_lost_countdown,0.98,-0.28,,,,,,,,,,,,,0.0
44.408,983,1,ibvs_active,1.96,-1.33,23.4,24.3,20.2,21.5,33.7,0.984,-1.051,0,0,0,1,27.1,
44.458,984,1,ibvs_active,2.66,-2.04,17.5,17.2,18.0,18.1,24.6,0.702,-0.704,0,0,0,1,26.9,
44.501,985,1,ibvs_active,3.12,-2.49,14.7,14.7,15.4,15.4,20.8,0.454,-0.454,0,0,0,1,27.8,
44.549,986,1,ibvs_active,3.51,-2.6,18.6,2.7,18.0,5.2,18.8,0.391,-0.113,0,0,0,1,28.1,
44.594,987,1,deadband,3.51,-2.6,5.6,3.5,8.1,3.8,6.6,0.0,0.0,1,0,0,0,25.8,
44.642,988,1,deadband,3.51,-2.6,7.0,-0.3,7.2,0.5,7.0,0.0,0.0,1,0,0,0,27.1,
44.684,989,1,deadband,3.51,-2.6,6.9,-5.7,6.9,-4.4,8.9,0.0,0.0,1,0,0,0,27.9,
44.731,990,1,deadband,3.51,-2.6,6.7,-6.0,6.8,-5.7,9.0,0.0,0.0,1,0,0,0,26.9,
44.773,991,1,deadband,3.51,-2.6,6.8,-6.0,6.8,-6.0,9.1,0.0,0.0,1,0,0,0,26.6,
44.820,992,1,deadband,3.51,-2.6,6.7,-6.0,6.7,-6.0,9.0,0.0,0.0,1,0,0,0,26.6,
44.866,993,1,deadband,3.51,-2.6,6.7,-5.9,6.7,-5.9,8.9,0.0,0.0,1,0,0,0,26.4,
44.914,994,1,deadband,3.51,-2.6,6.7,-5.9,6.7,-5.9,8.9,0.0,0.0,1,0,0,0,26.3,
44.956,995,1,deadband,3.51,-2.6,6.7,-5.9,6.7,-5.9,8.9,0.0,0.0,1,0,0,0,27.6,
45.007,996,1,deadband,3.51,-2.6,6.7,-5.8,6.7,-5.9,8.9,0.0,0.0,1,0,0,0,27.1,
45.049,997,1,deadband,3.51,-2.6,6.7,-5.9,6.7,-5.9,8.9,0.0,0.0,1,0,0,0,26.5,
45.096,998,1,deadband,3.51,-2.6,6.7,-5.8,6.7,-5.8,8.9,0.0,0.0,1,0,0,0,26.6,
45.140,999,1,deadband,3.51,-2.6,6.6,-5.8,6.6,-5.8,8.8,0.0,0.0,1,0,0,0,27.3,
45.188,1000,1,deadband,3.51,-2.6,6.7,-5.8,6.7,-5.8,8.9,0.0,0.0,1,0,0,0,26.7,
45.231,1001,1,deadband,3.51,-2.6,6.7,-5.9,6.7,-5.9,8.9,0.0,0.0,1,0,0,0,27.4,
45.277,1002,1,deadband,3.51,-2.6,6.6,-5.8,6.6,-5.8,8.8,0.0,0.0,1,0,0,0,26.9,
45.317,1003,1,deadband,3.51,-2.6,6.7,-5.8,6.7,-5.8,8.8,0.0,0.0,1,0,0,0,27.1,
45.371,1004,1,deadband,3.51,-2.6,6.6,-5.8,6.6,-5.8,8.8,0.0,0.0,1,0,0,0,27.4,
45.432,1005,1,deadband,3.51,-2.6,6.7,-5.8,6.7,-5.8,8.9,0.0,0.0,1,0,0,0,27.9,
45.485,1006,1,deadband,3.51,-2.6,6.7,-5.8,6.7,-5.8,8.9,0.0,0.0,1,0,0,0,27.3,
45.527,1007,1,deadband,3.51,-2.6,6.6,-5.7,6.6,-5.8,8.7,0.0,0.0,1,0,0,0,28.2,
45.575,1008,1,deadband,3.51,-2.6,6.7,-5.7,6.7,-5.7,8.8,0.0,0.0,1,0,0,0,27.5,
45.617,1009,1,deadband,3.51,-2.6,6.6,-5.7,6.6,-5.7,8.8,0.0,0.0,1,0,0,0,27.7,
45.665,1010,1,deadband,3.51,-2.6,6.7,-5.7,6.7,-5.7,8.8,0.0,0.0,1,0,0,0,27.8,
45.706,1011,1,deadband,3.51,-2.6,6.6,-5.8,6.6,-5.7,8.8,0.0,0.0,1,0,0,0,27.3,
45.755,1012,1,deadband,3.51,-2.6,6.6,-5.7,6.6,-5.7,8.7,0.0,0.0,1,0,0,0,27.9,
45.800,1013,1,deadband,3.51,-2.6,6.8,-6.1,6.8,-6.0,9.2,0.0,0.0,1,0,0,0,27.0,
45.855,1014,1,ibvs_active,3.98,-2.5,22.4,-3.6,19.3,-4.1,22.7,0.467,0.1,0,0,0,1,21.9,
45.896,1015,1,ibvs_active,4.5,-2.4,20.3,-3.7,20.1,-3.8,20.6,0.524,0.098,0,0,0,1,28.6,
45.944,1016,0,tag_lost_countdown,4.5,-2.4,,,,,,,,,,,,,0.0
45.985,1017,1,ibvs_active,6.5,-2.19,71.0,-4.4,60.8,-4.3,71.1,2.0,0.213,0,0,0,1,23.6,
46.036,1018,0,tag_lost_countdown,6.5,-2.19,,,,,,,,,,,,,0.0
46.079,1019,0,tag_lost_countdown,6.5,-2.19,,,,,,,,,,,,,0.05
46.128,1020,1,ibvs_active,8.5,-2.35,156.6,5.1,137.5,3.2,156.7,2.0,-0.16,0,0,0,1,22.5,
46.172,1021,0,tag_lost_countdown,8.5,-2.35,,,,,,,,,,,,,0.0
46.222,1022,0,tag_lost_countdown,8.5,-2.35,,,,,,,,,,,,,0.04
46.261,1023,0,tag_lost_countdown,8.5,-2.35,,,,,,,,,,,,,0.09
46.305,1024,0,tag_lost_countdown,8.5,-2.35,,,,,,,,,,,,,0.13
46.344,1025,0,tag_lost_countdown,8.5,-2.35,,,,,,,,,,,,,0.18
46.390,1026,0,tag_lost_countdown,8.5,-2.35,,,,,,,,,,,,,0.22
46.428,1027,0,tag_lost_countdown,8.5,-2.35,,,,,,,,,,,,,0.26
46.476,1028,0,tag_lost_countdown,8.5,-2.35,,,,,,,,,,,,,0.3
46.515,1029,0,tag_lost_countdown,8.5,-2.35,,,,,,,,,,,,,0.35
46.562,1030,0,tag_lost_countdown,8.5,-2.35,,,,,,,,,,,,,0.39
46.606,1031,0,tag_lost_countdown,8.5,-2.35,,,,,,,,,,,,,0.43
46.654,1032,0,tag_lost_countdown,8.5,-2.35,,,,,,,,,,,,,0.48
46.697,1033,0,tag_lost_countdown,8.5,-2.35,,,,,,,,,,,,,0.53
46.750,1034,0,tag_lost_countdown,8.5,-2.35,,,,,,,,,,,,,0.58
46.793,1035,0,tag_lost_countdown,8.5,-2.35,,,,,,,,,,,,,0.62
46.843,1036,0,tag_lost_countdown,8.5,-2.35,,,,,,,,,,,,,0.66
46.887,1037,0,tag_lost_countdown,8.5,-2.35,,,,,,,,,,,,,0.72
46.936,1038,0,tag_lost_countdown,8.5,-2.35,,,,,,,,,,,,,0.76
46.980,1039,0,tag_lost_countdown,8.5,-2.35,,,,,,,,,,,,,0.81
47.027,1040,0,tag_lost_countdown,8.5,-2.35,,,,,,,,,,,,,0.85
47.067,1041,0,tag_lost_countdown,8.5,-2.35,,,,,,,,,,,,,0.9
47.133,1042,0,tag_lost_countdown,8.5,-2.35,,,,,,,,,,,,,0.94
47.178,1043,0,tag_lost_countdown,8.5,-2.35,,,,,,,,,,,,,1.01
47.229,1044,0,tag_lost_countdown,8.5,-2.35,,,,,,,,,,,,,1.05
47.270,1045,0,tag_lost_countdown,8.5,-2.35,,,,,,,,,,,,,1.1
47.312,1046,0,tag_lost_countdown,8.5,-2.35,,,,,,,,,,,,,1.14
47.352,1047,0,tag_lost_countdown,8.5,-2.35,,,,,,,,,,,,,1.19
47.399,1048,0,tag_lost_countdown,8.5,-2.35,,,,,,,,,,,,,1.22
47.439,1049,0,tag_lost_countdown,8.5,-2.35,,,,,,,,,,,,,1.27
47.485,1050,0,tag_lost_countdown,8.5,-2.35,,,,,,,,,,,,,1.31
47.525,1051,0,tag_lost_countdown,8.5,-2.35,,,,,,,,,,,,,1.36
47.576,1052,0,tag_lost_countdown,8.5,-2.35,,,,,,,,,,,,,1.4
47.618,1053,0,tag_lost_countdown,8.5,-2.35,,,,,,,,,,,,,1.45
47.665,1054,0,tag_lost_countdown,8.5,-2.35,,,,,,,,,,,,,1.49
47.709,1055,1,ibvs_active,10.5,-2.16,185.3,-5.6,175.7,-3.9,185.4,2.0,0.194,0,0,0,1,25.6,
47.759,1056,1,ibvs_active,12.5,-2.2,188.8,1.9,186.2,0.8,188.8,2.0,-0.039,0,0,0,1,26.1,
47.807,1057,1,ibvs_active,14.5,-2.28,192.9,1.8,191.6,1.6,192.9,2.0,-0.081,0,0,0,1,25.9,
47.855,1058,1,ibvs_active,16.5,-2.28,175.4,-0.3,178.6,0.1,175.4,2.0,-0.003,0,0,0,1,23.9,
47.897,1059,0,tag_lost_countdown,16.5,-2.28,,,,,,,,,,,,,0.0
47.951,1060,1,ibvs_active,18.5,-2.33,126.6,1.2,137.0,1.0,126.6,2.0,-0.051,0,0,0,1,25.3,
47.996,1061,1,ibvs_active,20.5,-2.49,115.5,3.6,119.8,3.0,115.5,2.0,-0.152,0,0,0,1,23.8,
48.045,1062,1,ibvs_active,22.5,-3.18,102.3,16.6,105.8,13.9,103.6,2.0,-0.693,0,0,0,1,26.8,
48.095,1063,0,tag_lost_countdown,22.5,-3.18,,,,,,,,,,,,,0.0
48.141,1064,0,tag_lost_countdown,22.5,-3.18,,,,,,,,,,,,,0.05
48.182,1065,0,tag_lost_countdown,22.5,-3.18,,,,,,,,,,,,,0.1
48.235,1066,0,tag_lost_countdown,22.5,-3.18,,,,,,,,,,,,,0.14
48.274,1067,0,tag_lost_countdown,22.5,-3.18,,,,,,,,,,,,,0.19
48.317,1068,0,tag_lost_countdown,22.5,-3.18,,,,,,,,,,,,,0.23
48.360,1069,1,ibvs_active,20.5,-2.46,-109.4,-21.5,-66.4,-14.5,111.5,-2.0,0.723,0,0,0,1,25.4,
48.413,1070,1,ibvs_active,18.5,-1.66,-110.5,-16.3,-101.6,-16.0,111.7,-2.0,0.798,0,0,0,1,25.8,
48.457,1071,1,ibvs_active,16.5,-0.82,-110.6,-17.1,-108.8,-16.8,111.9,-2.0,0.842,0,0,0,1,25.7,
48.506,1072,1,ibvs_active,14.5,-0.19,-98.7,-11.4,-100.7,-12.5,99.4,-2.0,0.624,0,0,0,1,26.5,
48.553,1073,1,ibvs_active,12.5,0.23,-85.2,-7.4,-88.3,-8.4,85.5,-2.0,0.419,0,0,0,1,23.2,
48.597,1074,0,tag_lost_countdown,12.5,0.23,,,,,,,,,,,,,0.0
48.641,1075,1,ibvs_active,10.5,-0.11,-41.2,10.5,-50.7,6.7,42.5,-2.0,-0.335,0,0,0,1,25.8,
48.688,1076,0,tag_lost_countdown,10.5,-0.11,,,,,,,,,,,,,0.0
48.726,1077,0,tag_lost_countdown,10.5,-0.11,,,,,,,,,,,,,0.05
48.776,1078,1,ibvs_active,10.34,-0.39,2.1,17.4,-8.5,15.2,17.5,-0.158,-0.284,0,0,0,1,26.7,
48.818,1079,1,ibvs_active,10.33,-0.69,1.5,17.6,-0.5,17.1,17.6,-0.008,-0.303,0,0,0,1,26.6,
48.870,1080,1,ibvs_active,10.36,-1.01,1.8,17.4,1.3,17.3,17.5,0.025,-0.32,0,0,0,1,26.8,
48.913,1081,1,ibvs_active,10.39,-1.34,1.7,17.5,1.6,17.4,17.5,0.03,-0.327,0,0,0,1,26.9,
48.961,1082,1,ibvs_active,10.42,-1.67,1.8,17.4,1.7,17.4,17.5,0.033,-0.328,0,0,0,1,26.7,
49.001,1083,1,deadband,10.42,-1.67,2.9,7.7,2.6,9.6,8.2,0.0,0.0,1,0,0,0,26.6,
49.049,1084,1,deadband,10.42,-1.67,3.0,4.0,2.9,5.1,5.0,0.0,0.0,1,0,0,0,26.6,
49.091,1085,1,deadband,10.42,-1.67,3.2,1.1,3.1,1.9,3.4,0.0,0.0,1,0,0,0,25.8,
49.140,1086,1,deadband,10.42,-1.67,3.3,0.8,3.2,1.0,3.3,0.0,0.0,1,0,0,0,25.7,
49.181,1087,1,deadband,10.42,-1.67,3.3,0.8,3.3,0.8,3.4,0.0,0.0,1,0,0,0,26.4,
49.229,1088,1,deadband,10.42,-1.67,3.2,0.8,3.2,0.8,3.3,0.0,0.0,1,0,0,0,26.4,
49.270,1089,1,deadband,10.42,-1.67,3.3,0.8,3.3,0.8,3.4,0.0,0.0,1,0,0,0,26.2,
49.320,1090,1,deadband,10.42,-1.67,3.2,0.8,3.2,0.8,3.3,0.0,0.0,1,0,0,0,26.2,
49.363,1091,1,deadband,10.42,-1.67,3.4,0.8,3.3,0.8,3.5,0.0,0.0,1,0,0,0,27.3,
49.410,1092,1,deadband,10.42,-1.67,3.2,0.8,3.3,0.8,3.3,0.0,0.0,1,0,0,0,25.8,
49.452,1093,1,deadband,10.42,-1.67,3.4,0.9,3.4,0.9,3.5,0.0,0.0,1,0,0,0,26.3,
49.506,1094,1,deadband,10.42,-1.67,3.3,0.7,3.3,0.8,3.4,0.0,0.0,1,0,0,0,27.3,
49.548,1095,1,deadband,10.42,-1.67,3.3,0.8,3.3,0.8,3.4,0.0,0.0,1,0,0,0,27.4,
49.595,1096,1,deadband,10.42,-1.67,3.3,0.8,3.3,0.8,3.4,0.0,0.0,1,0,0,0,26.5,
49.636,1097,1,deadband,10.42,-1.67,3.3,0.8,3.3,0.8,3.4,0.0,0.0,1,0,0,0,26.5,
49.683,1098,1,deadband,10.42,-1.67,3.2,0.7,3.3,0.7,3.3,0.0,0.0,1,0,0,0,26.5,
49.727,1099,1,deadband,10.42,-1.67,3.3,0.8,3.3,0.8,3.4,0.0,0.0,1,0,0,0,25.8,
49.775,1100,1,deadband,10.42,-1.67,3.4,0.9,3.3,0.8,3.5,0.0,0.0,1,0,0,0,26.2,
49.817,1101,1,deadband,10.42,-1.67,3.2,0.8,3.2,0.8,3.3,0.0,0.0,1,0,0,0,26.9,
49.865,1102,1,deadband,10.42,-1.67,3.2,0.7,3.2,0.7,3.3,0.0,0.0,1,0,0,0,27.5,
49.907,1103,1,deadband,10.42,-1.67,3.2,0.8,3.2,0.7,3.3,0.0,0.0,1,0,0,0,27.6,
49.954,1104,1,deadband,10.42,-1.67,3.1,0.9,3.2,0.8,3.3,0.0,0.0,1,0,0,0,26.9,
49.997,1105,1,deadband,10.42,-1.67,3.2,0.8,3.2,0.8,3.3,0.0,0.0,1,0,0,0,27.4,
50.046,1106,1,deadband,10.42,-1.67,3.3,0.8,3.3,0.8,3.4,0.0,0.0,1,0,0,0,26.3,
50.088,1107,1,deadband,10.42,-1.67,3.3,0.8,3.3,0.8,3.4,0.0,0.0,1,0,0,0,27.4,
50.138,1108,0,tag_lost_countdown,10.42,-1.67,,,,,,,,,,,,,0.0
50.182,1109,1,deadband,10.42,-1.67,11.3,11.7,9.7,9.5,16.3,0.0,0.0,1,0,0,0,24.6,
50.232,1110,1,ibvs_active,10.67,-1.79,16.4,6.6,15.1,7.1,17.7,0.252,-0.12,0,0,0,1,26.5,
50.275,1111,1,deadband,10.67,-1.79,2.3,-8.0,4.8,-5.0,8.3,0.0,0.0,1,0,0,0,28.2,
50.323,1112,1,deadband,10.67,-1.79,2.2,-1.4,2.7,-2.1,2.6,0.0,0.0,1,0,0,0,26.7,
50.372,1113,1,ibvs_active,10.7,-1.64,3.0,-16.9,2.9,-13.9,17.1,0.031,0.147,0,0,0,1,26.8,
50.420,1114,1,ibvs_active,10.77,-1.13,2.7,-21.6,2.7,-20.1,21.8,0.07,0.515,0,0,0,1,25.6,
50.462,1115,0,tag_lost_countdown,10.77,-1.13,,,,,,,,,,,,,0.0
50.510,1116,0,tag_lost_countdown,10.77,-1.13,,,,,,,,,,,,,0.04
50.557,1117,1,ibvs_active,10.45,-0.24,-11.5,-24.4,-8.6,-23.5,26.9,-0.325,0.883,0,0,0,1,25.3,
50.606,1118,1,ibvs_active,10.33,0.28,-3.5,-19.1,-4.5,-20.0,19.5,-0.118,0.526,0,0,0,1,26.2,
50.651,1119,1,ibvs_active,10.23,0.6,-5.5,-16.0,-5.3,-16.8,16.9,-0.1,0.32,0,0,0,1,26.8,
50.702,1120,1,ibvs_active,10.1,0.92,-7.1,-16.4,-6.7,-16.5,17.9,-0.131,0.323,0,0,0,1,26.5,
50.745,1121,1,deadband,10.1,0.92,-7.2,-3.9,-7.1,-6.4,8.1,0.0,0.0,1,0,0,0,26.0,
50.794,1122,1,deadband,10.1,0.92,-7.3,-2.9,-7.2,-3.6,7.8,0.0,0.0,1,0,0,0,26.3,
50.837,1123,1,deadband,10.1,0.92,-7.2,1.7,-7.2,0.7,7.4,0.0,0.0,1,0,0,0,25.5,
50.887,1124,1,deadband,10.1,0.92,-7.3,1.7,-7.3,1.5,7.5,0.0,0.0,1,0,0,0,27.0,
50.930,1125,1,deadband,10.1,0.92,-7.4,1.9,-7.4,1.8,7.6,0.0,0.0,1,0,0,0,26.1,
50.984,1126,1,deadband,10.1,0.92,-7.2,1.5,-7.3,1.5,7.4,0.0,0.0,1,0,0,0,26.4,
51.026,1127,1,deadband,10.1,0.92,-7.3,1.8,-7.3,1.7,7.5,0.0,0.0,1,0,0,0,25.1,
51.073,1128,1,deadband,10.1,0.92,-7.2,1.6,-7.2,1.6,7.4,0.0,0.0,1,0,0,0,25.7,
51.117,1129,1,deadband,10.1,0.92,-7.3,1.8,-7.3,1.8,7.5,0.0,0.0,1,0,0,0,26.8,
51.165,1130,1,deadband,10.1,0.92,-7.2,1.6,-7.2,1.7,7.4,0.0,0.0,1,0,0,0,26.6,
51.205,1131,1,deadband,10.1,0.92,-7.1,0.3,-7.1,0.6,7.1,0.0,0.0,1,0,0,0,26.5,
51.250,1132,0,tag_lost_countdown,10.1,0.92,,,,,,,,,,,,,0.0
51.295,1133,1,ibvs_active,9.84,0.95,-18.5,-2.1,-16.2,-1.6,18.6,-0.257,0.025,0,0,0,1,26.7,
51.344,1134,1,ibvs_active,8.0,0.78,-41.9,4.5,-36.8,3.3,42.2,-1.839,-0.166,0,0,0,1,25.6,
51.384,1135,0,tag_lost_countdown,8.0,0.78,,,,,,,,,,,,,0.0
51.433,1136,0,tag_lost_countdown,8.0,0.78,,,,,,,,,,,,,0.04
51.472,1137,0,tag_lost_countdown,8.0,0.78,,,,,,,,,,,,,0.09
51.517,1138,0,tag_lost_countdown,8.0,0.78,,,,,,,,,,,,,0.13
51.557,1139,0,tag_lost_countdown,8.0,0.78,,,,,,,,,,,,,0.17
51.606,1140,1,ibvs_active,6.0,-0.05,-143.2,20.2,-121.9,16.8,144.6,-2.0,-0.839,0,0,0,1,24.9,
51.650,1141,1,ibvs_active,4.0,-1.0,-134.1,19.4,-131.6,18.9,135.5,-2.0,-0.943,0,0,0,1,27.2,
51.697,1142,1,ibvs_active,2.0,-2.15,-130.5,24.2,-130.7,23.1,132.7,-2.0,-1.155,0,0,0,1,27.3,
51.739,1143,1,ibvs_active,0.0,-3.47,-100.0,27.2,-106.2,26.4,103.6,-2.0,-1.318,0,0,0,1,26.6,
51.788,1144,0,tag_lost_countdown,0.0,-3.47,,,,,,,,,,,,,0.0
51.828,1145,1,ibvs_active,-2.0,-3.95,-41.8,5.5,-54.7,9.7,42.2,-2.0,-0.484,0,0,0,1,24.3,
51.878,1146,1,ibvs_active,-3.46,-4.32,-22.8,6.8,-29.2,7.4,23.8,-1.458,-0.369,0,0,0,1,26.9,
51.925,1147,1,ibvs_active,-4.3,-4.6,-21.8,7.6,-23.3,7.6,23.1,-0.843,-0.274,0,0,0,1,26.2,
51.974,1148,1,deadband,-4.3,-4.6,6.5,-13.1,0.5,-9.0,14.6,0.0,0.0,1,0,0,0,25.8,
52.019,1149,1,ibvs_active,-3.9,-4.21,18.4,-15.9,14.9,-14.5,24.3,0.4,0.39,0,0,0,1,22.7,
52.072,1150,1,ibvs_active,-2.5,-3.27,31.3,-19.8,28.0,-18.8,37.0,1.4,0.938,0,0,0,1,27.6,
52.115,1151,1,ibvs_active,-0.99,-2.24,30.6,-21.1,30.1,-20.6,37.2,1.505,1.031,0,0,0,1,27.0,
52.170,1152,1,ibvs_active,0.53,-1.22,30.5,-20.2,30.4,-20.3,36.6,1.522,1.014,0,0,0,1,27.2,
52.215,1153,1,ibvs_active,1.97,-0.51,28.4,-12.9,28.8,-14.3,31.2,1.441,0.717,0,0,0,1,27.4,
52.265,1154,0,tag_lost_countdown,1.97,-0.51,,,,,,,,,,,,,0.0
52.308,1155,1,deadband,1.97,-0.51,-9.9,7.5,-2.1,3.1,12.4,0.0,0.0,1,0,0,0,26.9,
52.544,1156,0,tag_lost_countdown,1.97,-0.51,,,,,,,,,,,,,0.0
52.586,1157,1,ibvs_active,1.01,-0.94,-29.3,12.8,-23.8,10.8,31.9,-0.963,-0.438,0,0,0,1,27.6,
52.638,1158,1,ibvs_active,-0.41,-1.57,-29.4,12.8,-28.3,12.4,32.0,-1.413,-0.622,0,0,0,1,27.6,
52.680,1159,1,ibvs_active,-1.86,-2.2,-29.4,12.8,-29.2,12.7,32.0,-1.458,-0.635,0,0,0,1,27.2,
52.728,1160,1,ibvs_active,-3.32,-2.84,-29.2,12.7,-29.2,12.7,31.9,-1.462,-0.636,0,0,0,1,26.4,
52.769,1161,1,ibvs_active,-3.81,-3.19,-14.3,12.4,-17.3,12.5,18.9,-0.489,-0.354,0,0,0,1,27.3,
52.819,1162,1,deadband,-3.81,-3.19,5.6,6.7,1.1,7.9,8.8,0.0,0.0,1,0,0,0,20.4,
52.862,1163,1,ibvs_active,-3.52,-3.31,19.8,6.3,16.1,6.6,20.8,0.296,-0.122,0,0,0,1,27.6,
52.909,1164,0,tag_lost_countdown,-3.52,-3.31,,,,,,,,,,,,,0.0
52.954,1165,1,ibvs_active,-2.46,-3.1,28.3,-8.1,25.8,-5.2,29.4,1.057,0.211,0,0,0,1,26.7,
53.002,1166,1,ibvs_active,-1.16,-2.74,28.2,-8.4,27.7,-7.7,29.4,1.299,0.363,0,0,0,1,28.2,
53.046,1167,1,ibvs_active,0.18,-2.36,28.1,-7.9,28.0,-7.9,29.2,1.34,0.376,0,0,0,1,27.3,
53.096,1168,1,ibvs_active,1.48,-1.99,27.6,-7.9,27.7,-7.9,28.7,1.298,0.369,0,0,0,1,27.4,
53.137,1169,1,ibvs_active,1.74,-1.86,11.8,-8.0,15.0,-7.9,14.3,0.262,0.138,0,0,0,1,26.4,
53.187,1170,1,deadband,1.74,-1.86,-4.4,-3.4,-0.5,-4.3,5.6,0.0,0.0,1,0,0,0,27.5,
53.230,1171,1,ibvs_active,1.4,-1.78,-21.7,-3.5,-17.5,-3.7,22.0,-0.342,0.072,0,0,0,1,27.7,
53.283,1172,1,ibvs_active,0.8,-1.69,-22.0,-3.2,-21.1,-3.3,22.2,-0.597,0.092,0,0,0,1,27.6,
53.326,1173,1,ibvs_active,-0.01,-1.58,-24.1,-3.2,-23.5,-3.2,24.3,-0.804,0.11,0,0,0,1,27.1,
53.372,1174,1,ibvs_active,-0.84,-1.47,-23.9,-3.3,-23.8,-3.3,24.1,-0.836,0.114,0,0,0,1,28.0,
53.417,1175,1,ibvs_active,-1.66,-1.36,-23.6,-3.0,-23.7,-3.1,23.8,-0.819,0.107,0,0,0,1,27.3,
53.466,1176,1,ibvs_active,-2.36,-1.39,-22.1,2.1,-22.4,1.1,22.2,-0.699,-0.034,0,0,0,1,25.9,
53.509,1177,1,deadband,-2.36,-1.39,-6.5,7.8,-9.7,6.4,10.1,0.0,0.0,1,0,0,0,27.9,
53.555,1178,1,deadband,-2.36,-1.39,-4.7,7.5,-5.7,7.3,8.9,0.0,0.0,1,0,0,0,27.5,
53.598,1179,1,deadband,-2.36,-1.39,11.0,7.6,7.6,7.5,13.4,0.0,0.0,1,0,0,0,27.8,
53.644,1180,1,ibvs_active,-2.28,-1.44,11.4,7.0,10.7,7.1,13.4,0.076,-0.05,0,0,0,1,28.3,
53.689,1181,1,ibvs_active,-2.19,-1.5,11.5,7.0,11.3,7.0,13.4,0.094,-0.058,0,0,0,1,28.5,
53.742,1182,1,ibvs_active,-2.09,-1.56,11.5,7.0,11.5,7.0,13.5,0.1,-0.06,0,0,0,1,27.6,
53.786,1183,1,ibvs_active,-1.99,-1.62,11.4,7.0,11.4,7.0,13.4,0.098,-0.06,0,0,0,1,26.7,
53.832,1184,1,ibvs_active,-1.89,-1.68,11.5,7.0,11.5,7.0,13.5,0.099,-0.06,0,0,0,1,27.4,
53.875,1185,1,ibvs_active,-1.79,-1.74,11.5,7.0,11.5,7.0,13.4,0.099,-0.06,0,0,0,1,26.8,
53.923,1186,1,ibvs_active,-1.7,-1.8,11.5,6.9,11.5,6.9,13.4,0.099,-0.06,0,0,0,1,27.8,
53.966,1187,1,ibvs_active,-1.6,-1.86,11.6,6.9,11.6,6.9,13.5,0.1,-0.06,0,0,0,1,28.1,
54.012,1188,1,ibvs_active,-1.5,-1.92,11.6,6.9,11.6,6.9,13.5,0.1,-0.06,0,0,0,1,28.0,
54.054,1189,1,ibvs_active,-1.39,-1.98,11.6,6.9,11.6,6.9,13.5,0.101,-0.06,0,0,0,1,27.4,
54.102,1190,1,ibvs_active,-1.29,-2.04,11.6,6.8,11.6,6.8,13.4,0.099,-0.058,0,0,0,1,27.1,
54.146,1191,1,ibvs_active,-1.19,-2.1,11.6,6.8,11.6,6.8,13.5,0.101,-0.06,0,0,0,1,27.4,
54.195,1192,1,ibvs_active,-1.09,-2.16,11.4,7.3,11.5,7.2,13.6,0.102,-0.064,0,0,0,1,28.5,
54.237,1193,1,ibvs_active,-1.04,-2.25,5.5,12.2,6.7,11.2,13.4,0.05,-0.085,0,0,0,1,25.8,
54.282,1194,1,ibvs_active,-1.02,-2.37,1.6,13.8,2.7,13.3,13.9,0.024,-0.118,0,0,0,1,23.6,
54.325,1195,1,deadband,-1.02,-2.37,-0.3,4.3,0.3,6.1,4.3,0.0,0.0,1,0,0,0,27.3,
54.378,1196,1,deadband,-1.02,-2.37,-3.6,5.5,-2.8,5.6,6.6,0.0,0.0,1,0,0,0,28.0,
54.422,1197,1,deadband,-1.02,-2.37,-5.3,2.4,-4.8,3.1,5.9,0.0,0.0,1,0,0,0,27.2,
54.471,1198,1,ibvs_active,-1.24,-2.35,-18.3,-2.2,-15.6,-1.2,18.4,-0.221,0.017,0,0,0,1,27.4,
54.515,1199,1,ibvs_active,-1.62,-2.31,-18.9,-2.3,-18.3,-2.1,19.1,-0.382,0.043,0,0,0,1,26.8,
54.566,1200,1,ibvs_active,-2.1,-2.23,-19.9,-3.6,-19.6,-3.3,20.2,-0.48,0.08,0,0,0,1,27.8,
54.610,1201,1,ibvs_active,-3.54,-1.76,-31.2,-10.9,-28.9,-9.4,33.0,-1.443,0.468,0,0,0,1,28.2,
54.661,1202,1,ibvs_active,-5.2,-1.24,-34.2,-10.6,-33.2,-10.4,35.8,-1.658,0.518,0,0,0,1,27.5,
54.705,1203,1,ibvs_active,-7.2,-0.52,-43.6,-15.6,-41.5,-14.5,46.3,-2.0,0.726,0,0,0,1,22.2,
54.763,1204,1,ibvs_active,-9.09,0.45,-36.9,-20.5,-37.8,-19.3,42.2,-1.89,0.966,0,0,0,1,20.7,
54.807,1205,1,ibvs_active,-10.7,1.33,-30.8,-17.1,-32.2,-17.6,35.2,-1.608,0.878,0,0,0,1,21.3,
54.856,1206,1,ibvs_active,-11.7,2.28,-18.2,-20.6,-21.0,-20.0,27.5,-1.0,0.952,0,0,0,1,27.0,
54.899,1207,0,tag_lost_countdown,-11.7,2.28,,,,,,,,,,,,,0.0
54.947,1208,1,ibvs_active,-11.3,2.19,28.1,10.3,18.2,4.2,29.9,0.397,-0.092,0,0,0,1,27.0,
54.994,1209,1,ibvs_active,-9.95,1.73,30.3,10.6,27.9,9.3,32.1,1.351,-0.453,0,0,0,1,27.7,
55.043,1210,1,ibvs_active,-8.25,0.96,35.5,17.2,34.0,15.6,39.4,1.698,-0.78,0,0,0,1,27.5,
55.088,1211,1,ibvs_active,-6.5,0.11,35.3,17.2,35.1,16.9,39.3,1.753,-0.844,0,0,0,1,27.0,
55.138,1212,1,ibvs_active,-4.83,-0.76,32.9,17.5,33.3,17.4,37.2,1.666,-0.868,0,0,0,1,24.4,
55.184,1213,1,ibvs_active,-4.02,-1.33,17.7,14.2,20.8,14.8,22.7,0.81,-0.578,0,0,0,1,27.8,
55.231,1214,0,tag_lost_countdown,-4.02,-1.33,,,,,,,,,,,,,0.0
55.278,1215,1,ibvs_active,-4.16,-1.31,-22.3,-7.2,-13.6,-2.8,23.4,-0.134,0.028,0,0,0,1,28.3,
55.323,1216,1,ibvs_active,-4.99,-1.07,-25.7,-7.7,-23.3,-6.7,26.8,-0.828,0.238,0,0,0,1,27.8,
55.367,1217,1,ibvs_active,-6.4,-0.41,-29.6,-14.9,-28.3,-13.2,33.1,-1.417,0.661,0,0,0,1,26.3,
55.414,1218,0,tag_lost_countdown,-6.4,-0.41,,,,,,,,,,,,,0.0
55.463,1219,1,ibvs_active,-6.65,-0.24,-10.5,-8.5,-14.1,-9.4,13.5,-0.244,0.163,0,0,0,1,26.7,
55.509,1220,0,tag_lost_countdown,-6.65,-0.24,,,,,,,,,,,,,0.0
55.554,1221,0,tag_lost_countdown,-6.65,-0.24,,,,,,,,,,,,,0.05
55.606,1222,0,tag_lost_countdown,-6.65,-0.24,,,,,,,,,,,,,0.09
55.650,1223,1,ibvs_active,-8.65,0.17,-127.8,-8.1,-105.1,-8.4,128.1,-2.0,0.418,0,0,0,1,27.3,
55.700,1224,1,ibvs_active,-10.65,0.92,-121.7,-16.5,-118.4,-14.9,122.9,-2.0,0.743,0,0,0,1,27.6,
55.743,1225,1,ibvs_active,-12.65,1.63,-121.2,-14.0,-120.7,-14.2,122.0,-2.0,0.709,0,0,0,1,26.9,
55.793,1226,1,ibvs_active,-14.65,2.16,-101.8,-9.7,-105.6,-10.6,102.2,-2.0,0.532,0,0,0,1,22.4,
55.835,1227,1,ibvs_active,-16.65,2.64,-78.7,-9.4,-84.1,-9.6,79.3,-2.0,0.481,0,0,0,1,26.1,
55.885,1228,1,ibvs_active,-18.65,2.49,-67.0,6.1,-70.4,2.9,67.2,-2.0,-0.147,0,0,0,1,27.2,
55.928,1229,1,ibvs_active,-20.65,2.2,-48.1,6.5,-52.6,5.8,48.6,-2.0,-0.289,0,0,0,1,26.7,
55.978,1230,1,ibvs_active,-22.65,1.63,-37.7,12.8,-40.6,11.4,39.8,-2.0,-0.57,0,0,0,1,26.6,
56.023,1231,0,tag_lost_countdown,-22.65,1.63,,,,,,,,,,,,,0.0
56.070,1232,0,tag_lost_countdown,-22.65,1.63,,,,,,,,,,,,,0.04
56.118,1233,0,tag_lost_countdown,-22.65,1.63,,,,,,,,,,,,,0.09
56.169,1234,0,tag_lost_countdown,-22.65,1.63,,,,,,,,,,,,,0.14
56.214,1235,1,ibvs_active,-22.44,1.48,26.7,9.0,13.3,9.5,28.2,0.209,-0.149,0,0,0,1,20.9,
56.262,1236,0,tag_lost_countdown,-22.44,1.48,,,,,,,,,,,,,0.0
56.302,1237,0,tag_lost_countdown,-22.44,1.48,,,,,,,,,,,,,0.05
56.349,1238,0,tag_lost_countdown,-22.44,1.48,,,,,,,,,,,,,0.09
56.392,1239,1,ibvs_active,-24.44,0.94,-79.4,11.3,-60.9,10.9,80.2,-2.0,-0.546,0,0,0,1,26.2,
56.446,1240,1,ibvs_active,-26.44,0.53,-77.9,7.6,-74.5,8.3,78.3,-2.0,-0.413,0,0,0,1,26.6,
56.488,1241,1,ibvs_active,-28.44,-0.01,-80.6,11.3,-79.4,10.7,81.4,-2.0,-0.533,0,0,0,1,27.1,
56.535,1242,1,ibvs_active,-30.44,-0.31,-60.9,4.8,-64.6,6.0,61.1,-2.0,-0.299,0,0,0,1,25.7,
56.578,1243,0,tag_lost_countdown,-30.44,-0.31,,,,,,,,,,,,,0.0
56.623,1244,0,tag_lost_countdown,-30.44,-0.31,,,,,,,,,,,,,0.04
56.670,1245,1,ibvs_active,-30.47,-0.3,2.9,-5.9,-10.6,-3.6,6.6,-0.03,0.01,0,0,0,1,26.5,
56.722,1246,1,deadband,-30.47,-0.3,2.9,-5.7,0.2,-5.3,6.4,0.0,0.0,1,0,0,0,26.8,
56.767,1247,1,deadband,-30.47,-0.3,3.0,-5.8,2.4,-5.7,6.6,0.0,0.0,1,0,0,0,26.4,
56.820,1248,1,deadband,-30.47,-0.3,2.9,-5.9,2.8,-5.9,6.6,0.0,0.0,1,0,0,0,26.2,
56.866,1249,1,deadband,-30.47,-0.3,2.9,-5.9,2.9,-5.9,6.6,0.0,0.0,1,0,0,0,26.5,
56.916,1250,1,deadband,-30.47,-0.3,3.0,-6.0,3.0,-6.0,6.7,0.0,0.0,1,0,0,0,26.5,
56.962,1251,1,deadband,-30.47,-0.3,3.0,-5.9,3.0,-5.9,6.6,0.0,0.0,1,0,0,0,27.7,
57.011,1252,1,deadband,-30.47,-0.3,3.0,-5.9,3.0,-5.9,6.7,0.0,0.0,1,0,0,0,27.0,
57.058,1253,1,deadband,-30.47,-0.3,3.2,-6.6,3.2,-6.5,7.4,0.0,0.0,1,0,0,0,27.6,
57.111,1254,1,deadband,-30.47,-0.3,3.7,-6.8,3.6,-6.8,7.8,0.0,0.0,1,0,0,0,26.6,
57.159,1255,1,deadband,-30.47,-0.3,6.4,-9.0,5.8,-8.6,11.0,0.0,0.0,1,0,0,0,27.2,
57.217,1256,1,ibvs_active,-30.33,-0.17,12.4,-10.3,11.1,-10.0,16.2,0.137,0.123,0,0,0,1,27.1,
57.263,1257,1,ibvs_active,-29.16,0.15,30.4,-6.8,26.6,-7.5,31.2,1.168,0.328,0,0,0,1,27.2,
57.316,1258,1,ibvs_active,-27.54,0.43,34.0,-4.9,32.5,-5.4,34.4,1.626,0.271,0,0,0,1,27.5,
57.362,1259,1,ibvs_active,-25.54,0.62,56.9,-3.4,52.0,-3.8,57.0,2.0,0.191,0,0,0,1,27.0,
57.412,1260,0,tag_lost_countdown,-25.54,0.62,,,,,,,,,,,,,0.0
57.457,1261,1,ibvs_active,-23.54,0.55,59.3,2.5,57.9,1.3,59.4,2.0,-0.063,0,0,0,1,26.8,
57.508,1262,1,ibvs_active,-21.54,0.4,56.2,3.4,56.5,3.0,56.3,2.0,-0.15,0,0,0,1,26.3,
57.556,1263,1,ibvs_active,-19.54,0.05,64.2,8.1,62.6,7.1,64.7,2.0,-0.353,0,0,0,1,27.2,
57.603,1264,1,ibvs_active,-17.54,-0.58,60.5,14.0,61.0,12.6,62.1,2.0,-0.631,0,0,0,1,22.2,
57.647,1265,0,tag_lost_countdown,-17.54,-0.58,,,,,,,,,,,,,0.0
57.702,1266,1,ibvs_active,-15.54,-1.24,52.4,13.5,54.1,13.3,54.1,2.0,-0.665,0,0,0,1,25.6,
57.744,1267,1,ibvs_active,-14.08,-2.27,23.0,22.4,29.2,20.6,32.2,1.462,-1.03,0,0,0,1,24.9,
57.790,1268,1,ibvs_active,-12.56,-3.31,30.5,20.7,30.2,20.7,36.9,1.512,-1.035,0,0,0,1,27.8,
57.833,1269,0,tag_lost_countdown,-12.56,-3.31,,,,,,,,,,,,,0.0
57.883,1270,1,deadband,-12.56,-3.31,2.7,-4.2,8.2,0.8,5.0,0.0,0.0,1,0,0,0,25.8,
57.929,1271,1,ibvs_active,-12.63,-3.08,-7.7,-19.4,-4.5,-15.4,20.9,-0.068,0.231,0,0,0,1,27.0,
57.979,1272,1,ibvs_active,-12.79,-2.66,-7.4,-18.6,-6.8,-18.0,20.1,-0.158,0.416,0,0,0,1,28.4,
58.023,1273,1,ibvs_active,-12.98,-2.2,-7.8,-18.7,-7.6,-18.6,20.3,-0.191,0.467,0,0,0,1,26.9,
58.071,1274,1,ibvs_active,-13.18,-1.71,-7.6,-18.9,-7.6,-18.8,20.3,-0.195,0.484,0,0,0,1,27.7,
58.121,1275,1,ibvs_active,-13.37,-1.23,-7.8,-18.8,-7.7,-18.8,20.3,-0.199,0.485,0,0,0,1,27.8,
58.170,1276,1,ibvs_active,-13.48,-1.05,-7.9,-11.7,-7.8,-13.1,14.1,-0.103,0.172,0,0,0,1,27.2,
58.215,1277,1,ibvs_active,-13.54,-0.96,-7.2,-10.7,-7.3,-11.2,12.9,-0.061,0.094,0,0,0,1,27.1,
58.263,1278,1,ibvs_active,-13.73,-0.78,-13.0,-11.2,-11.9,-11.2,17.1,-0.187,0.176,0,0,0,1,28.3,
58.307,1279,1,ibvs_active,-13.89,-0.72,-14.0,-4.4,-13.6,-5.8,14.7,-0.161,0.068,0,0,0,1,27.7,
58.355,1280,1,ibvs_active,-14.12,-0.7,-16.4,0.4,-15.8,-0.9,16.4,-0.23,0.013,0,0,0,1,27.8,
58.399,1281,1,ibvs_active,-14.14,-0.71,-9.0,4.4,-10.3,3.4,10.0,-0.023,-0.007,0,0,0,1,27.9,
58.444,1282,1,deadband,-14.14,-0.71,-4.7,6.2,-5.9,5.7,7.8,0.0,0.0,1,0,0,0,26.9,
58.488,1283,1,ibvs_active,-14.14,-0.74,-0.0,12.3,-1.2,11.0,12.3,-0.003,-0.03,0,0,0,1,22.1,
58.535,1284,1,ibvs_active,-13.97,-1.17,9.5,19.9,7.3,18.1,22.0,0.175,-0.432,0,0,0,1,27.9,
58.578,1285,0,tag_lost_countdown,-13.97,-1.17,,,,,,,,,,,,,0.0
58.626,1286,1,ibvs_active,-13.93,-1.32,2.2,12.8,3.2,13.8,13.0,0.034,-0.145,0,0,0,1,27.1,
58.669,1287,1,ibvs_active,-13.92,-1.38,3.1,11.3,3.1,11.8,11.7,0.017,-0.064,0,0,0,1,28.4,
58.718,1288,1,ibvs_active,-13.9,-1.45,2.4,12.1,2.6,12.0,12.3,0.015,-0.069,0,0,0,1,28.4,
58.761,1289,1,ibvs_active,-13.89,-1.51,2.2,11.7,2.2,11.7,11.9,0.011,-0.057,0,0,0,1,27.9,
58.810,1290,1,ibvs_active,-13.87,-1.58,2.7,12.2,2.6,12.1,12.5,0.016,-0.074,0,0,0,1,27.3,
58.852,1291,1,ibvs_active,-13.86,-1.65,2.3,11.9,2.4,11.9,12.1,0.013,-0.064,0,0,0,1,28.5,
58.901,1292,1,ibvs_active,-13.85,-1.71,2.4,12.1,2.4,12.0,12.3,0.014,-0.069,0,0,0,1,27.5,
58.943,1293,1,ibvs_active,-13.83,-1.78,2.4,11.9,2.4,12.0,12.2,0.013,-0.065,0,0,0,1,27.6,
58.989,1294,1,ibvs_active,-13.82,-1.85,2.5,12.1,2.5,12.1,12.4,0.015,-0.071,0,0,0,1,28.5,
59.033,1295,1,ibvs_active,-13.81,-1.92,2.5,12.0,2.5,12.1,12.3,0.015,-0.07,0,0,0,1,27.2,
59.079,1296,1,ibvs_active,-13.79,-1.99,2.4,11.9,2.4,12.0,12.2,0.013,-0.066,0,0,0,1,28.3,
59.120,1297,1,ibvs_active,-13.78,-2.06,2.5,12.1,2.5,12.1,12.3,0.014,-0.069,0,0,0,1,27.9,
59.174,1298,1,ibvs_active,-13.77,-2.12,2.3,11.9,2.4,11.9,12.1,0.013,-0.064,0,0,0,1,28.3,
59.219,1299,1,ibvs_active,-13.76,-2.13,2.5,9.8,2.4,10.2,10.1,0.003,-0.013,0,0,0,1,28.8,
59.268,1300,1,deadband,-13.76,-2.13,3.1,8.6,3.0,8.9,9.1,0.0,0.0,1,0,0,0,28.1,
59.309,1301,1,deadband,-13.76,-2.13,2.7,8.0,2.8,8.1,8.4,0.0,0.0,1,0,0,0,27.9,
59.361,1302,1,deadband,-13.76,-2.13,3.0,6.9,2.9,7.1,7.5,0.0,0.0,1,0,0,0,27.3,
59.405,1303,1,ibvs_active,-13.88,-2.17,-16.9,3.1,-12.9,3.9,17.2,-0.112,-0.034,0,0,0,1,25.7,
59.455,1304,0,tag_lost_countdown,-13.88,-2.17,,,,,,,,,,,,,0.0
59.499,1305,0,tag_lost_countdown,-13.88,-2.17,,,,,,,,,,,,,0.05
59.545,1306,0,tag_lost_countdown,-13.88,-2.17,,,,,,,,,,,,,0.09
59.587,1307,0,tag_lost_countdown,-13.88,-2.17,,,,,,,,,,,,,0.14
59.636,1308,0,tag_lost_countdown,-13.88,-2.17,,,,,,,,,,,,,0.18
59.683,1309,1,ibvs_active,-15.88,-2.29,-159.1,2.1,-129.8,2.4,159.1,-2.0,-0.122,0,0,0,1,27.1,
59.735,1310,1,ibvs_active,-17.88,-2.0,-148.6,-8.0,-144.8,-5.9,148.8,-2.0,0.294,0,0,0,1,27.7,
59.780,1311,1,ibvs_active,-19.88,-1.69,-154.5,-6.2,-152.6,-6.1,154.6,-2.0,0.306,0,0,0,1,27.6,
59.826,1312,1,ibvs_active,-21.88,-1.47,-134.1,-3.9,-137.8,-4.3,134.2,-2.0,0.217,0,0,0,1,24.0,
59.872,1313,1,ibvs_active,-23.88,-1.26,-124.1,-4.3,-126.9,-4.3,124.2,-2.0,0.215,0,0,0,1,27.7,
59.921,1314,0,tag_lost_countdown,-23.88,-1.26,,,,,,,,,,,,,0.0
59.960,1315,0,tag_lost_countdown,-23.88,-1.26,,,,,,,,,,,,,0.05
60.015,1316,1,ibvs_active,-25.88,-1.37,-63.7,3.9,-76.3,2.2,63.8,-2.0,-0.112,0,0,0,1,27.8,
60.061,1317,1,ibvs_active,-27.88,-1.56,-62.3,4.2,-65.1,3.8,62.4,-2.0,-0.189,0,0,0,1,28.1,
60.110,1318,1,ibvs_active,-29.88,-1.75,-62.2,3.9,-62.8,3.8,62.4,-2.0,-0.192,0,0,0,1,28.4,
60.156,1319,1,ibvs_active,-31.88,-1.95,-45.9,3.9,-49.3,3.9,46.1,-2.0,-0.195,0,0,0,1,21.1,
60.206,1320,1,ibvs_active,-32.64,-2.1,-16.4,4.7,-22.9,4.6,17.0,-0.768,-0.153,0,0,0,1,23.3,
60.246,1321,0,tag_lost_countdown,-32.64,-2.1,,,,,,,,,,,,,0.0
60.294,1322,1,deadband,-32.64,-2.1,17.3,4.5,9.2,4.5,17.8,0.0,0.0,1,0,0,0,26.6,
60.340,1323,1,ibvs_active,-31.66,-2.25,29.3,3.7,25.3,3.9,29.5,0.986,-0.15,0,0,0,1,20.3,
60.388,1324,1,ibvs_active,-30.31,-2.33,29.6,1.0,28.7,1.6,29.6,1.351,-0.075,0,0,0,1,25.8,
60.437,1325,1,ibvs_active,-28.87,-2.37,29.7,0.8,29.5,1.0,29.7,1.437,-0.048,0,0,0,1,25.9,
60.486,1326,1,ibvs_active,-27.48,-2.4,29.0,0.5,29.1,0.6,29.0,1.392,-0.027,0,0,0,1,26.0,
60.533,1327,1,ibvs_active,-27.26,-2.41,12.1,0.5,15.5,0.5,12.2,0.215,-0.008,0,0,0,1,26.8,
60.583,1328,1,deadband,-27.26,-2.41,4.1,0.8,6.4,0.8,4.2,0.0,0.0,1,0,0,0,27.0,
60.622,1329,1,deadband,-27.26,-2.41,-11.8,0.7,-8.2,0.7,11.8,0.0,0.0,1,0,0,0,25.6,
60.670,1330,1,ibvs_active,-27.3,-2.41,-12.1,0.8,-11.3,0.7,12.1,-0.037,-0.002,0,0,0,1,25.1,
60.714,1331,1,ibvs_active,-27.36,-2.41,-12.2,0.8,-12.0,0.8,12.2,-0.062,-0.004,0,0,0,1,26.4,
60.764,1332,1,ibvs_active,-27.43,-2.42,-12.1,0.8,-12.1,0.8,12.2,-0.065,-0.004,0,0,0,1,26.1,
60.805,1333,1,ibvs_active,-27.49,-2.42,-12.1,0.7,-12.1,0.7,12.1,-0.064,-0.004,0,0,0,1,26.3,
60.855,1334,1,ibvs_active,-27.55,-2.43,-12.1,0.8,-12.1,0.8,12.1,-0.063,-0.004,0,0,0,1,26.4,
60.900,1335,1,ibvs_active,-27.61,-2.43,-12.0,0.8,-12.0,0.8,12.1,-0.062,-0.004,0,0,0,1,25.7,
60.947,1336,1,ibvs_active,-27.68,-2.43,-12.1,0.8,-12.1,0.8,12.1,-0.063,-0.004,0,0,0,1,26.6,
60.989,1337,1,ibvs_active,-27.74,-2.44,-12.1,0.8,-12.1,0.8,12.1,-0.063,-0.004,0,0,0,1,26.7,
61.038,1338,1,ibvs_active,-27.8,-2.44,-12.1,0.6,-12.1,0.7,12.1,-0.063,-0.004,0,0,0,1,27.3,
61.081,1339,1,ibvs_active,-27.86,-2.45,-12.0,0.8,-12.0,0.8,12.0,-0.061,-0.004,0,0,0,1,26.5,
61.131,1340,1,ibvs_active,-27.93,-2.45,-12.1,0.8,-12.1,0.8,12.1,-0.063,-0.004,0,0,0,1,26.4,
61.173,1341,1,ibvs_active,-27.99,-2.45,-12.1,0.8,-12.1,0.8,12.1,-0.064,-0.004,0,0,0,1,26.8,
61.225,1342,1,ibvs_active,-28.06,-2.46,-12.1,0.7,-12.1,0.7,12.1,-0.064,-0.004,0,0,0,1,26.3,
61.267,1343,0,tag_lost_countdown,-28.06,-2.46,,,,,,,,,,,,,0.0
61.324,1344,1,ibvs_active,-28.11,-2.48,-10.7,5.2,-11.0,4.3,11.9,-0.049,-0.019,0,0,0,1,26.8,
61.367,1345,1,ibvs_active,-28.46,-2.57,-19.1,4.7,-17.5,4.7,19.7,-0.354,-0.094,0,0,0,1,22.6,
61.415,1346,1,ibvs_active,-29.87,-2.68,-32.1,1.6,-29.2,2.2,32.2,-1.407,-0.106,0,0,0,1,26.3,
61.456,1347,0,tag_lost_countdown,-29.87,-2.68,,,,,,,,,,,,,0.0
61.504,1348,1,ibvs_active,-31.1,-3.06,-26.5,9.8,-27.0,8.3,28.2,-1.234,-0.379,0,0,0,1,24.4,
61.549,1349,0,tag_lost_countdown,-31.1,-3.06,,,,,,,,,,,,,0.0
61.594,1350,0,tag_lost_countdown,-31.1,-3.06,,,,,,,,,,,,,0.04
61.635,1351,0,tag_lost_countdown,-31.1,-3.06,,,,,,,,,,,,,0.09
61.686,1352,1,ibvs_active,-29.1,-2.66,94.6,-12.0,70.3,-8.0,95.4,2.0,0.398,0,0,0,1,20.9,
61.732,1353,0,tag_lost_countdown,-29.1,-2.66,,,,,,,,,,,,,0.0
61.782,1354,0,tag_lost_countdown,-29.1,-2.66,,,,,,,,,,,,,0.04
61.823,1355,0,tag_lost_countdown,-29.1,-2.66,,,,,,,,,,,,,0.09
61.871,1356,0,tag_lost_countdown,-29.1,-2.66,,,,,,,,,,,,,0.13
61.914,1357,0,tag_lost_countdown,-29.1,-2.66,,,,,,,,,,,,,0.18
61.962,1358,0,tag_lost_countdown,-29.1,-2.66,,,,,,,,,,,,,0.23
62.004,1359,0,tag_lost_countdown,-29.1,-2.66,,,,,,,,,,,,,0.27
62.050,1360,0,tag_lost_countdown,-29.1,-2.66,,,,,,,,,,,,,0.32
62.088,1361,0,tag_lost_countdown,-29.1,-2.66,,,,,,,,,,,,,0.36
62.137,1362,0,tag_lost_countdown,-29.1,-2.66,,,,,,,,,,,,,0.4
62.177,1363,0,tag_lost_countdown,-29.1,-2.66,,,,,,,,,,,,,0.45
62.225,1364,0,tag_lost_countdown,-29.1,-2.66,,,,,,,,,,,,,0.49
62.268,1365,0,tag_lost_countdown,-29.1,-2.66,,,,,,,,,,,,,0.54
62.319,1366,0,tag_lost_countdown,-29.1,-2.66,,,,,,,,,,,,,0.58
62.366,1367,0,tag_lost_countdown,-29.1,-2.66,,,,,,,,,,,,,0.63
62.415,1368,0,tag_lost_countdown,-29.1,-2.66,,,,,,,,,,,,,0.68
62.458,1369,0,tag_lost_countdown,-29.1,-2.66,,,,,,,,,,,,,0.73
62.504,1370,0,tag_lost_countdown,-29.1,-2.66,,,,,,,,,,,,,0.77
62.548,1371,1,ibvs_active,-28.94,-1.52,-12.8,-31.4,3.8,-26.7,33.9,0.162,1.137,0,0,0,1,25.0,
62.600,1372,1,ibvs_active,-29.63,-0.01,-18.3,-31.0,-13.9,-30.2,36.0,-0.693,1.509,0,0,0,1,25.2,
62.646,1373,1,ibvs_active,-30.37,1.52,-15.1,-30.9,-14.9,-30.7,34.4,-0.743,1.536,0,0,0,1,25.2,
62.698,1374,1,ibvs_active,-30.85,2.16,-13.7,-16.0,-14.0,-18.9,21.1,-0.472,0.64,0,0,0,1,24.6,
62.747,1375,1,ibvs_active,-31.22,2.56,-14.2,-14.0,-14.2,-15.0,20.0,-0.377,0.399,0,0,0,1,25.1,
62.797,1376,1,ibvs_active,-31.36,2.5,-12.5,11.4,-12.8,6.1,16.9,-0.134,-0.064,0,0,0,1,26.2,
62.842,1377,1,ibvs_active,-31.52,2.36,-11.7,11.1,-11.9,10.1,16.1,-0.166,-0.141,0,0,0,1,24.9,
62.890,1378,1,ibvs_active,-31.88,2.05,-15.7,13.5,-14.9,12.8,20.7,-0.361,-0.309,0,0,0,1,25.6,
62.931,1379,0,tag_lost_countdown,-31.88,2.05,,,,,,,,,,,,,0.0
62.982,1380,1,ibvs_active,-32.12,1.59,-7.9,19.3,-9.3,18.0,20.8,-0.238,-0.46,0,0,0,1,25.3,
63.023,1381,1,ibvs_active,-32.15,1.41,-1.0,13.7,-2.6,14.6,13.8,-0.032,-0.176,0,0,0,1,24.5,
63.071,1382,1,ibvs_active,-32.18,1.3,-3.4,12.5,-3.2,12.9,13.0,-0.027,-0.107,0,0,0,1,25.7,
63.115,1383,1,ibvs_active,-32.22,1.15,-4.1,14.2,-3.9,13.9,14.8,-0.044,-0.156,0,0,0,1,25.2,
63.164,1384,1,deadband,-32.22,1.15,-3.5,8.9,-3.6,9.9,9.5,0.0,0.0,1,0,0,0,25.4,
63.210,1385,1,deadband,-32.22,1.15,-3.4,7.8,-3.5,8.2,8.5,0.0,0.0,1,0,0,0,25.5,
63.259,1386,1,deadband,-32.22,1.15,-3.3,7.9,-3.3,7.9,8.5,0.0,0.0,1,0,0,0,25.5,
63.303,1387,1,deadband,-32.22,1.15,1.3,7.5,0.3,7.6,7.6,0.0,0.0,1,0,0,0,25.7,
63.350,1388,1,deadband,-32.22,1.15,1.6,7.6,1.3,7.6,7.7,0.0,0.0,1,0,0,0,25.3,
63.394,1389,1,deadband,-32.22,1.15,1.7,7.5,1.6,7.5,7.7,0.0,0.0,1,0,0,0,25.5,
63.443,1390,1,deadband,-32.22,1.15,1.6,7.5,1.6,7.5,7.7,0.0,0.0,1,0,0,0,24.1,
63.486,1391,1,deadband,-32.22,1.15,1.6,7.5,1.6,7.5,7.7,0.0,0.0,1,0,0,0,24.9,
63.535,1392,1,deadband,-32.22,1.15,1.6,7.5,1.6,7.5,7.6,0.0,0.0,1,0,0,0,25.0,
63.582,1393,1,deadband,-32.22,1.15,1.6,7.5,1.6,7.5,7.7,0.0,0.0,1,0,0,0,26.0,
63.631,1394,1,deadband,-32.22,1.15,1.6,7.5,1.6,7.5,7.7,0.0,0.0,1,0,0,0,25.7,
63.679,1395,1,deadband,-32.22,1.15,1.6,7.5,1.6,7.5,7.7,0.0,0.0,1,0,0,0,25.8,
63.726,1396,1,deadband,-32.22,1.15,1.6,7.5,1.6,7.5,7.7,0.0,0.0,1,0,0,0,25.9,
63.768,1397,1,deadband,-32.22,1.15,1.6,7.5,1.6,7.5,7.7,0.0,0.0,1,0,0,0,26.4,
63.820,1398,1,deadband,-32.22,1.15,1.6,7.4,1.6,7.5,7.6,0.0,0.0,1,0,0,0,25.4,
63.865,1399,1,deadband,-32.22,1.15,1.7,7.5,1.7,7.5,7.7,0.0,0.0,1,0,0,0,26.0,
63.914,1400,1,deadband,-32.22,1.15,1.7,7.5,1.7,7.5,7.7,0.0,0.0,1,0,0,0,26.4,
63.957,1401,1,deadband,-32.22,1.15,1.6,7.5,1.6,7.5,7.7,0.0,0.0,1,0,0,0,25.6,
64.005,1402,1,deadband,-32.22,1.15,1.7,7.5,1.7,7.5,7.7,0.0,0.0,1,0,0,0,25.8,
64.050,1403,1,deadband,-32.22,1.15,1.6,7.4,1.6,7.4,7.6,0.0,0.0,1,0,0,0,25.8,
64.099,1404,1,deadband,-32.22,1.15,1.7,7.6,1.7,7.6,7.8,0.0,0.0,1,0,0,0,25.9,
64.141,1405,1,deadband,-32.22,1.15,1.7,7.5,1.7,7.5,7.7,0.0,0.0,1,0,0,0,26.0,
64.192,1406,1,deadband,-32.22,1.15,1.6,7.5,1.6,7.5,7.7,0.0,0.0,1,0,0,0,25.4,
64.236,1407,1,deadband,-32.22,1.15,1.7,7.4,1.7,7.5,7.6,0.0,0.0,1,0,0,0,24.2,
64.285,1408,1,deadband,-32.22,1.15,1.7,7.4,1.7,7.4,7.6,0.0,0.0,1,0,0,0,25.7,
64.328,1409,1,deadband,-32.22,1.15,1.6,7.5,1.7,7.5,7.6,0.0,0.0,1,0,0,0,26.1,
64.377,1410,1,deadband,-32.22,1.15,1.7,7.4,1.7,7.4,7.6,0.0,0.0,1,0,0,0,24.7,
64.420,1411,1,deadband,-32.22,1.15,1.6,7.5,1.6,7.5,7.7,0.0,0.0,1,0,0,0,26.2,
64.469,1412,1,deadband,-32.22,1.15,1.7,7.5,1.7,7.5,7.7,0.0,0.0,1,0,0,0,27.0,
64.512,1413,1,deadband,-32.22,1.15,1.6,7.6,1.6,7.6,7.7,0.0,0.0,1,0,0,0,24.7,
64.560,1414,1,deadband,-32.22,1.15,1.7,7.5,1.7,7.5,7.7,0.0,0.0,1,0,0,0,25.2,
64.604,1415,1,deadband,-32.22,1.15,1.7,7.4,1.7,7.4,7.6,0.0,0.0,1,0,0,0,25.0,
64.654,1416,1,deadband,-32.22,1.15,1.6,7.5,1.6,7.4,7.6,0.0,0.0,1,0,0,0,24.9,
64.697,1417,1,deadband,-32.22,1.15,1.6,7.5,1.6,7.5,7.7,0.0,0.0,1,0,0,0,26.4,
64.747,1418,1,deadband,-32.22,1.15,1.7,7.5,1.7,7.5,7.7,0.0,0.0,1,0,0,0,24.0,
64.789,1419,1,deadband,-32.22,1.15,1.6,7.5,1.6,7.5,7.6,0.0,0.0,1,0,0,0,25.4,
64.838,1420,1,deadband,-32.22,1.15,1.7,7.5,1.7,7.5,7.7,0.0,0.0,1,0,0,0,25.9,
64.881,1421,1,deadband,-32.22,1.15,1.6,7.5,1.6,7.5,7.6,0.0,0.0,1,0,0,0,27.0,
64.932,1422,1,deadband,-32.22,1.15,1.6,7.5,1.6,7.5,7.7,0.0,0.0,1,0,0,0,25.0,
64.975,1423,1,deadband,-32.22,1.15,1.7,7.5,1.7,7.5,7.7,0.0,0.0,1,0,0,0,25.0,
65.023,1424,1,deadband,-32.22,1.15,1.7,7.5,1.7,7.5,7.7,0.0,0.0,1,0,0,0,25.9,
65.067,1425,1,deadband,-32.22,1.15,1.8,7.5,1.7,7.5,7.7,0.0,0.0,1,0,0,0,25.7,
65.116,1426,1,deadband,-32.22,1.15,1.6,7.5,1.6,7.5,7.7,0.0,0.0,1,0,0,0,26.3,
65.159,1427,1,deadband,-32.22,1.15,1.7,7.5,1.7,7.5,7.7,0.0,0.0,1,0,0,0,25.8,
65.209,1428,1,deadband,-32.22,1.15,1.7,7.5,1.7,7.5,7.7,0.0,0.0,1,0,0,0,25.8,
65.254,1429,1,deadband,-32.22,1.15,1.7,7.5,1.7,7.5,7.7,0.0,0.0,1,0,0,0,26.5,
65.304,1430,1,deadband,-32.22,1.15,1.6,7.5,1.7,7.5,7.7,0.0,0.0,1,0,0,0,25.5,
65.348,1431,1,deadband,-32.22,1.15,1.7,7.6,1.7,7.6,7.7,0.0,0.0,1,0,0,0,25.7,
65.398,1432,1,deadband,-32.22,1.15,1.6,7.5,1.6,7.5,7.7,0.0,0.0,1,0,0,0,25.4,
65.440,1433,1,deadband,-32.22,1.15,1.7,7.5,1.7,7.5,7.7,0.0,0.0,1,0,0,0,26.1,
65.489,1434,1,deadband,-32.22,1.15,1.7,7.4,1.7,7.5,7.6,0.0,0.0,1,0,0,0,25.5,
65.532,1435,1,deadband,-32.22,1.15,1.7,7.5,1.7,7.5,7.7,0.0,0.0,1,0,0,0,26.3,
65.582,1436,1,deadband,-32.22,1.15,1.7,7.5,1.7,7.5,7.6,0.0,0.0,1,0,0,0,25.5,
65.626,1437,1,deadband,-32.22,1.15,1.7,7.5,1.7,7.5,7.6,0.0,0.0,1,0,0,0,25.5,
65.674,1438,1,deadband,-32.22,1.15,1.7,7.5,1.7,7.5,7.7,0.0,0.0,1,0,0,0,25.3,
65.717,1439,1,deadband,-32.22,1.15,1.7,7.4,1.7,7.4,7.6,0.0,0.0,1,0,0,0,26.5,
65.765,1440,1,deadband,-32.22,1.15,1.7,7.6,1.7,7.5,7.7,0.0,0.0,1,0,0,0,24.7,
65.807,1441,1,deadband,-32.22,1.15,1.7,7.5,1.7,7.5,7.7,0.0,0.0,1,0,0,0,26.0,
65.857,1442,1,deadband,-32.22,1.15,1.7,7.5,1.7,7.5,7.6,0.0,0.0,1,0,0,0,26.9,
65.901,1443,1,deadband,-32.22,1.15,1.6,7.4,1.6,7.4,7.6,0.0,0.0,1,0,0,0,26.2,
65.949,1444,1,deadband,-32.22,1.15,1.7,7.4,1.7,7.4,7.6,0.0,0.0,1,0,0,0,25.6,
65.993,1445,1,deadband,-32.22,1.15,1.6,7.5,1.6,7.5,7.6,0.0,0.0,1,0,0,0,26.0,
66.043,1446,1,deadband,-32.22,1.15,1.7,7.5,1.7,7.5,7.7,0.0,0.0,1,0,0,0,25.7,
66.086,1447,1,deadband,-32.22,1.15,1.6,7.5,1.7,7.5,7.7,0.0,0.0,1,0,0,0,25.5,
66.136,1448,1,deadband,-32.22,1.15,1.7,7.4,1.7,7.5,7.6,0.0,0.0,1,0,0,0,26.9,
66.182,1449,1,deadband,-32.22,1.15,1.7,7.5,1.7,7.5,7.7,0.0,0.0,1,0,0,0,25.3,
66.230,1450,1,deadband,-32.22,1.15,1.7,7.4,1.7,7.4,7.6,0.0,0.0,1,0,0,0,26.1,
66.275,1451,1,deadband,-32.22,1.15,1.6,7.5,1.6,7.5,7.6,0.0,0.0,1,0,0,0,27.0,
66.323,1452,1,deadband,-32.22,1.15,1.7,7.4,1.6,7.5,7.6,0.0,0.0,1,0,0,0,26.0,
66.367,1453,1,deadband,-32.22,1.15,1.6,7.4,1.6,7.4,7.6,0.0,0.0,1,0,0,0,26.2,
66.416,1454,1,deadband,-32.22,1.15,1.7,7.4,1.7,7.4,7.6,0.0,0.0,1,0,0,0,26.0,
66.460,1455,1,deadband,-32.22,1.15,1.7,7.4,1.7,7.4,7.6,0.0,0.0,1,0,0,0,24.9,
66.508,1456,1,deadband,-32.22,1.15,1.6,7.5,1.6,7.5,7.7,0.0,0.0,1,0,0,0,24.2,
66.552,1457,1,deadband,-32.22,1.15,1.7,7.5,1.7,7.5,7.7,0.0,0.0,1,0,0,0,25.7,
66.602,1458,1,deadband,-32.22,1.15,1.6,7.4,1.6,7.5,7.6,0.0,0.0,1,0,0,0,25.2,
66.643,1459,1,deadband,-32.22,1.15,1.7,7.5,1.7,7.5,7.7,0.0,0.0,1,0,0,0,25.7,
66.692,1460,1,deadband,-32.22,1.15,1.6,7.5,1.6,7.5,7.7,0.0,0.0,1,0,0,0,24.9,
66.736,1461,1,deadband,-32.22,1.15,1.6,7.6,1.6,7.6,7.8,0.0,0.0,1,0,0,0,24.8,
66.784,1462,1,deadband,-32.22,1.15,1.7,7.3,1.7,7.4,7.5,0.0,0.0,1,0,0,0,25.3,
66.828,1463,1,deadband,-32.22,1.15,1.7,7.5,1.7,7.5,7.7,0.0,0.0,1,0,0,0,25.7,
66.879,1464,1,deadband,-32.22,1.15,1.7,7.5,1.7,7.5,7.6,0.0,0.0,1,0,0,0,26.1,
66.923,1465,1,deadband,-32.22,1.15,1.6,7.5,1.6,7.5,7.6,0.0,0.0,1,0,0,0,26.1,
66.971,1466,1,deadband,-32.22,1.15,1.7,7.4,1.7,7.4,7.6,0.0,0.0,1,0,0,0,26.1,
67.014,1467,1,deadband,-32.22,1.15,1.6,7.5,1.6,7.5,7.7,0.0,0.0,1,0,0,0,25.6,
67.064,1468,1,deadband,-32.22,1.15,1.7,7.5,1.7,7.5,7.7,0.0,0.0,1,0,0,0,25.0,
67.107,1469,1,deadband,-32.22,1.15,1.6,7.4,1.6,7.5,7.6,0.0,0.0,1,0,0,0,25.0,
67.157,1470,1,deadband,-32.22,1.15,1.7,7.5,1.7,7.5,7.7,0.0,0.0,1,0,0,0,25.3,
67.201,1471,1,deadband,-32.22,1.15,1.7,7.5,1.7,7.5,7.6,0.0,0.0,1,0,0,0,26.0,
67.256,1472,1,deadband,-32.22,1.15,1.6,7.4,1.6,7.4,7.6,0.0,0.0,1,0,0,0,25.2,
67.299,1473,1,deadband,-32.22,1.15,1.7,7.5,1.7,7.4,7.6,0.0,0.0,1,0,0,0,26.0,
67.347,1474,1,deadband,-32.22,1.15,1.6,7.5,1.7,7.5,7.7,0.0,0.0,1,0,0,0,26.2,
67.390,1475,1,deadband,-32.22,1.15,1.6,7.4,1.6,7.4,7.6,0.0,0.0,1,0,0,0,26.5,
67.439,1476,1,deadband,-32.22,1.15,1.7,7.5,1.7,7.5,7.7,0.0,0.0,1,0,0,0,26.3,
67.482,1477,1,deadband,-32.22,1.15,1.7,7.5,1.7,7.5,7.7,0.0,0.0,1,0,0,0,26.0,
67.532,1478,1,deadband,-32.22,1.15,1.7,7.4,1.7,7.5,7.6,0.0,0.0,1,0,0,0,26.0,
67.579,1479,1,deadband,-32.22,1.15,1.7,7.4,1.7,7.4,7.6,0.0,0.0,1,0,0,0,24.9,
67.628,1480,1,deadband,-32.22,1.15,1.7,7.5,1.7,7.5,7.7,0.0,0.0,1,0,0,0,25.4,
67.671,1481,1,deadband,-32.22,1.15,1.6,7.5,1.6,7.5,7.7,0.0,0.0,1,0,0,0,26.1,
67.720,1482,1,deadband,-32.22,1.15,1.7,7.5,1.7,7.5,7.7,0.0,0.0,1,0,0,0,26.1,
67.764,1483,1,deadband,-32.22,1.15,1.6,7.5,1.6,7.5,7.7,0.0,0.0,1,0,0,0,24.0,
67.814,1484,1,deadband,-32.22,1.15,1.7,7.5,1.7,7.5,7.7,0.0,0.0,1,0,0,0,25.7,
67.857,1485,1,deadband,-32.22,1.15,1.7,7.4,1.7,7.4,7.6,0.0,0.0,1,0,0,0,24.7,
67.908,1486,1,deadband,-32.22,1.15,1.7,7.4,1.7,7.4,7.6,0.0,0.0,1,0,0,0,26.7,
67.952,1487,1,deadband,-32.22,1.15,1.7,7.5,1.7,7.5,7.7,0.0,0.0,1,0,0,0,25.9,
68.003,1488,1,deadband,-32.22,1.15,1.6,7.5,1.6,7.5,7.6,0.0,0.0,1,0,0,0,26.8,
68.045,1489,1,deadband,-32.22,1.15,1.7,7.5,1.7,7.5,7.7,0.0,0.0,1,0,0,0,26.1,
68.095,1490,1,deadband,-32.22,1.15,1.6,7.5,1.6,7.5,7.7,0.0,0.0,1,0,0,0,25.7,
68.139,1491,1,deadband,-32.22,1.15,1.6,7.5,1.6,7.5,7.7,0.0,0.0,1,0,0,0,26.1,
68.187,1492,1,deadband,-32.22,1.15,1.7,7.4,1.7,7.4,7.6,0.0,0.0,1,0,0,0,25.9,
68.230,1493,1,deadband,-32.22,1.15,1.7,7.5,1.7,7.5,7.7,0.0,0.0,1,0,0,0,25.0,
68.278,1494,1,deadband,-32.22,1.15,1.8,7.5,1.8,7.5,7.7,0.0,0.0,1,0,0,0,25.2,
68.321,1495,1,deadband,-32.22,1.15,1.7,7.5,1.7,7.5,7.7,0.0,0.0,1,0,0,0,25.2,
68.371,1496,1,deadband,-32.22,1.15,1.7,7.4,1.7,7.4,7.6,0.0,0.0,1,0,0,0,25.9,
68.416,1497,1,deadband,-32.22,1.15,1.7,7.4,1.7,7.4,7.6,0.0,0.0,1,0,0,0,26.3,
68.464,1498,1,deadband,-32.22,1.15,1.6,7.4,1.6,7.4,7.6,0.0,0.0,1,0,0,0,25.4,
68.508,1499,1,deadband,-32.22,1.15,1.7,7.5,1.7,7.4,7.6,0.0,0.0,1,0,0,0,25.9,
68.557,1500,1,deadband,-32.22,1.15,1.6,7.5,1.6,7.5,7.7,0.0,0.0,1,0,0,0,26.0,
68.601,1501,1,deadband,-32.22,1.15,1.6,7.4,1.6,7.4,7.6,0.0,0.0,1,0,0,0,26.2,
68.652,1502,1,deadband,-32.22,1.15,1.7,7.4,1.7,7.4,7.6,0.0,0.0,1,0,0,0,26.7,
68.695,1503,1,deadband,-32.22,1.15,1.6,7.5,1.6,7.5,7.6,0.0,0.0,1,0,0,0,25.8,
68.744,1504,1,deadband,-32.22,1.15,1.7,7.5,1.7,7.5,7.7,0.0,0.0,1,0,0,0,26.2,
68.789,1505,1,deadband,-32.22,1.15,1.7,7.4,1.7,7.4,7.6,0.0,0.0,1,0,0,0,26.3,
68.839,1506,1,deadband,-32.22,1.15,1.7,7.4,1.7,7.4,7.6,0.0,0.0,1,0,0,0,26.2,
68.880,1507,1,deadband,-32.22,1.15,1.7,7.4,1.7,7.4,7.6,0.0,0.0,1,0,0,0,25.9,
68.928,1508,1,deadband,-32.22,1.15,1.7,7.5,1.7,7.5,7.7,0.0,0.0,1,0,0,0,26.4,
68.973,1509,1,deadband,-32.22,1.15,1.6,7.5,1.6,7.5,7.7,0.0,0.0,1,0,0,0,25.9,
69.022,1510,1,deadband,-32.22,1.15,1.6,7.5,1.6,7.5,7.6,0.0,0.0,1,0,0,0,26.0,
69.064,1511,1,deadband,-32.22,1.15,1.6,7.5,1.6,7.5,7.7,0.0,0.0,1,0,0,0,27.2,
69.115,1512,1,deadband,-32.22,1.15,1.6,6.4,1.6,6.6,6.6,0.0,0.0,1,0,0,0,26.1,
69.156,1513,1,ibvs_active,-32.34,1.11,-16.5,3.8,-12.9,4.3,16.9,-0.115,-0.039,0,0,0,1,25.9,
69.208,1514,1,ibvs_active,-33.44,0.86,-29.5,6.3,-26.1,5.9,30.1,-1.097,-0.247,0,0,0,1,25.7,
69.249,1515,0,tag_lost_countdown,-33.44,0.86,,,,,,,,,,,,,0.0
69.298,1516,0,tag_lost_countdown,-33.44,0.86,,,,,,,,,,,,,0.04
69.343,1517,1,ibvs_active,-35.44,0.34,-104.1,11.5,-88.5,10.4,104.8,-2.0,-0.52,0,0,0,1,26.5,
69.389,1518,0,tag_lost_countdown,-35.44,0.34,,,,,,,,,,,,,0.0
69.433,1519,0,tag_lost_countdown,-35.44,0.34,,,,,,,,,,,,,0.05
69.477,1520,0,tag_lost_countdown,-35.44,0.34,,,,,,,,,,,,,0.09
69.519,1521,0,tag_lost_countdown,-35.44,0.34,,,,,,,,,,,,,0.13
69.563,1522,0,tag_lost_countdown,-35.44,0.34,,,,,,,,,,,,,0.18
69.602,1523,0,tag_lost_countdown,-35.44,0.34,,,,,,,,,,,,,0.22
69.650,1524,0,tag_lost_countdown,-35.44,0.34,,,,,,,,,,,,,0.26
69.689,1525,0,tag_lost_countdown,-35.44,0.34,,,,,,,,,,,,,0.31
69.733,1526,0,tag_lost_countdown,-35.44,0.34,,,,,,,,,,,,,0.35
69.774,1527,0,tag_lost_countdown,-35.44,0.34,,,,,,,,,,,,,0.39
69.819,1528,0,tag_lost_countdown,-35.44,0.34,,,,,,,,,,,,,0.43
69.858,1529,0,tag_lost_countdown,-35.44,0.34,,,,,,,,,,,,,0.48
69.902,1530,0,tag_lost_countdown,-35.44,0.34,,,,,,,,,,,,,0.51
69.941,1531,0,tag_lost_countdown,-35.44,0.34,,,,,,,,,,,,,0.56
69.986,1532,0,tag_lost_countdown,-35.44,0.34,,,,,,,,,,,,,0.6
70.030,1533,0,tag_lost_countdown,-35.44,0.34,,,,,,,,,,,,,0.64
70.076,1534,0,tag_lost_countdown,-35.44,0.34,,,,,,,,,,,,,0.69
70.115,1535,0,tag_lost_countdown,-35.44,0.34,,,,,,,,,,,,,0.73
70.160,1536,0,tag_lost_countdown,-35.44,0.34,,,,,,,,,,,,,0.77
70.202,1537,0,tag_lost_countdown,-35.44,0.34,,,,,,,,,,,,,0.82
70.247,1538,0,tag_lost_countdown,-35.44,0.34,,,,,,,,,,,,,0.86
70.287,1539,0,tag_lost_countdown,-35.44,0.34,,,,,,,,,,,,,0.9
70.333,1540,0,tag_lost_countdown,-35.44,0.34,,,,,,,,,,,,,0.94
70.373,1541,0,tag_lost_countdown,-35.44,0.34,,,,,,,,,,,,,0.99
70.417,1542,0,tag_lost_countdown,-35.44,0.34,,,,,,,,,,,,,1.03
70.457,1543,0,tag_lost_countdown,-35.44,0.34,,,,,,,,,,,,,1.07
70.503,1544,0,tag_lost_countdown,-35.44,0.34,,,,,,,,,,,,,1.11
70.545,1545,0,tag_lost_countdown,-35.44,0.34,,,,,,,,,,,,,1.16
70.588,1546,0,tag_lost_countdown,-35.44,0.34,,,,,,,,,,,,,1.2
70.628,1547,0,tag_lost_countdown,-35.44,0.34,,,,,,,,,,,,,1.25
70.673,1548,0,tag_lost_countdown,-35.44,0.34,,,,,,,,,,,,,1.29
70.714,1549,0,tag_lost_countdown,-35.44,0.34,,,,,,,,,,,,,1.33
70.757,1550,0,tag_lost_countdown,-35.44,0.34,,,,,,,,,,,,,1.37
70.801,1551,0,tag_lost_countdown,-35.44,0.34,,,,,,,,,,,,,1.41
70.845,1552,0,tag_lost_countdown,-35.44,0.34,,,,,,,,,,,,,1.46
70.883,1553,0,tag_lost_countdown,-35.44,0.34,,,,,,,,,,,,,1.5
70.935,1554,0,tag_lost_countdown,-35.44,0.34,,,,,,,,,,,,,1.54
70.977,1555,0,tag_lost_countdown,-35.44,0.34,,,,,,,,,,,,,1.59
71.023,1556,0,tag_lost_countdown,-35.44,0.34,,,,,,,,,,,,,1.63
71.063,1557,0,tag_lost_countdown,-35.44,0.34,,,,,,,,,,,,,1.68
71.110,1558,0,tag_lost_countdown,-35.44,0.34,,,,,,,,,,,,,1.72
71.149,1559,0,tag_lost_countdown,-35.44,0.34,,,,,,,,,,,,,1.77
71.196,1560,0,tag_lost_countdown,-35.44,0.34,,,,,,,,,,,,,1.81
71.240,1561,0,tag_lost_countdown,-35.44,0.34,,,,,,,,,,,,,1.85
71.286,1562,0,tag_lost_countdown,-35.44,0.34,,,,,,,,,,,,,1.9
71.326,1563,0,tag_lost_countdown,-35.44,0.34,,,,,,,,,,,,,1.94
71.371,1564,0,tag_lost_countdown,-35.44,0.34,,,,,,,,,,,,,1.98
71.412,1565,0,tag_lost_countdown,-35.44,0.34,,,,,,,,,,,,,2.03
71.459,1566,0,tag_lost_countdown,-35.44,0.34,,,,,,,,,,,,,2.07
71.501,1567,0,tag_lost_countdown,-35.44,0.34,,,,,,,,,,,,,2.12
71.545,1568,0,tag_lost_countdown,-35.44,0.34,,,,,,,,,,,,,2.16
71.587,1569,0,tag_lost_countdown,-35.44,0.34,,,,,,,,,,,,,2.2
71.632,1570,0,tag_lost_countdown,-35.44,0.34,,,,,,,,,,,,,2.24
71.672,1571,0,tag_lost_countdown,-35.44,0.34,,,,,,,,,,,,,2.29
71.718,1572,0,tag_lost_countdown,-35.44,0.34,,,,,,,,,,,,,2.33
71.756,1573,0,tag_lost_countdown,-35.44,0.34,,,,,,,,,,,,,2.37
71.802,1574,0,tag_lost_countdown,-35.44,0.34,,,,,,,,,,,,,2.41
71.842,1575,0,tag_lost_countdown,-35.44,0.34,,,,,,,,,,,,,2.46
71.890,1576,1,ibvs_active,-37.44,-0.82,-229.2,26.6,-201.1,23.3,230.7,-2.0,-1.166,0,0,0,1,21.7,
71.931,1577,1,ibvs_active,-39.44,-1.86,-211.6,20.0,-209.5,20.7,212.5,-2.0,-1.033,0,0,0,1,21.3,
71.975,1578,0,tag_lost_countdown,-39.44,-1.86,,,,,,,,,,,,,0.0
72.016,1579,0,tag_lost_countdown,-39.44,-1.86,,,,,,,,,,,,,0.04
72.061,1580,0,tag_lost_countdown,-39.44,-1.86,,,,,,,,,,,,,0.08
72.102,1581,0,tag_lost_countdown,-39.44,-1.86,,,,,,,,,,,,,0.13
72.146,1582,0,tag_lost_countdown,-39.44,-1.86,,,,,,,,,,,,,0.17
72.191,1583,0,tag_lost_countdown,-39.44,-1.86,,,,,,,,,,,,,0.21
72.243,1584,1,ibvs_active,-41.44,-1.56,-21.7,-12.6,-59.3,-5.9,25.1,-2.0,0.295,0,0,0,1,25.5,
72.288,1585,1,ibvs_active,-42.68,-1.07,-18.4,-11.7,-26.6,-10.5,21.8,-1.238,0.489,0,0,0,1,25.9,
72.347,1586,1,ibvs_active,-43.43,-0.67,-20.0,-11.6,-21.3,-11.4,23.1,-0.757,0.403,0,0,0,1,26.2,
72.393,1587,1,ibvs_active,-43.44,-0.62,2.1,-11.3,-2.6,-11.3,11.5,-0.011,0.046,0,0,0,1,26.1,
72.449,1588,1,ibvs_active,-43.41,-0.57,8.8,-9.9,6.5,-10.2,13.2,0.034,0.053,0,0,0,1,25.0,
72.495,1589,1,ibvs_active,-43.15,-0.48,18.1,-3.9,15.7,-5.2,18.5,0.259,0.085,0,0,0,1,25.5,
72.548,1590,1,ibvs_active,-42.78,-0.4,18.3,-3.7,17.8,-4.0,18.7,0.368,0.082,0,0,0,1,25.6,
72.594,1591,1,ibvs_active,-42.4,-0.32,18.2,-3.7,18.1,-3.8,18.5,0.384,0.08,0,0,0,1,26.6,
72.644,1592,1,ibvs_active,-42.01,-0.24,18.2,-3.7,18.2,-3.7,18.5,0.387,0.08,0,0,0,1,26.1,
72.689,1593,1,ibvs_active,-41.62,-0.16,18.2,-3.8,18.2,-3.8,18.6,0.39,0.082,0,0,0,1,26.5,
72.744,1594,1,ibvs_active,-41.26,-0.08,17.7,-3.9,17.8,-3.8,18.1,0.366,0.079,0,0,0,1,25.7,
72.788,1595,1,ibvs_active,-41.04,-0.02,14.5,-4.7,15.1,-4.5,15.2,0.219,0.065,0,0,0,1,26.8,
72.840,1596,1,ibvs_active,-40.85,0.04,14.4,-4.6,14.6,-4.6,15.1,0.191,0.06,0,0,0,1,25.6,
72.884,1597,1,deadband,-40.85,0.04,7.4,-5.3,8.9,-5.2,9.1,0.0,0.0,1,0,0,0,24.8,
72.935,1598,1,deadband,-40.85,0.04,7.2,-5.3,7.6,-5.3,9.0,0.0,0.0,1,0,0,0,25.2,
72.979,1599,1,deadband,-40.85,0.04,7.3,-5.4,7.3,-5.4,9.1,0.0,0.0,1,0,0,0,25.7,
73.031,1600,1,deadband,-40.85,0.04,7.0,-5.2,7.1,-5.2,8.7,0.0,0.0,1,0,0,0,24.2,
73.076,1601,1,deadband,-40.85,0.04,7.1,-5.3,7.1,-5.2,8.8,0.0,0.0,1,0,0,0,26.5,
73.127,1602,1,deadband,-40.85,0.04,7.2,-5.4,7.2,-5.3,9.0,0.0,0.0,1,0,0,0,25.2,
73.170,1603,1,deadband,-40.85,0.04,7.1,-5.4,7.1,-5.4,8.9,0.0,0.0,1,0,0,0,24.7,
73.219,1604,1,deadband,-40.85,0.04,7.1,-5.2,7.1,-5.3,8.8,0.0,0.0,1,0,0,0,25.6,
73.264,1605,1,deadband,-40.85,0.04,7.0,-5.2,7.0,-5.2,8.7,0.0,0.0,1,0,0,0,26.3,
73.313,1606,1,deadband,-40.85,0.04,7.1,-5.3,7.1,-5.3,8.8,0.0,0.0,1,0,0,0,25.7,
73.355,1607,1,deadband,-40.85,0.04,7.1,-5.3,7.1,-5.3,8.8,0.0,0.0,1,0,0,0,25.0,
73.406,1608,1,deadband,-40.85,0.04,6.9,-5.2,7.0,-5.2,8.6,0.0,0.0,1,0,0,0,25.8,
73.450,1609,1,deadband,-40.85,0.04,7.0,-1.3,7.0,-2.1,7.1,0.0,0.0,1,0,0,0,25.0,
73.500,1610,1,deadband,-40.85,0.04,7.3,0.0,7.2,-0.4,7.3,0.0,0.0,1,0,0,0,27.6,
73.544,1611,1,deadband,-40.85,0.04,7.3,0.1,7.3,0.0,7.3,0.0,0.0,1,0,0,0,25.6,
73.592,1612,1,deadband,-40.85,0.04,7.3,0.0,7.3,0.0,7.3,0.0,0.0,1,0,0,0,27.3,
73.635,1613,1,deadband,-40.85,0.04,7.2,0.0,7.2,0.0,7.2,0.0,0.0,1,0,0,0,26.6,
73.686,1614,1,deadband,-40.85,0.04,7.4,0.1,7.3,0.1,7.4,0.0,0.0,1,0,0,0,25.9,
73.730,1615,1,deadband,-40.85,0.04,7.3,0.1,7.3,0.1,7.3,0.0,0.0,1,0,0,0,27.1,
73.782,1616,1,deadband,-40.85,0.04,7.3,0.1,7.3,0.1,7.3,0.0,0.0,1,0,0,0,27.5,
73.826,1617,1,deadband,-40.85,0.04,7.2,0.1,7.3,0.1,7.2,0.0,0.0,1,0,0,0,27.6,
73.875,1618,1,deadband,-40.85,0.04,7.3,0.1,7.3,0.1,7.3,0.0,0.0,1,0,0,0,28.1,
73.926,1619,1,deadband,-40.85,0.04,7.3,0.1,7.3,0.1,7.3,0.0,0.0,1,0,0,0,26.8,
73.976,1620,1,deadband,-40.85,0.04,7.3,0.1,7.3,0.1,7.3,0.0,0.0,1,0,0,0,26.9,
74.021,1621,1,deadband,-40.85,0.04,7.3,0.1,7.3,0.1,7.3,0.0,0.0,1,0,0,0,27.2,
74.073,1622,1,deadband,-40.85,0.04,7.3,0.2,7.3,0.2,7.3,0.0,0.0,1,0,0,0,27.8,
74.118,1623,1,deadband,-40.85,0.04,7.3,0.1,7.3,0.1,7.3,0.0,0.0,1,0,0,0,26.6,
74.168,1624,1,deadband,-40.85,0.04,7.4,0.0,7.4,0.1,7.4,0.0,0.0,1,0,0,0,26.6,
74.212,1625,1,deadband,-40.85,0.04,7.4,0.1,7.4,0.1,7.4,0.0,0.0,1,0,0,0,25.3,
74.261,1626,1,deadband,-40.85,0.04,7.3,0.1,7.3,0.1,7.3,0.0,0.0,1,0,0,0,25.8,
74.309,1627,1,deadband,-40.85,0.04,7.4,0.0,7.4,0.1,7.4,0.0,0.0,1,0,0,0,25.0,
74.357,1628,1,deadband,-40.85,0.04,7.3,0.1,7.3,0.1,7.3,0.0,0.0,1,0,0,0,26.2,
74.402,1629,1,deadband,-40.85,0.04,7.3,0.1,7.3,0.1,7.3,0.0,0.0,1,0,0,0,25.5,
74.451,1630,1,deadband,-40.85,0.04,7.3,0.0,7.3,0.0,7.3,0.0,0.0,1,0,0,0,25.9,
74.497,1631,1,deadband,-40.85,0.04,7.4,0.1,7.4,0.1,7.4,0.0,0.0,1,0,0,0,26.8,
74.547,1632,1,ibvs_active,-40.81,0.04,12.3,-0.1,11.3,-0.0,12.3,0.038,0.0,0,0,0,1,26.0,
74.589,1633,1,ibvs_active,-40.37,-0.06,20.7,5.4,18.8,4.3,21.4,0.439,-0.1,0,0,0,1,26.6,
74.638,1634,1,ibvs_active,-38.66,-0.42,38.0,7.9,34.2,7.2,38.9,1.71,-0.36,0,0,0,1,21.6,
74.678,1635,0,tag_lost_countdown,-38.66,-0.42,,,,,,,,,,,,,0.0
74.729,1636,0,tag_lost_countdown,-38.66,-0.42,,,,,,,,,,,,,0.04
74.770,1637,0,tag_lost_countdown,-38.66,-0.42,,,,,,,,,,,,,0.09
74.816,1638,0,tag_lost_countdown,-38.66,-0.42,,,,,,,,,,,,,0.13
74.860,1639,0,tag_lost_countdown,-38.66,-0.42,,,,,,,,,,,,,0.18
74.907,1640,0,tag_lost_countdown,-38.66,-0.42,,,,,,,,,,,,,0.22
74.947,1641,0,tag_lost_countdown,-38.66,-0.42,,,,,,,,,,,,,0.27
74.993,1642,0,tag_lost_countdown,-38.66,-0.42,,,,,,,,,,,,,0.31
75.033,1643,0,tag_lost_countdown,-38.66,-0.42,,,,,,,,,,,,,0.36
75.079,1644,0,tag_lost_countdown,-38.66,-0.42,,,,,,,,,,,,,0.4
75.124,1645,0,tag_lost_countdown,-38.66,-0.42,,,,,,,,,,,,,0.44
75.175,1646,0,tag_lost_countdown,-38.66,-0.42,,,,,,,,,,,,,0.49
75.217,1647,0,tag_lost_countdown,-38.66,-0.42,,,,,,,,,,,,,0.54
75.264,1648,0,tag_lost_countdown,-38.66,-0.42,,,,,,,,,,,,,0.58
75.308,1649,0,tag_lost_countdown,-38.66,-0.42,,,,,,,,,,,,,0.63
75.361,1650,0,tag_lost_countdown,-38.66,-0.42,,,,,,,,,,,,,0.67
75.406,1651,0,tag_lost_countdown,-38.66,-0.42,,,,,,,,,,,,,0.72
75.453,1652,0,tag_lost_countdown,-38.66,-0.42,,,,,,,,,,,,,0.77
75.494,1653,0,tag_lost_countdown,-38.66,-0.42,,,,,,,,,,,,,0.82
75.543,1654,0,tag_lost_countdown,-38.66,-0.42,,,,,,,,,,,,,0.86
75.586,1655,0,tag_lost_countdown,-38.66,-0.42,,,,,,,,,,,,,0.91
75.635,1656,0,tag_lost_countdown,-38.66,-0.42,,,,,,,,,,,,,0.95
75.677,1657,0,tag_lost_countdown,-38.66,-0.42,,,,,,,,,,,,,1.0
75.726,1658,0,tag_lost_countdown,-38.66,-0.42,,,,,,,,,,,,,1.04
75.768,1659,0,tag_lost_countdown,-38.66,-0.42,,,,,,,,,,,,,1.09
75.817,1660,0,tag_lost_countdown,-38.66,-0.42,,,,,,,,,,,,,1.13
75.858,1661,0,tag_lost_countdown,-38.66,-0.42,,,,,,,,,,,,,1.18
75.907,1662,0,tag_lost_countdown,-38.66,-0.42,,,,,,,,,,,,,1.22
75.947,1663,0,tag_lost_countdown,-38.66,-0.42,,,,,,,,,,,,,1.27
75.999,1664,0,tag_lost_countdown,-38.66,-0.42,,,,,,,,,,,,,1.31
76.039,1665,0,tag_lost_countdown,-38.66,-0.42,,,,,,,,,,,,,1.36
76.092,1666,0,tag_lost_countdown,-38.66,-0.42,,,,,,,,,,,,,1.4
76.134,1667,0,tag_lost_countdown,-38.66,-0.42,,,,,,,,,,,,,1.45
76.185,1668,0,tag_lost_countdown,-38.66,-0.42,,,,,,,,,,,,,1.5
76.231,1669,0,tag_lost_countdown,-38.66,-0.42,,,,,,,,,,,,,1.55
76.277,1670,0,tag_lost_countdown,-38.66,-0.42,,,,,,,,,,,,,1.59
76.321,1671,0,tag_lost_countdown,-38.66,-0.42,,,,,,,,,,,,,1.64
76.364,1672,0,tag_lost_countdown,-38.66,-0.42,,,,,,,,,,,,,1.68
76.407,1673,1,ibvs_active,-40.66,-0.23,-155.9,-6.5,-117.9,-3.7,156.0,-2.0,0.186,0,0,0,1,27.2,
76.463,1674,1,ibvs_active,-42.66,0.01,-155.4,-5.1,-147.9,-4.8,155.4,-2.0,0.24,0,0,0,1,27.9,
76.509,1675,1,ibvs_active,-44.66,0.24,-155.6,-4.5,-154.0,-4.5,155.7,-2.0,0.227,0,0,0,1,27.7,
76.557,1676,1,ibvs_active,-46.66,0.46,-143.9,-4.4,-146.0,-4.4,144.0,-2.0,0.221,0,0,0,1,25.1,
76.599,1677,1,ibvs_active,-48.66,0.65,-129.6,-3.8,-132.8,-3.9,129.6,-2.0,0.197,0,0,0,1,26.4,
76.649,1678,1,ibvs_active,-50.66,0.63,-111.8,1.6,-116.0,0.5,111.8,-2.0,-0.026,0,0,0,1,20.1,
76.692,1679,0,tag_lost_countdown,-50.66,0.63,,,,,,,,,,,,,0.0
76.737,1680,0,tag_lost_countdown,-50.66,0.63,,,,,,,,,,,,,0.04
76.781,1681,1,ibvs_active,-52.66,0.29,-41.5,8.4,-56.4,6.8,42.3,-2.0,-0.34,0,0,0,1,25.4,
76.828,1682,1,ibvs_active,-54.66,-0.1,-41.8,8.1,-44.7,7.8,42.5,-2.0,-0.391,0,0,0,1,24.9,
76.874,1683,1,ibvs_active,-56.66,-0.5,-41.9,7.9,-42.4,7.9,42.6,-2.0,-0.396,0,0,0,1,25.7,
76.924,1684,1,ibvs_active,-57.41,-0.8,-16.9,8.9,-22.0,8.7,19.1,-0.75,-0.298,0,0,0,1,20.5,
76.967,1685,0,tag_lost_countdown,-57.41,-0.8,,,,,,,,,,,,,0.0
77.017,1686,1,ibvs_active,-57.35,-0.8,20.5,-0.6,12.0,1.3,20.5,0.061,-0.007,0,0,0,1,26.3,
77.065,1687,1,ibvs_active,-56.09,-0.79,32.0,-0.8,28.0,-0.4,32.0,1.261,0.018,0,0,0,1,25.4,
77.114,1688,1,ibvs_active,-54.46,-0.74,33.7,-1.1,32.6,-1.0,33.7,1.629,0.048,0,0,0,1,26.2,
77.158,1689,1,ibvs_active,-52.78,-0.68,33.9,-1.2,33.6,-1.2,33.9,1.682,0.058,0,0,0,1,25.1,
77.210,1690,1,ibvs_active,-51.09,-0.61,33.8,-1.4,33.7,-1.3,33.8,1.687,0.066,0,0,0,1,25.8,
77.261,1691,1,ibvs_active,-50.82,-0.59,12.1,-1.8,16.4,-1.7,12.2,0.268,0.028,0,0,0,1,25.5,
77.311,1692,1,deadband,-50.82,-0.59,0.0,-2.0,3.3,-1.9,2.0,0.0,0.0,1,0,0,0,26.1,
77.363,1693,1,ibvs_active,-50.86,-0.58,-14.7,-2.2,-11.1,-2.1,14.9,-0.037,0.007,0,0,0,1,25.4,
77.411,1694,0,tag_lost_countdown,-50.86,-0.58,,,,,,,,,,,,,0.0
77.456,1695,1,ibvs_active,-52.26,-0.41,-33.6,-3.7,-29.1,-3.4,33.8,-1.408,0.165,0,0,0,1,25.8,
77.502,1696,1,ibvs_active,-54.26,-0.29,-46.3,-2.2,-42.8,-2.5,46.3,-2.0,0.124,0,0,0,1,25.9,
77.542,1697,0,tag_lost_countdown,-54.26,-0.29,,,,,,,,,,,,,0.0
77.590,1698,1,ibvs_active,-56.26,-0.29,-65.5,0.5,-61.0,-0.1,65.5,-2.0,0.003,0,0,0,1,22.4,
77.631,1699,0,tag_lost_countdown,-56.26,-0.29,,,,,,,,,,,,,0.0
77.684,1700,1,ibvs_active,-58.26,-0.03,-42.8,-6.4,-46.4,-5.1,43.3,-2.0,0.255,0,0,0,1,26.3,
77.728,1701,0,tag_lost_countdown,-58.26,-0.03,,,,,,,,,,,,,0.0
77.778,1702,0,tag_lost_countdown,-58.26,-0.03,,,,,,,,,,,,,0.04
77.819,1703,0,tag_lost_countdown,-58.26,-0.03,,,,,,,,,,,,,0.09
77.868,1704,0,tag_lost_countdown,-58.26,-0.03,,,,,,,,,,,,,0.13
77.914,1705,1,ibvs_active,-58.03,0.05,30.6,-5.3,15.2,-5.3,31.1,0.232,0.081,0,0,0,1,26.2,
77.964,1706,1,ibvs_active,-56.5,0.38,34.5,-6.9,30.7,-6.6,35.2,1.534,0.329,0,0,0,1,25.8,
78.011,1707,1,ibvs_active,-54.81,0.71,34.6,-6.6,33.8,-6.6,35.2,1.691,0.33,0,0,0,1,25.1,
78.062,1708,1,ibvs_active,-53.09,1.05,34.5,-6.8,34.4,-6.8,35.2,1.719,0.339,0,0,0,1,25.4,
78.109,1709,1,ibvs_active,-51.62,1.24,28.4,-3.1,29.6,-3.9,28.5,1.464,0.192,0,0,0,1,25.5,
78.160,1710,1,ibvs_active,-51.59,1.25,6.5,-2.3,11.1,-2.6,6.9,0.038,0.009,0,0,0,1,25.8,
78.207,1711,1,deadband,-51.59,1.25,-4.3,8.2,-1.2,6.0,9.3,0.0,0.0,1,0,0,0,25.7,
78.257,1712,1,ibvs_active,-51.91,1.09,-20.0,8.3,-16.3,7.8,21.7,-0.327,-0.158,0,0,0,1,24.8,
78.302,1713,1,ibvs_active,-52.45,0.85,-20.0,8.8,-19.3,8.6,21.9,-0.536,-0.24,0,0,0,1,25.4,
78.351,1714,1,ibvs_active,-53.04,0.59,-20.1,8.7,-20.0,8.7,21.9,-0.587,-0.255,0,0,0,1,25.8,
78.396,1715,1,ibvs_active,-53.63,0.34,-20.1,8.7,-20.1,8.7,21.9,-0.598,-0.258,0,0,0,1,24.7,
78.447,1716,1,ibvs_active,-54.23,0.07,-20.1,8.8,-20.1,8.8,21.9,-0.6,-0.262,0,0,0,1,24.0,
78.491,1717,1,ibvs_active,-54.57,-0.11,-15.1,8.7,-16.1,8.7,17.4,-0.335,-0.181,0,0,0,1,25.6,
78.545,1718,1,ibvs_active,-54.71,-0.21,-10.6,9.0,-11.7,8.9,13.9,-0.139,-0.106,0,0,0,1,26.2,
78.593,1719,1,deadband,-54.71,-0.21,-2.2,5.6,-4.1,6.3,6.0,0.0,0.0,1,0,0,0,26.2,
78.645,1720,1,deadband,-54.71,-0.21,5.5,8.6,3.6,8.1,10.2,0.0,0.0,1,0,0,0,26.6,
78.690,1721,0,tag_lost_countdown,-54.71,-0.21,,,,,,,,,,,,,0.0
78.740,1722,0,tag_lost_countdown,-54.71,-0.21,,,,,,,,,,,,,0.05
78.784,1723,1,ibvs_active,-55.95,-0.16,-35.6,-3.6,-27.8,-1.3,35.8,-1.24,0.056,0,0,0,1,26.2,
78.835,1724,0,tag_lost_countdown,-55.95,-0.16,,,,,,,,,,,,,0.0
78.878,1725,0,tag_lost_countdown,-55.95,-0.16,,,,,,,,,,,,,0.05
78.927,1726,0,tag_lost_countdown,-55.95,-0.16,,,,,,,,,,,,,0.09
78.972,1727,0,tag_lost_countdown,-55.95,-0.16,,,,,,,,,,,,,0.14
79.021,1728,1,ibvs_active,-54.37,0.03,46.4,-4.3,31.6,-3.7,46.6,1.579,0.185,0,0,0,1,25.3,
79.068,1729,1,ibvs_active,-52.37,0.39,52.7,-8.0,48.4,-7.2,53.3,2.0,0.358,0,0,0,1,25.6,
79.120,1730,1,ibvs_active,-50.37,0.75,51.4,-7.2,50.8,-7.2,51.9,2.0,0.359,0,0,0,1,24.6,
79.167,1731,1,ibvs_active,-48.37,1.14,44.4,-8.1,45.7,-7.9,45.1,2.0,0.397,0,0,0,1,25.9,
79.216,1732,0,tag_lost_countdown,-48.37,1.14,,,,,,,,,,,,,0.0
79.264,1733,1,ibvs_active,-48.04,1.3,8.9,-7.6,16.3,-7.7,11.7,0.325,0.153,0,0,0,1,26.7,
79.313,1734,1,ibvs_active,-48.21,1.33,-22.1,-1.8,-14.5,-3.0,22.2,-0.172,0.036,0,0,0,1,24.9,
79.358,1735,0,tag_lost_countdown,-48.21,1.33,,,,,,,,,,,,,0.0
79.413,1736,1,deadband,-48.21,1.33,-8.5,-3.9,-9.7,-3.7,9.3,0.0,0.0,1,0,0,0,26.3,
79.456,1737,1,deadband,-48.21,1.33,0.2,9.8,-1.8,7.1,9.8,0.0,0.0,1,0,0,0,26.1,
79.505,1738,0,tag_lost_countdown,-48.21,1.33,,,,,,,,,,,,,0.0
79.548,1739,0,tag_lost_countdown,-48.21,1.33,,,,,,,,,,,,,0.05
79.595,1740,0,tag_lost_countdown,-48.21,1.33,,,,,,,,,,,,,0.09
79.641,1741,0,tag_lost_countdown,-48.21,1.33,,,,,,,,,,,,,0.14
79.687,1742,0,tag_lost_countdown,-48.21,1.33,,,,,,,,,,,,,0.18
79.731,1743,0,tag_lost_countdown,-48.21,1.33,,,,,,,,,,,,,0.23
79.774,1744,0,tag_lost_countdown,-48.21,1.33,,,,,,,,,,,,,0.27
79.820,1745,0,tag_lost_countdown,-48.21,1.33,,,,,,,,,,,,,0.32
79.864,1746,0,tag_lost_countdown,-48.21,1.33,,,,,,,,,,,,,0.36
79.900,1747,0,tag_lost_countdown,-48.21,1.33,,,,,,,,,,,,,0.41
79.941,1748,0,tag_lost_countdown,-48.21,1.33,,,,,,,,,,,,,0.44
79.975,1749,0,tag_lost_countdown,-48.21,1.33,,,,,,,,,,,,,0.48
80.017,1750,0,tag_lost_countdown,-48.21,1.33,,,,,,,,,,,,,0.52
80.049,1751,0,tag_lost_countdown,-48.21,1.33,,,,,,,,,,,,,0.56
80.088,1752,0,tag_lost_countdown,-48.21,1.33,,,,,,,,,,,,,0.59
80.118,1753,0,tag_lost_countdown,-48.21,1.33,,,,,,,,,,,,,0.63
80.156,1754,0,tag_lost_countdown,-48.21,1.33,,,,,,,,,,,,,0.66
80.190,1755,0,tag_lost_countdown,-48.21,1.33,,,,,,,,,,,,,0.7
80.229,1756,0,tag_lost_countdown,-48.21,1.33,,,,,,,,,,,,,0.73
80.265,1757,0,tag_lost_countdown,-48.21,1.33,,,,,,,,,,,,,0.77
80.305,1758,0,tag_lost_countdown,-48.21,1.33,,,,,,,,,,,,,0.81
80.339,1759,0,tag_lost_countdown,-48.21,1.33,,,,,,,,,,,,,0.85
80.378,1760,0,tag_lost_countdown,-48.21,1.33,,,,,,,,,,,,,0.88
80.418,1761,0,tag_lost_countdown,-48.21,1.33,,,,,,,,,,,,,0.92
80.460,1762,0,tag_lost_countdown,-48.21,1.33,,,,,,,,,,,,,0.96
80.495,1763,0,tag_lost_countdown,-48.21,1.33,,,,,,,,,,,,,1.0
80.534,1764,0,tag_lost_countdown,-48.21,1.33,,,,,,,,,,,,,1.04
80.568,1765,0,tag_lost_countdown,-48.21,1.33,,,,,,,,,,,,,1.08
80.607,1766,0,tag_lost_countdown,-48.21,1.33,,,,,,,,,,,,,1.11
80.641,1767,0,tag_lost_countdown,-48.21,1.33,,,,,,,,,,,,,1.15
80.680,1768,0,tag_lost_countdown,-48.21,1.33,,,,,,,,,,,,,1.18
80.715,1769,0,tag_lost_countdown,-48.21,1.33,,,,,,,,,,,,,1.22
80.754,1770,0,tag_lost_countdown,-48.21,1.33,,,,,,,,,,,,,1.26
80.790,1771,0,tag_lost_countdown,-48.21,1.33,,,,,,,,,,,,,1.3
80.831,1772,0,tag_lost_countdown,-48.21,1.33,,,,,,,,,,,,,1.33
80.867,1773,0,tag_lost_countdown,-48.21,1.33,,,,,,,,,,,,,1.38
80.907,1774,0,tag_lost_countdown,-48.21,1.33,,,,,,,,,,,,,1.41
80.942,1775,0,tag_lost_countdown,-48.21,1.33,,,,,,,,,,,,,1.45
80.981,1776,0,tag_lost_countdown,-48.21,1.33,,,,,,,,,,,,,1.48
81.018,1777,0,tag_lost_countdown,-48.21,1.33,,,,,,,,,,,,,1.52
81.057,1778,0,tag_lost_countdown,-48.21,1.33,,,,,,,,,,,,,1.56
81.092,1779,0,tag_lost_countdown,-48.21,1.33,,,,,,,,,,,,,1.6
81.132,1780,0,tag_lost_countdown,-48.21,1.33,,,,,,,,,,,,,1.63
81.166,1781,0,tag_lost_countdown,-48.21,1.33,,,,,,,,,,,,,1.67
81.204,1782,0,tag_lost_countdown,-48.21,1.33,,,,,,,,,,,,,1.71
81.237,1783,0,tag_lost_countdown,-48.21,1.33,,,,,,,,,,,,,1.75
81.276,1784,0,tag_lost_countdown,-48.21,1.33,,,,,,,,,,,,,1.78
81.309,1785,0,tag_lost_countdown,-48.21,1.33,,,,,,,,,,,,,1.82
81.347,1786,0,tag_lost_countdown,-48.21,1.33,,,,,,,,,,,,,1.85
81.382,1787,0,tag_lost_countdown,-48.21,1.33,,,,,,,,,,,,,1.89
81.420,1788,0,tag_lost_countdown,-48.21,1.33,,,,,,,,,,,,,1.92
81.452,1789,0,tag_lost_countdown,-48.21,1.33,,,,,,,,,,,,,1.96
81.492,1790,0,tag_lost_countdown,-48.21,1.33,,,,,,,,,,,,,2.0
81.525,1791,0,tag_lost_countdown,-48.21,1.33,,,,,,,,,,,,,2.03
81.566,1792,0,tag_lost_countdown,-48.21,1.33,,,,,,,,,,,,,2.07
81.600,1793,0,tag_lost_countdown,-48.21,1.33,,,,,,,,,,,,,2.11
81.638,1794,0,tag_lost_countdown,-48.21,1.33,,,,,,,,,,,,,2.14
81.672,1795,0,tag_lost_countdown,-48.21,1.33,,,,,,,,,,,,,2.18
81.714,1796,0,tag_lost_countdown,-48.21,1.33,,,,,,,,,,,,,2.22
81.746,1797,0,tag_lost_countdown,-48.21,1.33,,,,,,,,,,,,,2.26
81.786,1798,0,tag_lost_countdown,-48.21,1.33,,,,,,,,,,,,,2.29
81.821,1799,0,tag_lost_countdown,-48.21,1.33,,,,,,,,,,,,,2.33
81.861,1800,0,tag_lost_countdown,-48.21,1.33,,,,,,,,,,,,,2.36
81.896,1801,0,tag_lost_countdown,-48.21,1.33,,,,,,,,,,,,,2.4
81.934,1802,0,tag_lost_countdown,-48.21,1.33,,,,,,,,,,,,,2.44
81.968,1803,0,tag_lost_countdown,-48.21,1.33,,,,,,,,,,,,,2.48
82.005,1804,0,tag_lost_countdown,-48.21,1.33,,,,,,,,,,,,,2.51
82.040,1805,0,tag_lost_countdown,-48.21,1.33,,,,,,,,,,,,,2.55
82.078,1806,0,tag_lost_countdown,-48.21,1.33,,,,,,,,,,,,,2.58
82.112,1807,0,tag_lost_countdown,-48.21,1.33,,,,,,,,,,,,,2.62
82.153,1808,0,tag_lost_countdown,-48.21,1.33,,,,,,,,,,,,,2.66
82.189,1809,0,tag_lost_countdown,-48.21,1.33,,,,,,,,,,,,,2.7
82.229,1810,0,tag_lost_countdown,-48.21,1.33,,,,,,,,,,,,,2.73
82.263,1811,0,tag_lost_countdown,-48.21,1.33,,,,,,,,,,,,,2.77
82.300,1812,0,tag_lost_countdown,-48.21,1.33,,,,,,,,,,,,,2.81
82.333,1813,0,tag_lost_countdown,-48.21,1.33,,,,,,,,,,,,,2.84
82.371,1814,0,tag_lost_countdown,-48.21,1.33,,,,,,,,,,,,,2.88
82.404,1815,0,tag_lost_countdown,-48.21,1.33,,,,,,,,,,,,,2.91
82.441,1816,0,tag_lost_countdown,-48.21,1.33,,,,,,,,,,,,,2.95
82.475,1817,0,tag_lost_countdown,-48.21,1.33,,,,,,,,,,,,,2.98
82.513,1818,0,tag_lost_countdown,-48.21,1.33,,,,,,,,,,,,,3.02
82.545,1819,0,tag_lost_countdown,-48.21,1.33,,,,,,,,,,,,,3.06
82.586,1820,0,tag_lost_countdown,-48.21,1.33,,,,,,,,,,,,,3.09
82.618,1821,0,tag_lost_countdown,-48.21,1.33,,,,,,,,,,,,,3.13
82.658,1822,0,tag_lost_countdown,-48.21,1.33,,,,,,,,,,,,,3.16
82.693,1823,0,tag_lost_countdown,-48.21,1.33,,,,,,,,,,,,,3.2
82.731,1824,0,tag_lost_countdown,-48.21,1.33,,,,,,,,,,,,,3.24
82.767,1825,0,tag_lost_countdown,-48.21,1.33,,,,,,,,,,,,,3.28
82.805,1826,0,tag_lost_countdown,-48.21,1.33,,,,,,,,,,,,,3.31
82.839,1827,0,tag_lost_countdown,-48.21,1.33,,,,,,,,,,,,,3.35
82.879,1828,0,tag_lost_countdown,-48.21,1.33,,,,,,,,,,,,,3.38
82.912,1829,0,tag_lost_countdown,-48.21,1.33,,,,,,,,,,,,,3.42
82.956,1830,0,tag_lost_countdown,-48.21,1.33,,,,,,,,,,,,,3.45
82.990,1831,0,tag_lost_countdown,-48.21,1.33,,,,,,,,,,,,,3.5
83.028,1832,0,tag_lost_countdown,-48.21,1.33,,,,,,,,,,,,,3.53
83.063,1833,0,tag_lost_countdown,-48.21,1.33,,,,,,,,,,,,,3.57
83.099,1834,0,tag_lost_countdown,-48.21,1.33,,,,,,,,,,,,,3.61
83.134,1835,0,tag_lost_countdown,-48.21,1.33,,,,,,,,,,,,,3.64
83.171,1836,0,tag_lost_countdown,-48.21,1.33,,,,,,,,,,,,,3.68
83.204,1837,0,tag_lost_countdown,-48.21,1.33,,,,,,,,,,,,,3.71
83.245,1838,0,tag_lost_countdown,-48.21,1.33,,,,,,,,,,,,,3.75
83.278,1839,0,tag_lost_countdown,-48.21,1.33,,,,,,,,,,,,,3.79
83.315,1840,0,tag_lost_countdown,-48.21,1.33,,,,,,,,,,,,,3.82
83.348,1841,0,tag_lost_countdown,-48.21,1.33,,,,,,,,,,,,,3.86
83.388,1842,0,tag_lost_countdown,-48.21,1.33,,,,,,,,,,,,,3.89
83.421,1843,0,tag_lost_countdown,-48.21,1.33,,,,,,,,,,,,,3.93
83.460,1844,0,tag_lost_countdown,-48.21,1.33,,,,,,,,,,,,,3.96
83.494,1845,0,tag_lost_countdown,-48.21,1.33,,,,,,,,,,,,,4.0
83.534,1846,0,tag_lost_countdown,-48.21,1.33,,,,,,,,,,,,,4.04
83.571,1847,0,tag_lost_countdown,-48.21,1.33,,,,,,,,,,,,,4.08
83.617,1848,0,tag_lost_countdown,-48.21,1.33,,,,,,,,,,,,,4.11
83.650,1849,0,tag_lost_countdown,-48.21,1.33,,,,,,,,,,,,,4.16
83.690,1850,0,tag_lost_countdown,-48.21,1.33,,,,,,,,,,,,,4.19
83.723,1851,0,tag_lost_countdown,-48.21,1.33,,,,,,,,,,,,,4.23
83.760,1852,0,tag_lost_countdown,-48.21,1.33,,,,,,,,,,,,,4.27
83.796,1853,0,tag_lost_countdown,-48.21,1.33,,,,,,,,,,,,,4.3
83.833,1854,0,tag_lost_countdown,-48.21,1.33,,,,,,,,,,,,,4.34
83.864,1855,0,tag_lost_countdown,-48.21,1.33,,,,,,,,,,,,,4.38
83.904,1856,0,tag_lost_countdown,-48.21,1.33,,,,,,,,,,,,,4.41
83.938,1857,0,tag_lost_countdown,-48.21,1.33,,,,,,,,,,,,,4.45
83.980,1858,0,tag_lost_countdown,-48.21,1.33,,,,,,,,,,,,,4.48
84.018,1859,0,tag_lost_countdown,-48.21,1.33,,,,,,,,,,,,,4.52
84.064,1860,0,tag_lost_countdown,-48.21,1.33,,,,,,,,,,,,,4.56
84.105,1861,0,tag_lost_countdown,-48.21,1.33,,,,,,,,,,,,,4.61
84.151,1862,0,tag_lost_countdown,-48.21,1.33,,,,,,,,,,,,,4.65
84.189,1863,0,tag_lost_countdown,-48.21,1.33,,,,,,,,,,,,,4.69
84.233,1864,0,tag_lost_countdown,-48.21,1.33,,,,,,,,,,,,,4.73
84.275,1865,0,tag_lost_countdown,-48.21,1.33,,,,,,,,,,,,,4.78
84.320,1866,0,tag_lost_countdown,-48.21,1.33,,,,,,,,,,,,,4.82
84.359,1867,0,tag_lost_countdown,-48.21,1.33,,,,,,,,,,,,,4.86
84.405,1868,0,tag_lost_countdown,-48.21,1.33,,,,,,,,,,,,,4.9
84.446,1869,0,tag_lost_countdown,-48.21,1.33,,,,,,,,,,,,,4.95
84.492,1870,0,tag_lost_countdown,-48.21,1.33,,,,,,,,,,,,,4.99
84.533,1871,0,chasing,0.0,0.0,,,,,,,,,,,,,
84.578,1872,0,tag_lost_countdown,0.0,0.0,,,,,,,,,,,,,0.0
84.619,1873,0,tag_lost_countdown,0.0,0.0,,,,,,,,,,,,,0.04
84.665,1874,0,tag_lost_countdown,0.0,0.0,,,,,,,,,,,,,0.09
84.710,1875,0,tag_lost_countdown,0.0,0.0,,,,,,,,,,,,,0.13
84.760,1876,0,tag_lost_countdown,0.0,0.0,,,,,,,,,,,,,0.18
84.804,1877,0,tag_lost_countdown,0.0,0.0,,,,,,,,,,,,,0.23
84.855,1878,0,tag_lost_countdown,0.0,0.0,,,,,,,,,,,,,0.27
84.894,1879,0,tag_lost_countdown,0.0,0.0,,,,,,,,,,,,,0.32
84.943,1880,0,tag_lost_countdown,0.0,0.0,,,,,,,,,,,,,0.36
84.985,1881,0,tag_lost_countdown,0.0,0.0,,,,,,,,,,,,,0.41
85.031,1882,0,tag_lost_countdown,0.0,0.0,,,,,,,,,,,,,0.45
85.073,1883,0,tag_lost_countdown,0.0,0.0,,,,,,,,,,,,,0.5
85.120,1884,0,tag_lost_countdown,0.0,0.0,,,,,,,,,,,,,0.54
85.161,1885,0,tag_lost_countdown,0.0,0.0,,,,,,,,,,,,,0.59
85.209,1886,0,tag_lost_countdown,0.0,0.0,,,,,,,,,,,,,0.63
85.252,1887,0,tag_lost_countdown,0.0,0.0,,,,,,,,,,,,,0.68
85.299,1888,0,tag_lost_countdown,0.0,0.0,,,,,,,,,,,,,0.72
85.340,1889,0,tag_lost_countdown,0.0,0.0,,,,,,,,,,,,,0.77
85.387,1890,0,tag_lost_countdown,0.0,0.0,,,,,,,,,,,,,0.81
85.430,1891,0,tag_lost_countdown,0.0,0.0,,,,,,,,,,,,,0.85
85.480,1892,0,tag_lost_countdown,0.0,0.0,,,,,,,,,,,,,0.9
85.520,1893,0,tag_lost_countdown,0.0,0.0,,,,,,,,,,,,,0.95
85.567,1894,0,tag_lost_countdown,0.0,0.0,,,,,,,,,,,,,0.99
85.606,1895,0,tag_lost_countdown,0.0,0.0,,,,,,,,,,,,,1.03
85.652,1896,0,tag_lost_countdown,0.0,0.0,,,,,,,,,,,,,1.07
85.696,1897,0,tag_lost_countdown,0.0,0.0,,,,,,,,,,,,,1.12
85.741,1898,0,tag_lost_countdown,0.0,0.0,,,,,,,,,,,,,1.16
85.779,1899,0,tag_lost_countdown,0.0,0.0,,,,,,,,,,,,,1.21
85.826,1900,0,tag_lost_countdown,0.0,0.0,,,,,,,,,,,,,1.25
85.867,1901,1,ibvs_active,-2.0,0.41,-208.6,-10.3,-166.9,-8.3,208.9,-2.0,0.413,0,0,0,1,25.4,
85.917,1902,1,ibvs_active,-4.0,0.78,-201.4,-7.1,-194.5,-7.4,201.5,-2.0,0.368,0,0,0,1,24.9,
85.961,1903,1,ibvs_active,-6.0,1.02,-197.2,-4.3,-196.6,-4.9,197.2,-2.0,0.244,0,0,0,1,24.8,
86.010,1904,0,tag_lost_countdown,-6.0,1.02,,,,,,,,,,,,,0.0
86.049,1905,0,tag_lost_countdown,-6.0,1.02,,,,,,,,,,,,,0.05
86.094,1906,0,tag_lost_countdown,-6.0,1.02,,,,,,,,,,,,,0.09
86.137,1907,1,ibvs_active,-8.0,0.66,-100.8,10.3,-120.0,7.3,101.4,-2.0,-0.364,0,0,0,1,26.4,
86.187,1908,1,ibvs_active,-10.0,0.21,-96.5,9.5,-101.2,9.0,96.9,-2.0,-0.451,0,0,0,1,25.9,
86.232,1909,1,ibvs_active,-12.0,-0.25,-98.6,9.1,-99.1,9.1,99.0,-2.0,-0.454,0,0,0,1,25.7,
86.281,1910,1,ibvs_active,-14.0,-0.77,-70.2,10.8,-76.0,10.5,71.1,-2.0,-0.523,0,0,0,1,23.5,
86.325,1911,1,ibvs_active,-16.0,-1.11,-57.8,5.9,-61.4,6.8,58.1,-2.0,-0.339,0,0,0,1,25.4,
86.375,1912,1,ibvs_active,-18.0,-1.23,-51.7,1.3,-53.6,2.4,51.7,-2.0,-0.121,0,0,0,1,26.2,
86.424,1913,1,ibvs_active,-20.0,-0.96,-42.6,-7.3,-44.8,-5.3,43.3,-2.0,0.266,0,0,0,1,26.1,
86.475,1914,0,tag_lost_countdown,-20.0,-0.96,,,,,,,,,,,,,0.0
86.521,1915,1,ibvs_active,-20.25,-0.78,-6.2,-11.5,-13.9,-10.3,13.1,-0.254,0.188,0,0,0,1,25.8,
86.576,1916,0,tag_lost_countdown,-20.25,-0.78,,,,,,,,,,,,,0.0
86.621,1917,1,ibvs_active,-18.56,-0.39,45.7,-7.1,33.8,-7.7,46.3,1.691,0.386,0,0,0,1,25.6,
86.674,1918,1,ibvs_active,-16.56,0.0,48.4,-7.8,45.5,-7.8,49.0,2.0,0.39,0,0,0,1,26.1,
86.717,1919,0,tag_lost_countdown,-16.56,0.0,,,,,,,,,,,,,0.0
86.767,1920,1,ibvs_active,-14.56,-0.1,72.0,4.5,66.7,2.0,72.2,2.0,-0.102,0,0,0,1,26.6,
86.812,1921,1,ibvs_active,-12.56,-0.26,50.7,3.4,53.9,3.1,50.8,2.0,-0.155,0,0,0,1,26.0,
86.866,1922,1,ibvs_active,-10.56,-0.41,49.1,3.1,50.1,3.1,49.2,2.0,-0.155,0,0,0,1,25.4,
86.913,1923,1,ibvs_active,-8.64,-0.48,35.6,0.8,38.5,1.3,35.6,1.924,-0.065,0,0,0,1,26.3,
86.965,1924,1,ibvs_active,-7.63,-0.5,22.5,0.5,25.7,0.7,22.5,1.011,-0.026,0,0,0,1,23.7,
87.011,1925,1,deadband,-7.63,-0.5,1.1,0.7,6.0,0.7,1.3,0.0,0.0,1,0,0,0,26.3,
87.062,1926,1,deadband,-7.63,-0.5,-11.8,-0.1,-8.2,0.1,11.8,0.0,0.0,1,0,0,0,22.0,
87.108,1927,1,ibvs_active,-7.98,-0.5,-20.3,-0.2,-17.9,-0.1,20.3,-0.351,0.003,0,0,0,1,27.2,
87.158,1928,1,ibvs_active,-8.46,-0.49,-20.1,-0.2,-19.7,-0.2,20.1,-0.476,0.005,0,0,0,1,25.7,
87.209,1929,1,ibvs_active,-8.97,-0.49,-20.3,-0.1,-20.2,-0.1,20.3,-0.515,0.002,0,0,0,1,26.6,
87.260,1930,1,ibvs_active,-9.49,-0.49,-20.3,-0.2,-20.3,-0.2,20.3,-0.522,0.005,0,0,0,1,26.1,
87.305,1931,1,ibvs_active,-10.02,-0.49,-20.3,-0.0,-20.3,-0.1,20.3,-0.523,0.002,0,0,0,1,26.0,
87.356,1932,1,ibvs_active,-10.54,-0.48,-20.3,-0.1,-20.3,-0.1,20.3,-0.521,0.003,0,0,0,1,25.4,
87.402,1933,1,ibvs_active,-10.72,-0.49,-13.5,0.7,-14.8,0.5,13.5,-0.18,-0.006,0,0,0,1,26.5,
87.454,1934,1,ibvs_active,-10.73,-0.49,-9.3,0.8,-10.4,0.7,9.3,-0.01,-0.001,0,0,0,1,26.9,
87.499,1935,1,deadband,-10.73,-0.49,-8.8,0.4,-9.1,0.4,8.8,0.0,0.0,1,0,0,0,25.1,
87.548,1936,1,deadband,-10.73,-0.49,-8.7,0.4,-8.8,0.4,8.8,0.0,0.0,1,0,0,0,25.2,
87.595,1937,1,deadband,-10.73,-0.49,-8.8,0.4,-8.8,0.4,8.8,0.0,0.0,1,0,0,0,25.2,
87.642,1938,1,deadband,-10.73,-0.49,-8.8,0.3,-8.8,0.3,8.8,0.0,0.0,1,0,0,0,25.3,
87.692,1939,1,deadband,-10.73,-0.49,-8.8,0.3,-8.8,0.3,8.8,0.0,0.0,1,0,0,0,25.6,
87.742,1940,1,deadband,-10.73,-0.49,-8.6,0.3,-8.7,0.3,8.6,0.0,0.0,1,0,0,0,25.6,
87.789,1941,1,deadband,-10.73,-0.49,-8.6,0.3,-8.6,0.3,8.6,0.0,0.0,1,0,0,0,26.6,
87.838,1942,1,deadband,-10.73,-0.49,-8.6,0.2,-8.6,0.2,8.6,0.0,0.0,1,0,0,0,25.2,
87.884,1943,1,deadband,-10.73,-0.49,-8.7,0.3,-8.6,0.3,8.7,0.0,0.0,1,0,0,0,25.5,
87.935,1944,1,deadband,-10.73,-0.49,-8.5,0.3,-8.6,0.3,8.5,0.0,0.0,1,0,0,0,26.7,
87.980,1945,1,deadband,-10.73,-0.49,-4.7,0.4,-5.5,0.4,4.7,0.0,0.0,1,0,0,0,25.7,
88.033,1946,1,deadband,-10.73,-0.49,-4.0,0.3,-4.3,0.3,4.0,0.0,0.0,1,0,0,0,25.6,
88.078,1947,1,deadband,-10.73,-0.49,-4.0,0.2,-4.1,0.2,4.0,0.0,0.0,1,0,0,0,25.8,
88.129,1948,1,deadband,-10.73,-0.49,-4.0,0.3,-4.0,0.3,4.0,0.0,0.0,1,0,0,0,26.1,
88.172,1949,1,deadband,-10.73,-0.49,-4.1,0.3,-4.1,0.3,4.1,0.0,0.0,1,0,0,0,25.7,
88.220,1950,1,deadband,-10.73,-0.49,-4.0,0.3,-4.0,0.3,4.0,0.0,0.0,1,0,0,0,25.5,
88.271,1951,1,deadband,-10.73,-0.49,-4.0,0.2,-4.0,0.2,4.0,0.0,0.0,1,0,0,0,24.7,
88.320,1952,1,deadband,-10.73,-0.49,-4.0,0.4,-4.0,0.3,4.1,0.0,0.0,1,0,0,0,26.1,
88.364,1953,1,deadband,-10.73,-0.49,-4.0,0.3,-4.0,0.3,4.0,0.0,0.0,1,0,0,0,25.7,
88.414,1954,1,deadband,-10.73,-0.49,-4.0,0.3,-4.0,0.3,4.0,0.0,0.0,1,0,0,0,24.7,
88.459,1955,1,deadband,-10.73,-0.49,-4.0,0.2,-4.0,0.2,4.1,0.0,0.0,1,0,0,0,25.3,
88.507,1956,1,deadband,-10.73,-0.49,-4.1,0.3,-4.1,0.3,4.1,0.0,0.0,1,0,0,0,27.1,
88.550,1957,1,deadband,-10.73,-0.49,-4.0,0.2,-4.0,0.2,4.0,0.0,0.0,1,0,0,0,26.3,
88.600,1958,1,deadband,-10.73,-0.49,-4.0,0.2,-4.0,0.2,4.0,0.0,0.0,1,0,0,0,25.9,
88.643,1959,1,deadband,-10.73,-0.49,-4.0,0.3,-4.0,0.3,4.0,0.0,0.0,1,0,0,0,26.4,
88.695,1960,1,deadband,-10.73,-0.49,-4.0,0.2,-4.0,0.2,4.0,0.0,0.0,1,0,0,0,26.1,
88.739,1961,1,deadband,-10.73,-0.49,-4.0,0.3,-4.0,0.3,4.0,0.0,0.0,1,0,0,0,27.0,
88.788,1962,1,deadband,-10.73,-0.49,-4.0,0.3,-4.0,0.3,4.1,0.0,0.0,1,0,0,0,26.1,
88.834,1963,1,deadband,-10.73,-0.49,-3.9,0.3,-3.9,0.3,3.9,0.0,0.0,1,0,0,0,26.1,
88.882,1964,1,deadband,-10.73,-0.49,-4.0,0.3,-4.0,0.3,4.0,0.0,0.0,1,0,0,0,26.7,
88.929,1965,1,deadband,-10.73,-0.49,-4.0,0.3,-4.0,0.3,4.0,0.0,0.0,1,0,0,0,26.1,
88.979,1966,1,deadband,-10.73,-0.49,-4.0,0.2,-4.0,0.2,4.0,0.0,0.0,1,0,0,0,25.9,
89.024,1967,1,deadband,-10.73,-0.49,-4.0,0.2,-4.0,0.2,4.0,0.0,0.0,1,0,0,0,26.3,
89.077,1968,1,deadband,-10.73,-0.49,-4.0,0.3,-4.0,0.3,4.0,0.0,0.0,1,0,0,0,25.4,
89.125,1969,1,deadband,-10.73,-0.49,-4.1,0.3,-4.0,0.3,4.1,0.0,0.0,1,0,0,0,25.6,
89.176,1970,1,deadband,-10.73,-0.49,-4.0,0.3,-4.0,0.3,4.0,0.0,0.0,1,0,0,0,25.9,
89.221,1971,1,deadband,-10.73,-0.49,-4.0,0.2,-4.0,0.2,4.0,0.0,0.0,1,0,0,0,26.2,
89.269,1972,1,deadband,-10.73,-0.49,-4.0,0.3,-4.0,0.3,4.0,0.0,0.0,1,0,0,0,25.7,
89.314,1973,1,deadband,-10.73,-0.49,-3.9,0.3,-4.0,0.3,4.0,0.0,0.0,1,0,0,0,26.2,
89.364,1974,1,deadband,-10.73,-0.49,-4.1,0.2,-4.1,0.3,4.1,0.0,0.0,1,0,0,0,26.0,
89.409,1975,1,deadband,-10.73,-0.49,-4.0,0.3,-4.0,0.3,4.0,0.0,0.0,1,0,0,0,25.7,
89.458,1976,1,deadband,-10.73,-0.49,-4.0,0.2,-4.0,0.2,4.0,0.0,0.0,1,0,0,0,25.9,
89.503,1977,1,deadband,-10.73,-0.49,-4.1,0.2,-4.1,0.2,4.1,0.0,0.0,1,0,0,0,26.7,
89.553,1978,1,deadband,-10.73,-0.49,-4.0,0.3,-4.0,0.3,4.0,0.0,0.0,1,0,0,0,26.3,
89.599,1979,1,deadband,-10.73,-0.49,-4.1,0.3,-4.1,0.3,4.1,0.0,0.0,1,0,0,0,26.3,
89.647,1980,1,deadband,-10.73,-0.49,-3.9,0.3,-4.0,0.3,3.9,0.0,0.0,1,0,0,0,26.1,
89.691,1981,1,deadband,-10.73,-0.49,-3.9,0.3,-3.9,0.3,3.9,0.0,0.0,1,0,0,0,27.0,
89.741,1982,1,deadband,-10.73,-0.49,-4.0,0.2,-4.0,0.2,4.0,0.0,0.0,1,0,0,0,25.6,
89.788,1983,1,deadband,-10.73,-0.49,-3.9,0.3,-3.9,0.3,3.9,0.0,0.0,1,0,0,0,26.9,
89.837,1984,1,deadband,-10.73,-0.49,-4.0,0.2,-4.0,0.2,4.0,0.0,0.0,1,0,0,0,26.9,
89.882,1985,1,deadband,-10.73,-0.49,-4.0,0.2,-4.0,0.2,4.0,0.0,0.0,1,0,0,0,26.1,
89.934,1986,1,deadband,-10.73,-0.49,-3.9,0.3,-3.9,0.3,4.0,0.0,0.0,1,0,0,0,27.3,
89.980,1987,1,deadband,-10.73,-0.49,-3.9,0.2,-3.9,0.2,4.0,0.0,0.0,1,0,0,0,25.9,
90.031,1988,1,deadband,-10.73,-0.49,-4.0,0.3,-4.0,0.3,4.0,0.0,0.0,1,0,0,0,26.9,
90.079,1989,1,deadband,-10.73,-0.49,-4.0,0.3,-4.0,0.3,4.1,0.0,0.0,1,0,0,0,26.3,
90.137,1990,1,deadband,-10.73,-0.49,-4.0,0.2,-4.0,0.2,4.0,0.0,0.0,1,0,0,0,26.4,
90.182,1991,1,deadband,-10.73,-0.49,-4.0,0.2,-4.0,0.2,4.0,0.0,0.0,1,0,0,0,26.4,
90.232,1992,1,deadband,-10.73,-0.49,-4.0,0.3,-4.0,0.2,4.0,0.0,0.0,1,0,0,0,26.4,
90.277,1993,1,deadband,-10.73,-0.49,-4.0,0.3,-4.0,0.3,4.0,0.0,0.0,1,0,0,0,26.2,
90.327,1994,1,deadband,-10.73,-0.49,-4.0,0.3,-4.0,0.3,4.0,0.0,0.0,1,0,0,0,26.9,
90.373,1995,1,deadband,-10.73,-0.49,-4.0,0.3,-4.0,0.3,4.0,0.0,0.0,1,0,0,0,26.6,
90.424,1996,1,deadband,-10.73,-0.49,-4.0,0.2,-4.0,0.2,4.0,0.0,0.0,1,0,0,0,26.3,
90.468,1997,1,deadband,-10.73,-0.49,-4.1,0.2,-4.1,0.2,4.1,0.0,0.0,1,0,0,0,26.9,
90.517,1998,1,deadband,-10.73,-0.49,-4.1,0.2,-4.1,0.2,4.1,0.0,0.0,1,0,0,0,26.2,
90.562,1999,1,deadband,-10.73,-0.49,-4.0,0.3,-4.0,0.3,4.0,0.0,0.0,1,0,0,0,26.8,
90.611,2000,1,deadband,-10.73,-0.49,-3.9,0.3,-3.9,0.3,3.9,0.0,0.0,1,0,0,0,26.8,
90.655,2001,1,deadband,-10.73,-0.49,-4.0,0.2,-4.0,0.2,4.0,0.0,0.0,1,0,0,0,27.0,
90.705,2002,1,deadband,-10.73,-0.49,-4.1,0.2,-4.0,0.2,4.1,0.0,0.0,1,0,0,0,26.9,
90.747,2003,1,deadband,-10.73,-0.49,-4.0,0.3,-4.0,0.3,4.0,0.0,0.0,1,0,0,0,26.8,
90.799,2004,1,deadband,-10.73,-0.49,-3.9,0.2,-4.0,0.2,3.9,0.0,0.0,1,0,0,0,26.6,
90.844,2005,1,deadband,-10.73,-0.49,-4.1,0.3,-4.0,0.3,4.1,0.0,0.0,1,0,0,0,27.1,
90.894,2006,1,deadband,-10.73,-0.49,-4.0,0.2,-4.0,0.2,4.0,0.0,0.0,1,0,0,0,26.6,
90.938,2007,1,deadband,-10.73,-0.49,-4.0,0.2,-4.0,0.2,4.0,0.0,0.0,1,0,0,0,26.7,
90.991,2008,1,deadband,-10.73,-0.49,-4.0,0.3,-4.0,0.3,4.0,0.0,0.0,1,0,0,0,26.7,
91.035,2009,1,deadband,-10.73,-0.49,-4.0,0.3,-4.0,0.3,4.0,0.0,0.0,1,0,0,0,27.0,
91.085,2010,1,deadband,-10.73,-0.49,-3.9,0.2,-4.0,0.2,4.0,0.0,0.0,1,0,0,0,25.4,
91.129,2011,1,deadband,-10.73,-0.49,-4.1,0.2,-4.1,0.2,4.1,0.0,0.0,1,0,0,0,25.1,
91.178,2012,1,deadband,-10.73,-0.49,-4.0,0.2,-4.0,0.2,4.0,0.0,0.0,1,0,0,0,25.5,
91.224,2013,1,deadband,-10.73,-0.49,-4.0,0.2,-4.0,0.2,4.0,0.0,0.0,1,0,0,0,24.2,
91.273,2014,1,deadband,-10.73,-0.49,-3.9,0.2,-3.9,0.2,3.9,0.0,0.0,1,0,0,0,25.0,
91.322,2015,1,deadband,-10.73,-0.49,-4.0,0.3,-4.0,0.3,4.0,0.0,0.0,1,0,0,0,24.4,
91.372,2016,1,deadband,-10.73,-0.49,-4.0,0.4,-4.0,0.3,4.0,0.0,0.0,1,0,0,0,23.0,
91.419,2017,1,deadband,-10.73,-0.49,-4.1,0.2,-4.1,0.2,4.1,0.0,0.0,1,0,0,0,23.8,
91.468,2018,1,deadband,-10.73,-0.49,-4.0,0.3,-4.1,0.3,4.1,0.0,0.0,1,0,0,0,23.6,
91.514,2019,1,deadband,-10.73,-0.49,-4.0,0.2,-4.0,0.2,4.0,0.0,0.0,1,0,0,0,25.3,
91.564,2020,1,deadband,-10.73,-0.49,-4.0,0.3,-4.0,0.3,4.0,0.0,0.0,1,0,0,0,24.8,
91.610,2021,1,deadband,-10.73,-0.49,-4.0,0.2,-4.0,0.2,4.0,0.0,0.0,1,0,0,0,24.3,
91.667,2022,1,deadband,-10.73,-0.49,-4.0,0.2,-4.0,0.2,4.0,0.0,0.0,1,0,0,0,24.3,
91.710,2023,1,deadband,-10.73,-0.49,-4.1,0.2,-4.0,0.2,4.1,0.0,0.0,1,0,0,0,23.9,
91.759,2024,1,deadband,-10.73,-0.49,-3.9,0.3,-4.0,0.3,3.9,0.0,0.0,1,0,0,0,24.8,
91.804,2025,1,deadband,-10.73,-0.49,-4.1,0.2,-4.0,0.2,4.1,0.0,0.0,1,0,0,0,24.3,
91.854,2026,1,deadband,-10.73,-0.49,-4.1,0.3,-4.1,0.2,4.1,0.0,0.0,1,0,0,0,23.5,
91.899,2027,1,deadband,-10.73,-0.49,-4.0,0.3,-4.0,0.3,4.0,0.0,0.0,1,0,0,0,23.9,
91.949,2028,1,deadband,-10.73,-0.49,-4.1,0.2,-4.1,0.2,4.1,0.0,0.0,1,0,0,0,23.4,
91.993,2029,1,deadband,-10.73,-0.49,-4.0,0.3,-4.0,0.3,4.0,0.0,0.0,1,0,0,0,23.5,
92.048,2030,1,deadband,-10.73,-0.49,-4.0,0.1,-4.0,0.2,4.0,0.0,0.0,1,0,0,0,22.9,
92.093,2031,1,deadband,-10.73,-0.49,-4.0,0.2,-4.0,0.2,4.0,0.0,0.0,1,0,0,0,24.1,
92.143,2032,1,deadband,-10.73,-0.49,-3.9,0.2,-3.9,0.2,3.9,0.0,0.0,1,0,0,0,23.8,
92.188,2033,1,deadband,-10.73,-0.49,-4.0,0.3,-4.0,0.2,4.0,0.0,0.0,1,0,0,0,24.1,
92.240,2034,1,deadband,-10.73,-0.49,-4.0,0.3,-4.0,0.3,4.0,0.0,0.0,1,0,0,0,23.0,
92.291,2035,1,deadband,-10.73,-0.49,-3.9,0.2,-4.0,0.2,3.9,0.0,0.0,1,0,0,0,23.4,
92.341,2036,1,deadband,-10.73,-0.49,-4.0,0.3,-4.0,0.3,4.0,0.0,0.0,1,0,0,0,24.2,
92.387,2037,1,deadband,-10.73,-0.49,-4.0,0.2,-4.0,0.2,4.0,0.0,0.0,1,0,0,0,24.3,
92.435,2038,1,deadband,-10.73,-0.49,-4.0,0.2,-4.0,0.2,4.0,0.0,0.0,1,0,0,0,24.2,
92.480,2039,1,deadband,-10.73,-0.49,-4.0,0.2,-4.0,0.2,4.0,0.0,0.0,1,0,0,0,23.9,
92.529,2040,1,deadband,-10.73,-0.49,-4.1,0.2,-4.0,0.2,4.1,0.0,0.0,1,0,0,0,24.2,
92.574,2041,1,deadband,-10.73,-0.49,-4.0,0.3,-4.0,0.3,4.1,0.0,0.0,1,0,0,0,24.2,
92.623,2042,1,deadband,-10.73,-0.49,-4.0,0.3,-4.0,0.3,4.1,0.0,0.0,1,0,0,0,22.9,
92.668,2043,1,deadband,-10.73,-0.49,-3.9,0.2,-4.0,0.2,3.9,0.0,0.0,1,0,0,0,23.7,
92.719,2044,1,deadband,-10.73,-0.49,-4.0,0.2,-4.0,0.2,4.0,0.0,0.0,1,0,0,0,23.6,
92.764,2045,1,deadband,-10.73,-0.49,-4.0,0.3,-4.0,0.2,4.0,0.0,0.0,1,0,0,0,25.0,
92.812,2046,1,deadband,-10.73,-0.49,-4.0,0.2,-4.0,0.2,4.0,0.0,0.0,1,0,0,0,24.3,
92.857,2047,1,deadband,-10.73,-0.49,-4.1,0.2,-4.1,0.2,4.1,0.0,0.0,1,0,0,0,24.5,
92.908,2048,1,deadband,-10.73,-0.49,-4.0,0.2,-4.0,0.2,4.0,0.0,0.0,1,0,0,0,24.5,
92.952,2049,1,deadband,-10.73,-0.49,-4.0,0.2,-4.0,0.2,4.0,0.0,0.0,1,0,0,0,23.8,
93.001,2050,1,deadband,-10.73,-0.49,-4.0,0.2,-4.0,0.2,4.0,0.0,0.0,1,0,0,0,23.9,
93.047,2051,1,deadband,-10.73,-0.49,-4.0,0.2,-4.0,0.2,4.0,0.0,0.0,1,0,0,0,25.2,
93.101,2052,1,deadband,-10.73,-0.49,-4.0,0.3,-4.0,0.3,4.0,0.0,0.0,1,0,0,0,25.0,
93.146,2053,1,deadband,-10.73,-0.49,-4.0,0.3,-4.0,0.3,4.0,0.0,0.0,1,0,0,0,25.2,
93.197,2054,1,deadband,-10.73,-0.49,-3.9,0.3,-3.9,0.3,3.9,0.0,0.0,1,0,0,0,24.0,
93.240,2055,1,deadband,-10.73,-0.49,-4.0,0.3,-4.0,0.3,4.0,0.0,0.0,1,0,0,0,23.2,
93.288,2056,1,deadband,-10.73,-0.49,-4.0,0.3,-4.0,0.3,4.0,0.0,0.0,1,0,0,0,23.6,
93.332,2057,1,deadband,-10.73,-0.49,-4.0,0.2,-4.0,0.2,4.0,0.0,0.0,1,0,0,0,23.1,
93.382,2058,1,deadband,-10.73,-0.49,-4.0,0.3,-4.0,0.2,4.0,0.0,0.0,1,0,0,0,24.1,
93.424,2059,1,deadband,-10.73,-0.49,-4.0,0.2,-4.0,0.2,4.0,0.0,0.0,1,0,0,0,23.1,
93.474,2060,1,deadband,-10.73,-0.49,-4.0,0.2,-4.0,0.2,4.0,0.0,0.0,1,0,0,0,24.9,
93.524,2061,1,deadband,-10.73,-0.49,-4.0,0.2,-4.0,0.2,4.0,0.0,0.0,1,0,0,0,24.5,
93.572,2062,1,deadband,-10.73,-0.49,-4.0,0.3,-4.0,0.3,4.0,0.0,0.0,1,0,0,0,24.7,
93.616,2063,1,deadband,-10.73,-0.49,-4.0,0.3,-4.0,0.3,4.0,0.0,0.0,1,0,0,0,25.4,
93.665,2064,1,deadband,-10.73,-0.49,-4.0,0.2,-4.0,0.2,4.0,0.0,0.0,1,0,0,0,25.3,
93.708,2065,1,deadband,-10.73,-0.49,-4.0,0.3,-4.0,0.3,4.0,0.0,0.0,1,0,0,0,25.6,
93.756,2066,1,deadband,-10.73,-0.49,-4.0,0.2,-4.0,0.2,4.0,0.0,0.0,1,0,0,0,25.2,
93.799,2067,1,deadband,-10.73,-0.49,-4.0,0.2,-4.0,0.2,4.0,0.0,0.0,1,0,0,0,25.6,
93.846,2068,1,deadband,-10.73,-0.49,-4.0,0.3,-4.0,0.3,4.0,0.0,0.0,1,0,0,0,24.8,
93.887,2069,1,deadband,-10.73,-0.49,-4.1,0.2,-4.0,0.2,4.1,0.0,0.0,1,0,0,0,24.8,
93.932,2070,1,deadband,-10.73,-0.49,-4.0,0.2,-4.0,0.2,4.0,0.0,0.0,1,0,0,0,24.9,
93.983,2071,1,deadband,-10.73,-0.49,-4.0,0.2,-4.0,0.2,4.0,0.0,0.0,1,0,0,0,24.8,
94.029,2072,1,deadband,-10.73,-0.49,-4.0,0.2,-4.0,0.2,4.0,0.0,0.0,1,0,0,0,24.8,
94.070,2073,1,deadband,-10.73,-0.49,-4.0,0.3,-4.0,0.3,4.0,0.0,0.0,1,0,0,0,24.9,
94.115,2074,1,deadband,-10.73,-0.49,-4.1,0.3,-4.1,0.3,4.1,0.0,0.0,1,0,0,0,24.7,
94.160,2075,1,deadband,-10.73,-0.49,-3.9,0.3,-4.0,0.3,3.9,0.0,0.0,1,0,0,0,25.1,
94.207,2076,1,deadband,-10.73,-0.49,-4.0,0.2,-4.0,0.2,4.0,0.0,0.0,1,0,0,0,25.6,
94.247,2077,1,deadband,-10.73,-0.49,-3.8,0.5,-3.8,0.5,3.8,0.0,0.0,1,0,0,0,25.5,
94.294,2078,1,deadband,-10.73,-0.49,-3.8,-0.5,-3.8,-0.3,3.9,0.0,0.0,1,0,0,0,26.5,
94.334,2079,1,deadband,-10.73,-0.49,-3.9,0.4,-3.9,0.3,3.9,0.0,0.0,1,0,0,0,26.8,
94.380,2080,1,deadband,-10.73,-0.49,-3.9,-0.0,-3.9,0.0,3.9,0.0,0.0,1,0,0,0,27.2,
94.421,2081,1,deadband,-10.73,-0.49,-3.9,0.1,-3.9,0.1,3.9,0.0,0.0,1,0,0,0,26.5,
94.466,2082,1,deadband,-10.73,-0.49,-3.8,0.2,-3.8,0.2,3.8,0.0,0.0,1,0,0,0,26.3,
94.508,2083,1,deadband,-10.73,-0.49,-3.9,0.1,-3.9,0.1,3.9,0.0,0.0,1,0,0,0,26.9,
94.554,2084,1,deadband,-10.73,-0.49,-3.9,0.2,-3.9,0.2,3.9,0.0,0.0,1,0,0,0,26.9,
94.596,2085,1,deadband,-10.73,-0.49,-3.9,0.2,-3.9,0.2,3.9,0.0,0.0,1,0,0,0,26.3,
94.643,2086,1,deadband,-10.73,-0.49,-3.9,0.2,-3.9,0.2,3.9,0.0,0.0,1,0,0,0,26.0,
94.688,2087,1,deadband,-10.73,-0.49,-3.9,0.3,-3.9,0.2,3.9,0.0,0.0,1,0,0,0,27.6,
94.736,2088,1,deadband,-10.73,-0.49,-3.9,0.3,-3.9,0.3,3.9,0.0,0.0,1,0,0,0,27.4,
94.781,2089,1,deadband,-10.73,-0.49,-3.9,0.2,-3.9,0.2,3.9,0.0,0.0,1,0,0,0,25.5,
94.837,2090,1,deadband,-10.73,-0.49,-3.9,0.2,-3.9,0.2,3.9,0.0,0.0,1,0,0,0,26.6,
94.880,2091,1,deadband,-10.73,-0.49,-3.9,0.3,-3.9,0.2,3.9,0.0,0.0,1,0,0,0,27.2,
94.930,2092,1,deadband,-10.73,-0.49,-3.8,0.3,-3.9,0.2,3.8,0.0,0.0,1,0,0,0,26.6,
94.974,2093,1,deadband,-10.73,-0.49,-4.0,0.0,-3.9,0.1,4.0,0.0,0.0,1,0,0,0,27.2,
95.024,2094,1,deadband,-10.73,-0.49,-3.8,0.8,-3.8,0.6,3.9,0.0,0.0,1,0,0,0,26.6,
95.070,2095,1,deadband,-10.73,-0.49,-3.8,-0.1,-3.8,0.0,3.8,0.0,0.0,1,0,0,0,26.3,
95.122,2096,1,deadband,-10.73,-0.49,-3.8,0.7,-3.8,0.6,3.9,0.0,0.0,1,0,0,0,25.7,
95.167,2097,1,deadband,-10.73,-0.49,-3.8,-0.0,-3.8,0.1,3.8,0.0,0.0,1,0,0,0,26.7,
95.223,2098,1,deadband,-10.73,-0.49,-3.8,0.2,-3.8,0.2,3.8,0.0,0.0,1,0,0,0,26.6,
95.270,2099,1,deadband,-10.73,-0.49,-3.9,0.1,-3.9,0.1,3.9,0.0,0.0,1,0,0,0,26.5,
95.319,2100,1,deadband,-10.73,-0.49,-3.9,0.2,-3.9,0.2,3.9,0.0,0.0,1,0,0,0,26.5,
95.363,2101,1,deadband,-10.73,-0.49,-3.9,0.3,-3.9,0.3,3.9,0.0,0.0,1,0,0,0,27.2,
95.412,2102,1,deadband,-10.73,-0.49,-3.9,0.2,-3.9,0.2,3.9,0.0,0.0,1,0,0,0,27.2,
95.457,2103,1,deadband,-10.73,-0.49,-3.9,0.2,-3.9,0.2,3.9,0.0,0.0,1,0,0,0,27.4,
95.503,2104,1,deadband,-10.73,-0.49,-3.9,0.3,-3.9,0.2,3.9,0.0,0.0,1,0,0,0,27.7,
95.551,2105,1,deadband,-10.73,-0.49,-3.9,0.2,-3.9,0.2,3.9,0.0,0.0,1,0,0,0,27.2,
95.600,2106,1,deadband,-10.73,-0.49,-3.9,0.2,-3.9,0.2,3.9,0.0,0.0,1,0,0,0,25.9,
95.644,2107,1,deadband,-10.73,-0.49,-3.9,0.2,-3.9,0.2,3.9,0.0,0.0,1,0,0,0,27.0,
95.694,2108,1,deadband,-10.73,-0.49,-3.8,0.2,-3.8,0.2,3.8,0.0,0.0,1,0,0,0,26.7,
95.737,2109,1,deadband,-10.73,-0.49,-3.8,0.3,-3.8,0.3,3.9,0.0,0.0,1,0,0,0,27.5,
95.787,2110,1,deadband,-10.73,-0.49,-3.8,0.1,-3.8,0.1,3.8,0.0,0.0,1,0,0,0,27.4,
95.831,2111,1,deadband,-10.73,-0.49,-3.9,0.3,-3.9,0.3,3.9,0.0,0.0,1,0,0,0,27.4,
95.880,2112,1,deadband,-10.73,-0.49,-3.8,0.3,-3.8,0.3,3.8,0.0,0.0,1,0,0,0,27.0,
95.922,2113,1,deadband,-10.73,-0.49,-3.9,0.2,-3.9,0.2,3.9,0.0,0.0,1,0,0,0,26.9,
95.971,2114,1,deadband,-10.73,-0.49,-3.8,0.4,-3.8,0.3,3.9,0.0,0.0,1,0,0,0,27.4,
96.015,2115,1,deadband,-10.73,-0.49,-4.0,0.3,-3.9,0.3,4.0,0.0,0.0,1,0,0,0,26.5,
96.065,2116,1,deadband,-10.73,-0.49,-3.9,0.2,-3.9,0.2,3.9,0.0,0.0,1,0,0,0,26.8,
96.109,2117,1,deadband,-10.73,-0.49,-3.9,0.3,-3.9,0.3,3.9,0.0,0.0,1,0,0,0,27.1,
96.159,2118,1,deadband,-10.73,-0.49,-3.9,0.2,-3.9,0.2,4.0,0.0,0.0,1,0,0,0,27.9,
96.202,2119,1,deadband,-10.73,-0.49,-3.9,0.3,-3.9,0.3,4.0,0.0,0.0,1,0,0,0,27.0,
96.250,2120,1,deadband,-10.73,-0.49,-4.0,0.1,-4.0,0.1,4.0,0.0,0.0,1,0,0,0,26.5,
96.296,2121,1,deadband,-10.73,-0.49,-3.9,0.4,-3.9,0.3,3.9,0.0,0.0,1,0,0,0,28.1,
96.345,2122,1,deadband,-10.73,-0.49,-3.8,0.4,-3.8,0.4,3.8,0.0,0.0,1,0,0,0,26.4,
96.390,2123,1,deadband,-10.73,-0.49,-3.9,-0.0,-3.9,0.1,3.9,0.0,0.0,1,0,0,0,27.4,
96.441,2124,1,deadband,-10.73,-0.49,-3.9,0.3,-3.9,0.2,3.9,0.0,0.0,1,0,0,0,27.6,
96.489,2125,1,deadband,-10.73,-0.49,-3.8,0.3,-3.8,0.3,3.8,0.0,0.0,1,0,0,0,26.4,
96.538,2126,1,deadband,-10.73,-0.49,-3.9,0.1,-3.9,0.2,3.9,0.0,0.0,1,0,0,0,27.4,
96.581,2127,1,deadband,-10.73,-0.49,-3.9,0.3,-3.9,0.3,3.9,0.0,0.0,1,0,0,0,27.3,
96.629,2128,1,deadband,-10.73,-0.49,-3.9,0.2,-3.9,0.2,3.9,0.0,0.0,1,0,0,0,26.9,
96.671,2129,1,deadband,-10.73,-0.49,-3.9,0.3,-3.9,0.3,3.9,0.0,0.0,1,0,0,0,25.9,
96.720,2130,1,deadband,-10.73,-0.49,-4.0,0.2,-4.0,0.2,4.0,0.0,0.0,1,0,0,0,26.9,
96.765,2131,1,deadband,-10.73,-0.49,-3.9,0.1,-3.9,0.2,3.9,0.0,0.0,1,0,0,0,26.4,
96.811,2132,1,deadband,-10.73,-0.49,-3.9,0.2,-3.9,0.2,4.0,0.0,0.0,1,0,0,0,26.6,
96.859,2133,1,deadband,-10.73,-0.49,-3.9,0.1,-3.9,0.2,3.9,0.0,0.0,1,0,0,0,27.1,
96.912,2134,1,deadband,-10.73,-0.49,-3.9,0.3,-3.9,0.2,4.0,0.0,0.0,1,0,0,0,27.4,
96.954,2135,1,deadband,-10.73,-0.49,-3.9,0.2,-3.9,0.2,3.9,0.0,0.0,1,0,0,0,27.0,
97.002,2136,1,deadband,-10.73,-0.49,-3.9,0.2,-3.9,0.2,3.9,0.0,0.0,1,0,0,0,27.8,
97.044,2137,1,deadband,-10.73,-0.49,-3.9,0.2,-3.9,0.2,3.9,0.0,0.0,1,0,0,0,27.8,
97.092,2138,1,deadband,-10.73,-0.49,-4.0,0.2,-3.9,0.2,4.0,0.0,0.0,1,0,0,0,27.0,
97.135,2139,1,deadband,-10.73,-0.49,-3.9,0.2,-3.9,0.2,3.9,0.0,0.0,1,0,0,0,26.8,
97.183,2140,1,deadband,-10.73,-0.49,-3.9,0.2,-3.9,0.2,3.9,0.0,0.0,1,0,0,0,27.3,
97.227,2141,1,deadband,-10.73,-0.49,-3.9,0.2,-3.9,0.2,3.9,0.0,0.0,1,0,0,0,27.1,
97.276,2142,1,deadband,-10.73,-0.49,-3.9,0.2,-3.9,0.2,3.9,0.0,0.0,1,0,0,0,27.1,
97.319,2143,1,deadband,-10.73,-0.49,-3.9,0.2,-3.9,0.2,3.9,0.0,0.0,1,0,0,0,26.9,
97.367,2144,1,deadband,-10.73,-0.49,-3.8,0.2,-3.8,0.2,3.8,0.0,0.0,1,0,0,0,27.1,
97.411,2145,1,deadband,-10.73,-0.49,-3.9,0.2,-3.9,0.2,3.9,0.0,0.0,1,0,0,0,27.5,
97.459,2146,1,deadband,-10.73,-0.49,-3.9,0.3,-3.9,0.3,3.9,0.0,0.0,1,0,0,0,26.8,
97.503,2147,1,deadband,-10.73,-0.49,-3.9,0.2,-3.9,0.2,3.9,0.0,0.0,1,0,0,0,27.4,
97.554,2148,1,deadband,-10.73,-0.49,-3.8,0.2,-3.9,0.2,3.8,0.0,0.0,1,0,0,0,27.0,
97.596,2149,1,deadband,-10.73,-0.49,-3.9,0.2,-3.9,0.2,3.9,0.0,0.0,1,0,0,0,27.6,
97.647,2150,1,deadband,-10.73,-0.49,-3.8,0.3,-3.8,0.3,3.8,0.0,0.0,1,0,0,0,27.8,
97.691,2151,1,deadband,-10.73,-0.49,-3.9,0.2,-3.9,0.2,3.9,0.0,0.0,1,0,0,0,28.3,
97.742,2152,1,deadband,-10.73,-0.49,-3.9,0.2,-3.9,0.2,3.9,0.0,0.0,1,0,0,0,26.9,
97.787,2153,1,deadband,-10.73,-0.49,-3.9,0.2,-3.9,0.2,3.9,0.0,0.0,1,0,0,0,27.4,
97.836,2154,1,deadband,-10.73,-0.49,-3.9,0.2,-3.9,0.2,3.9,0.0,0.0,1,0,0,0,30.7,
97.881,2155,1,deadband,-10.73,-0.49,-3.9,0.2,-3.9,0.2,3.9,0.0,0.0,1,0,0,0,30.7,
97.928,2156,1,deadband,-10.73,-0.49,-3.9,0.2,-3.9,0.2,3.9,0.0,0.0,1,0,0,0,30.7,
97.973,2157,1,deadband,-10.73,-0.49,-3.9,0.2,-3.9,0.2,3.9,0.0,0.0,1,0,0,0,31.1,
98.021,2158,1,deadband,-10.73,-0.49,-3.9,0.2,-3.9,0.2,3.9,0.0,0.0,1,0,0,0,31.0,
98.065,2159,1,deadband,-10.73,-0.49,-3.9,0.3,-3.9,0.3,3.9,0.0,0.0,1,0,0,0,33.5,
98.114,2160,1,deadband,-10.73,-0.49,-3.9,0.2,-3.9,0.2,4.0,0.0,0.0,1,0,0,0,34.9,
98.159,2161,1,deadband,-10.73,-0.49,-3.9,0.2,-3.9,0.2,3.9,0.0,0.0,1,0,0,0,35.2,
98.209,2162,1,deadband,-10.73,-0.49,-3.9,0.2,-3.9,0.2,3.9,0.0,0.0,1,0,0,0,35.9,
98.252,2163,1,deadband,-10.73,-0.49,-3.9,0.2,-3.9,0.2,3.9,0.0,0.0,1,0,0,0,35.6,
98.298,2164,1,deadband,-10.73,-0.49,-3.9,0.2,-3.9,0.2,3.9,0.0,0.0,1,0,0,0,35.7,
98.342,2165,1,deadband,-10.73,-0.49,-3.9,0.2,-3.9,0.2,3.9,0.0,0.0,1,0,0,0,36.0,
98.394,2166,1,deadband,-10.73,-0.49,-3.9,0.2,-3.9,0.2,3.9,0.0,0.0,1,0,0,0,36.3,
98.437,2167,1,deadband,-10.73,-0.49,-3.9,0.2,-3.9,0.2,3.9,0.0,0.0,1,0,0,0,35.5,
98.485,2168,1,deadband,-10.73,-0.49,-3.9,0.3,-3.9,0.2,3.9,0.0,0.0,1,0,0,0,36.1,
98.526,2169,1,deadband,-10.73,-0.49,-3.9,0.2,-3.9,0.2,3.9,0.0,0.0,1,0,0,0,35.9,
98.575,2170,1,deadband,-10.73,-0.49,-3.9,0.3,-3.9,0.3,4.0,0.0,0.0,1,0,0,0,35.2,
98.618,2171,1,deadband,-10.73,-0.49,-3.9,0.2,-3.9,0.2,3.9,0.0,0.0,1,0,0,0,36.0,
98.667,2172,1,deadband,-10.73,-0.49,-3.9,0.2,-3.9,0.2,3.9,0.0,0.0,1,0,0,0,35.1,
98.712,2173,1,deadband,-10.73,-0.49,-3.9,0.3,-3.9,0.3,3.9,0.0,0.0,1,0,0,0,35.4,
98.763,2174,1,deadband,-10.73,-0.49,-3.9,0.2,-3.9,0.2,4.0,0.0,0.0,1,0,0,0,35.0,
98.809,2175,1,deadband,-10.73,-0.49,-3.9,0.2,-3.9,0.2,4.0,0.0,0.0,1,0,0,0,35.8,
98.867,2176,1,deadband,-10.73,-0.49,-3.9,0.3,-3.9,0.3,3.9,0.0,0.0,1,0,0,0,36.2,
98.912,2177,1,deadband,-10.73,-0.49,-3.9,0.2,-3.9,0.2,3.9,0.0,0.0,1,0,0,0,33.8,
98.961,2178,1,deadband,-10.73,-0.49,-3.9,0.2,-3.9,0.2,3.9,0.0,0.0,1,0,0,0,35.3,
99.004,2179,1,deadband,-10.73,-0.49,-3.9,0.2,-3.9,0.2,3.9,0.0,0.0,1,0,0,0,35.7,
99.054,2180,1,deadband,-10.73,-0.49,-3.9,0.2,-3.9,0.2,3.9,0.0,0.0,1,0,0,0,35.5,
99.099,2181,1,deadband,-10.73,-0.49,-3.9,0.2,-3.9,0.2,3.9,0.0,0.0,1,0,0,0,35.0,
99.148,2182,1,deadband,-10.73,-0.49,-3.9,0.3,-3.9,0.3,3.9,0.0,0.0,1,0,0,0,35.6,
99.192,2183,1,deadband,-10.73,-0.49,-3.9,0.2,-3.9,0.2,3.9,0.0,0.0,1,0,0,0,35.5,
99.247,2184,1,deadband,-10.73,-0.49,-4.0,0.3,-3.9,0.2,4.0,0.0,0.0,1,0,0,0,35.6,
99.292,2185,1,deadband,-10.73,-0.49,-3.9,0.3,-3.9,0.3,4.0,0.0,0.0,1,0,0,0,35.8,
99.344,2186,1,deadband,-10.73,-0.49,-3.8,0.3,-3.8,0.3,3.8,0.0,0.0,1,0,0,0,35.4,
99.390,2187,1,deadband,-10.73,-0.49,-3.8,0.3,-3.8,0.3,3.8,0.0,0.0,1,0,0,0,36.2,
99.440,2188,1,deadband,-10.73,-0.49,-3.9,0.5,-3.9,0.5,3.9,0.0,0.0,1,0,0,0,35.7,
99.489,2189,1,deadband,-10.73,-0.49,-3.9,0.0,-3.9,0.1,3.9,0.0,0.0,1,0,0,0,35.7,
99.539,2190,1,deadband,-10.73,-0.49,-3.9,0.4,-3.9,0.3,3.9,0.0,0.0,1,0,0,0,35.6,
99.585,2191,1,deadband,-10.73,-0.49,-3.9,0.4,-3.9,0.4,3.9,0.0,0.0,1,0,0,0,35.3,
99.636,2192,1,deadband,-10.73,-0.49,-3.9,0.1,-3.9,0.2,3.9,0.0,0.0,1,0,0,0,36.0,
99.680,2193,1,deadband,-10.73,-0.49,-3.9,0.3,-3.9,0.3,3.9,0.0,0.0,1,0,0,0,35.2,
99.730,2194,1,deadband,-10.73,-0.49,-3.8,0.2,-3.9,0.2,3.8,0.0,0.0,1,0,0,0,35.2,
99.774,2195,1,deadband,-10.73,-0.49,-3.9,0.2,-3.9,0.2,3.9,0.0,0.0,1,0,0,0,35.2,
99.824,2196,1,deadband,-10.73,-0.49,-4.0,0.3,-4.0,0.2,4.0,0.0,0.0,1,0,0,0,35.5,
99.868,2197,1,deadband,-10.73,-0.49,-3.9,0.2,-3.9,0.2,3.9,0.0,0.0,1,0,0,0,35.1,
99.926,2198,1,deadband,-10.73,-0.49,-3.9,0.2,-3.9,0.2,3.9,0.0,0.0,1,0,0,0,35.6,
99.971,2199,1,deadband,-10.73,-0.49,-4.0,0.2,-3.9,0.2,4.0,0.0,0.0,1,0,0,0,34.9,
100.020,2200,1,deadband,-10.73,-0.49,-3.9,0.3,-3.9,0.3,3.9,0.0,0.0,1,0,0,0,36.0,
100.067,2201,1,deadband,-10.73,-0.49,-3.9,-0.0,-3.9,0.0,3.9,0.0,0.0,1,0,0,0,35.4,
100.118,2202,1,deadband,-10.73,-0.49,-3.8,0.6,-3.8,0.5,3.8,0.0,0.0,1,0,0,0,35.4,
100.163,2203,1,deadband,-10.73,-0.49,-3.9,-0.1,-3.9,0.0,3.9,0.0,0.0,1,0,0,0,35.6,
100.214,2204,1,deadband,-10.73,-0.49,-3.9,0.2,-3.9,0.1,3.9,0.0,0.0,1,0,0,0,35.4,
100.258,2205,1,deadband,-10.73,-0.49,-3.8,0.2,-3.9,0.2,3.9,0.0,0.0,1,0,0,0,35.8,
100.307,2206,1,deadband,-10.73,-0.49,-3.9,0.1,-3.9,0.1,3.9,0.0,0.0,1,0,0,0,35.6,
100.352,2207,1,deadband,-10.73,-0.49,-3.9,0.3,-3.9,0.2,3.9,0.0,0.0,1,0,0,0,35.7,
100.399,2208,1,deadband,-10.73,-0.49,-3.9,0.3,-3.9,0.2,3.9,0.0,0.0,1,0,0,0,35.2,
100.443,2209,1,deadband,-10.73,-0.49,-3.9,0.1,-3.9,0.2,3.9,0.0,0.0,1,0,0,0,35.6,
100.493,2210,1,deadband,-10.73,-0.49,-3.9,0.3,-3.9,0.2,3.9,0.0,0.0,1,0,0,0,35.5,
100.537,2211,1,deadband,-10.73,-0.49,-3.9,0.3,-3.9,0.3,3.9,0.0,0.0,1,0,0,0,36.4,
100.585,2212,1,deadband,-10.73,-0.49,-3.9,0.3,-3.9,0.3,3.9,0.0,0.0,1,0,0,0,36.9,
100.629,2213,1,deadband,-10.73,-0.49,-3.9,0.2,-3.9,0.2,3.9,0.0,0.0,1,0,0,0,35.9,
100.679,2214,1,deadband,-10.73,-0.49,-3.9,0.2,-3.9,0.2,3.9,0.0,0.0,1,0,0,0,36.3,
100.726,2215,1,deadband,-10.73,-0.49,-3.9,-0.1,-3.9,-0.1,3.9,0.0,0.0,1,0,0,0,36.0,
100.778,2216,1,deadband,-10.73,-0.49,-3.8,0.4,-3.8,0.3,3.8,0.0,0.0,1,0,0,0,34.9,
100.823,2217,1,deadband,-10.73,-0.49,-3.9,0.1,-3.9,0.2,3.9,0.0,0.0,1,0,0,0,35.4,
100.873,2218,1,deadband,-10.73,-0.49,-3.8,0.0,-3.8,0.0,3.8,0.0,0.0,1,0,0,0,35.5,
100.918,2219,1,deadband,-10.73,-0.49,-3.9,0.5,-3.8,0.4,3.9,0.0,0.0,1,0,0,0,36.6,
100.967,2220,1,deadband,-10.73,-0.49,-3.9,0.2,-3.9,0.2,3.9,0.0,0.0,1,0,0,0,35.8,
101.013,2221,1,deadband,-10.73,-0.49,-3.9,0.1,-3.9,0.1,3.9,0.0,0.0,1,0,0,0,35.5,
101.062,2222,1,deadband,-10.73,-0.49,-3.9,0.2,-3.9,0.2,3.9,0.0,0.0,1,0,0,0,35.4,
101.108,2223,1,deadband,-10.73,-0.49,-3.9,0.1,-3.9,0.1,3.9,0.0,0.0,1,0,0,0,35.9,
101.157,2224,1,deadband,-10.73,-0.49,-3.8,0.2,-3.8,0.2,3.8,0.0,0.0,1,0,0,0,34.9,
101.200,2225,1,deadband,-10.73,-0.49,-3.9,0.2,-3.9,0.2,3.9,0.0,0.0,1,0,0,0,35.8,
101.251,2226,1,deadband,-10.73,-0.49,-3.9,0.2,-3.9,0.2,3.9,0.0,0.0,1,0,0,0,35.6,
101.295,2227,1,deadband,-10.73,-0.49,-3.8,-0.4,-3.8,-0.3,3.8,0.0,0.0,1,0,0,0,36.0,
101.344,2228,1,deadband,-10.73,-0.49,-3.8,1.0,-3.8,0.7,3.9,0.0,0.0,1,0,0,0,35.6,
101.393,2229,1,deadband,-10.73,-0.49,-3.9,0.2,-3.8,0.3,3.9,0.0,0.0,1,0,0,0,35.2,
101.444,2230,1,deadband,-10.73,-0.49,-3.8,0.4,-3.8,0.4,3.8,0.0,0.0,1,0,0,0,36.1,
101.489,2231,1,deadband,-10.73,-0.49,-3.9,0.2,-3.9,0.3,3.9,0.0,0.0,1,0,0,0,34.4,
101.537,2232,1,deadband,-10.73,-0.49,-3.9,0.1,-3.9,0.1,3.9,0.0,0.0,1,0,0,0,35.0,
101.582,2233,1,deadband,-10.73,-0.49,-3.9,0.4,-3.9,0.3,3.9,0.0,0.0,1,0,0,0,34.8,
101.632,2234,1,deadband,-10.73,-0.49,-3.9,0.2,-3.9,0.3,3.9,0.0,0.0,1,0,0,0,35.2,
101.677,2235,1,deadband,-10.73,-0.49,-4.0,0.2,-3.9,0.2,4.0,0.0,0.0,1,0,0,0,35.6,
101.724,2236,1,deadband,-10.73,-0.49,-3.9,0.2,-3.9,0.2,3.9,0.0,0.0,1,0,0,0,35.1,
101.769,2237,1,deadband,-10.73,-0.49,-3.8,0.2,-3.8,0.2,3.8,0.0,0.0,1,0,0,0,35.4,
101.824,2238,1,deadband,-10.73,-0.49,-3.8,0.2,-3.8,0.2,3.8,0.0,0.0,1,0,0,0,35.5,
101.868,2239,1,deadband,-10.73,-0.49,-3.9,0.2,-3.9,0.2,3.9,0.0,0.0,1,0,0,0,35.5,
101.916,2240,1,deadband,-10.73,-0.49,-3.9,0.2,-3.9,0.2,3.9,0.0,0.0,1,0,0,0,34.9,
101.960,2241,1,deadband,-10.73,-0.49,-3.9,0.2,-3.9,0.2,3.9,0.0,0.0,1,0,0,0,34.6,
102.008,2242,1,deadband,-10.73,-0.49,-3.8,0.3,-3.8,0.3,3.8,0.0,0.0,1,0,0,0,35.3,
102.053,2243,1,deadband,-10.73,-0.49,-3.9,0.1,-3.9,0.2,3.9,0.0,0.0,1,0,0,0,34.9,
102.102,2244,1,deadband,-10.73,-0.49,-3.9,0.2,-3.9,0.2,3.9,0.0,0.0,1,0,0,0,35.3,
102.146,2245,1,deadband,-10.73,-0.49,-3.9,0.3,-3.9,0.3,3.9,0.0,0.0,1,0,0,0,34.9,
102.195,2246,1,deadband,-10.73,-0.49,-3.9,0.2,-3.9,0.2,3.9,0.0,0.0,1,0,0,0,35.2,
102.242,2247,1,deadband,-10.73,-0.49,-3.9,0.3,-3.9,0.3,3.9,0.0,0.0,1,0,0,0,35.4,
102.290,2248,1,deadband,-10.73,-0.49,-3.9,0.2,-3.9,0.2,3.9,0.0,0.0,1,0,0,0,35.2,
102.332,2249,1,deadband,-10.73,-0.49,-3.9,0.3,-3.9,0.3,3.9,0.0,0.0,1,0,0,0,35.1,
102.381,2250,1,deadband,-10.73,-0.49,-3.9,0.3,-3.9,0.3,3.9,0.0,0.0,1,0,0,0,34.9,
102.427,2251,1,deadband,-10.73,-0.49,-3.9,0.2,-3.9,0.2,3.9,0.0,0.0,1,0,0,0,34.7,
102.475,2252,1,deadband,-10.73,-0.49,-3.9,0.2,-3.9,0.2,3.9,0.0,0.0,1,0,0,0,34.6,
102.518,2253,1,deadband,-10.73,-0.49,-3.9,0.2,-3.9,0.2,3.9,0.0,0.0,1,0,0,0,35.6,
102.566,2254,1,deadband,-10.73,-0.49,-3.9,0.2,-3.9,0.2,3.9,0.0,0.0,1,0,0,0,36.0,
102.609,2255,1,deadband,-10.73,-0.49,-3.9,0.2,-3.9,0.2,3.9,0.0,0.0,1,0,0,0,35.8,
102.656,2256,1,deadband,-10.73,-0.49,-3.9,0.2,-3.9,0.2,3.9,0.0,0.0,1,0,0,0,34.4,
102.698,2257,1,deadband,-10.73,-0.49,-3.9,0.1,-3.9,0.2,3.9,0.0,0.0,1,0,0,0,35.4,
102.746,2258,1,deadband,-10.73,-0.49,-3.9,0.2,-3.9,0.2,3.9,0.0,0.0,1,0,0,0,34.8,
102.790,2259,1,deadband,-10.73,-0.49,-3.9,0.2,-3.9,0.2,3.9,0.0,0.0,1,0,0,0,34.7,
102.846,2260,1,deadband,-10.73,-0.49,-3.9,0.2,-3.9,0.2,3.9,0.0,0.0,1,0,0,0,35.6,
102.888,2261,1,deadband,-10.73,-0.49,-3.9,0.2,-3.9,0.2,3.9,0.0,0.0,1,0,0,0,35.2,
102.936,2262,1,deadband,-10.73,-0.49,-3.9,0.2,-3.9,0.2,3.9,0.0,0.0,1,0,0,0,35.2,
102.978,2263,1,deadband,-10.73,-0.49,-3.9,0.2,-3.9,0.2,3.9,0.0,0.0,1,0,0,0,34.4,
103.027,2264,1,deadband,-10.73,-0.49,-3.9,0.1,-3.9,0.2,3.9,0.0,0.0,1,0,0,0,34.7,
103.071,2265,1,deadband,-10.73,-0.49,-3.9,0.2,-3.9,0.2,3.9,0.0,0.0,1,0,0,0,34.6,
103.120,2266,1,deadband,-10.73,-0.49,-3.9,0.2,-3.9,0.2,3.9,0.0,0.0,1,0,0,0,35.7,
103.164,2267,1,deadband,-10.73,-0.49,-3.9,0.2,-3.9,0.2,3.9,0.0,0.0,1,0,0,0,35.5,
103.213,2268,1,deadband,-10.73,-0.49,-3.9,0.2,-3.9,0.2,3.9,0.0,0.0,1,0,0,0,35.1,
103.265,2269,1,deadband,-10.73,-0.49,-3.9,0.3,-3.9,0.3,3.9,0.0,0.0,1,0,0,0,35.2,
103.314,2270,1,deadband,-10.73,-0.49,-3.9,0.2,-3.9,0.2,3.9,0.0,0.0,1,0,0,0,34.6,
103.359,2271,1,deadband,-10.73,-0.49,-3.9,0.3,-3.9,0.3,3.9,0.0,0.0,1,0,0,0,34.3,
103.407,2272,1,deadband,-10.73,-0.49,-3.9,0.2,-3.9,0.2,3.9,0.0,0.0,1,0,0,0,35.0,
103.451,2273,1,deadband,-10.73,-0.49,-3.8,0.1,-3.8,0.2,3.8,0.0,0.0,1,0,0,0,34.5,
103.501,2274,1,deadband,-10.73,-0.49,-3.9,0.3,-3.9,0.2,3.9,0.0,0.0,1,0,0,0,34.8,
103.544,2275,1,deadband,-10.73,-0.49,-3.9,0.2,-3.9,0.2,3.9,0.0,0.0,1,0,0,0,35.4,
103.593,2276,1,deadband,-10.73,-0.49,-3.9,0.2,-3.9,0.2,3.9,0.0,0.0,1,0,0,0,34.3,
103.638,2277,1,deadband,-10.73,-0.49,-3.9,0.2,-3.9,0.2,3.9,0.0,0.0,1,0,0,0,34.9,
103.694,2278,1,deadband,-10.73,-0.49,-3.9,0.2,-3.9,0.2,3.9,0.0,0.0,1,0,0,0,34.9,
103.737,2279,1,deadband,-10.73,-0.49,-3.9,0.2,-3.9,0.2,3.9,0.0,0.0,1,0,0,0,35.0,
103.787,2280,1,deadband,-10.73,-0.49,-3.9,0.1,-3.9,0.2,3.9,0.0,0.0,1,0,0,0,34.5,
103.831,2281,1,deadband,-10.73,-0.49,-3.9,0.2,-3.9,0.2,3.9,0.0,0.0,1,0,0,0,34.3,
103.881,2282,1,deadband,-10.73,-0.49,-3.9,0.2,-3.9,0.2,3.9,0.0,0.0,1,0,0,0,34.9,
103.925,2283,1,deadband,-10.73,-0.49,-4.0,0.2,-4.0,0.2,4.0,0.0,0.0,1,0,0,0,34.0,
103.975,2284,1,deadband,-10.73,-0.49,-3.9,0.2,-3.9,0.2,3.9,0.0,0.0,1,0,0,0,34.2,
104.019,2285,1,deadband,-10.73,-0.49,-3.9,0.2,-3.9,0.2,3.9,0.0,0.0,1,0,0,0,33.9,
104.068,2286,1,deadband,-10.73,-0.49,-3.9,0.2,-3.9,0.2,3.9,0.0,0.0,1,0,0,0,34.7,
104.111,2287,1,deadband,-10.73,-0.49,-3.8,0.2,-3.9,0.2,3.9,0.0,0.0,1,0,0,0,34.3,
104.158,2288,1,deadband,-10.73,-0.49,-4.0,0.2,-4.0,0.2,4.0,0.0,0.0,1,0,0,0,34.2,
104.202,2289,1,deadband,-10.73,-0.49,-3.9,0.2,-3.9,0.2,3.9,0.0,0.0,1,0,0,0,34.8,
104.251,2290,1,deadband,-10.73,-0.49,-3.9,0.2,-3.9,0.2,3.9,0.0,0.0,1,0,0,0,34.1,
104.294,2291,1,deadband,-10.73,-0.49,-3.9,0.1,-3.9,0.2,3.9,0.0,0.0,1,0,0,0,34.6,
104.343,2292,1,deadband,-10.73,-0.49,-3.9,0.2,-3.9,0.2,3.9,0.0,0.0,1,0,0,0,34.4,
104.386,2293,1,deadband,-10.73,-0.49,-3.9,0.3,-3.9,0.3,3.9,0.0,0.0,1,0,0,0,34.8,
104.433,2294,1,deadband,-10.73,-0.49,-3.9,0.2,-3.9,0.2,3.9,0.0,0.0,1,0,0,0,35.2,
104.476,2295,1,deadband,-10.73,-0.49,-3.9,0.2,-3.9,0.2,3.9,0.0,0.0,1,0,0,0,34.2,
104.523,2296,1,deadband,-10.73,-0.49,-3.9,0.2,-3.9,0.2,3.9,0.0,0.0,1,0,0,0,34.5,
104.568,2297,1,deadband,-10.73,-0.49,-3.8,0.2,-3.8,0.2,3.8,0.0,0.0,1,0,0,0,35.2,
104.617,2298,1,deadband,-10.73,-0.49,-3.9,0.3,-3.9,0.3,3.9,0.0,0.0,1,0,0,0,36.2,
104.658,2299,1,deadband,-10.73,-0.49,-3.9,0.2,-3.9,0.2,3.9,0.0,0.0,1,0,0,0,37.3,
104.707,2300,1,deadband,-10.73,-0.49,-3.9,0.2,-3.9,0.2,3.9,0.0,0.0,1,0,0,0,36.5,
104.751,2301,1,deadband,-10.73,-0.49,-3.9,0.3,-3.9,0.3,3.9,0.0,0.0,1,0,0,0,36.5,
104.800,2302,1,deadband,-10.73,-0.49,-3.9,-0.1,-3.9,-0.0,3.9,0.0,0.0,1,0,0,0,37.3,
104.845,2303,1,deadband,-10.73,-0.49,-3.8,0.7,-3.8,0.5,3.9,0.0,0.0,1,0,0,0,36.8,
104.893,2304,1,deadband,-10.73,-0.49,-3.9,0.3,-3.9,0.4,3.9,0.0,0.0,1,0,0,0,35.7,
104.939,2305,1,deadband,-10.73,-0.49,-3.9,0.1,-3.9,0.1,3.9,0.0,0.0,1,0,0,0,35.2,
104.987,2306,1,deadband,-10.73,-0.49,-3.9,0.4,-3.9,0.3,3.9,0.0,0.0,1,0,0,0,35.6,
105.032,2307,1,deadband,-10.73,-0.49,-3.9,0.3,-3.9,0.3,3.9,0.0,0.0,1,0,0,0,36.1,
105.082,2308,1,deadband,-10.73,-0.49,-3.9,0.2,-3.9,0.2,3.9,0.0,0.0,1,0,0,0,36.2,
105.126,2309,1,deadband,-10.73,-0.49,-3.9,0.2,-3.9,0.2,3.9,0.0,0.0,1,0,0,0,35.7,
105.175,2310,1,deadband,-10.73,-0.49,-3.9,0.1,-3.9,0.2,3.9,0.0,0.0,1,0,0,0,35.3,
105.219,2311,1,deadband,-10.73,-0.49,-3.9,0.2,-3.9,0.2,3.9,0.0,0.0,1,0,0,0,35.5,
105.266,2312,1,deadband,-10.73,-0.49,-3.9,0.2,-3.9,0.2,3.9,0.0,0.0,1,0,0,0,35.2,
105.309,2313,1,deadband,-10.73,-0.49,-3.9,0.2,-3.9,0.2,3.9,0.0,0.0,1,0,0,0,35.9,
105.357,2314,1,deadband,-10.73,-0.49,-3.9,0.2,-3.9,0.2,3.9,0.0,0.0,1,0,0,0,35.8,
105.399,2315,1,deadband,-10.73,-0.49,-3.9,0.2,-3.9,0.2,3.9,0.0,0.0,1,0,0,0,35.5,
105.449,2316,1,deadband,-10.73,-0.49,-3.9,0.2,-3.9,0.2,3.9,0.0,0.0,1,0,0,0,34.9,
105.491,2317,1,deadband,-10.73,-0.49,-4.0,0.2,-4.0,0.2,4.0,0.0,0.0,1,0,0,0,34.4,
105.540,2318,1,deadband,-10.73,-0.49,-3.9,0.2,-3.9,0.2,3.9,0.0,0.0,1,0,0,0,35.5,
105.584,2319,1,deadband,-10.73,-0.49,-3.9,0.2,-3.9,0.2,3.9,0.0,0.0,1,0,0,0,35.9,
105.637,2320,1,deadband,-10.73,-0.49,-3.8,0.3,-3.8,0.2,3.8,0.0,0.0,1,0,0,0,36.0,
105.681,2321,1,deadband,-10.73,-0.49,-3.9,0.2,-3.9,0.2,3.9,0.0,0.0,1,0,0,0,35.7,
105.731,2322,1,deadband,-10.73,-0.49,-3.9,0.1,-3.9,0.2,3.9,0.0,0.0,1,0,0,0,35.9,
105.774,2323,1,deadband,-10.73,-0.49,-3.9,0.3,-3.9,0.2,3.9,0.0,0.0,1,0,0,0,35.9,
105.823,2324,1,deadband,-10.73,-0.49,-3.9,0.4,-3.9,0.3,3.9,0.0,0.0,1,0,0,0,35.7,
105.866,2325,1,deadband,-10.73,-0.49,-3.9,0.0,-3.9,0.1,3.9,0.0,0.0,1,0,0,0,35.2,
105.913,2326,1,deadband,-10.73,-0.49,-4.0,0.3,-4.0,0.3,4.0,0.0,0.0,1,0,0,0,35.9,
105.958,2327,1,deadband,-10.73,-0.49,-3.9,0.2,-3.9,0.2,3.9,0.0,0.0,1,0,0,0,35.0,
106.006,2328,1,deadband,-10.73,-0.49,-3.9,0.3,-3.9,0.3,3.9,0.0,0.0,1,0,0,0,34.7,
106.053,2329,1,deadband,-10.73,-0.49,-4.0,0.2,-3.9,0.3,4.0,0.0,0.0,1,0,0,0,35.0,
106.103,2330,1,deadband,-10.73,-0.49,-3.9,0.2,-3.9,0.2,3.9,0.0,0.0,1,0,0,0,34.7,
106.148,2331,1,deadband,-10.73,-0.49,-3.9,0.2,-3.9,0.2,3.9,0.0,0.0,1,0,0,0,34.4,
106.196,2332,1,deadband,-10.73,-0.49,-3.9,0.1,-3.9,0.2,3.9,0.0,0.0,1,0,0,0,34.5,
106.241,2333,1,deadband,-10.73,-0.49,-3.9,0.1,-3.9,0.1,3.9,0.0,0.0,1,0,0,0,33.7,
106.291,2334,1,deadband,-10.73,-0.49,-3.9,0.2,-3.9,0.2,3.9,0.0,0.0,1,0,0,0,34.8,
106.336,2335,1,deadband,-10.73,-0.49,-3.9,0.2,-3.9,0.2,3.9,0.0,0.0,1,0,0,0,34.6,
106.384,2336,1,deadband,-10.73,-0.49,-3.9,0.3,-3.9,0.3,3.9,0.0,0.0,1,0,0,0,34.7,
106.430,2337,1,deadband,-10.73,-0.49,-3.9,-0.4,-3.9,-0.3,3.9,0.0,0.0,1,0,0,0,34.5,
106.481,2338,1,deadband,-10.73,-0.49,-4.2,-1.5,-4.2,-1.2,4.5,0.0,0.0,1,0,0,0,34.1,
106.525,2339,1,deadband,-10.73,-0.49,-4.0,-5.1,-4.0,-4.4,6.5,0.0,0.0,1,0,0,0,35.4,
106.576,2340,1,deadband,-10.73,-0.49,-3.7,-8.9,-3.8,-8.0,9.6,0.0,0.0,1,0,0,0,34.2,
106.622,2341,1,ibvs_active,-10.76,-0.33,-2.7,-15.7,-2.9,-14.1,15.9,-0.032,0.157,0,0,0,1,34.5,
106.672,2342,1,ibvs_active,-10.79,-0.05,-2.0,-17.2,-2.2,-16.6,17.4,-0.036,0.281,0,0,0,1,33.6,
106.717,2343,1,ibvs_active,-10.81,0.23,-0.3,-16.8,-0.7,-16.8,16.8,-0.012,0.285,0,0,0,1,35.4,
106.768,2344,1,ibvs_active,-10.81,0.46,0.1,-15.5,-0.1,-15.8,15.5,-0.001,0.227,0,0,0,1,34.4,
106.813,2345,1,ibvs_active,-10.8,0.6,0.8,-13.6,0.6,-14.0,13.6,0.007,0.141,0,0,0,1,34.1,
106.864,2346,1,deadband,-10.8,0.6,3.2,-8.2,2.7,-9.4,8.8,0.0,0.0,1,0,0,0,34.2,
106.910,2347,1,deadband,-10.8,0.6,5.1,-8.8,4.6,-9.0,10.2,0.0,0.0,1,0,0,0,33.9,
106.960,2348,1,ibvs_active,-10.71,0.75,8.6,-13.3,7.8,-12.5,15.8,0.091,0.146,0,0,0,1,34.1,
107.005,2349,1,ibvs_active,-10.5,1.11,9.9,-17.3,9.5,-16.4,20.0,0.212,0.365,0,0,0,1,34.3,
107.053,2350,1,ibvs_active,-10.0,2.15,12.3,-26.4,11.7,-24.4,29.1,0.5,1.04,0,0,0,1,33.7,
107.098,2351,1,ibvs_active,-9.37,3.67,12.7,-31.7,12.5,-30.2,34.1,0.624,1.512,0,0,0,1,33.9,
107.147,2352,1,ibvs_active,-8.68,5.25,14.3,-32.0,13.9,-31.6,35.0,0.697,1.581,0,0,0,1,34.6,
107.191,2353,1,ibvs_active,-8.02,6.97,12.9,-35.3,13.1,-34.5,37.5,0.654,1.727,0,0,0,1,34.4,
107.240,2354,0,tag_lost_countdown,-8.02,6.97,,,,,,,,,,,,,0.0
107.279,2355,1,ibvs_active,-7.86,7.71,3.0,-19.6,5.0,-22.6,19.8,0.165,0.741,0,0,0,1,35.6,
107.330,2356,1,ibvs_active,-7.86,7.84,-1.0,-11.4,0.2,-13.7,11.5,0.002,0.126,0,0,0,1,35.4,
107.369,2357,1,ibvs_active,-7.89,8.31,-1.7,-21.1,-1.3,-19.6,21.1,-0.032,0.471,0,0,0,1,35.1,
107.413,2358,1,ibvs_active,-7.98,9.39,-2.5,-28.0,-2.2,-26.3,28.1,-0.092,1.081,0,0,0,1,36.4,
107.454,2359,1,ibvs_active,-8.4,11.28,-9.9,-40.5,-8.4,-37.7,41.7,-0.419,1.885,0,0,0,1,38.0,
107.508,2360,1,ibvs_active,-8.92,13.28,-11.0,-48.2,-10.5,-46.1,49.4,-0.523,2.0,0,0,0,1,37.2,
107.550,2361,1,ibvs_active,-9.58,15.28,-13.7,-42.7,-13.1,-43.4,44.8,-0.653,2.0,0,0,0,1,34.9,
107.603,2362,1,ibvs_active,-10.32,16.74,-15.4,-25.8,-14.9,-29.3,30.0,-0.745,1.464,0,0,0,1,34.7,
107.642,2363,0,tag_lost_countdown,-10.32,16.74,,,,,,,,,,,,,0.0
107.688,2364,1,ibvs_active,-10.42,16.76,-12.1,3.5,-12.7,-3.1,12.6,-0.097,0.023,0,0,0,1,39.7,
107.729,2365,1,deadband,-10.42,16.76,-7.6,3.7,-8.7,2.4,8.5,0.0,0.0,1,0,0,0,40.6,
107.774,2366,1,deadband,-10.42,16.76,-7.6,2.3,-7.8,2.3,7.9,0.0,0.0,1,0,0,0,40.4,
107.816,2367,1,deadband,-10.42,16.76,-6.6,2.8,-6.9,2.7,7.2,0.0,0.0,1,0,0,0,40.4,
107.861,2368,1,deadband,-10.42,16.76,-5.3,3.2,-5.6,3.1,6.2,0.0,0.0,1,0,0,0,40.7,
107.902,2369,1,deadband,-10.42,16.76,-3.6,3.9,-4.0,3.7,5.3,0.0,0.0,1,0,0,0,41.0,
107.984,2370,1,deadband,-10.42,16.76,-1.5,5.3,-2.0,4.9,5.5,0.0,0.0,1,0,0,0,41.6,
108.035,2371,1,ibvs_active,-10.39,16.71,7.2,12.3,5.3,10.8,14.3,0.028,-0.057,0,0,0,1,43.5,
108.081,2372,1,ibvs_active,-10.23,16.44,9.8,15.6,8.9,14.7,18.5,0.16,-0.264,0,0,0,1,43.5,
108.121,2373,1,ibvs_active,-9.76,15.69,14.0,22.3,13.0,20.8,26.3,0.47,-0.753,0,0,0,1,44.8,
108.165,2374,1,ibvs_active,-9.05,14.53,15.5,25.6,15.0,24.6,29.9,0.707,-1.16,0,0,0,1,44.5,
108.236,2375,1,ibvs_active,-8.22,13.13,17.0,28.9,16.6,28.1,33.5,0.829,-1.403,0,0,0,1,44.1,
108.311,2376,1,ibvs_active,-7.31,11.43,18.7,35.4,18.3,33.9,40.1,0.915,-1.697,0,0,0,1,44.7,
108.346,2377,0,tag_lost_countdown,-7.31,11.43,,,,,,,,,,,,,0.0
108.390,2378,1,ibvs_active,-6.7,9.84,10.6,31.4,12.1,31.9,33.1,0.607,-1.595,0,0,0,1,45.9,
108.427,2379,0,tag_lost_countdown,-6.7,9.84,,,,,,,,,,,,,0.0
108.466,2380,0,tag_lost_countdown,-6.7,9.84,,,,,,,,,,,,,0.04
108.520,2381,1,ibvs_active,-6.67,9.23,-1.6,18.8,1.1,21.4,18.8,0.032,-0.611,0,0,0,1,46.0,
108.588,2382,1,deadband,-6.67,9.23,-4.5,4.9,-3.4,8.2,6.6,0.0,0.0,1,0,0,0,49.2,
108.628,2383,1,ibvs_active,-6.72,9.16,-8.5,10.8,-7.5,10.3,13.7,-0.051,-0.069,0,0,0,1,50.4,
108.671,2384,1,ibvs_active,-6.78,9.12,-11.0,5.8,-10.3,6.7,12.4,-0.058,-0.038,0,0,0,1,50.6,
108.712,2385,1,ibvs_active,-7.05,8.92,-15.3,11.1,-14.3,10.2,18.9,-0.272,-0.194,0,0,0,1,53.2,
108.777,2386,1,ibvs_active,-7.55,8.52,-17.5,14.6,-16.9,13.7,22.8,-0.497,-0.404,0,0,0,1,53.3,
108.851,2387,1,ibvs_active,-8.52,7.57,-21.7,21.7,-20.7,20.1,30.7,-0.977,-0.947,0,0,0,1,52.1,
108.900,2388,1,ibvs_active,-9.73,6.33,-25.1,26.1,-24.2,24.9,36.2,-1.21,-1.244,0,0,0,1,45.8,
108.941,2389,1,ibvs_active,-11.03,5.12,-26.5,23.9,-26.0,24.1,35.7,-1.3,-1.207,0,0,0,1,51.3,
108.986,2390,1,ibvs_active,-12.29,4.08,-24.9,20.0,-25.1,20.8,32.0,-1.256,-1.042,0,0,0,1,29.4,
109.027,2391,1,ibvs_active,-12.94,3.37,-15.0,18.0,-17.1,18.6,23.5,-0.649,-0.706,0,0,0,1,30.9,
109.108,2392,0,tag_lost_countdown,-12.94,3.37,,,,,,,,,,,,,0.0
109.146,2393,1,deadband,-12.94,3.37,1.1,2.3,-2.6,5.6,2.6,0.0,0.0,1,0,0,0,45.2,
109.192,2394,1,deadband,-12.94,3.37,5.0,5.8,3.5,5.7,7.6,0.0,0.0,1,0,0,0,43.4,
109.235,2395,1,deadband,-12.94,3.37,5.3,8.3,5.0,7.8,9.9,0.0,0.0,1,0,0,0,43.9,
109.284,2396,1,ibvs_active,-12.92,3.32,3.7,12.0,3.9,11.1,12.5,0.018,-0.05,0,0,0,1,41.0,
109.329,2397,1,ibvs_active,-12.87,3.07,2.9,17.2,3.1,16.0,17.5,0.049,-0.252,0,0,0,1,40.7,
109.376,2398,1,ibvs_active,-12.81,2.55,2.1,21.2,2.3,20.1,21.3,0.059,-0.517,0,0,0,1,38.5,
109.418,2399,1,ibvs_active,-12.74,1.59,1.9,26.5,2.0,25.2,26.6,0.075,-0.967,0,0,0,1,38.3,
109.463,2400,1,ibvs_active,-12.68,0.97,2.2,20.4,2.2,21.4,20.5,0.063,-0.613,0,0,0,1,27.8,
109.504,2401,1,ibvs_active,-12.61,0.33,2.1,21.8,2.2,21.7,21.9,0.063,-0.64,0,0,0,1,35.9,
109.554,2402,1,ibvs_active,-12.58,0.09,2.4,14.4,2.3,15.9,14.6,0.035,-0.239,0,0,0,1,36.2,
109.599,2403,1,ibvs_active,-12.53,-0.24,2.7,18.0,2.6,17.5,18.2,0.051,-0.339,0,0,0,1,36.3,
109.645,2404,1,ibvs_active,-12.46,-0.65,3.3,18.7,3.2,18.5,19.0,0.07,-0.404,0,0,0,1,25.9,
109.686,2405,1,ibvs_active,-12.45,-0.68,3.2,8.7,3.2,10.7,9.3,0.009,-0.03,0,0,0,1,36.9,
109.735,2406,1,deadband,-12.45,-0.68,3.0,9.5,3.0,9.7,9.9,0.0,0.0,1,0,0,0,36.5,
109.774,2407,1,deadband,-12.45,-0.68,3.1,-1.0,3.0,1.2,3.2,0.0,0.0,1,0,0,0,26.7,
109.822,2408,1,deadband,-12.45,-0.68,2.9,1.1,2.9,1.1,3.1,0.0,0.0,1,0,0,0,37.5,
109.863,2409,1,deadband,-12.45,-0.68,3.0,1.7,3.0,1.6,3.5,0.0,0.0,1,0,0,0,38.0,
109.912,2410,1,deadband,-12.45,-0.68,2.2,1.1,2.4,1.2,2.4,0.0,0.0,1,0,0,0,37.5,
109.953,2411,1,deadband,-12.45,-0.68,2.9,1.9,2.8,1.8,3.4,0.0,0.0,1,0,0,0,38.8,
110.002,2412,1,deadband,-12.45,-0.68,2.8,2.2,2.8,2.1,3.5,0.0,0.0,1,0,0,0,37.3,
110.044,2413,1,deadband,-12.45,-0.68,2.6,2.3,2.6,2.3,3.5,0.0,0.0,1,0,0,0,36.6,
110.092,2414,1,deadband,-12.45,-0.68,2.2,2.5,2.3,2.4,3.3,0.0,0.0,1,0,0,0,37.3,
110.138,2415,1,deadband,-12.45,-0.68,2.0,2.5,2.1,2.5,3.2,0.0,0.0,1,0,0,0,37.8,
110.185,2416,1,deadband,-12.45,-0.68,1.7,2.9,1.8,2.8,3.3,0.0,0.0,1,0,0,0,37.2,
110.241,2417,1,deadband,-12.45,-0.68,1.9,3.1,1.9,3.0,3.6,0.0,0.0,1,0,0,0,38.3,
110.290,2418,1,deadband,-12.45,-0.68,1.9,3.0,1.9,3.0,3.5,0.0,0.0,1,0,0,0,37.0,
110.339,2419,1,deadband,-12.45,-0.68,1.8,3.0,1.9,3.0,3.5,0.0,0.0,1,0,0,0,36.7,
110.387,2420,1,deadband,-12.45,-0.68,2.1,3.2,2.1,3.2,3.8,0.0,0.0,1,0,0,0,37.4,
110.432,2421,1,deadband,-12.45,-0.68,2.1,3.2,2.1,3.2,3.9,0.0,0.0,1,0,0,0,37.4,
110.478,2422,1,deadband,-12.45,-0.68,2.2,3.3,2.2,3.3,4.0,0.0,0.0,1,0,0,0,38.4,
110.521,2423,1,deadband,-12.45,-0.68,2.2,3.4,2.2,3.4,4.0,0.0,0.0,1,0,0,0,38.4,
110.569,2424,1,deadband,-12.45,-0.68,2.2,3.4,2.2,3.4,4.1,0.0,0.0,1,0,0,0,39.5,
110.613,2425,1,deadband,-12.45,-0.68,2.2,3.4,2.2,3.4,4.0,0.0,0.0,1,0,0,0,39.1,
110.661,2426,1,deadband,-12.45,-0.68,2.2,3.4,2.2,3.4,4.1,0.0,0.0,1,0,0,0,38.6,
110.705,2427,1,deadband,-12.45,-0.68,2.3,3.4,2.3,3.4,4.1,0.0,0.0,1,0,0,0,39.4,
110.753,2428,1,deadband,-12.45,-0.68,2.3,3.3,2.3,3.3,4.0,0.0,0.0,1,0,0,0,38.2,
110.796,2429,1,deadband,-12.45,-0.68,2.2,3.4,2.3,3.3,4.0,0.0,0.0,1,0,0,0,38.8,
110.854,2430,1,deadband,-12.45,-0.68,2.2,3.4,2.2,3.4,4.1,0.0,0.0,1,0,0,0,39.2,
110.897,2431,1,deadband,-12.45,-0.68,1.9,3.1,1.9,3.2,3.6,0.0,0.0,1,0,0,0,38.7,
110.945,2432,1,deadband,-12.45,-0.68,1.7,2.7,1.8,2.8,3.2,0.0,0.0,1,0,0,0,39.7,
110.988,2433,1,deadband,-12.45,-0.68,1.6,1.8,1.6,2.0,2.4,0.0,0.0,1,0,0,0,39.2,
111.037,2434,1,deadband,-12.45,-0.68,1.9,1.0,1.8,1.2,2.1,0.0,0.0,1,0,0,0,38.7,
111.102,2435,1,deadband,-12.45,-0.68,2.3,0.2,2.2,0.4,2.3,0.0,0.0,1,0,0,0,39.3,
111.176,2436,1,deadband,-12.45,-0.68,2.4,0.1,2.4,0.2,2.4,0.0,0.0,1,0,0,0,38.5,
111.220,2437,1,deadband,-12.45,-0.68,3.3,1.0,3.1,0.8,3.4,0.0,0.0,1,0,0,0,38.5,
111.269,2438,1,deadband,-12.45,-0.68,3.7,1.0,3.5,1.0,3.8,0.0,0.0,1,0,0,0,37.3,
111.312,2439,1,deadband,-12.45,-0.68,4.8,0.6,4.5,0.7,4.8,0.0,0.0,1,0,0,0,37.8,
111.361,2440,1,deadband,-12.45,-0.68,4.8,1.9,4.7,1.7,5.1,0.0,0.0,1,0,0,0,36.9,
111.404,2441,1,deadband,-12.45,-0.68,5.1,2.5,5.0,2.4,5.7,0.0,0.0,1,0,0,0,36.6,
111.450,2442,1,deadband,-12.45,-0.68,5.5,3.5,5.4,3.3,6.5,0.0,0.0,1,0,0,0,36.9,
111.494,2443,1,deadband,-12.45,-0.68,5.4,3.5,5.4,3.5,6.4,0.0,0.0,1,0,0,0,36.3,
111.543,2444,1,deadband,-12.45,-0.68,5.4,3.6,5.4,3.6,6.5,0.0,0.0,1,0,0,0,36.4,
111.588,2445,1,deadband,-12.45,-0.68,5.5,3.5,5.5,3.5,6.5,0.0,0.0,1,0,0,0,35.8,
111.636,2446,1,deadband,-12.45,-0.68,5.4,3.6,5.4,3.5,6.5,0.0,0.0,1,0,0,0,34.5,
111.679,2447,1,deadband,-12.45,-0.68,5.4,3.5,5.4,3.5,6.4,0.0,0.0,1,0,0,0,36.5,
111.726,2448,1,deadband,-12.45,-0.68,5.4,3.6,5.4,3.6,6.5,0.0,0.0,1,0,0,0,35.6,
111.769,2449,1,deadband,-12.45,-0.68,5.4,3.6,5.4,3.6,6.4,0.0,0.0,1,0,0,0,34.3,
111.830,2450,1,deadband,-12.45,-0.68,5.3,3.6,5.3,3.6,6.4,0.0,0.0,1,0,0,0,35.7,
111.874,2451,1,deadband,-12.45,-0.68,5.4,3.6,5.4,3.6,6.5,0.0,0.0,1,0,0,0,34.4,
111.923,2452,1,deadband,-12.45,-0.68,5.4,3.6,5.4,3.6,6.5,0.0,0.0,1,0,0,0,35.3,
111.966,2453,1,deadband,-12.45,-0.68,5.3,3.6,5.3,3.6,6.4,0.0,0.0,1,0,0,0,34.8,
112.014,2454,1,deadband,-12.45,-0.68,5.4,3.7,5.4,3.7,6.5,0.0,0.0,1,0,0,0,35.2,
112.057,2455,1,deadband,-12.45,-0.68,5.3,3.7,5.3,3.7,6.5,0.0,0.0,1,0,0,0,35.3,
112.103,2456,1,deadband,-12.45,-0.68,5.4,3.6,5.3,3.6,6.5,0.0,0.0,1,0,0,0,35.9,
112.148,2457,1,deadband,-12.45,-0.68,5.4,3.6,5.4,3.6,6.5,0.0,0.0,1,0,0,0,35.2,
112.197,2458,1,deadband,-12.45,-0.68,5.5,3.5,5.5,3.5,6.5,0.0,0.0,1,0,0,0,35.3,
112.241,2459,1,deadband,-12.45,-0.68,5.8,3.2,5.7,3.3,6.6,0.0,0.0,1,0,0,0,36.5,
112.290,2460,1,deadband,-12.45,-0.68,5.6,2.8,5.6,2.9,6.3,0.0,0.0,1,0,0,0,35.8,
112.335,2461,1,deadband,-12.45,-0.68,5.4,2.8,5.5,2.8,6.1,0.0,0.0,1,0,0,0,36.3,
112.383,2462,1,deadband,-12.45,-0.68,5.1,2.3,5.2,2.4,5.6,0.0,0.0,1,0,0,0,37.9,
112.426,2463,1,deadband,-12.45,-0.68,5.1,2.3,5.1,2.3,5.6,0.0,0.0,1,0,0,0,39.3,
112.484,2464,1,deadband,-12.45,-0.68,5.2,2.2,5.2,2.2,5.7,0.0,0.0,1,0,0,0,38.6,
112.529,2465,1,deadband,-12.45,-0.68,6.2,2.3,6.0,2.3,6.7,0.0,0.0,1,0,0,0,41.1,
112.580,2466,1,deadband,-12.45,-0.68,7.0,2.3,6.8,2.3,7.3,0.0,0.0,1,0,0,0,39.7,
112.623,2467,1,deadband,-12.45,-0.68,8.6,2.7,8.2,2.6,9.0,0.0,0.0,1,0,0,0,40.5,
112.677,2468,1,deadband,-12.45,-0.68,9.7,2.7,9.4,2.7,10.0,0.0,0.0,1,0,0,0,39.9,
112.723,2469,1,ibvs_active,-12.41,-0.69,11.5,2.8,11.1,2.8,11.9,0.041,-0.01,0,0,0,1,38.9,
112.773,2470,1,ibvs_active,-12.34,-0.71,12.3,2.9,12.1,2.9,12.6,0.073,-0.017,0,0,0,1,38.7,
112.816,2471,1,ibvs_active,-12.22,-0.73,13.4,2.7,13.1,2.7,13.7,0.113,-0.023,0,0,0,1,39.0,
112.865,2472,1,ibvs_active,-12.09,-0.76,13.8,3.2,13.7,3.1,14.2,0.137,-0.031,0,0,0,1,40.0,
112.923,2473,1,ibvs_active,-11.93,-0.8,14.1,4.1,14.0,3.9,14.7,0.158,-0.044,0,0,0,1,39.5,
112.972,2474,1,ibvs_active,-11.75,-0.86,14.3,4.4,14.2,4.3,14.9,0.173,-0.052,0,0,0,1,39.8,
113.014,2475,1,ibvs_active,-11.58,-0.91,14.2,4.7,14.2,4.6,14.9,0.175,-0.057,0,0,0,1,39.4,
113.063,2476,1,ibvs_active,-11.4,-0.97,14.2,4.7,14.2,4.7,15.0,0.176,-0.058,0,0,0,1,38.0,
113.109,2477,1,ibvs_active,-11.23,-1.03,14.2,4.7,14.2,4.7,14.9,0.175,-0.058,0,0,0,1,39.2,
113.157,2478,1,ibvs_active,-11.06,-1.08,13.9,4.5,14.0,4.5,14.7,0.165,-0.054,0,0,0,1,38.6,
113.200,2479,1,deadband,-11.06,-1.08,8.4,4.7,9.5,4.6,9.6,0.0,0.0,1,0,0,0,32.0,
113.248,2480,1,deadband,-11.06,-1.08,8.2,4.7,8.5,4.7,9.4,0.0,0.0,1,0,0,0,40.1,
113.291,2481,1,deadband,-11.06,-1.08,8.2,4.7,8.3,4.7,9.5,0.0,0.0,1,0,0,0,39.2,
113.339,2482,1,deadband,-11.06,-1.08,8.0,4.7,8.1,4.7,9.3,0.0,0.0,1,0,0,0,38.2,
113.382,2483,1,deadband,-11.06,-1.08,8.2,4.5,8.1,4.5,9.3,0.0,0.0,1,0,0,0,38.7,
113.429,2484,1,deadband,-11.06,-1.08,8.0,4.9,8.0,4.9,9.4,0.0,0.0,1,0,0,0,37.9,
113.472,2485,1,deadband,-11.06,-1.08,8.2,4.6,8.2,4.7,9.4,0.0,0.0,1,0,0,0,38.4,
113.535,2486,1,deadband,-11.06,-1.08,8.0,4.6,8.1,4.6,9.2,0.0,0.0,1,0,0,0,37.6,
113.577,2487,1,deadband,-11.06,-1.08,8.0,4.5,8.0,4.5,9.2,0.0,0.0,1,0,0,0,38.0,
113.623,2488,1,deadband,-11.06,-1.08,8.1,4.5,8.1,4.5,9.3,0.0,0.0,1,0,0,0,36.5,
113.664,2489,1,deadband,-11.06,-1.08,8.0,4.5,8.0,4.5,9.2,0.0,0.0,1,0,0,0,37.1,
113.711,2490,1,deadband,-11.06,-1.08,8.0,4.5,8.0,4.5,9.2,0.0,0.0,1,0,0,0,37.1,
113.753,2491,1,deadband,-11.06,-1.08,8.0,4.5,8.0,4.5,9.2,0.0,0.0,1,0,0,0,36.6,
113.800,2492,1,deadband,-11.06,-1.08,8.0,4.5,8.0,4.5,9.2,0.0,0.0,1,0,0,0,35.6,
113.842,2493,1,deadband,-11.06,-1.08,8.0,4.6,8.0,4.5,9.2,0.0,0.0,1,0,0,0,35.5,
113.890,2494,1,deadband,-11.06,-1.08,8.0,4.5,8.0,4.5,9.2,0.0,0.0,1,0,0,0,35.4,
113.931,2495,1,deadband,-11.06,-1.08,8.0,4.7,8.0,4.6,9.3,0.0,0.0,1,0,0,0,36.1,
113.979,2496,1,deadband,-11.06,-1.08,8.0,4.6,8.0,4.6,9.2,0.0,0.0,1,0,0,0,35.7,
114.020,2497,1,deadband,-11.06,-1.08,8.0,4.5,8.0,4.5,9.2,0.0,0.0,1,0,0,0,37.1,
114.066,2498,1,deadband,-11.06,-1.08,8.1,4.6,8.1,4.6,9.3,0.0,0.0,1,0,0,0,37.0,
114.108,2499,1,deadband,-11.06,-1.08,8.1,4.7,8.1,4.7,9.4,0.0,0.0,1,0,0,0,36.1,
114.153,2500,1,deadband,-11.06,-1.08,8.0,4.6,8.0,4.6,9.2,0.0,0.0,1,0,0,0,36.7,
114.194,2501,1,deadband,-11.06,-1.08,8.0,4.7,8.0,4.7,9.3,0.0,0.0,1,0,0,0,35.4,
114.241,2502,1,deadband,-11.06,-1.08,8.0,4.5,8.0,4.6,9.2,0.0,0.0,1,0,0,0,36.8,
114.282,2503,1,deadband,-11.06,-1.08,8.1,4.6,8.1,4.6,9.3,0.0,0.0,1,0,0,0,36.4,
114.326,2504,1,deadband,-11.06,-1.08,8.1,4.7,8.1,4.7,9.3,0.0,0.0,1,0,0,0,36.7,
114.367,2505,1,deadband,-11.06,-1.08,8.0,4.5,8.0,4.5,9.2,0.0,0.0,1,0,0,0,37.9,
114.412,2506,1,deadband,-11.06,-1.08,8.0,4.6,8.0,4.6,9.2,0.0,0.0,1,0,0,0,38.1,
114.452,2507,1,deadband,-11.06,-1.08,8.0,4.6,8.0,4.6,9.2,0.0,0.0,1,0,0,0,38.3,
114.497,2508,1,deadband,-11.06,-1.08,8.0,4.5,8.0,4.5,9.2,0.0,0.0,1,0,0,0,38.6,
114.540,2509,1,deadband,-11.06,-1.08,8.0,4.6,8.0,4.6,9.2,0.0,0.0,1,0,0,0,39.4,
114.587,2510,1,deadband,-11.06,-1.08,7.7,4.9,7.8,4.8,9.1,0.0,0.0,1,0,0,0,39.4,
114.625,2511,0,tag_lost_countdown,-11.06,-1.08,,,,,,,,,,,,,0.0
114.704,2512,0,tag_lost_countdown,-11.06,-1.08,,,,,,,,,,,,,0.07
114.744,2513,0,tag_lost_countdown,-11.06,-1.08,,,,,,,,,,,,,0.12
114.787,2514,0,tag_lost_countdown,-11.06,-1.08,,,,,,,,,,,,,0.16
114.826,2515,0,tag_lost_countdown,-11.06,-1.08,,,,,,,,,,,,,0.2
114.869,2516,0,tag_lost_countdown,-11.06,-1.08,,,,,,,,,,,,,0.24
114.909,2517,0,tag_lost_countdown,-11.06,-1.08,,,,,,,,,,,,,0.28
114.954,2518,0,tag_lost_countdown,-11.06,-1.08,,,,,,,,,,,,,0.32
114.991,2519,0,tag_lost_countdown,-11.06,-1.08,,,,,,,,,,,,,0.37
115.036,2520,0,tag_lost_countdown,-11.06,-1.08,,,,,,,,,,,,,0.41
115.075,2521,0,tag_lost_countdown,-11.06,-1.08,,,,,,,,,,,,,0.45
115.119,2522,0,tag_lost_countdown,-11.06,-1.08,,,,,,,,,,,,,0.49
115.159,2523,0,tag_lost_countdown,-11.06,-1.08,,,,,,,,,,,,,0.53
115.204,2524,0,tag_lost_countdown,-11.06,-1.08,,,,,,,,,,,,,0.57
115.243,2525,0,tag_lost_countdown,-11.06,-1.08,,,,,,,,,,,,,0.62
115.289,2526,0,tag_lost_countdown,-11.06,-1.08,,,,,,,,,,,,,0.66
115.330,2527,0,tag_lost_countdown,-11.06,-1.08,,,,,,,,,,,,,0.7
115.377,2528,0,tag_lost_countdown,-11.06,-1.08,,,,,,,,,,,,,0.74
115.416,2529,0,tag_lost_countdown,-11.06,-1.08,,,,,,,,,,,,,0.79
115.459,2530,0,tag_lost_countdown,-11.06,-1.08,,,,,,,,,,,,,0.83
115.500,2531,0,tag_lost_countdown,-11.06,-1.08,,,,,,,,,,,,,0.87
115.546,2532,0,tag_lost_countdown,-11.06,-1.08,,,,,,,,,,,,,0.91
115.584,2533,0,tag_lost_countdown,-11.06,-1.08,,,,,,,,,,,,,0.96
115.629,2534,0,tag_lost_countdown,-11.06,-1.08,,,,,,,,,,,,,1.0
115.669,2535,0,tag_lost_countdown,-11.06,-1.08,,,,,,,,,,,,,1.04
115.714,2536,0,tag_lost_countdown,-11.06,-1.08,,,,,,,,,,,,,1.08
115.753,2537,0,tag_lost_countdown,-11.06,-1.08,,,,,,,,,,,,,1.13
115.799,2538,0,tag_lost_countdown,-11.06,-1.08,,,,,,,,,,,,,1.17
115.837,2539,0,tag_lost_countdown,-11.06,-1.08,,,,,,,,,,,,,1.21
115.883,2540,0,tag_lost_countdown,-11.06,-1.08,,,,,,,,,,,,,1.25
115.922,2541,0,tag_lost_countdown,-11.06,-1.08,,,,,,,,,,,,,1.3
115.969,2542,0,tag_lost_countdown,-11.06,-1.08,,,,,,,,,,,,,1.34
116.009,2543,0,tag_lost_countdown,-11.06,-1.08,,,,,,,,,,,,,1.38
116.056,2544,0,tag_lost_countdown,-11.06,-1.08,,,,,,,,,,,,,1.42
116.096,2545,0,tag_lost_countdown,-11.06,-1.08,,,,,,,,,,,,,1.47
116.141,2546,0,tag_lost_countdown,-11.06,-1.08,,,,,,,,,,,,,1.51
116.187,2547,0,tag_lost_countdown,-11.06,-1.08,,,,,,,,,,,,,1.55
116.230,2548,0,tag_lost_countdown,-11.06,-1.08,,,,,,,,,,,,,1.6
116.268,2549,0,tag_lost_countdown,-11.06,-1.08,,,,,,,,,,,,,1.64
116.314,2550,1,deadband,-11.06,-1.08,8.0,4.6,8.0,4.6,9.2,0.0,0.0,1,0,0,0,38.2,
116.354,2551,1,deadband,-11.06,-1.08,8.1,4.5,8.0,4.5,9.2,0.0,0.0,1,0,0,0,34.6,
116.412,2552,1,deadband,-11.06,-1.08,7.8,4.7,7.9,4.7,9.1,0.0,0.0,1,0,0,0,34.5,
116.453,2553,1,deadband,-11.06,-1.08,8.0,4.8,8.0,4.7,9.3,0.0,0.0,1,0,0,0,36.5,
116.502,2554,1,deadband,-11.06,-1.08,8.1,4.5,8.0,4.6,9.2,0.0,0.0,1,0,0,0,35.4,
116.545,2555,1,deadband,-11.06,-1.08,7.9,4.7,8.0,4.6,9.2,0.0,0.0,1,0,0,0,34.4,
116.593,2556,1,deadband,-11.06,-1.08,8.1,4.7,8.1,4.7,9.4,0.0,0.0,1,0,0,0,32.6,
116.638,2557,1,deadband,-11.06,-1.08,8.0,4.7,8.1,4.7,9.3,0.0,0.0,1,0,0,0,32.4,
116.688,2558,1,deadband,-11.06,-1.08,8.1,4.7,8.1,4.7,9.4,0.0,0.0,1,0,0,0,31.4,
116.728,2559,1,deadband,-11.06,-1.08,8.1,4.7,8.1,4.7,9.4,0.0,0.0,1,0,0,0,31.0,
116.776,2560,1,deadband,-11.06,-1.08,8.1,4.7,8.1,4.7,9.3,0.0,0.0,1,0,0,0,30.0,
116.817,2561,1,deadband,-11.06,-1.08,8.0,4.7,8.0,4.7,9.3,0.0,0.0,1,0,0,0,29.6,
116.865,2562,1,deadband,-11.06,-1.08,8.1,4.7,8.1,4.7,9.3,0.0,0.0,1,0,0,0,30.2,
116.907,2563,1,deadband,-11.06,-1.08,8.0,4.5,8.0,4.6,9.2,0.0,0.0,1,0,0,0,30.4,
116.953,2564,1,deadband,-11.06,-1.08,8.1,4.6,8.1,4.6,9.3,0.0,0.0,1,0,0,0,31.4,
116.994,2565,1,deadband,-11.06,-1.08,8.1,4.8,8.1,4.7,9.4,0.0,0.0,1,0,0,0,29.8,
117.040,2566,1,deadband,-11.06,-1.08,8.1,4.6,8.1,4.6,9.3,0.0,0.0,1,0,0,0,30.7,
117.089,2567,1,deadband,-11.06,-1.08,8.0,4.7,8.0,4.7,9.2,0.0,0.0,1,0,0,0,29.5,
117.138,2568,1,deadband,-11.06,-1.08,7.8,4.8,7.8,4.7,9.1,0.0,0.0,1,0,0,0,30.4,
117.181,2569,1,deadband,-11.06,-1.08,7.9,4.6,7.9,4.6,9.2,0.0,0.0,1,0,0,0,29.0,
117.230,2570,1,deadband,-11.06,-1.08,7.9,4.7,7.9,4.7,9.2,0.0,0.0,1,0,0,0,29.1,
117.280,2571,1,deadband,-11.06,-1.08,7.9,4.6,7.9,4.6,9.1,0.0,0.0,1,0,0,0,29.1,
117.330,2572,1,deadband,-11.06,-1.08,8.0,4.7,8.0,4.7,9.3,0.0,0.0,1,0,0,0,29.5,
117.373,2573,1,deadband,-11.06,-1.08,8.0,4.7,8.0,4.7,9.3,0.0,0.0,1,0,0,0,29.9,
117.422,2574,1,deadband,-11.06,-1.08,7.9,4.8,8.0,4.7,9.3,0.0,0.0,1,0,0,0,29.6,
117.466,2575,1,deadband,-11.06,-1.08,8.0,4.6,8.0,4.6,9.2,0.0,0.0,1,0,0,0,30.3,
117.516,2576,1,deadband,-11.06,-1.08,7.9,4.6,7.9,4.6,9.2,0.0,0.0,1,0,0,0,28.9,
117.560,2577,1,deadband,-11.06,-1.08,7.9,4.6,7.9,4.6,9.1,0.0,0.0,1,0,0,0,31.1,
117.610,2578,1,deadband,-11.06,-1.08,7.9,4.6,7.9,4.6,9.2,0.0,0.0,1,0,0,0,31.0,
117.656,2579,1,deadband,-11.06,-1.08,7.9,4.8,7.9,4.7,9.3,0.0,0.0,1,0,0,0,29.0,
117.718,2580,1,deadband,-11.06,-1.08,8.0,4.7,8.0,4.7,9.3,0.0,0.0,1,0,0,0,30.3,
117.764,2581,1,deadband,-11.06,-1.08,8.0,4.7,8.0,4.7,9.3,0.0,0.0,1,0,0,0,29.4,
117.813,2582,1,deadband,-11.06,-1.08,7.9,4.7,7.9,4.7,9.1,0.0,0.0,1,0,0,0,28.6,
117.856,2583,1,deadband,-11.06,-1.08,7.9,4.8,7.9,4.7,9.2,0.0,0.0,1,0,0,0,29.1,
117.905,2584,1,deadband,-11.06,-1.08,8.0,4.8,8.0,4.8,9.3,0.0,0.0,1,0,0,0,29.7,
117.951,2585,1,deadband,-11.06,-1.08,8.0,4.8,8.0,4.8,9.3,0.0,0.0,1,0,0,0,30.2,
118.002,2586,1,deadband,-11.06,-1.08,8.0,4.7,8.0,4.7,9.2,0.0,0.0,1,0,0,0,29.6,
118.046,2587,1,deadband,-11.06,-1.08,7.8,4.7,7.9,4.7,9.1,0.0,0.0,1,0,0,0,29.5,
118.094,2588,1,deadband,-11.06,-1.08,7.9,4.6,7.9,4.6,9.1,0.0,0.0,1,0,0,0,29.5,
118.137,2589,1,deadband,-11.06,-1.08,7.9,4.6,7.9,4.6,9.1,0.0,0.0,1,0,0,0,29.7,
118.199,2590,1,deadband,-11.06,-1.08,7.8,4.7,7.8,4.7,9.1,0.0,0.0,1,0,0,0,29.2,
118.244,2591,1,deadband,-11.06,-1.08,7.9,4.8,7.9,4.8,9.3,0.0,0.0,1,0,0,0,29.6,
118.293,2592,1,deadband,-11.06,-1.08,7.9,4.6,7.9,4.7,9.1,0.0,0.0,1,0,0,0,30.8,
118.337,2593,1,deadband,-11.06,-1.08,7.9,4.7,7.9,4.7,9.2,0.0,0.0,1,0,0,0,30.0,
118.387,2594,1,deadband,-11.06,-1.08,7.9,4.6,7.9,4.7,9.1,0.0,0.0,1,0,0,0,30.0,
118.430,2595,1,deadband,-11.06,-1.08,7.8,4.7,7.8,4.7,9.1,0.0,0.0,1,0,0,0,30.4,
118.479,2596,1,deadband,-11.06,-1.08,7.8,4.7,7.8,4.7,9.1,0.0,0.0,1,0,0,0,29.8,
118.523,2597,1,deadband,-11.06,-1.08,7.9,4.6,7.9,4.6,9.2,0.0,0.0,1,0,0,0,28.1,
118.571,2598,1,deadband,-11.06,-1.08,7.8,4.7,7.8,4.7,9.1,0.0,0.0,1,0,0,0,29.7,
118.627,2599,1,deadband,-11.06,-1.08,7.8,4.7,7.8,4.7,9.1,0.0,0.0,1,0,0,0,29.6,
118.678,2600,1,deadband,-11.06,-1.08,7.9,4.6,7.9,4.7,9.1,0.0,0.0,1,0,0,0,29.4,
118.719,2601,1,deadband,-11.06,-1.08,7.8,4.7,7.8,4.7,9.1,0.0,0.0,1,0,0,0,29.4,
118.767,2602,1,deadband,-11.06,-1.08,7.9,4.7,7.9,4.7,9.1,0.0,0.0,1,0,0,0,29.9,
118.813,2603,1,deadband,-11.06,-1.08,7.8,4.6,7.8,4.6,9.1,0.0,0.0,1,0,0,0,29.7,
118.863,2604,1,deadband,-11.06,-1.08,7.8,4.6,7.8,4.6,9.1,0.0,0.0,1,0,0,0,30.7,
118.905,2605,1,deadband,-11.06,-1.08,7.9,4.7,7.9,4.7,9.2,0.0,0.0,1,0,0,0,28.8,
118.955,2606,1,deadband,-11.06,-1.08,7.8,4.7,7.8,4.7,9.1,0.0,0.0,1,0,0,0,29.1,
118.998,2607,1,deadband,-11.06,-1.08,7.8,4.6,7.8,4.6,9.1,0.0,0.0,1,0,0,0,29.2,
119.047,2608,1,deadband,-11.06,-1.08,8.0,4.8,7.9,4.7,9.3,0.0,0.0,1,0,0,0,30.3,
119.093,2609,1,deadband,-11.06,-1.08,7.9,4.7,7.9,4.7,9.1,0.0,0.0,1,0,0,0,30.4,
119.142,2610,1,deadband,-11.06,-1.08,7.9,4.8,7.9,4.7,9.2,0.0,0.0,1,0,0,0,29.2,
119.185,2611,1,deadband,-11.06,-1.08,7.8,4.6,7.9,4.7,9.1,0.0,0.0,1,0,0,0,29.5,
119.248,2612,1,deadband,-11.06,-1.08,7.8,4.7,7.8,4.7,9.1,0.0,0.0,1,0,0,0,29.7,
119.294,2613,1,deadband,-11.06,-1.08,7.8,4.7,7.8,4.7,9.1,0.0,0.0,1,0,0,0,29.6,
119.344,2614,1,deadband,-11.06,-1.08,7.8,4.7,7.8,4.7,9.2,0.0,0.0,1,0,0,0,29.8,
119.388,2615,1,deadband,-11.06,-1.08,7.9,4.8,7.9,4.8,9.3,0.0,0.0,1,0,0,0,28.9,
119.438,2616,1,deadband,-11.06,-1.08,7.9,4.7,7.9,4.7,9.2,0.0,0.0,1,0,0,0,31.0,
119.482,2617,1,deadband,-11.06,-1.08,7.9,4.7,7.9,4.7,9.2,0.0,0.0,1,0,0,0,30.1,
119.530,2618,1,deadband,-11.06,-1.08,7.9,4.6,7.9,4.6,9.1,0.0,0.0,1,0,0,0,30.2,
119.574,2619,1,deadband,-11.06,-1.08,7.8,4.6,7.8,4.6,9.1,0.0,0.0,1,0,0,0,29.7,
119.622,2620,1,deadband,-11.06,-1.08,7.9,4.7,7.9,4.7,9.2,0.0,0.0,1,0,0,0,29.0,
119.666,2621,1,deadband,-11.06,-1.08,7.9,4.8,7.9,4.8,9.3,0.0,0.0,1,0,0,0,29.3,
119.730,2622,1,deadband,-11.06,-1.08,7.9,4.7,7.9,4.7,9.2,0.0,0.0,1,0,0,0,29.5,
119.773,2623,1,deadband,-11.06,-1.08,7.8,4.7,7.8,4.7,9.1,0.0,0.0,1,0,0,0,30.4,
119.825,2624,1,deadband,-11.06,-1.08,7.8,4.7,7.8,4.7,9.1,0.0,0.0,1,0,0,0,30.5,
119.869,2625,1,deadband,-11.06,-1.08,7.8,4.7,7.8,4.7,9.1,0.0,0.0,1,0,0,0,30.9,
119.919,2626,1,deadband,-11.06,-1.08,8.0,4.8,7.9,4.8,9.3,0.0,0.0,1,0,0,0,30.5,
119.963,2627,1,deadband,-11.06,-1.08,7.9,4.8,7.9,4.8,9.3,0.0,0.0,1,0,0,0,29.8,
120.009,2628,1,deadband,-11.06,-1.08,7.9,4.8,7.9,4.8,9.3,0.0,0.0,1,0,0,0,30.4,
120.053,2629,1,deadband,-11.06,-1.08,7.8,4.7,7.8,4.7,9.1,0.0,0.0,1,0,0,0,31.1,
120.104,2630,1,deadband,-11.06,-1.08,7.8,4.7,7.8,4.7,9.1,0.0,0.0,1,0,0,0,31.3,
120.158,2631,1,deadband,-11.06,-1.08,7.8,4.7,7.8,4.7,9.1,0.0,0.0,1,0,0,0,31.3,
120.208,2632,1,deadband,-11.06,-1.08,7.8,4.7,7.8,4.7,9.1,0.0,0.0,1,0,0,0,31.1,
120.252,2633,1,deadband,-11.06,-1.08,7.9,4.7,7.9,4.7,9.1,0.0,0.0,1,0,0,0,31.3,
120.300,2634,1,deadband,-11.06,-1.08,7.8,4.7,7.8,4.7,9.1,0.0,0.0,1,0,0,0,30.6,
120.345,2635,1,deadband,-11.06,-1.08,7.9,4.8,7.9,4.8,9.2,0.0,0.0,1,0,0,0,31.2,
120.396,2636,1,deadband,-11.06,-1.08,7.9,4.8,7.9,4.8,9.2,0.0,0.0,1,0,0,0,30.6,
120.439,2637,1,deadband,-11.06,-1.08,7.8,4.7,7.8,4.7,9.1,0.0,0.0,1,0,0,0,31.7,
120.488,2638,1,deadband,-11.06,-1.08,7.9,4.7,7.9,4.7,9.2,0.0,0.0,1,0,0,0,31.0,
120.531,2639,1,deadband,-11.06,-1.08,7.8,4.7,7.8,4.7,9.1,0.0,0.0,1,0,0,0,31.1,
120.581,2640,1,deadband,-11.06,-1.08,7.8,4.7,7.8,4.7,9.1,0.0,0.0,1,0,0,0,32.2,
120.625,2641,1,deadband,-11.06,-1.08,7.8,4.8,7.8,4.8,9.2,0.0,0.0,1,0,0,0,31.3,
120.673,2642,1,deadband,-11.06,-1.08,8.0,4.6,8.0,4.6,9.2,0.0,0.0,1,0,0,0,31.6,
120.717,2643,1,deadband,-11.06,-1.08,7.8,4.8,7.8,4.8,9.1,0.0,0.0,1,0,0,0,31.0,
120.778,2644,1,deadband,-11.06,-1.08,7.9,4.6,7.8,4.6,9.1,0.0,0.0,1,0,0,0,32.1,
120.824,2645,1,deadband,-11.06,-1.08,7.8,4.7,7.8,4.7,9.1,0.0,0.0,1,0,0,0,31.2,
120.874,2646,1,deadband,-11.06,-1.08,7.8,4.7,7.8,4.7,9.1,0.0,0.0,1,0,0,0,31.7,
120.919,2647,1,deadband,-11.06,-1.08,7.8,4.7,7.8,4.7,9.1,0.0,0.0,1,0,0,0,31.5,
120.971,2648,1,deadband,-11.06,-1.08,7.8,4.7,7.8,4.7,9.1,0.0,0.0,1,0,0,0,31.7,
121.019,2649,1,deadband,-11.06,-1.08,7.8,4.7,7.8,4.7,9.1,0.0,0.0,1,0,0,0,31.9,
121.067,2650,1,deadband,-11.06,-1.08,7.8,4.7,7.8,4.7,9.1,0.0,0.0,1,0,0,0,31.2,
121.110,2651,1,deadband,-11.06,-1.08,7.9,4.8,7.8,4.8,9.2,0.0,0.0,1,0,0,0,31.3,
121.159,2652,1,deadband,-11.06,-1.08,7.8,4.7,7.8,4.8,9.1,0.0,0.0,1,0,0,0,30.1,
121.212,2653,1,deadband,-11.06,-1.08,7.8,4.7,7.8,4.7,9.1,0.0,0.0,1,0,0,0,31.7,
121.260,2654,1,deadband,-11.06,-1.08,7.9,4.8,7.9,4.8,9.2,0.0,0.0,1,0,0,0,31.0,
121.302,2655,1,deadband,-11.06,-1.08,7.9,4.8,7.9,4.8,9.2,0.0,0.0,1,0,0,0,32.0,
121.352,2656,1,deadband,-11.06,-1.08,7.8,4.7,7.8,4.7,9.1,0.0,0.0,1,0,0,0,31.3,
121.395,2657,1,deadband,-11.06,-1.08,7.8,4.7,7.8,4.7,9.1,0.0,0.0,1,0,0,0,31.9,
121.446,2658,1,deadband,-11.06,-1.08,7.8,4.8,7.8,4.8,9.2,0.0,0.0,1,0,0,0,31.5,
121.489,2659,1,deadband,-11.06,-1.08,7.8,4.8,7.8,4.8,9.2,0.0,0.0,1,0,0,0,31.0,
121.538,2660,1,deadband,-11.06,-1.08,7.8,4.7,7.8,4.7,9.1,0.0,0.0,1,0,0,0,31.3,
121.583,2661,1,deadband,-11.06,-1.08,7.8,4.7,7.8,4.7,9.1,0.0,0.0,1,0,0,0,31.8,
121.633,2662,1,deadband,-11.06,-1.08,7.8,4.7,7.8,4.7,9.1,0.0,0.0,1,0,0,0,31.8,
121.687,2663,1,deadband,-11.06,-1.08,7.8,4.8,7.8,4.8,9.2,0.0,0.0,1,0,0,0,31.4,
121.736,2664,1,deadband,-11.06,-1.08,7.8,4.8,7.8,4.8,9.2,0.0,0.0,1,0,0,0,31.2,
121.778,2665,1,deadband,-11.06,-1.08,7.8,4.8,7.8,4.8,9.2,0.0,0.0,1,0,0,0,31.2,
121.827,2666,1,deadband,-11.06,-1.08,7.9,4.8,7.9,4.8,9.2,0.0,0.0,1,0,0,0,32.0,
121.871,2667,1,deadband,-11.06,-1.08,7.8,4.7,7.8,4.8,9.1,0.0,0.0,1,0,0,0,31.4,
121.920,2668,1,deadband,-11.06,-1.08,7.8,4.7,7.8,4.7,9.1,0.0,0.0,1,0,0,0,31.3,
121.964,2669,1,deadband,-11.06,-1.08,7.8,4.7,7.8,4.7,9.1,0.0,0.0,1,0,0,0,31.7,
122.015,2670,1,deadband,-11.06,-1.08,7.8,4.8,7.8,4.8,9.1,0.0,0.0,1,0,0,0,31.4,
122.058,2671,1,deadband,-11.06,-1.08,7.8,4.7,7.8,4.7,9.1,0.0,0.0,1,0,0,0,31.2,
122.106,2672,1,deadband,-11.06,-1.08,7.9,4.8,7.8,4.8,9.2,0.0,0.0,1,0,0,0,30.8,
122.152,2673,1,deadband,-11.06,-1.08,7.7,4.7,7.7,4.8,9.1,0.0,0.0,1,0,0,0,30.3,
122.202,2674,1,deadband,-11.06,-1.08,7.8,4.7,7.8,4.7,9.1,0.0,0.0,1,0,0,0,32.4,
122.244,2675,1,deadband,-11.06,-1.08,7.8,4.7,7.8,4.7,9.1,0.0,0.0,1,0,0,0,31.7,
122.307,2676,1,deadband,-11.06,-1.08,7.8,4.7,7.8,4.7,9.1,0.0,0.0,1,0,0,0,31.7,
122.350,2677,1,deadband,-11.06,-1.08,7.8,4.7,7.8,4.7,9.1,0.0,0.0,1,0,0,0,32.2,
122.401,2678,1,deadband,-11.06,-1.08,7.8,4.7,7.8,4.7,9.1,0.0,0.0,1,0,0,0,31.2,
122.446,2679,1,deadband,-11.06,-1.08,7.8,4.7,7.8,4.7,9.1,0.0,0.0,1,0,0,0,31.8,
122.495,2680,1,deadband,-11.06,-1.08,7.8,4.8,7.8,4.8,9.2,0.0,0.0,1,0,0,0,31.2,
122.538,2681,1,deadband,-11.06,-1.08,7.7,4.7,7.8,4.7,9.1,0.0,0.0,1,0,0,0,30.8,
122.588,2682,1,deadband,-11.06,-1.08,7.9,4.8,7.8,4.8,9.2,0.0,0.0,1,0,0,0,31.5,
122.631,2683,1,deadband,-11.06,-1.08,7.7,4.7,7.8,4.7,9.1,0.0,0.0,1,0,0,0,31.7,
122.680,2684,1,deadband,-11.06,-1.08,7.8,4.7,7.8,4.7,9.1,0.0,0.0,1,0,0,0,32.3,
122.723,2685,1,deadband,-11.06,-1.08,7.8,4.7,7.8,4.7,9.1,0.0,0.0,1,0,0,0,31.3,
122.782,2686,1,deadband,-11.06,-1.08,7.8,4.7,7.8,4.7,9.1,0.0,0.0,1,0,0,0,31.8,
122.826,2687,1,deadband,-11.06,-1.08,7.9,4.8,7.9,4.8,9.2,0.0,0.0,1,0,0,0,31.0,
122.875,2688,1,deadband,-11.06,-1.08,7.8,4.7,7.8,4.7,9.1,0.0,0.0,1,0,0,0,30.3,
122.916,2689,1,deadband,-11.06,-1.08,7.8,4.7,7.8,4.7,9.1,0.0,0.0,1,0,0,0,31.9,
122.969,2690,1,deadband,-11.06,-1.08,7.8,4.8,7.8,4.8,9.2,0.0,0.0,1,0,0,0,32.3,
123.012,2691,1,deadband,-11.06,-1.08,7.8,4.7,7.8,4.7,9.1,0.0,0.0,1,0,0,0,32.0,
123.063,2692,1,deadband,-11.06,-1.08,7.8,4.7,7.8,4.7,9.1,0.0,0.0,1,0,0,0,31.0,
123.106,2693,1,deadband,-11.06,-1.08,7.8,4.7,7.8,4.7,9.1,0.0,0.0,1,0,0,0,31.3,
123.154,2694,1,deadband,-11.06,-1.08,7.9,5.7,7.9,5.5,9.8,0.0,0.0,1,0,0,0,23.5,
123.196,2695,0,tag_lost_countdown,-11.06,-1.08,,,,,,,,,,,,,0.0
123.241,2696,1,deadband,-11.06,-1.08,8.3,1.8,8.2,2.6,8.5,0.0,0.0,1,0,0,0,23.2,
123.279,2697,0,tag_lost_countdown,-11.06,-1.08,,,,,,,,,,,,,0.0
123.326,2698,1,deadband,-11.06,-1.08,-9.6,1.0,-6.0,1.3,9.6,0.0,0.0,1,0,0,0,20.3,
123.368,2699,1,ibvs_active,-11.1,-1.09,-12.4,0.9,-11.1,0.9,12.4,-0.031,-0.003,0,0,0,1,33.2,
123.414,2700,1,deadband,-11.1,-1.09,-9.5,-4.4,-9.8,-3.3,10.4,0.0,0.0,1,0,0,0,31.6,
123.455,2701,1,ibvs_active,-11.18,-1.08,-13.3,-1.4,-12.6,-1.8,13.3,-0.085,0.012,0,0,0,1,22.8,
123.501,2702,1,ibvs_active,-11.56,-1.03,-19.6,-2.2,-18.2,-2.1,19.8,-0.38,0.044,0,0,0,1,26.8,
123.545,2703,1,ibvs_active,-12.73,-0.92,-29.3,-2.8,-27.1,-2.7,29.5,-1.17,0.115,0,0,0,1,34.4,
123.596,2704,1,ibvs_active,-14.27,-0.88,-31.7,-0.2,-30.8,-0.7,31.7,-1.541,0.035,0,0,0,1,32.2,
123.637,2705,1,ibvs_active,-16.02,-0.89,-36.1,0.4,-35.0,0.2,36.1,-1.751,-0.008,0,0,0,1,32.2,
123.686,2706,1,ibvs_active,-17.88,-0.87,-37.6,-0.5,-37.1,-0.4,37.6,-1.853,0.019,0,0,0,1,32.4,
123.726,2707,1,ibvs_active,-19.54,-0.9,-32.4,0.7,-33.3,0.5,32.4,-1.665,-0.026,0,0,0,1,26.1,
123.776,2708,1,ibvs_active,-20.52,-0.75,-23.3,-4.7,-25.3,-3.7,23.7,-0.982,0.143,0,0,0,1,30.0,
123.818,2709,0,tag_lost_countdown,-20.52,-0.75,,,,,,,,,,,,,0.0
123.868,2710,0,tag_lost_countdown,-20.52,-0.75,,,,,,,,,,,,,0.04
123.907,2711,0,tag_lost_countdown,-20.52,-0.75,,,,,,,,,,,,,0.09
123.954,2712,1,ibvs_active,-20.69,-0.73,-11.9,-1.1,-14.6,-1.6,12.0,-0.171,0.019,0,0,0,1,22.9,
123.996,2713,1,ibvs_active,-20.97,-0.61,-16.0,-8.1,-15.7,-6.8,17.9,-0.28,0.121,0,0,0,1,28.3,
124.046,2714,1,ibvs_active,-21.64,-0.5,-23.3,-3.0,-21.8,-3.8,23.5,-0.66,0.115,0,0,0,1,29.1,
124.091,2715,1,ibvs_active,-22.78,-0.3,-28.0,-4.8,-26.8,-4.6,28.4,-1.15,0.196,0,0,0,1,31.6,
124.137,2716,0,tag_lost_countdown,-22.78,-0.3,,,,,,,,,,,,,0.0
124.180,2717,0,tag_lost_countdown,-22.78,-0.3,,,,,,,,,,,,,0.05
124.233,2718,1,ibvs_active,-23.62,-0.2,-23.1,-2.5,-23.8,-2.9,23.2,-0.833,0.101,0,0,0,1,21.3,
124.274,2719,0,tag_lost_countdown,-23.62,-0.2,,,,,,,,,,,,,0.0
124.319,2720,0,tag_lost_countdown,-23.62,-0.2,,,,,,,,,,,,,0.04
124.361,2721,0,tag_lost_countdown,-23.62,-0.2,,,,,,,,,,,,,0.09
124.409,2722,1,ibvs_active,-25.51,-0.04,-41.3,-3.4,-37.8,-3.3,41.4,-1.89,0.166,0,0,0,1,31.2,
124.453,2723,0,tag_lost_countdown,-25.51,-0.04,,,,,,,,,,,,,0.0
124.500,2724,1,ibvs_active,-27.51,-0.03,-61.1,0.6,-56.5,-0.1,61.1,-2.0,0.007,0,0,0,1,27.8,
124.542,2725,0,tag_lost_countdown,-27.51,-0.03,,,,,,,,,,,,,0.0
124.589,2726,1,ibvs_active,-29.51,-0.09,-53.8,1.6,-54.4,1.3,53.9,-2.0,-0.064,0,0,0,1,28.4,
124.632,2727,0,tag_lost_countdown,-29.51,-0.09,,,,,,,,,,,,,0.0
124.680,2728,0,tag_lost_countdown,-29.51,-0.09,,,,,,,,,,,,,0.04
124.721,2729,0,tag_lost_countdown,-29.51,-0.09,,,,,,,,,,,,,0.09
124.768,2730,0,tag_lost_countdown,-29.51,-0.09,,,,,,,,,,,,,0.13
124.808,2731,0,tag_lost_countdown,-29.51,-0.09,,,,,,,,,,,,,0.18
124.855,2732,1,ibvs_active,-31.12,-0.29,-26.7,4.5,-32.2,3.9,27.1,-1.612,-0.195,0,0,0,1,28.1,
124.898,2733,1,ibvs_active,-32.62,-0.47,-29.5,3.7,-30.0,3.7,29.7,-1.502,-0.187,0,0,0,1,22.0,
124.944,2734,1,ibvs_active,-34.25,-0.71,-33.2,5.0,-32.5,4.8,33.5,-1.627,-0.239,0,0,0,1,27.2,
124.988,2735,1,ibvs_active,-35.47,-0.93,-26.1,4.9,-27.4,4.9,26.6,-1.221,-0.218,0,0,0,1,27.5,
125.035,2736,0,tag_lost_countdown,-35.47,-0.93,,,,,,,,,,,,,0.0
125.076,2737,1,deadband,-35.47,-0.93,0.5,6.6,-5.0,6.3,6.6,0.0,0.0,1,0,0,0,25.1,
125.132,2738,0,tag_lost_countdown,-35.47,-0.93,,,,,,,,,,,,,0.0
125.173,2739,0,tag_lost_countdown,-35.47,-0.93,,,,,,,,,,,,,0.05
125.217,2740,0,tag_lost_countdown,-35.47,-0.93,,,,,,,,,,,,,0.09
125.257,2741,0,tag_lost_countdown,-35.47,-0.93,,,,,,,,,,,,,0.13
125.309,2742,0,tag_lost_countdown,-35.47,-0.93,,,,,,,,,,,,,0.17
125.356,2743,1,ibvs_active,-33.47,-0.68,63.1,-7.8,49.5,-5.0,63.6,2.0,0.25,0,0,0,1,33.1,
125.407,2744,1,ibvs_active,-31.47,-0.36,62.7,-6.7,60.0,-6.3,63.0,2.0,0.316,0,0,0,1,33.8,
125.455,2745,1,ibvs_active,-29.47,0.01,62.1,-7.7,61.7,-7.4,62.6,2.0,0.37,0,0,0,1,34.4,
125.504,2746,0,tag_lost_countdown,-29.47,0.01,,,,,,,,,,,,,0.0
125.550,2747,1,ibvs_active,-27.72,0.36,28.4,-7.0,35.1,-7.1,29.3,1.755,0.353,0,0,0,1,29.8,
125.602,2748,1,ibvs_active,-27.59,0.42,6.6,-6.4,12.3,-6.5,9.2,0.122,0.065,0,0,0,1,21.2,
125.645,2749,0,tag_lost_countdown,-27.59,0.42,,,,,,,,,,,,,0.0
125.690,2750,0,tag_lost_countdown,-27.59,0.42,,,,,,,,,,,,,0.04
125.727,2751,0,tag_lost_countdown,-27.59,0.42,,,,,,,,,,,,,0.09
125.788,2752,0,tag_lost_countdown,-27.59,0.42,,,,,,,,,,,,,0.14
125.827,2753,0,tag_lost_countdown,-27.59,0.42,,,,,,,,,,,,,0.19
125.870,2754,0,tag_lost_countdown,-27.59,0.42,,,,,,,,,,,,,0.22
125.909,2755,0,tag_lost_countdown,-27.59,0.42,,,,,,,,,,,,,0.27
125.962,2756,0,tag_lost_countdown,-27.59,0.42,,,,,,,,,,,,,0.31
126.005,2757,1,ibvs_active,-29.59,-0.18,-127.8,16.7,-99.8,12.1,128.9,-2.0,-0.604,0,0,0,1,31.2,
126.055,2758,1,ibvs_active,-31.59,-1.0,-131.8,17.4,-125.4,16.3,133.0,-2.0,-0.816,0,0,0,1,28.5,
126.099,2759,1,ibvs_active,-33.59,-1.82,-139.2,16.5,-136.4,16.4,140.2,-2.0,-0.821,0,0,0,1,23.2,
126.143,2760,0,tag_lost_countdown,-33.59,-1.82,,,,,,,,,,,,,0.0
126.189,2761,1,ibvs_active,-35.59,-2.59,-112.8,15.4,-117.5,15.6,113.8,-2.0,-0.778,0,0,0,1,21.7,
126.237,2762,1,ibvs_active,-37.59,-2.85,-88.4,2.5,-94.3,5.1,88.5,-2.0,-0.254,0,0,0,1,24.2,
126.281,2763,1,ibvs_active,-39.59,-2.83,-89.6,-1.8,-90.5,-0.5,89.6,-2.0,0.023,0,0,0,1,29.1,
126.330,2764,0,tag_lost_countdown,-39.59,-2.83,,,,,,,,,,,,,0.0
126.371,2765,0,tag_lost_countdown,-39.59,-2.83,,,,,,,,,,,,,0.05
126.428,2766,0,tag_lost_countdown,-39.59,-2.83,,,,,,,,,,,,,0.1
126.470,2767,0,tag_lost_countdown,-39.59,-2.83,,,,,,,,,,,,,0.15
126.518,2768,0,tag_lost_countdown,-39.59,-2.83,,,,,,,,,,,,,0.19
126.557,2769,0,tag_lost_countdown,-39.59,-2.83,,,,,,,,,,,,,0.24
126.609,2770,0,tag_lost_countdown,-39.59,-2.83,,,,,,,,,,,,,0.28
126.650,2771,0,tag_lost_countdown,-39.59,-2.83,,,,,,,,,,,,,0.33
126.695,2772,0,tag_lost_countdown,-39.59,-2.83,,,,,,,,,,,,,0.37
126.733,2773,0,tag_lost_countdown,-39.59,-2.83,,,,,,,,,,,,,0.41
126.778,2774,0,tag_lost_countdown,-39.59,-2.83,,,,,,,,,,,,,0.45
126.819,2775,0,tag_lost_countdown,-39.59,-2.83,,,,,,,,,,,,,0.5
126.866,2776,0,tag_lost_countdown,-39.59,-2.83,,,,,,,,,,,,,0.54
126.906,2777,0,tag_lost_countdown,-39.59,-2.83,,,,,,,,,,,,,0.58
126.951,2778,0,tag_lost_countdown,-39.59,-2.83,,,,,,,,,,,,,0.62
126.993,2779,0,tag_lost_countdown,-39.59,-2.83,,,,,,,,,,,,,0.67
127.037,2780,0,tag_lost_countdown,-39.59,-2.83,,,,,,,,,,,,,0.71
127.078,2781,0,tag_lost_countdown,-39.59,-2.83,,,,,,,,,,,,,0.75
127.127,2782,0,tag_lost_countdown,-39.59,-2.83,,,,,,,,,,,,,0.8
127.167,2783,0,tag_lost_countdown,-39.59,-2.83,,,,,,,,,,,,,0.84
127.217,2784,0,tag_lost_countdown,-39.59,-2.83,,,,,,,,,,,,,0.88
127.257,2785,0,tag_lost_countdown,-39.59,-2.83,,,,,,,,,,,,,0.94
127.303,2786,0,tag_lost_countdown,-39.59,-2.83,,,,,,,,,,,,,0.97
127.343,2787,0,tag_lost_countdown,-39.59,-2.83,,,,,,,,,,,,,1.02
127.390,2788,0,tag_lost_countdown,-39.59,-2.83,,,,,,,,,,,,,1.06
127.431,2789,0,tag_lost_countdown,-39.59,-2.83,,,,,,,,,,,,,1.11
127.476,2790,0,tag_lost_countdown,-39.59,-2.83,,,,,,,,,,,,,1.15
127.517,2791,0,tag_lost_countdown,-39.59,-2.83,,,,,,,,,,,,,1.19
127.561,2792,0,tag_lost_countdown,-39.59,-2.83,,,,,,,,,,,,,1.23
127.604,2793,0,tag_lost_countdown,-39.59,-2.83,,,,,,,,,,,,,1.28
127.649,2794,0,tag_lost_countdown,-39.59,-2.83,,,,,,,,,,,,,1.32
127.694,2795,0,tag_lost_countdown,-39.59,-2.83,,,,,,,,,,,,,1.37
127.740,2796,0,tag_lost_countdown,-39.59,-2.83,,,,,,,,,,,,,1.41
127.782,2797,0,tag_lost_countdown,-39.59,-2.83,,,,,,,,,,,,,1.46
127.832,2798,0,tag_lost_countdown,-39.59,-2.83,,,,,,,,,,,,,1.5
127.873,2799,0,tag_lost_countdown,-39.59,-2.83,,,,,,,,,,,,,1.55
127.919,2800,0,tag_lost_countdown,-39.59,-2.83,,,,,,,,,,,,,1.59
127.960,2801,0,tag_lost_countdown,-39.59,-2.83,,,,,,,,,,,,,1.64
128.006,2802,0,tag_lost_countdown,-39.59,-2.83,,,,,,,,,,,,,1.68
128.049,2803,0,tag_lost_countdown,-39.59,-2.83,,,,,,,,,,,,,1.73
128.094,2804,0,tag_lost_countdown,-39.59,-2.83,,,,,,,,,,,,,1.77
128.135,2805,0,tag_lost_countdown,-39.59,-2.83,,,,,,,,,,,,,1.81
128.182,2806,0,tag_lost_countdown,-39.59,-2.83,,,,,,,,,,,,,1.85
128.224,2807,0,tag_lost_countdown,-39.59,-2.83,,,,,,,,,,,,,1.9
128.271,2808,0,tag_lost_countdown,-39.59,-2.83,,,,,,,,,,,,,1.94
128.313,2809,0,tag_lost_countdown,-39.59,-2.83,,,,,,,,,,,,,1.99
128.359,2810,0,tag_lost_countdown,-39.59,-2.83,,,,,,,,,,,,,2.03
128.401,2811,0,tag_lost_countdown,-39.59,-2.83,,,,,,,,,,,,,2.08
128.445,2812,0,tag_lost_countdown,-39.59,-2.83,,,,,,,,,,,,,2.12
128.488,2813,0,tag_lost_countdown,-39.59,-2.83,,,,,,,,,,,,,2.16
128.544,2814,0,tag_lost_countdown,-39.59,-2.83,,,,,,,,,,,,,2.21
128.583,2815,0,tag_lost_countdown,-39.59,-2.83,,,,,,,,,,,,,2.26
128.633,2816,0,tag_lost_countdown,-39.59,-2.83,,,,,,,,,,,,,2.3
128.674,2817,0,tag_lost_countdown,-39.59,-2.83,,,,,,,,,,,,,2.35
128.721,2818,0,tag_lost_countdown,-39.59,-2.83,,,,,,,,,,,,,2.39
128.761,2819,0,tag_lost_countdown,-39.59,-2.83,,,,,,,,,,,,,2.44
128.808,2820,0,tag_lost_countdown,-39.59,-2.83,,,,,,,,,,,,,2.48
128.848,2821,0,tag_lost_countdown,-39.59,-2.83,,,,,,,,,,,,,2.53
128.893,2822,0,tag_lost_countdown,-39.59,-2.83,,,,,,,,,,,,,2.57
128.936,2823,0,tag_lost_countdown,-39.59,-2.83,,,,,,,,,,,,,2.61
128.985,2824,0,tag_lost_countdown,-39.59,-2.83,,,,,,,,,,,,,2.65
129.025,2825,0,tag_lost_countdown,-39.59,-2.83,,,,,,,,,,,,,2.7
129.070,2826,0,tag_lost_countdown,-39.59,-2.83,,,,,,,,,,,,,2.74
129.113,2827,0,tag_lost_countdown,-39.59,-2.83,,,,,,,,,,,,,2.79
129.162,2828,0,tag_lost_countdown,-39.59,-2.83,,,,,,,,,,,,,2.83
129.203,2829,0,tag_lost_countdown,-39.59,-2.83,,,,,,,,,,,,,2.88
129.247,2830,0,tag_lost_countdown,-39.59,-2.83,,,,,,,,,,,,,2.92
129.290,2831,0,tag_lost_countdown,-39.59,-2.83,,,,,,,,,,,,,2.97
129.337,2832,0,tag_lost_countdown,-39.59,-2.83,,,,,,,,,,,,,3.01
129.380,2833,0,tag_lost_countdown,-39.59,-2.83,,,,,,,,,,,,,3.06
129.427,2834,0,tag_lost_countdown,-39.59,-2.83,,,,,,,,,,,,,3.1
129.470,2835,0,tag_lost_countdown,-39.59,-2.83,,,,,,,,,,,,,3.14
129.518,2836,0,tag_lost_countdown,-39.59,-2.83,,,,,,,,,,,,,3.19
129.559,2837,0,tag_lost_countdown,-39.59,-2.83,,,,,,,,,,,,,3.24
129.605,2838,0,tag_lost_countdown,-39.59,-2.83,,,,,,,,,,,,,3.28
129.648,2839,0,tag_lost_countdown,-39.59,-2.83,,,,,,,,,,,,,3.32
129.697,2840,0,tag_lost_countdown,-39.59,-2.83,,,,,,,,,,,,,3.37
129.738,2841,0,tag_lost_countdown,-39.59,-2.83,,,,,,,,,,,,,3.41
129.797,2842,0,tag_lost_countdown,-39.59,-2.83,,,,,,,,,,,,,3.46
129.838,2843,0,tag_lost_countdown,-39.59,-2.83,,,,,,,,,,,,,3.52
129.886,2844,0,tag_lost_countdown,-39.59,-2.83,,,,,,,,,,,,,3.56
129.928,2845,0,tag_lost_countdown,-39.59,-2.83,,,,,,,,,,,,,3.6
129.974,2846,0,tag_lost_countdown,-39.59,-2.83,,,,,,,,,,,,,3.65
130.017,2847,0,tag_lost_countdown,-39.59,-2.83,,,,,,,,,,,,,3.69
130.063,2848,0,tag_lost_countdown,-39.59,-2.83,,,,,,,,,,,,,3.73
130.108,2849,0,tag_lost_countdown,-39.59,-2.83,,,,,,,,,,,,,3.78
130.154,2850,0,tag_lost_countdown,-39.59,-2.83,,,,,,,,,,,,,3.83
130.197,2851,0,tag_lost_countdown,-39.59,-2.83,,,,,,,,,,,,,3.87
130.242,2852,0,tag_lost_countdown,-39.59,-2.83,,,,,,,,,,,,,3.91
130.285,2853,0,tag_lost_countdown,-39.59,-2.83,,,,,,,,,,,,,3.96
130.333,2854,0,tag_lost_countdown,-39.59,-2.83,,,,,,,,,,,,,4.0
130.376,2855,0,tag_lost_countdown,-39.59,-2.83,,,,,,,,,,,,,4.05
130.424,2856,0,tag_lost_countdown,-39.59,-2.83,,,,,,,,,,,,,4.09
130.466,2857,0,tag_lost_countdown,-39.59,-2.83,,,,,,,,,,,,,4.14
130.514,2858,0,tag_lost_countdown,-39.59,-2.83,,,,,,,,,,,,,4.18
130.555,2859,0,tag_lost_countdown,-39.59,-2.83,,,,,,,,,,,,,4.23
130.602,2860,0,tag_lost_countdown,-39.59,-2.83,,,,,,,,,,,,,4.27
130.645,2861,0,tag_lost_countdown,-39.59,-2.83,,,,,,,,,,,,,4.32
130.703,2862,0,tag_lost_countdown,-39.59,-2.83,,,,,,,,,,,,,4.37
130.744,2863,0,tag_lost_countdown,-39.59,-2.83,,,,,,,,,,,,,4.42
130.790,2864,0,tag_lost_countdown,-39.59,-2.83,,,,,,,,,,,,,4.46
130.832,2865,0,tag_lost_countdown,-39.59,-2.83,,,,,,,,,,,,,4.51
130.883,2866,0,tag_lost_countdown,-39.59,-2.83,,,,,,,,,,,,,4.55
130.923,2867,0,tag_lost_countdown,-39.59,-2.83,,,,,,,,,,,,,4.6
130.971,2868,0,tag_lost_countdown,-39.59,-2.83,,,,,,,,,,,,,4.64
131.010,2869,0,tag_lost_countdown,-39.59,-2.83,,,,,,,,,,,,,4.69
131.058,2870,0,tag_lost_countdown,-39.59,-2.83,,,,,,,,,,,,,4.73
131.100,2871,0,tag_lost_countdown,-39.59,-2.83,,,,,,,,,,,,,4.78
131.147,2872,0,tag_lost_countdown,-39.59,-2.83,,,,,,,,,,,,,4.82
131.189,2873,0,tag_lost_countdown,-39.59,-2.83,,,,,,,,,,,,,4.87
131.234,2874,0,tag_lost_countdown,-39.59,-2.83,,,,,,,,,,,,,4.91
131.273,2875,0,tag_lost_countdown,-39.59,-2.83,,,,,,,,,,,,,4.95
131.319,2876,0,tag_lost_countdown,-39.59,-2.83,,,,,,,,,,,,,4.99
131.360,2877,0,chasing,0.0,0.0,,,,,,,,,,,,,
131.408,2878,0,tag_lost_countdown,0.0,0.0,,,,,,,,,,,,,0.0
131.450,2879,0,tag_lost_countdown,0.0,0.0,,,,,,,,,,,,,0.05
131.499,2880,0,tag_lost_countdown,0.0,0.0,,,,,,,,,,,,,0.09
131.541,2881,1,ibvs_active,2.0,-0.07,106.5,1.8,85.2,1.5,106.5,2.0,-0.074,0,0,0,1,20.5,
131.590,2882,1,ibvs_active,4.0,-0.1,98.4,0.2,95.7,0.4,98.4,2.0,-0.022,0,0,0,1,38.4,
131.635,2883,1,ibvs_active,6.0,-0.11,95.6,0.4,95.6,0.4,95.6,2.0,-0.019,0,0,0,1,24.9,
131.683,2884,1,ibvs_active,8.0,-0.13,76.0,0.2,80.0,0.3,76.0,2.0,-0.013,0,0,0,1,23.1,
131.725,2885,0,tag_lost_countdown,8.0,-0.13,,,,,,,,,,,,,0.0
131.785,2886,1,ibvs_active,10.0,-0.16,45.4,0.8,52.3,0.7,45.4,2.0,-0.036,0,0,0,1,24.8,
131.831,2887,1,ibvs_active,11.36,-0.22,22.9,1.3,28.8,1.1,23.0,1.356,-0.054,0,0,0,1,33.1,
131.882,2888,1,ibvs_active,12.19,-0.26,22.7,1.2,23.9,1.2,22.7,0.835,-0.041,0,0,0,1,32.6,
131.924,2889,1,deadband,12.19,-0.26,1.0,1.1,5.6,1.1,1.4,0.0,0.0,1,0,0,0,31.1,
131.974,2890,0,tag_lost_countdown,12.19,-0.26,,,,,,,,,,,,,0.0
132.017,2891,1,ibvs_active,11.96,-0.27,-21.1,0.6,-15.8,0.7,21.1,-0.23,-0.011,0,0,0,1,22.3,
132.067,2892,1,ibvs_active,11.44,-0.29,-21.4,0.8,-20.3,0.8,21.4,-0.52,-0.02,0,0,0,1,31.6,
132.111,2893,1,ibvs_active,10.85,-0.31,-21.4,0.7,-21.1,0.7,21.4,-0.59,-0.019,0,0,0,1,31.0,
132.164,2894,1,ibvs_active,10.24,-0.33,-21.5,0.6,-21.4,0.6,21.5,-0.612,-0.018,0,0,0,1,31.8,
132.221,2895,1,ibvs_active,9.63,-0.35,-21.4,0.8,-21.4,0.7,21.4,-0.611,-0.021,0,0,0,1,31.5,
132.270,2896,1,ibvs_active,9.26,-0.36,-17.2,0.7,-18.1,0.7,17.2,-0.364,-0.014,0,0,0,1,28.4,
132.314,2897,1,ibvs_active,8.95,-0.37,-17.0,0.7,-17.2,0.7,17.0,-0.312,-0.013,0,0,0,1,31.4,
132.361,2898,0,tag_lost_countdown,8.95,-0.37,,,,,,,,,,,,,0.0
132.405,2899,1,deadband,8.95,-0.37,-3.5,0.6,-6.3,0.6,3.6,0.0,0.0,1,0,0,0,30.7,
132.459,2900,1,deadband,8.95,-0.37,-3.4,0.7,-4.0,0.7,3.5,0.0,0.0,1,0,0,0,31.5,
132.502,2901,1,deadband,8.95,-0.37,-3.4,0.7,-3.5,0.7,3.5,0.0,0.0,1,0,0,0,31.2,
132.554,2902,1,deadband,8.95,-0.37,-3.5,0.6,-3.5,0.6,3.6,0.0,0.0,1,0,0,0,31.5,
132.598,2903,1,deadband,8.95,-0.37,-3.5,0.7,-3.5,0.7,3.6,0.0,0.0,1,0,0,0,31.2,
132.660,2904,1,deadband,8.95,-0.37,-3.5,0.7,-3.5,0.7,3.5,0.0,0.0,1,0,0,0,31.2,
132.712,2905,1,deadband,8.95,-0.37,-3.5,0.6,-3.5,0.6,3.6,0.0,0.0,1,0,0,0,30.5,
132.784,2906,1,deadband,8.95,-0.37,-3.5,0.6,-3.5,0.6,3.6,0.0,0.0,1,0,0,0,31.6,
132.832,2907,1,deadband,8.95,-0.37,-3.5,0.6,-3.5,0.6,3.5,0.0,0.0,1,0,0,0,31.3,
132.881,2908,1,deadband,8.95,-0.37,-3.5,0.6,-3.5,0.6,3.5,0.0,0.0,1,0,0,0,30.5,
132.926,2909,1,deadband,8.95,-0.37,-3.5,0.6,-3.5,0.6,3.5,0.0,0.0,1,0,0,0,31.0,
132.974,2910,1,deadband,8.95,-0.37,-3.5,0.6,-3.5,0.6,3.5,0.0,0.0,1,0,0,0,31.4,
133.019,2911,1,deadband,8.95,-0.37,-3.4,0.7,-3.4,0.7,3.5,0.0,0.0,1,0,0,0,31.2,
133.071,2912,1,deadband,8.95,-0.37,-3.5,0.6,-3.5,0.6,3.5,0.0,0.0,1,0,0,0,31.8,
133.117,2913,1,deadband,8.95,-0.37,-3.4,0.6,-3.5,0.6,3.5,0.0,0.0,1,0,0,0,31.1,
133.167,2914,1,deadband,8.95,-0.37,-3.5,0.7,-3.5,0.7,3.6,0.0,0.0,1,0,0,0,30.7,
133.208,2915,0,tag_lost_countdown,8.95,-0.37,,,,,,,,,,,,,0.0
133.258,2916,0,tag_lost_countdown,8.95,-0.37,,,,,,,,,,,,,0.04
133.298,2917,1,deadband,8.95,-0.37,-7.7,-3.6,-6.9,-2.7,8.5,0.0,0.0,1,0,0,0,27.9,
133.344,2918,1,ibvs_active,8.92,-0.38,-11.6,4.4,-10.6,3.0,12.4,-0.028,-0.008,0,0,0,1,32.2,
133.385,2919,1,ibvs_active,8.74,-0.41,-15.9,1.9,-14.9,2.1,16.0,-0.186,-0.026,0,0,0,1,30.4,
133.431,2920,1,ibvs_active,8.5,-0.32,-15.3,-8.0,-15.2,-5.9,17.2,-0.239,0.094,0,0,0,1,27.5,
133.474,2921,1,ibvs_active,8.37,-0.3,-13.3,-0.4,-13.7,-1.5,13.3,-0.129,0.014,0,0,0,1,29.8,
133.521,2922,1,ibvs_active,8.28,-0.27,-12.1,-4.5,-12.4,-3.9,12.9,-0.092,0.029,0,0,0,1,31.6,
133.561,2923,0,tag_lost_countdown,8.28,-0.27,,,,,,,,,,,,,0.0
133.611,2924,0,tag_lost_countdown,8.28,-0.27,,,,,,,,,,,,,0.04
133.652,2925,1,ibvs_active,8.15,-0.27,-14.1,0.2,-13.8,-0.6,14.1,-0.129,0.006,0,0,0,1,31.5,
133.702,2926,1,ibvs_active,7.64,-0.26,-21.7,-0.2,-20.1,-0.3,21.7,-0.506,0.007,0,0,0,1,29.7,
133.746,2927,0,tag_lost_countdown,7.64,-0.26,,,,,,,,,,,,,0.0
133.794,2928,0,tag_lost_countdown,7.64,-0.26,,,,,,,,,,,,,0.04
133.833,2929,0,tag_lost_countdown,7.64,-0.26,,,,,,,,,,,,,0.09
133.879,2930,0,tag_lost_countdown,7.64,-0.26,,,,,,,,,,,,,0.13
133.920,2931,0,tag_lost_countdown,7.64,-0.26,,,,,,,,,,,,,0.18
133.965,2932,0,tag_lost_countdown,7.64,-0.26,,,,,,,,,,,,,0.22
134.007,2933,0,tag_lost_countdown,7.64,-0.26,,,,,,,,,,,,,0.26
134.050,2934,0,tag_lost_countdown,7.64,-0.26,,,,,,,,,,,,,0.3
134.090,2935,0,tag_lost_countdown,7.64,-0.26,,,,,,,,,,,,,0.35
134.135,2936,0,tag_lost_countdown,7.64,-0.26,,,,,,,,,,,,,0.39
134.174,2937,0,tag_lost_countdown,7.64,-0.26,,,,,,,,,,,,,0.43
134.221,2938,1,ibvs_active,5.64,0.87,-245.4,-28.2,-200.3,-22.6,247.0,-2.0,1.129,0,0,0,1,22.5,
134.262,2939,1,ibvs_active,3.64,1.96,-257.0,-21.6,-245.7,-21.8,257.9,-2.0,1.09,0,0,0,1,31.3,
134.309,2940,1,ibvs_active,1.64,3.02,-259.2,-20.9,-256.5,-21.1,260.1,-2.0,1.056,0,0,0,1,31.0,
134.358,2941,0,tag_lost_countdown,1.64,3.02,,,,,,,,,,,,,0.0
134.402,2942,1,ibvs_active,-0.36,2.99,-223.4,5.8,-230.0,0.4,223.5,-2.0,-0.022,0,0,0,1,26.7,
134.442,2943,1,ibvs_active,-2.36,2.32,-214.7,16.7,-217.7,13.4,215.3,-2.0,-0.672,0,0,0,1,30.9,
134.489,2944,1,ibvs_active,-4.36,1.71,-218.5,12.0,-218.4,12.3,218.8,-2.0,-0.614,0,0,0,1,30.0,
134.530,2945,1,ibvs_active,-6.36,1.24,-209.8,8.7,-211.5,9.4,209.9,-2.0,-0.471,0,0,0,1,29.6,
134.583,2946,1,ibvs_active,-8.36,0.77,-192.4,9.4,-196.2,9.4,192.6,-2.0,-0.471,0,0,0,1,20.3,
134.625,2947,0,tag_lost_countdown,-8.36,0.77,,,,,,,,,,,,,0.0
134.669,2948,0,tag_lost_countdown,-8.36,0.77,,,,,,,,,,,,,0.04
134.713,2949,0,tag_lost_countdown,-8.36,0.77,,,,,,,,,,,,,0.09
134.759,2950,0,tag_lost_countdown,-8.36,0.77,,,,,,,,,,,,,0.13
134.799,2951,0,tag_lost_countdown,-8.36,0.77,,,,,,,,,,,,,0.18
134.842,2952,0,tag_lost_countdown,-8.36,0.77,,,,,,,,,,,,,0.22
134.881,2953,0,tag_lost_countdown,-8.36,0.77,,,,,,,,,,,,,0.26
134.926,2954,1,ibvs_active,-9.62,0.56,14.2,3.2,-27.8,4.4,14.6,-1.266,-0.201,0,0,0,1,32.4,
134.966,2955,0,tag_lost_countdown,-9.62,0.56,,,,,,,,,,,,,0.0
135.011,2956,0,tag_lost_countdown,-9.62,0.56,,,,,,,,,,,,,0.04
135.051,2957,0,tag_lost_countdown,-9.62,0.56,,,,,,,,,,,,,0.08
135.095,2958,1,deadband,-9.62,0.56,14.2,-4.9,5.8,-3.1,15.1,0.0,0.0,1,0,0,0,33.4,
135.135,2959,1,deadband,-9.62,0.56,10.5,-10.5,9.6,-9.0,14.8,0.0,0.0,1,0,0,0,35.0,
135.184,2960,1,deadband,-9.62,0.56,1.0,-5.6,2.7,-6.3,5.7,0.0,0.0,1,0,0,0,25.0,
135.228,2961,1,ibvs_active,-9.67,0.74,-5.2,-16.6,-3.6,-14.5,17.3,-0.044,0.179,0,0,0,1,34.8,
135.274,2962,1,ibvs_active,-9.68,0.79,-3.0,-10.5,-3.1,-11.3,10.9,-0.013,0.049,0,0,0,1,33.6,
135.317,2963,1,ibvs_active,-9.69,0.83,-1.9,-11.0,-2.2,-11.1,11.2,-0.007,0.036,0,0,0,1,34.9,
135.366,2964,1,ibvs_active,-9.7,0.87,-2.5,-11.2,-2.4,-11.1,11.4,-0.009,0.039,0,0,0,1,35.0,
135.411,2965,1,ibvs_active,-9.7,0.9,-2.7,-10.9,-2.6,-11.0,11.3,-0.008,0.035,0,0,0,1,33.9,
135.459,2966,1,ibvs_active,-9.71,0.94,-2.6,-10.9,-2.6,-11.0,11.3,-0.008,0.035,0,0,0,1,35.1,
135.502,2967,1,ibvs_active,-9.72,0.97,-2.6,-10.9,-2.6,-10.9,11.2,-0.008,0.033,0,0,0,1,34.6,
135.551,2968,1,ibvs_active,-9.73,1.01,-2.6,-11.1,-2.6,-11.0,11.4,-0.009,0.037,0,0,0,1,34.8,
135.594,2969,1,ibvs_active,-9.74,1.04,-2.6,-11.0,-2.6,-11.0,11.3,-0.009,0.036,0,0,0,1,35.2,
135.649,2970,1,ibvs_active,-9.75,1.08,-2.7,-10.9,-2.7,-10.9,11.2,-0.008,0.034,0,0,0,1,34.6,
135.689,2971,1,ibvs_active,-9.87,1.35,-8.2,-16.7,-7.1,-15.5,18.6,-0.126,0.274,0,0,0,1,34.9,
135.735,2972,1,ibvs_active,-10.02,1.51,-11.6,-10.3,-10.7,-11.3,15.5,-0.149,0.157,0,0,0,1,34.8,
135.776,2973,1,ibvs_active,-10.23,1.62,-14.8,-6.6,-14.0,-7.5,16.2,-0.205,0.11,0,0,0,1,33.6,
135.822,2974,1,ibvs_active,-10.56,1.82,-16.4,-9.8,-15.9,-9.4,19.1,-0.336,0.198,0,0,0,1,22.6,
135.862,2975,0,tag_lost_countdown,-10.56,1.82,,,,,,,,,,,,,0.0
135.904,2976,0,tag_lost_countdown,-10.56,1.82,,,,,,,,,,,,,0.04
135.945,2977,1,ibvs_active,-11.03,1.81,-20.5,2.5,-19.6,0.1,20.6,-0.467,-0.002,0,0,0,1,32.9,
135.990,2978,0,tag_lost_countdown,-11.03,1.81,,,,,,,,,,,,,0.0
136.034,2979,0,tag_lost_countdown,-11.03,1.81,,,,,,,,,,,,,0.04
136.079,2980,0,tag_lost_countdown,-11.03,1.81,,,,,,,,,,,,,0.09
136.117,2981,0,tag_lost_countdown,-11.03,1.81,,,,,,,,,,,,,0.13
136.160,2982,0,tag_lost_countdown,-11.03,1.81,,,,,,,,,,,,,0.17
136.200,2983,0,tag_lost_countdown,-11.03,1.81,,,,,,,,,,,,,0.21
136.250,2984,0,tag_lost_countdown,-11.03,1.81,,,,,,,,,,,,,0.25
136.289,2985,0,tag_lost_countdown,-11.03,1.81,,,,,,,,,,,,,0.3
136.332,2986,0,tag_lost_countdown,-11.03,1.81,,,,,,,,,,,,,0.34
136.372,2987,1,ibvs_active,-13.03,0.91,-136.8,22.5,-113.4,18.0,138.7,-2.0,-0.9,0,0,0,1,27.8,
136.418,2988,1,ibvs_active,-15.03,-0.09,-129.0,20.6,-125.9,20.0,130.7,-2.0,-1.002,0,0,0,1,30.7,
136.461,2989,1,ibvs_active,-17.03,-0.6,-137.9,7.7,-135.5,10.2,138.2,-2.0,-0.51,0,0,0,1,23.6,
136.505,2990,1,ibvs_active,-19.03,-1.05,-126.3,8.7,-128.1,9.0,126.6,-2.0,-0.45,0,0,0,1,28.3,
136.544,2991,0,tag_lost_countdown,-19.03,-1.05,,,,,,,,,,,,,0.0
136.587,2992,0,tag_lost_countdown,-19.03,-1.05,,,,,,,,,,,,,0.04
136.627,2993,1,ibvs_active,-21.03,-0.74,-76.6,-10.0,-86.9,-6.2,77.2,-2.0,0.31,0,0,0,1,29.0,
136.681,2994,1,ibvs_active,-23.03,-0.27,-76.6,-10.0,-78.7,-9.2,77.3,-2.0,0.462,0,0,0,1,30.7,
136.721,2995,0,tag_lost_countdown,-23.03,-0.27,,,,,,,,,,,,,0.0
136.767,2996,1,ibvs_active,-25.03,0.2,-55.7,-9.6,-60.3,-9.5,56.5,-2.0,0.477,0,0,0,1,30.1,
136.808,2997,0,tag_lost_countdown,-25.03,0.2,,,,,,,,,,,,,0.0
136.855,2998,1,ibvs_active,-26.88,0.7,-31.1,-10.0,-36.9,-9.9,32.7,-1.846,0.496,0,0,0,1,32.8,
136.899,2999,1,ibvs_active,-27.52,0.92,-17.0,-6.5,-21.0,-7.2,18.2,-0.642,0.219,0,0,0,1,33.1,
136.945,3000,1,ibvs_active,-27.9,1.06,-16.6,-6.7,-17.5,-6.8,17.9,-0.382,0.148,0,0,0,1,33.5,
136.986,3001,1,deadband,-27.9,1.06,10.0,-5.6,4.5,-5.8,11.5,0.0,0.0,1,0,0,0,31.7,
137.033,3002,1,deadband,-27.9,1.06,10.1,-6.0,9.0,-5.9,11.7,0.0,0.0,1,0,0,0,32.6,
137.071,3003,0,tag_lost_countdown,-27.9,1.06,,,,,,,,,,,,,0.0
137.119,3004,1,ibvs_active,-27.51,0.99,20.6,5.7,18.3,3.4,21.4,0.393,-0.072,0,0,0,1,32.4,
137.162,3005,1,ibvs_active,-26.98,0.87,20.4,5.0,20.0,4.6,21.0,0.528,-0.123,0,0,0,1,32.7,
137.211,3006,1,ibvs_active,-26.42,0.74,20.4,5.0,20.3,4.9,21.0,0.555,-0.134,0,0,0,1,32.6,
137.253,3007,1,ibvs_active,-25.86,0.6,20.4,5.1,20.4,5.1,21.1,0.564,-0.14,0,0,0,1,32.8,
137.300,3008,1,ibvs_active,-25.31,0.46,20.3,4.9,20.3,4.9,20.8,0.552,-0.134,0,0,0,1,31.9,
137.341,3009,1,ibvs_active,-25.0,0.37,15.7,5.2,16.6,5.1,16.6,0.308,-0.095,0,0,0,1,32.4,
137.388,3010,0,tag_lost_countdown,-25.0,0.37,,,,,,,,,,,,,0.0
137.432,3011,1,deadband,-25.0,0.37,7.8,4.9,9.6,5.0,9.2,0.0,0.0,1,0,0,0,32.7,
137.478,3012,1,deadband,-25.0,0.37,-0.4,4.0,1.6,4.2,4.1,0.0,0.0,1,0,0,0,29.8,
137.520,3013,1,deadband,-25.0,0.37,-1.0,1.4,-0.5,1.9,1.7,0.0,0.0,1,0,0,0,33.0,
137.575,3014,1,deadband,-25.0,0.37,-0.9,1.4,-0.8,1.5,1.7,0.0,0.0,1,0,0,0,32.5,
137.619,3015,1,deadband,-25.0,0.37,-0.9,1.4,-0.9,1.4,1.7,0.0,0.0,1,0,0,0,32.7,
137.668,3016,1,deadband,-25.0,0.37,-1.0,1.4,-1.0,1.4,1.7,0.0,0.0,1,0,0,0,32.9,
137.712,3017,1,deadband,-25.0,0.37,-1.0,1.4,-1.0,1.4,1.7,0.0,0.0,1,0,0,0,32.3,
137.757,3018,1,deadband,-25.0,0.37,-3.7,0.9,-3.2,1.0,3.8,0.0,0.0,1,0,0,0,32.6,
137.796,3019,1,deadband,-25.0,0.37,-11.4,-4.3,-9.7,-3.2,12.1,0.0,0.0,1,0,0,0,33.5,
137.842,3020,1,deadband,-25.0,0.37,-4.4,0.9,-5.4,0.1,4.5,0.0,0.0,1,0,0,0,25.7,
137.884,3021,0,tag_lost_countdown,-25.0,0.37,,,,,,,,,,,,,0.0
137.926,3022,0,tag_lost_countdown,-25.0,0.37,,,,,,,,,,,,,0.04
137.963,3023,0,tag_lost_countdown,-25.0,0.37,,,,,,,,,,,,,0.08
138.006,3024,0,tag_lost_countdown,-25.0,0.37,,,,,,,,,,,,,0.12
138.048,3025,0,tag_lost_countdown,-25.0,0.37,,,,,,,,,,,,,0.16
138.097,3026,1,ibvs_active,-27.0,-0.12,-150.1,12.3,-121.1,9.8,150.6,-2.0,-0.492,0,0,0,1,20.5,
138.135,3027,1,ibvs_active,-29.0,-0.39,-152.7,4.3,-146.4,5.4,152.7,-2.0,-0.27,0,0,0,1,26.6,
138.186,3028,1,ibvs_active,-31.0,-0.65,-139.1,5.0,-140.6,5.0,139.2,-2.0,-0.252,0,0,0,1,23.5,
138.228,3029,1,ibvs_active,-33.0,-0.85,-133.7,3.9,-135.1,4.1,133.7,-2.0,-0.207,0,0,0,1,29.6,
138.275,3030,0,tag_lost_countdown,-33.0,-0.85,,,,,,,,,,,,,0.0
138.315,3031,0,tag_lost_countdown,-33.0,-0.85,,,,,,,,,,,,,0.05
138.361,3032,1,ibvs_active,-35.0,-0.56,-77.0,-8.5,-88.6,-6.0,77.4,-2.0,0.298,0,0,0,1,30.3,
138.403,3033,1,ibvs_active,-37.0,-0.15,-75.7,-8.8,-78.3,-8.2,76.2,-2.0,0.41,0,0,0,1,30.1,
138.449,3034,1,ibvs_active,-39.0,0.29,-75.1,-8.8,-75.8,-8.7,75.7,-2.0,0.435,0,0,0,1,30.8,
138.491,3035,1,ibvs_active,-41.0,0.7,-56.4,-8.1,-60.3,-8.2,57.0,-2.0,0.411,0,0,0,1,28.6,
138.537,3036,0,tag_lost_countdown,-41.0,0.7,,,,,,,,,,,,,0.0
138.577,3037,0,tag_lost_countdown,-41.0,0.7,,,,,,,,,,,,,0.05
138.624,3038,1,deadband,-41.0,0.7,14.4,-4.9,-0.6,-5.5,15.2,0.0,0.0,1,0,0,0,31.4,
138.664,3039,1,deadband,-41.0,0.7,2.8,0.9,2.1,-0.4,2.9,0.0,0.0,1,0,0,0,23.7,
138.709,3040,1,deadband,-41.0,0.7,3.4,2.4,3.2,1.8,4.2,0.0,0.0,1,0,0,0,31.7,
138.748,3041,0,tag_lost_countdown,-41.0,0.7,,,,,,,,,,,,,0.0
138.794,3042,0,tag_lost_countdown,-41.0,0.7,,,,,,,,,,,,,0.04
138.835,3043,0,tag_lost_countdown,-41.0,0.7,,,,,,,,,,,,,0.08
138.881,3044,0,tag_lost_countdown,-41.0,0.7,,,,,,,,,,,,,0.13
138.919,3045,0,tag_lost_countdown,-41.0,0.7,,,,,,,,,,,,,0.17
138.965,3046,0,tag_lost_countdown,-41.0,0.7,,,,,,,,,,,,,0.21
139.008,3047,0,tag_lost_countdown,-41.0,0.7,,,,,,,,,,,,,0.26
139.054,3048,0,tag_lost_countdown,-41.0,0.7,,,,,,,,,,,,,0.3
139.095,3049,1,ibvs_active,-39.0,0.81,235.8,-3.2,189.3,-2.2,235.8,2.0,0.109,0,0,0,1,30.7,
139.142,3050,1,ibvs_active,-37.0,1.09,232.3,-6.5,223.7,-5.6,232.3,2.0,0.281,0,0,0,1,31.9,
139.184,3051,1,ibvs_active,-35.0,1.51,231.6,-9.0,230.0,-8.3,231.8,2.0,0.416,0,0,0,1,33.4,
139.231,3052,1,ibvs_active,-33.0,1.83,224.2,-6.1,225.4,-6.5,224.3,2.0,0.325,0,0,0,1,33.1,
139.283,3053,0,tag_lost_countdown,-33.0,1.83,,,,,,,,,,,,,0.0
139.330,3054,1,ibvs_active,-31.0,1.69,177.3,5.1,186.9,2.8,177.4,2.0,-0.141,0,0,0,1,23.1,
139.372,3055,1,ibvs_active,-29.0,1.4,152.3,6.5,159.2,5.8,152.4,2.0,-0.288,0,0,0,1,24.5,
139.420,3056,1,ibvs_active,-27.0,1.08,160.1,6.7,159.9,6.5,160.2,2.0,-0.326,0,0,0,1,32.2,
139.464,3057,0,tag_lost_countdown,-27.0,1.08,,,,,,,,,,,,,0.0
139.511,3058,1,ibvs_active,-25.0,0.65,96.5,9.0,109.1,8.5,96.9,2.0,-0.424,0,0,0,1,30.3,
139.552,3059,1,ibvs_active,-23.0,0.03,86.0,13.6,90.6,12.5,87.0,2.0,-0.627,0,0,0,1,24.0,
139.599,3060,1,ibvs_active,-21.0,-0.74,99.7,16.1,97.9,15.4,101.0,2.0,-0.768,0,0,0,1,20.2,
139.639,3061,1,ibvs_active,-19.0,-1.37,102.8,11.9,101.8,12.6,103.4,2.0,-0.629,0,0,0,1,26.4,
139.687,3062,0,tag_lost_countdown,-19.0,-1.37,,,,,,,,,,,,,0.0
139.727,3063,0,tag_lost_countdown,-19.0,-1.37,,,,,,,,,,,,,0.05
139.772,3064,1,ibvs_active,-17.0,-1.49,150.7,-0.0,140.9,2.5,150.7,2.0,-0.124,0,0,0,1,31.7,
139.812,3065,0,tag_lost_countdown,-17.0,-1.49,,,,,,,,,,,,,0.0
139.860,3066,0,tag_lost_countdown,-17.0,-1.49,,,,,,,,,,,,,0.04
139.899,3067,0,tag_lost_countdown,-17.0,-1.49,,,,,,,,,,,,,0.09
139.943,3068,0,tag_lost_countdown,-17.0,-1.49,,,,,,,,,,,,,0.13
139.985,3069,0,tag_lost_countdown,-17.0,-1.49,,,,,,,,,,,,,0.17
140.029,3070,0,tag_lost_countdown,-17.0,-1.49,,,,,,,,,,,,,0.21
140.069,3071,0,tag_lost_countdown,-17.0,-1.49,,,,,,,,,,,,,0.26
140.112,3072,0,tag_lost_countdown,-17.0,-1.49,,,,,,,,,,,,,0.3
140.152,3073,0,tag_lost_countdown,-17.0,-1.49,,,,,,,,,,,,,0.34
140.201,3074,0,tag_lost_countdown,-17.0,-1.49,,,,,,,,,,,,,0.38
140.243,3075,0,tag_lost_countdown,-17.0,-1.49,,,,,,,,,,,,,0.43
140.289,3076,0,tag_lost_countdown,-17.0,-1.49,,,,,,,,,,,,,0.47
140.332,3077,0,tag_lost_countdown,-17.0,-1.49,,,,,,,,,,,,,0.52
140.378,3078,0,tag_lost_countdown,-17.0,-1.49,,,,,,,,,,,,,0.56
140.418,3079,0,tag_lost_countdown,-17.0,-1.49,,,,,,,,,,,,,0.61
140.465,3080,0,tag_lost_countdown,-17.0,-1.49,,,,,,,,,,,,,0.65
140.507,3081,0,tag_lost_countdown,-17.0,-1.49,,,,,,,,,,,,,0.69
140.559,3082,0,tag_lost_countdown,-17.0,-1.49,,,,,,,,,,,,,0.74
140.600,3083,0,tag_lost_countdown,-17.0,-1.49,,,,,,,,,,,,,0.79
140.647,3084,0,tag_lost_countdown,-17.0,-1.49,,,,,,,,,,,,,0.83
140.687,3085,0,tag_lost_countdown,-17.0,-1.49,,,,,,,,,,,,,0.87
140.733,3086,0,tag_lost_countdown,-17.0,-1.49,,,,,,,,,,,,,0.92
140.775,3087,0,tag_lost_countdown,-17.0,-1.49,,,,,,,,,,,,,0.96
140.819,3088,0,tag_lost_countdown,-17.0,-1.49,,,,,,,,,,,,,1.0
140.858,3089,0,tag_lost_countdown,-17.0,-1.49,,,,,,,,,,,,,1.05
140.904,3090,0,tag_lost_countdown,-17.0,-1.49,,,,,,,,,,,,,1.09
140.944,3091,0,tag_lost_countdown,-17.0,-1.49,,,,,,,,,,,,,1.13
140.991,3092,0,tag_lost_countdown,-17.0,-1.49,,,,,,,,,,,,,1.17
141.034,3093,0,tag_lost_countdown,-17.0,-1.49,,,,,,,,,,,,,1.22
141.078,3094,0,tag_lost_countdown,-17.0,-1.49,,,,,,,,,,,,,1.26
141.120,3095,0,tag_lost_countdown,-17.0,-1.49,,,,,,,,,,,,,1.31
141.163,3096,0,tag_lost_countdown,-17.0,-1.49,,,,,,,,,,,,,1.35
141.206,3097,0,tag_lost_countdown,-17.0,-1.49,,,,,,,,,,,,,1.39
141.250,3098,0,tag_lost_countdown,-17.0,-1.49,,,,,,,,,,,,,1.43
141.292,3099,0,tag_lost_countdown,-17.0,-1.49,,,,,,,,,,,,,1.48
141.334,3100,0,tag_lost_countdown,-17.0,-1.49,,,,,,,,,,,,,1.52
141.379,3101,0,tag_lost_countdown,-17.0,-1.49,,,,,,,,,,,,,1.56
141.427,3102,0,tag_lost_countdown,-17.0,-1.49,,,,,,,,,,,,,1.61
141.467,3103,0,tag_lost_countdown,-17.0,-1.49,,,,,,,,,,,,,1.66
141.511,3104,0,tag_lost_countdown,-17.0,-1.49,,,,,,,,,,,,,1.7
141.555,3105,1,ibvs_active,-15.0,-0.69,180.9,-20.8,172.9,-16.2,182.1,2.0,0.808,0,0,0,1,36.1,
141.608,3106,1,ibvs_active,-13.0,0.3,186.5,-20.6,183.8,-19.7,187.6,2.0,0.986,0,0,0,1,33.1,
141.650,3107,0,tag_lost_countdown,-13.0,0.3,,,,,,,,,,,,,0.0
141.698,3108,1,ibvs_active,-11.0,1.17,171.7,-16.9,174.1,-17.4,172.5,2.0,0.871,0,0,0,1,32.9,
141.739,3109,0,tag_lost_countdown,-11.0,1.17,,,,,,,,,,,,,0.0
141.794,3110,1,ibvs_active,-9.0,1.49,152.7,-3.7,157.0,-6.4,152.8,2.0,0.322,0,0,0,1,33.3,
141.838,3111,1,ibvs_active,-7.0,1.26,132.5,7.5,137.4,4.7,132.7,2.0,-0.234,0,0,0,1,30.0,
141.886,3112,1,ibvs_active,-5.0,0.9,131.6,7.8,132.8,7.2,131.9,2.0,-0.358,0,0,0,1,32.2,
141.926,3113,0,tag_lost_countdown,-5.0,0.9,,,,,,,,,,,,,0.0
141.975,3114,1,ibvs_active,-3.0,0.38,101.6,11.2,107.8,10.4,102.2,2.0,-0.52,0,0,0,1,30.6,
142.019,3115,1,ibvs_active,-1.0,-0.18,82.2,11.3,87.4,11.2,83.0,2.0,-0.558,0,0,0,1,31.1,
142.066,3116,1,ibvs_active,1.0,-0.74,82.1,11.2,83.2,11.2,82.9,2.0,-0.56,0,0,0,1,31.3,
142.107,3117,0,tag_lost_countdown,1.0,-0.74,,,,,,,,,,,,,0.0
142.151,3118,0,tag_lost_countdown,1.0,-0.74,,,,,,,,,,,,,0.04
142.192,3119,0,tag_lost_countdown,1.0,-0.74,,,,,,,,,,,,,0.09
142.240,3120,1,ibvs_active,2.04,-0.72,11.6,-3.2,25.9,-0.4,12.1,1.035,0.014,0,0,0,1,30.4,
142.286,3121,1,ibvs_active,2.19,-0.68,11.2,-4.0,14.1,-3.3,11.9,0.159,0.037,0,0,0,1,31.0,
142.335,3122,1,ibvs_active,2.25,-0.67,10.8,-3.9,11.5,-3.8,11.5,0.059,0.019,0,0,0,1,31.0,
142.377,3123,1,deadband,2.25,-0.67,1.9,-3.3,3.8,-3.4,3.8,0.0,0.0,1,0,0,0,27.3,
142.433,3124,1,deadband,2.25,-0.67,1.2,-3.7,1.7,-3.6,3.9,0.0,0.0,1,0,0,0,30.6,
142.477,3125,1,deadband,2.25,-0.67,1.0,-3.9,1.2,-3.9,4.0,0.0,0.0,1,0,0,0,31.0,
142.526,3126,1,deadband,2.25,-0.67,1.0,-3.8,1.1,-3.8,3.9,0.0,0.0,1,0,0,0,30.9,
142.568,3127,1,deadband,2.25,-0.67,1.0,-3.8,1.0,-3.8,3.9,0.0,0.0,1,0,0,0,31.0,
142.616,3128,1,deadband,2.25,-0.67,1.0,-3.8,1.0,-3.8,4.0,0.0,0.0,1,0,0,0,31.5,
142.660,3129,1,deadband,2.25,-0.67,0.9,-3.7,1.0,-3.8,3.9,0.0,0.0,1,0,0,0,30.9,
142.709,3130,1,deadband,2.25,-0.67,0.9,-3.7,0.9,-3.7,3.9,0.0,0.0,1,0,0,0,30.8,
142.754,3131,1,deadband,2.25,-0.67,0.9,-3.9,0.9,-3.9,4.0,0.0,0.0,1,0,0,0,30.7,
142.802,3132,1,deadband,2.25,-0.67,0.8,-3.7,0.9,-3.7,3.8,0.0,0.0,1,0,0,0,31.1,
142.845,3133,1,deadband,2.25,-0.67,0.8,-3.9,0.8,-3.9,4.0,0.0,0.0,1,0,0,0,31.3,
142.906,3134,1,deadband,2.25,-0.67,0.7,-3.8,0.7,-3.8,3.9,0.0,0.0,1,0,0,0,30.8,
142.950,3135,1,deadband,2.25,-0.67,0.8,-3.8,0.8,-3.8,3.9,0.0,0.0,1,0,0,0,30.6,
143.000,3136,1,deadband,2.25,-0.67,0.8,-3.9,0.8,-3.9,4.0,0.0,0.0,1,0,0,0,30.9,
143.044,3137,1,deadband,2.25,-0.67,0.8,-3.9,0.8,-3.9,4.0,0.0,0.0,1,0,0,0,30.7,
143.093,3138,1,deadband,2.25,-0.67,0.7,-3.8,0.7,-3.9,3.9,0.0,0.0,1,0,0,0,31.1,
143.138,3139,1,deadband,2.25,-0.67,0.9,-3.8,0.8,-3.8,3.9,0.0,0.0,1,0,0,0,30.8,
143.188,3140,1,deadband,2.25,-0.67,0.8,-3.7,0.8,-3.7,3.8,0.0,0.0,1,0,0,0,31.1,
143.233,3141,1,deadband,2.25,-0.67,0.8,-3.7,0.8,-3.7,3.8,0.0,0.0,1,0,0,0,30.2,
143.286,3142,1,deadband,2.25,-0.67,0.8,-3.8,0.8,-3.8,3.9,0.0,0.0,1,0,0,0,31.1,
143.329,3143,1,deadband,2.25,-0.67,0.3,-2.8,0.4,-3.0,2.8,0.0,0.0,1,0,0,0,30.7,
143.376,3144,0,tag_lost_countdown,2.25,-0.67,,,,,,,,,,,,,0.0
143.415,3145,0,tag_lost_countdown,2.25,-0.67,,,,,,,,,,,,,0.05
143.461,3146,1,deadband,2.25,-0.67,-4.6,-4.8,-3.6,-4.4,6.7,0.0,0.0,1,0,0,0,30.9,
143.503,3147,1,deadband,2.25,-0.67,-3.7,-1.5,-3.6,-2.1,3.9,0.0,0.0,1,0,0,0,30.6,
143.553,3148,1,deadband,2.25,-0.67,-5.3,-7.6,-4.9,-6.5,9.2,0.0,0.0,1,0,0,0,20.6,
143.595,3149,1,ibvs_active,2.08,-0.62,-16.5,-3.6,-14.2,-4.2,16.9,-0.17,0.05,0,0,0,1,28.1,
143.644,3150,1,ibvs_active,1.52,-0.43,-21.6,-7.4,-20.1,-6.8,22.8,-0.562,0.189,0,0,0,1,30.6,
143.682,3151,0,tag_lost_countdown,1.52,-0.43,,,,,,,,,,,,,0.0
143.728,3152,1,ibvs_active,0.22,0.09,-28.9,-11.8,-27.1,-10.8,31.2,-1.303,0.517,0,0,0,1,27.8,
143.770,3153,1,ibvs_active,-1.45,0.76,-34.9,-14.1,-33.4,-13.4,37.7,-1.669,0.67,0,0,0,1,30.4,
143.818,3154,1,ibvs_active,-3.23,1.43,-36.1,-13.3,-35.6,-13.3,38.5,-1.778,0.667,0,0,0,1,31.9,
143.859,3155,1,ibvs_active,-4.65,1.99,-26.8,-10.7,-28.5,-11.3,28.8,-1.426,0.563,0,0,0,1,22.2,
143.907,3156,0,tag_lost_countdown,-4.65,1.99,,,,,,,,,,,,,0.0
143.949,3157,0,tag_lost_countdown,-4.65,1.99,,,,,,,,,,,,,0.05
143.991,3158,0,tag_lost_countdown,-4.65,1.99,,,,,,,,,,,,,0.09
144.031,3159,0,tag_lost_countdown,-4.65,1.99,,,,,,,,,,,,,0.13
144.080,3160,1,ibvs_active,-3.91,1.79,35.2,10.4,22.5,6.1,36.8,0.748,-0.203,0,0,0,1,23.1,
144.119,3161,0,tag_lost_countdown,-3.91,1.79,,,,,,,,,,,,,0.0
144.164,3162,0,tag_lost_countdown,-3.91,1.79,,,,,,,,,,,,,0.04
144.207,3163,0,tag_lost_countdown,-3.91,1.79,,,,,,,,,,,,,0.08
144.251,3164,0,tag_lost_countdown,-3.91,1.79,,,,,,,,,,,,,0.13
144.290,3165,0,tag_lost_countdown,-3.91,1.79,,,,,,,,,,,,,0.17
144.333,3166,0,tag_lost_countdown,-3.91,1.79,,,,,,,,,,,,,0.21
144.370,3167,0,tag_lost_countdown,-3.91,1.79,,,,,,,,,,,,,0.25
144.414,3168,1,ibvs_active,-5.91,1.67,-183.4,1.5,-142.3,2.4,183.4,-2.0,-0.121,0,0,0,1,23.1,
144.455,3169,1,ibvs_active,-7.91,1.4,-174.4,6.1,-167.9,5.3,174.5,-2.0,-0.266,0,0,0,1,28.7,
144.500,3170,1,ibvs_active,-9.91,1.28,-171.2,1.8,-170.6,2.5,171.2,-2.0,-0.127,0,0,0,1,28.5,
144.540,3171,0,tag_lost_countdown,-9.91,1.28,,,,,,,,,,,,,0.0
144.583,3172,0,tag_lost_countdown,-9.91,1.28,,,,,,,,,,,,,0.04
144.622,3173,1,ibvs_active,-11.91,1.07,-114.3,4.4,-125.5,4.0,114.4,-2.0,-0.201,0,0,0,1,28.3,
144.668,3174,1,ibvs_active,-13.91,0.85,-112.7,4.5,-115.3,4.4,112.8,-2.0,-0.22,0,0,0,1,30.7,
144.709,3175,1,ibvs_active,-15.91,0.64,-112.9,4.2,-113.3,4.3,112.9,-2.0,-0.214,0,0,0,1,30.2,
144.756,3176,1,ibvs_active,-17.91,0.42,-97.8,4.5,-100.9,4.5,97.9,-2.0,-0.224,0,0,0,1,30.8,
144.795,3177,0,tag_lost_countdown,-17.91,0.42,,,,,,,,,,,,,0.0
144.840,3178,0,tag_lost_countdown,-17.91,0.42,,,,,,,,,,,,,0.04
144.878,3179,1,ibvs_active,-19.91,0.35,-54.2,0.6,-63.5,1.4,54.2,-2.0,-0.068,0,0,0,1,30.5,
144.924,3180,1,ibvs_active,-21.91,-0.07,-44.9,10.1,-48.6,8.4,46.0,-2.0,-0.418,0,0,0,1,25.2,
144.965,3181,0,tag_lost_countdown,-21.91,-0.07,,,,,,,,,,,,,0.0
145.011,3182,0,tag_lost_countdown,-21.91,-0.07,,,,,,,,,,,,,0.04
145.051,3183,0,tag_lost_countdown,-21.91,-0.07,,,,,,,,,,,,,0.09
145.098,3184,0,tag_lost_countdown,-21.91,-0.07,,,,,,,,,,,,,0.13
145.136,3185,0,tag_lost_countdown,-21.91,-0.07,,,,,,,,,,,,,0.17
145.178,3186,0,tag_lost_countdown,-21.91,-0.07,,,,,,,,,,,,,0.21
145.220,3187,0,tag_lost_countdown,-21.91,-0.07,,,,,,,,,,,,,0.25
145.263,3188,0,tag_lost_countdown,-21.91,-0.07,,,,,,,,,,,,,0.29
145.301,3189,0,tag_lost_countdown,-21.91,-0.07,,,,,,,,,,,,,0.34
145.345,3190,0,tag_lost_countdown,-21.91,-0.07,,,,,,,,,,,,,0.38
145.384,3191,1,ibvs_active,-19.91,-0.23,126.8,2.0,91.7,3.3,126.9,2.0,-0.165,0,0,0,1,33.2,
145.431,3192,1,ibvs_active,-17.91,-0.35,130.6,2.2,122.9,2.4,130.6,2.0,-0.119,0,0,0,1,32.9,
145.472,3193,1,ibvs_active,-15.91,-0.52,129.4,3.6,128.1,3.3,129.4,2.0,-0.167,0,0,0,1,32.3,
145.515,3194,0,tag_lost_countdown,-15.91,-0.52,,,,,,,,,,,,,0.0
145.555,3195,0,tag_lost_countdown,-15.91,-0.52,,,,,,,,,,,,,0.04
145.602,3196,0,tag_lost_countdown,-15.91,-0.52,,,,,,,,,,,,,0.08
145.645,3197,1,ibvs_active,-13.91,-0.38,78.9,-4.3,88.8,-2.8,79.1,2.0,0.14,0,0,0,1,34.0,
145.694,3198,1,ibvs_active,-11.91,-0.18,78.9,-4.4,80.9,-4.1,79.0,2.0,0.205,0,0,0,1,33.0,
145.738,3199,1,ibvs_active,-9.91,0.03,79.0,-4.2,79.4,-4.1,79.1,2.0,0.207,0,0,0,1,33.4,
145.782,3200,1,ibvs_active,-7.91,0.23,61.8,-3.9,65.3,-3.9,61.9,2.0,0.197,0,0,0,1,29.8,
145.822,3201,1,ibvs_active,-5.91,0.42,45.6,-3.8,49.5,-3.8,45.7,2.0,0.19,0,0,0,1,31.5,
145.870,3202,1,ibvs_active,-4.05,0.6,34.1,-3.6,37.2,-3.6,34.3,1.859,0.181,0,0,0,1,31.7,
145.910,3203,0,tag_lost_countdown,-4.05,0.6,,,,,,,,,,,,,0.0
145.955,3204,1,deadband,-4.05,0.6,-2.3,-0.6,5.6,-1.2,2.4,0.0,0.0,1,0,0,0,33.3,
145.998,3205,0,tag_lost_countdown,-4.05,0.6,,,,,,,,,,,,,0.0
146.045,3206,1,ibvs_active,-4.67,0.61,-28.4,-0.4,-21.6,-0.5,28.4,-0.624,0.016,0,0,0,1,32.2,
146.089,3207,1,ibvs_active,-5.81,0.64,-28.3,-0.7,-26.9,-0.6,28.3,-1.139,0.027,0,0,0,1,32.4,
146.138,3208,1,ibvs_active,-7.07,0.67,-28.3,-0.6,-28.0,-0.6,28.3,-1.259,0.027,0,0,0,1,32.2,
146.181,3209,1,ibvs_active,-8.36,0.7,-28.3,-0.6,-28.3,-0.6,28.3,-1.291,0.027,0,0,0,1,32.7,
146.228,3210,1,ibvs_active,-9.14,0.72,-22.1,-0.6,-23.4,-0.6,22.2,-0.781,0.021,0,0,0,1,32.5,
146.268,3211,1,ibvs_active,-9.36,0.72,-13.7,-0.2,-15.6,-0.3,13.7,-0.219,0.004,0,0,0,1,25.5,
146.322,3212,0,tag_lost_countdown,-9.36,0.72,,,,,,,,,,,,,0.0
146.360,3213,0,tag_lost_countdown,-9.36,0.72,,,,,,,,,,,,,0.05
146.405,3214,0,tag_lost_countdown,-9.36,0.72,,,,,,,,,,,,,0.08
146.444,3215,1,ibvs_active,-10.99,0.88,-37.0,-3.9,-32.7,-3.2,37.2,-1.635,0.158,0,0,0,1,31.5,
146.493,3216,1,ibvs_active,-12.72,1.22,-34.8,-7.8,-34.4,-6.9,35.7,-1.721,0.345,0,0,0,1,31.5,
146.533,3217,1,ibvs_active,-14.2,1.84,-28.6,-13.7,-29.8,-12.3,31.7,-1.488,0.616,0,0,0,1,31.6,
146.578,3218,0,tag_lost_countdown,-14.2,1.84,,,,,,,,,,,,,0.0
146.619,3219,1,deadband,-14.2,1.84,18.6,3.8,8.9,0.6,19.0,0.0,0.0,1,0,0,0,32.7,
146.665,3220,0,tag_lost_countdown,-14.2,1.84,,,,,,,,,,,,,0.0
146.708,3221,1,ibvs_active,-12.53,1.77,39.6,1.6,33.5,1.4,39.6,1.673,-0.068,0,0,0,1,32.1,
146.753,3222,0,tag_lost_countdown,-12.53,1.77,,,,,,,,,,,,,0.0
146.794,3223,0,tag_lost_countdown,-12.53,1.77,,,,,,,,,,,,,0.05
146.842,3224,1,ibvs_active,-10.53,0.98,55.1,19.6,50.8,15.9,58.5,2.0,-0.796,0,0,0,1,23.9,
146.886,3225,1,ibvs_active,-8.53,0.49,47.1,8.2,47.9,9.7,47.8,2.0,-0.486,0,0,0,1,30.1,
146.936,3226,1,ibvs_active,-6.53,0.16,45.7,5.8,46.2,6.6,46.1,2.0,-0.331,0,0,0,1,30.8,
146.977,3227,1,ibvs_active,-5.01,-0.18,26.6,6.8,30.5,6.8,27.4,1.524,-0.339,0,0,0,1,26.4,
147.023,3228,1,ibvs_active,-4.82,-0.21,10.9,1.2,14.8,2.4,10.9,0.183,-0.029,0,0,0,1,24.4,
147.066,3229,0,tag_lost_countdown,-4.82,-0.21,,,,,,,,,,,,,0.0
147.110,3230,0,tag_lost_countdown,-4.82,-0.21,,,,,,,,,,,,,0.04
147.153,3231,1,ibvs_active,-5.51,0.02,-30.7,-9.5,-21.6,-7.1,32.2,-0.691,0.227,0,0,0,1,30.4,
147.200,3232,1,ibvs_active,-6.83,0.45,-29.1,-9.6,-27.6,-9.1,30.6,-1.313,0.433,0,0,0,1,31.8,
147.242,3233,1,ibvs_active,-8.31,0.78,-30.2,-5.9,-29.7,-6.5,30.8,-1.484,0.326,0,0,0,1,29.8,
147.287,3234,1,ibvs_active,-8.78,0.89,-16.5,-4.2,-19.2,-4.6,17.1,-0.466,0.113,0,0,0,1,30.8,
147.329,3235,0,tag_lost_countdown,-8.78,0.89,,,,,,,,,,,,,0.0
147.380,3236,0,tag_lost_countdown,-8.78,0.89,,,,,,,,,,,,,0.05
147.419,3237,0,tag_lost_countdown,-8.78,0.89,,,,,,,,,,,,,0.09
147.462,3238,0,tag_lost_countdown,-8.78,0.89,,,,,,,,,,,,,0.13
147.504,3239,1,ibvs_active,-7.49,0.9,40.1,0.8,28.3,-0.3,40.1,1.292,0.015,0,0,0,1,32.9,
147.556,3240,1,ibvs_active,-5.49,1.08,52.7,-4.2,47.8,-3.5,52.8,2.0,0.173,0,0,0,1,20.2,
147.596,3241,0,tag_lost_countdown,-5.49,1.08,,,,,,,,,,,,,0.0
147.646,3242,1,ibvs_active,-3.49,1.11,55.8,-0.0,54.2,-0.7,55.8,2.0,0.035,0,0,0,1,29.7,
147.686,3243,1,ibvs_active,-1.49,0.66,37.4,11.6,40.7,9.1,39.1,2.0,-0.455,0,0,0,1,29.7,
147.734,3244,1,ibvs_active,0.51,0.34,43.9,5.7,43.2,6.4,44.2,2.0,-0.319,0,0,0,1,21.7,
147.779,3245,0,tag_lost_countdown,0.51,0.34,,,,,,,,,,,,,0.0
147.827,3246,1,ibvs_active,1.21,-0.03,15.2,12.0,20.8,10.9,19.4,0.7,-0.367,0,0,0,1,30.8,
147.869,3247,0,tag_lost_countdown,1.21,-0.03,,,,,,,,,,,,,0.0
147.914,3248,0,tag_lost_countdown,1.21,-0.03,,,,,,,,,,,,,0.04
147.954,3249,1,ibvs_active,1.38,-0.66,1.7,23.8,5.5,21.2,23.9,0.165,-0.634,0,0,0,1,27.9,
148.003,3250,1,ibvs_active,1.44,-1.03,2.5,17.1,3.1,18.0,17.3,0.063,-0.369,0,0,0,1,26.2,
148.046,3251,1,ibvs_active,1.44,-1.07,-2.2,9.5,-1.1,11.2,9.8,-0.003,-0.035,0,0,0,1,28.5,
148.091,3252,1,deadband,1.44,-1.07,-1.4,2.2,-1.3,4.0,2.6,0.0,0.0,1,0,0,0,22.5,
148.135,3253,1,deadband,1.44,-1.07,-1.8,2.8,-1.7,3.1,3.3,0.0,0.0,1,0,0,0,28.7,
148.182,3254,1,deadband,1.44,-1.07,-1.5,2.3,-1.5,2.5,2.8,0.0,0.0,1,0,0,0,28.8,
148.234,3255,1,deadband,1.44,-1.07,-1.8,2.6,-1.7,2.6,3.2,0.0,0.0,1,0,0,0,29.5,
148.281,3256,1,deadband,1.44,-1.07,-2.1,2.8,-2.1,2.7,3.5,0.0,0.0,1,0,0,0,29.7,
148.325,3257,1,deadband,1.44,-1.07,-1.9,2.7,-2.0,2.7,3.3,0.0,0.0,1,0,0,0,29.4,
148.371,3258,1,deadband,1.44,-1.07,-2.0,2.8,-2.0,2.8,3.4,0.0,0.0,1,0,0,0,29.3,
148.416,3259,1,deadband,1.44,-1.07,-2.0,2.6,-2.0,2.7,3.3,0.0,0.0,1,0,0,0,29.6,
148.464,3260,1,deadband,1.44,-1.07,-1.9,2.6,-2.0,2.6,3.3,0.0,0.0,1,0,0,0,28.7,
148.504,3261,0,tag_lost_countdown,1.44,-1.07,,,,,,,,,,,,,0.0
148.551,3262,0,tag_lost_countdown,1.44,-1.07,,,,,,,,,,,,,0.04
148.592,3263,1,deadband,1.44,-1.07,-5.7,-9.0,-4.9,-6.7,10.6,0.0,0.0,1,0,0,0,27.3,
148.639,3264,1,ibvs_active,1.43,-1.07,-11.4,-1.7,-10.1,-2.7,11.5,-0.011,0.003,0,0,0,1,27.9,
148.683,3265,1,ibvs_active,1.19,-0.98,-16.6,-6.2,-15.3,-5.5,17.8,-0.241,0.087,0,0,0,1,29.7,
148.731,3266,1,ibvs_active,0.87,-0.91,-17.5,-3.1,-17.1,-3.6,17.8,-0.318,0.067,0,0,0,1,30.2,
148.774,3267,1,ibvs_active,0.43,-0.97,-19.5,4.3,-19.0,2.7,20.0,-0.438,-0.063,0,0,0,1,29.1,
148.821,3268,0,tag_lost_countdown,0.43,-0.97,,,,,,,,,,,,,0.0
148.871,3269,1,ibvs_active,-1.07,-0.72,-32.8,-7.0,-30.1,-5.1,33.6,-1.503,0.253,0,0,0,1,26.3,
148.917,3270,1,ibvs_active,-2.92,-0.17,-38.6,-12.5,-36.9,-11.0,40.6,-1.846,0.552,0,0,0,1,29.4,
148.958,3271,1,ibvs_active,-4.78,0.65,-37.4,-17.6,-37.3,-16.3,41.4,-1.867,0.816,0,0,0,1,31.0,
149.008,3272,1,ibvs_active,-6.48,1.33,-33.2,-13.1,-34.0,-13.7,35.7,-1.701,0.686,0,0,0,1,31.2,
149.052,3273,0,tag_lost_countdown,-6.48,1.33,,,,,,,,,,,,,0.0
149.096,3274,0,tag_lost_countdown,-6.48,1.33,,,,,,,,,,,,,0.05
149.136,3275,1,ibvs_active,-8.48,1.15,-62.5,7.9,-56.8,3.6,63.0,-2.0,-0.179,0,0,0,1,21.0,
149.184,3276,0,tag_lost_countdown,-8.48,1.15,,,,,,,,,,,,,0.0
149.223,3277,0,tag_lost_countdown,-8.48,1.15,,,,,,,,,,,,,0.05
149.269,3278,0,tag_lost_countdown,-8.48,1.15,,,,,,,,,,,,,0.09
149.309,3279,0,tag_lost_countdown,-8.48,1.15,,,,,,,,,,,,,0.13
149.353,3280,0,tag_lost_countdown,-8.48,1.15,,,,,,,,,,,,,0.17
149.393,3281,1,ibvs_active,-10.48,1.01,-266.7,2.8,-224.8,2.9,266.8,-2.0,-0.147,0,0,0,1,28.6,
149.436,3282,0,tag_lost_countdown,-10.48,1.01,,,,,,,,,,,,,0.0
149.481,3283,0,tag_lost_countdown,-10.48,1.01,,,,,,,,,,,,,0.04
149.526,3284,0,tag_lost_countdown,-10.48,1.01,,,,,,,,,,,,,0.09
149.564,3285,0,tag_lost_countdown,-10.48,1.01,,,,,,,,,,,,,0.13
149.611,3286,0,tag_lost_countdown,-10.48,1.01,,,,,,,,,,,,,0.17
149.651,3287,0,tag_lost_countdown,-10.48,1.01,,,,,,,,,,,,,0.22
149.702,3288,0,tag_lost_countdown,-10.48,1.01,,,,,,,,,,,,,0.26
149.740,3289,0,tag_lost_countdown,-10.48,1.01,,,,,,,,,,,,,0.31
149.783,3290,0,tag_lost_countdown,-10.48,1.01,,,,,,,,,,,,,0.35
149.820,3291,0,tag_lost_countdown,-10.48,1.01,,,,,,,,,,,,,0.39
149.864,3292,0,tag_lost_countdown,-10.48,1.01,,,,,,,,,,,,,0.43
149.909,3293,0,tag_lost_countdown,-10.48,1.01,,,,,,,,,,,,,0.47
149.957,3294,0,tag_lost_countdown,-10.48,1.01,,,,,,,,,,,,,0.52
149.998,3295,0,tag_lost_countdown,-10.48,1.01,,,,,,,,,,,,,0.56
150.046,3296,0,tag_lost_countdown,-10.48,1.01,,,,,,,,,,,,,0.61
150.088,3297,0,tag_lost_countdown,-10.48,1.01,,,,,,,,,,,,,0.65
150.134,3298,0,tag_lost_countdown,-10.48,1.01,,,,,,,,,,,,,0.69
150.173,3299,1,deadband,-10.48,1.01,51.2,1.5,-4.0,1.8,51.3,0.0,0.0,1,0,0,0,32.5,
150.219,3300,1,ibvs_active,-8.48,1.1,56.5,-2.8,44.4,-1.9,56.6,2.0,0.094,0,0,0,1,32.3,
150.261,3301,1,ibvs_active,-6.48,1.14,58.0,-0.6,55.3,-0.9,58.0,2.0,0.045,0,0,0,1,31.7,
150.308,3302,1,ibvs_active,-4.48,1.24,56.1,-2.1,55.9,-1.8,56.1,2.0,0.091,0,0,0,1,33.5,
150.348,3303,1,ibvs_active,-2.48,1.33,46.8,-1.9,48.6,-1.9,46.8,2.0,0.094,0,0,0,1,31.9,
150.397,3304,1,ibvs_active,-0.94,1.43,26.5,-1.9,30.9,-1.9,26.6,1.546,0.096,0,0,0,1,22.2,
150.438,3305,1,ibvs_active,-0.75,1.45,10.8,-2.3,14.8,-2.2,11.1,0.186,0.028,0,0,0,1,21.5,
150.484,3306,1,deadband,-0.75,1.45,-14.7,-2.3,-8.8,-2.3,14.9,0.0,0.0,1,0,0,0,33.7,
150.528,3307,0,tag_lost_countdown,-0.75,1.45,,,,,,,,,,,,,0.0
150.573,3308,1,ibvs_active,-2.17,1.57,-34.4,-2.4,-29.2,-2.4,34.4,-1.414,0.115,0,0,0,1,32.2,
150.615,3309,1,ibvs_active,-4.0,1.69,-38.6,-2.3,-36.7,-2.4,38.6,-1.835,0.118,0,0,0,1,32.9,
150.663,3310,1,ibvs_active,-5.9,1.81,-38.4,-2.6,-38.1,-2.5,38.5,-1.903,0.126,0,0,0,1,32.2,
150.705,3311,1,ibvs_active,-7.77,1.94,-37.0,-2.4,-37.2,-2.4,37.1,-1.862,0.122,0,0,0,1,32.1,
150.750,3312,1,ibvs_active,-8.13,1.97,-13.2,-1.7,-18.0,-1.9,13.3,-0.366,0.038,0,0,0,1,27.8,
150.796,3313,0,tag_lost_countdown,-8.13,1.97,,,,,,,,,,,,,0.0
150.841,3314,0,tag_lost_countdown,-8.13,1.97,,,,,,,,,,,,,0.04
150.883,3315,1,ibvs_active,-7.7,1.92,28.2,3.6,19.0,2.5,28.4,0.433,-0.056,0,0,0,1,32.4,
150.933,3316,1,ibvs_active,-6.59,1.78,28.5,3.4,26.6,3.2,28.7,1.113,-0.133,0,0,0,1,31.9,
150.981,3317,1,ibvs_active,-5.32,1.63,28.2,3.5,27.9,3.4,28.5,1.264,-0.156,0,0,0,1,31.6,
151.028,3318,1,ibvs_active,-4.02,1.47,28.3,3.5,28.2,3.5,28.5,1.298,-0.161,0,0,0,1,32.4,
151.071,3319,1,ibvs_active,-2.92,1.34,26.0,3.0,26.4,3.1,26.2,1.1,-0.13,0,0,0,1,32.7,
151.118,3320,1,ibvs_active,-2.62,1.29,14.5,2.8,16.9,2.9,14.8,0.302,-0.051,0,0,0,1,31.3,
151.157,3321,1,deadband,-2.62,1.29,3.2,3.5,5.9,3.4,4.7,0.0,0.0,1,0,0,0,32.4,
151.203,3322,1,deadband,-2.62,1.29,-0.8,3.5,0.6,3.5,3.6,0.0,0.0,1,0,0,0,23.4,
151.245,3323,1,ibvs_active,-2.76,1.28,-17.7,0.1,-14.0,0.8,17.7,-0.141,-0.008,0,0,0,1,32.3,
151.301,3324,1,ibvs_active,-3.07,1.27,-17.9,0.3,-17.1,0.4,17.9,-0.304,-0.007,0,0,0,1,31.8,
151.344,3325,1,ibvs_active,-3.4,1.26,-17.8,0.3,-17.6,0.3,17.8,-0.337,-0.006,0,0,0,1,31.5,
151.391,3326,1,ibvs_active,-3.74,1.26,-17.7,0.2,-17.7,0.2,17.7,-0.339,-0.005,0,0,0,1,31.7,
151.442,3327,1,ibvs_active,-4.08,1.25,-17.7,0.2,-17.7,0.2,17.7,-0.338,-0.005,0,0,0,1,32.2,
151.490,3328,1,ibvs_active,-4.42,1.25,-17.6,0.3,-17.6,0.3,17.6,-0.336,-0.005,0,0,0,1,31.7,
151.532,3329,1,ibvs_active,-4.74,1.24,-17.4,0.4,-17.4,0.3,17.4,-0.323,-0.006,0,0,0,1,32.6,
151.577,3330,1,ibvs_active,-4.86,1.24,-12.5,-0.1,-13.4,-0.0,12.5,-0.116,0.0,0,0,0,1,32.3,
151.623,3331,1,ibvs_active,-4.91,1.24,-11.4,0.2,-11.8,0.2,11.4,-0.053,-0.001,0,0,0,1,31.7,
151.673,3332,1,ibvs_active,-4.95,1.24,-11.4,0.2,-11.5,0.2,11.4,-0.042,-0.001,0,0,0,1,32.3,
151.714,3333,1,deadband,-4.95,1.24,-7.0,0.3,-7.9,0.3,7.0,0.0,0.0,1,0,0,0,32.0,
151.761,3334,1,deadband,-4.95,1.24,-7.0,0.3,-7.2,0.3,7.0,0.0,0.0,1,0,0,0,32.3,
151.804,3335,1,deadband,-4.95,1.24,-7.1,0.1,-7.1,0.2,7.1,0.0,0.0,1,0,0,0,32.1,
151.853,3336,1,deadband,-4.95,1.24,-7.0,0.2,-7.0,0.2,7.0,0.0,0.0,1,0,0,0,32.5,
151.895,3337,1,deadband,-4.95,1.24,-7.0,0.2,-7.0,0.2,7.0,0.0,0.0,1,0,0,0,32.3,
151.942,3338,1,deadband,-4.95,1.24,-7.0,0.2,-7.0,0.2,7.0,0.0,0.0,1,0,0,0,32.4,
151.983,3339,1,deadband,-4.95,1.24,-7.1,0.3,-7.1,0.3,7.1,0.0,0.0,1,0,0,0,32.3,
152.029,3340,1,deadband,-4.95,1.24,-6.9,0.2,-7.0,0.2,6.9,0.0,0.0,1,0,0,0,32.1,
152.072,3341,1,deadband,-4.95,1.24,-7.1,0.2,-7.0,0.2,7.1,0.0,0.0,1,0,0,0,32.6,
152.118,3342,1,deadband,-4.95,1.24,-7.0,0.2,-7.0,0.2,7.0,0.0,0.0,1,0,0,0,32.3,
152.160,3343,1,deadband,-4.95,1.24,-7.1,0.2,-7.1,0.2,7.1,0.0,0.0,1,0,0,0,32.1,
152.206,3344,1,deadband,-4.95,1.24,-7.0,0.2,-7.0,0.2,7.0,0.0,0.0,1,0,0,0,32.3,
152.248,3345,1,deadband,-4.95,1.24,-7.0,0.2,-7.0,0.2,7.0,0.0,0.0,1,0,0,0,32.4,
152.306,3346,1,deadband,-4.95,1.24,-6.9,0.1,-7.0,0.1,6.9,0.0,0.0,1,0,0,0,33.1,
152.347,3347,1,deadband,-4.95,1.24,-7.0,0.1,-7.0,0.1,7.0,0.0,0.0,1,0,0,0,31.7,
152.393,3348,1,deadband,-4.95,1.24,-6.9,0.1,-7.0,0.1,6.9,0.0,0.0,1,0,0,0,32.3,
152.435,3349,1,deadband,-4.95,1.24,-6.9,0.2,-6.9,0.2,6.9,0.0,0.0,1,0,0,0,32.4,
152.484,3350,1,deadband,-4.95,1.24,-7.0,0.1,-6.9,0.1,7.0,0.0,0.0,1,0,0,0,31.9,
152.525,3351,1,deadband,-4.95,1.24,-6.8,0.0,-6.8,0.0,6.8,0.0,0.0,1,0,0,0,32.4,
152.571,3352,1,deadband,-4.95,1.24,-5.5,0.0,-5.8,0.0,5.5,0.0,0.0,1,0,0,0,33.0,
152.612,3353,1,deadband,-4.95,1.24,-5.3,0.2,-5.4,0.2,5.3,0.0,0.0,1,0,0,0,31.9,
152.659,3354,1,deadband,-4.95,1.24,-5.1,0.3,-5.2,0.3,5.2,0.0,0.0,1,0,0,0,32.1,
152.702,3355,1,deadband,-4.95,1.24,-5.2,0.3,-5.2,0.3,5.2,0.0,0.0,1,0,0,0,32.2,
152.750,3356,1,deadband,-4.95,1.24,-5.2,0.3,-5.2,0.3,5.2,0.0,0.0,1,0,0,0,32.4,
152.793,3357,1,deadband,-4.95,1.24,-5.2,0.3,-5.2,0.3,5.2,0.0,0.0,1,0,0,0,31.9,
152.840,3358,1,deadband,-4.95,1.24,-5.3,0.3,-5.3,0.3,5.3,0.0,0.0,1,0,0,0,32.1,
152.882,3359,1,deadband,-4.95,1.24,-5.2,0.3,-5.2,0.3,5.2,0.0,0.0,1,0,0,0,32.1,
152.929,3360,1,deadband,-4.95,1.24,-5.3,0.3,-5.3,0.3,5.3,0.0,0.0,1,0,0,0,33.0,
152.973,3361,1,deadband,-4.95,1.24,-5.2,0.3,-5.3,0.3,5.3,0.0,0.0,1,0,0,0,32.8,
153.018,3362,1,deadband,-4.95,1.24,-5.2,0.3,-5.2,0.3,5.2,0.0,0.0,1,0,0,0,32.6,
153.059,3363,1,deadband,-4.95,1.24,-5.2,0.3,-5.2,0.3,5.2,0.0,0.0,1,0,0,0,32.5,
153.115,3364,1,deadband,-4.95,1.24,-5.2,0.3,-5.2,0.3,5.2,0.0,0.0,1,0,0,0,32.9,
153.157,3365,1,deadband,-4.95,1.24,-5.2,0.2,-5.2,0.2,5.3,0.0,0.0,1,0,0,0,32.7,
153.204,3366,1,deadband,-4.95,1.24,-5.3,0.3,-5.3,0.3,5.3,0.0,0.0,1,0,0,0,32.1,
153.248,3367,1,deadband,-4.95,1.24,-5.2,0.3,-5.2,0.3,5.2,0.0,0.0,1,0,0,0,32.4,
153.294,3368,1,deadband,-4.95,1.24,-5.2,0.3,-5.2,0.3,5.2,0.0,0.0,1,0,0,0,32.1,
153.337,3369,1,deadband,-4.95,1.24,-5.3,0.2,-5.3,0.2,5.3,0.0,0.0,1,0,0,0,31.8,
153.384,3370,1,deadband,-4.95,1.24,-5.3,0.2,-5.3,0.2,5.3,0.0,0.0,1,0,0,0,32.8,
153.427,3371,1,deadband,-4.95,1.24,-5.2,0.3,-5.2,0.3,5.2,0.0,0.0,1,0,0,0,31.7,
153.474,3372,1,deadband,-4.95,1.24,-5.2,0.3,-5.2,0.3,5.2,0.0,0.0,1,0,0,0,32.6,
153.515,3373,1,deadband,-4.95,1.24,-5.3,0.2,-5.3,0.2,5.3,0.0,0.0,1,0,0,0,32.8,
153.561,3374,1,deadband,-4.95,1.24,-5.2,0.3,-5.2,0.3,5.2,0.0,0.0,1,0,0,0,31.5,
153.602,3375,1,deadband,-4.95,1.24,-5.2,0.3,-5.2,0.3,5.2,0.0,0.0,1,0,0,0,32.6,
153.648,3376,1,deadband,-4.95,1.24,-5.1,0.3,-5.1,0.3,5.1,0.0,0.0,1,0,0,0,31.9,
153.689,3377,1,deadband,-4.95,1.24,-5.2,0.3,-5.2,0.3,5.2,0.0,0.0,1,0,0,0,32.1,
153.735,3378,1,deadband,-4.95,1.24,-5.2,0.2,-5.2,0.2,5.2,0.0,0.0,1,0,0,0,31.9,
153.777,3379,1,deadband,-4.95,1.24,-5.2,0.4,-5.2,0.4,5.2,0.0,0.0,1,0,0,0,32.3,
153.825,3380,1,deadband,-4.95,1.24,-5.2,0.3,-5.2,0.3,5.3,0.0,0.0,1,0,0,0,31.7,
153.867,3381,1,deadband,-4.95,1.24,-5.3,0.2,-5.3,0.3,5.3,0.0,0.0,1,0,0,0,33.0,
153.915,3382,1,deadband,-4.95,1.24,-5.2,0.3,-5.2,0.3,5.2,0.0,0.0,1,0,0,0,32.2,
153.958,3383,1,deadband,-4.95,1.24,-5.1,0.4,-5.2,0.3,5.1,0.0,0.0,1,0,0,0,32.3,
154.009,3384,1,deadband,-4.95,1.24,-5.2,0.3,-5.2,0.3,5.2,0.0,0.0,1,0,0,0,31.8,
154.050,3385,1,deadband,-4.95,1.24,-5.2,0.3,-5.2,0.3,5.2,0.0,0.0,1,0,0,0,32.0,
154.098,3386,1,deadband,-4.95,1.24,-5.3,0.3,-5.3,0.3,5.3,0.0,0.0,1,0,0,0,32.8,
154.138,3387,1,deadband,-4.95,1.24,-5.3,0.2,-5.3,0.2,5.3,0.0,0.0,1,0,0,0,32.6,
154.189,3388,1,deadband,-4.95,1.24,-5.3,0.2,-5.3,0.2,5.3,0.0,0.0,1,0,0,0,32.3,
154.232,3389,1,deadband,-4.95,1.24,-5.2,0.4,-5.2,0.3,5.2,0.0,0.0,1,0,0,0,31.9,
154.279,3390,1,deadband,-4.95,1.24,-5.2,0.3,-5.2,0.3,5.2,0.0,0.0,1,0,0,0,32.6,
154.321,3391,1,deadband,-4.95,1.24,-5.3,0.2,-5.3,0.3,5.3,0.0,0.0,1,0,0,0,31.9,
154.368,3392,1,deadband,-4.95,1.24,-5.2,0.4,-5.2,0.4,5.2,0.0,0.0,1,0,0,0,33.0,
154.410,3393,1,deadband,-4.95,1.24,-5.2,0.3,-5.2,0.3,5.2,0.0,0.0,1,0,0,0,32.4,
154.457,3394,1,deadband,-4.95,1.24,-5.1,0.3,-5.1,0.3,5.2,0.0,0.0,1,0,0,0,32.1,
154.498,3395,1,deadband,-4.95,1.24,-5.2,0.3,-5.2,0.3,5.2,0.0,0.0,1,0,0,0,31.8,
154.544,3396,1,deadband,-4.95,1.24,-5.2,0.3,-5.2,0.3,5.2,0.0,0.0,1,0,0,0,31.9,
154.585,3397,1,deadband,-4.95,1.24,-5.1,0.4,-5.1,0.4,5.1,0.0,0.0,1,0,0,0,33.3,
154.631,3398,1,deadband,-4.95,1.24,-5.2,0.3,-5.2,0.3,5.2,0.0,0.0,1,0,0,0,32.2,
154.674,3399,1,deadband,-4.95,1.24,-5.2,0.3,-5.2,0.3,5.2,0.0,0.0,1,0,0,0,31.3,
154.721,3400,1,deadband,-4.95,1.24,-5.2,0.4,-5.2,0.4,5.2,0.0,0.0,1,0,0,0,32.4,
154.763,3401,1,deadband,-4.95,1.24,-5.2,0.3,-5.2,0.3,5.2,0.0,0.0,1,0,0,0,31.9,
154.810,3402,1,deadband,-4.95,1.24,-5.2,0.3,-5.2,0.3,5.2,0.0,0.0,1,0,0,0,32.0,
154.857,3403,1,deadband,-4.95,1.24,-5.1,0.4,-5.1,0.4,5.1,0.0,0.0,1,0,0,0,32.3,
154.903,3404,1,deadband,-4.95,1.24,-5.2,0.3,-5.2,0.3,5.2,0.0,0.0,1,0,0,0,31.8,
154.944,3405,1,deadband,-4.95,1.24,-5.3,0.3,-5.2,0.3,5.3,0.0,0.0,1,0,0,0,32.8,
154.990,3406,1,deadband,-4.95,1.24,-5.3,0.3,-5.3,0.3,5.3,0.0,0.0,1,0,0,0,32.7,
155.038,3407,1,deadband,-4.95,1.24,-5.1,0.4,-5.2,0.4,5.1,0.0,0.0,1,0,0,0,32.5,
155.084,3408,1,deadband,-4.95,1.24,-5.1,0.3,-5.1,0.3,5.2,0.0,0.0,1,0,0,0,31.1,
155.129,3409,1,deadband,-4.95,1.24,-5.2,0.3,-5.2,0.3,5.3,0.0,0.0,1,0,0,0,32.3,
155.175,3410,1,deadband,-4.95,1.24,-5.2,0.3,-5.2,0.3,5.2,0.0,0.0,1,0,0,0,32.6,
155.215,3411,1,deadband,-4.95,1.24,-5.2,0.4,-5.2,0.4,5.2,0.0,0.0,1,0,0,0,32.0,
155.261,3412,1,deadband,-4.95,1.24,-5.3,0.3,-5.3,0.3,5.3,0.0,0.0,1,0,0,0,32.0,
155.304,3413,1,deadband,-4.95,1.24,-5.2,0.3,-5.2,0.3,5.2,0.0,0.0,1,0,0,0,32.1,
155.352,3414,1,deadband,-4.95,1.24,-5.2,0.3,-5.2,0.3,5.2,0.0,0.0,1,0,0,0,32.4,
155.395,3415,1,deadband,-4.95,1.24,-5.1,0.4,-5.1,0.4,5.1,0.0,0.0,1,0,0,0,32.1,
155.443,3416,1,deadband,-4.95,1.24,-5.2,0.3,-5.2,0.3,5.2,0.0,0.0,1,0,0,0,32.3,
155.485,3417,1,deadband,-4.95,1.24,-5.2,0.3,-5.2,0.3,5.2,0.0,0.0,1,0,0,0,32.0,
155.534,3418,1,deadband,-4.95,1.24,-5.2,0.3,-5.2,0.3,5.2,0.0,0.0,1,0,0,0,32.8,
155.575,3419,1,deadband,-4.95,1.24,-5.2,0.4,-5.2,0.3,5.2,0.0,0.0,1,0,0,0,32.1,
155.621,3420,1,deadband,-4.95,1.24,-5.2,0.3,-5.2,0.3,5.2,0.0,0.0,1,0,0,0,32.7,
155.663,3421,1,deadband,-4.95,1.24,-5.2,0.3,-5.2,0.3,5.2,0.0,0.0,1,0,0,0,32.4,
155.717,3422,1,deadband,-4.95,1.24,-5.2,0.2,-5.2,0.2,5.2,0.0,0.0,1,0,0,0,32.3,
155.759,3423,1,deadband,-4.95,1.24,-5.1,0.4,-5.1,0.4,5.1,0.0,0.0,1,0,0,0,32.9,
155.806,3424,1,deadband,-4.95,1.24,-5.2,0.3,-5.2,0.3,5.2,0.0,0.0,1,0,0,0,32.3,
155.846,3425,1,deadband,-4.95,1.24,-5.1,0.4,-5.2,0.4,5.2,0.0,0.0,1,0,0,0,32.8,
155.897,3426,1,deadband,-4.95,1.24,-5.3,0.3,-5.2,0.3,5.3,0.0,0.0,1,0,0,0,32.5,
155.939,3427,1,deadband,-4.95,1.24,-5.2,0.4,-5.2,0.4,5.2,0.0,0.0,1,0,0,0,31.9,
155.986,3428,1,deadband,-4.95,1.24,-5.2,0.3,-5.2,0.3,5.2,0.0,0.0,1,0,0,0,32.8,
156.029,3429,1,deadband,-4.95,1.24,-5.3,0.3,-5.2,0.3,5.3,0.0,0.0,1,0,0,0,32.6,
156.076,3430,1,deadband,-4.95,1.24,-5.3,0.2,-5.3,0.2,5.3,0.0,0.0,1,0,0,0,32.4,
156.117,3431,1,deadband,-4.95,1.24,-5.1,0.4,-5.1,0.3,5.1,0.0,0.0,1,0,0,0,32.0,
156.164,3432,1,deadband,-4.95,1.24,-5.3,0.3,-5.2,0.3,5.3,0.0,0.0,1,0,0,0,32.2,
156.205,3433,1,deadband,-4.95,1.24,-5.2,0.3,-5.2,0.3,5.3,0.0,0.0,1,0,0,0,33.0,
156.251,3434,1,deadband,-4.95,1.24,-5.2,0.3,-5.2,0.3,5.2,0.0,0.0,1,0,0,0,32.7,
156.293,3435,1,deadband,-4.95,1.24,-5.1,0.3,-5.2,0.3,5.2,0.0,0.0,1,0,0,0,32.5,
156.341,3436,1,deadband,-4.95,1.24,-5.2,0.3,-5.2,0.3,5.2,0.0,0.0,1,0,0,0,31.9,
156.383,3437,1,deadband,-4.95,1.24,-5.1,0.4,-5.2,0.4,5.2,0.0,0.0,1,0,0,0,31.8,
156.429,3438,1,deadband,-4.95,1.24,-5.2,0.3,-5.2,0.3,5.3,0.0,0.0,1,0,0,0,32.3,
156.470,3439,1,deadband,-4.95,1.24,-5.2,0.4,-5.2,0.4,5.2,0.0,0.0,1,0,0,0,32.0,
156.519,3440,1,deadband,-4.95,1.24,-5.3,0.3,-5.3,0.3,5.3,0.0,0.0,1,0,0,0,32.7,
156.565,3441,1,deadband,-4.95,1.24,-5.2,0.3,-5.2,0.3,5.2,0.0,0.0,1,0,0,0,31.8,
156.611,3442,1,deadband,-4.95,1.24,-5.2,0.3,-5.2,0.3,5.2,0.0,0.0,1,0,0,0,32.4,
156.651,3443,1,deadband,-4.95,1.24,-5.2,0.3,-5.2,0.3,5.2,0.0,0.0,1,0,0,0,32.4,
SUMMARY,3443,1840,end,-4.95,1.24,266.7,48.2,,,,,,1183,,,,,
