2026-06-27 20:20:50.260 [INFO ] [marker_detector] chase_toggle_on cycle=0 mode=manual_ibvs
2026-06-27 20:20:50.358 [INFO ] [marker_detector] ibvs_recording_start frames_dir=/home/jvpicar/picar_ros/logs/pi_session_20260627_202037/ibvs_frames_202050 csv=/home/jvpicar/picar_ros/logs/pi_session_20260627_202037/ibvs_log_202050.csv
2026-06-27 20:20:50.427 [DEBUG] [marker_detector] ibvs eu=-37 ev=+9 eu_s=-35.2 ev_s=+8.7 dpan=-1.76 dtilt=-0.44 pan=-3.2 tilt=-0.8 err=38px
2026-06-27 20:20:50.524 [DEBUG] [marker_detector] ibvs eu=-31 ev=+9 eu_s=-32.5 ev_s=+9.2 dpan=-1.62 dtilt=-0.46 pan=-6.7 tilt=-1.7 err=33px
2026-06-27 20:20:50.576 [DEBUG] [marker_detector] ibvs tag_lost timer start pan=-6.7 tilt=-1.7
2026-06-27 20:20:50.669 [DEBUG] [marker_detector] ibvs eu=+25 ev=+2 eu_s=+19.8 ev_s=+2.6 dpan=+0.49 dtilt=-0.07 pan=-6.2 tilt=-1.8 err=25px
2026-06-27 20:20:50.764 [DEBUG] [marker_detector] ibvs eu=+25 ev=+1 eu_s=+24.6 ev_s=+1.3 dpan=+0.90 dtilt=-0.05 pan=-4.4 tilt=-1.9 err=25px
2026-06-27 20:20:50.857 [DEBUG] [marker_detector] ibvs eu=+24 ev=+2 eu_s=+24.5 ev_s=+1.5 dpan=+0.89 dtilt=-0.05 pan=-2.6 tilt=-2.0 err=24px
2026-06-27 20:20:50.952 [DEBUG] [marker_detector] ibvs eu=+4 ev=+1 eu_s=+7.9 ev_s=+1.3 dpan=+0.00 dtilt=+0.00 pan=-2.0 tilt=-2.0 err=4px DB
2026-06-27 20:20:51.043 [DEBUG] [marker_detector] ibvs eu=-9 ev=+1 eu_s=-6.4 ev_s=+1.5 dpan=+0.00 dtilt=+0.00 pan=-2.0 tilt=-2.0 err=9px DB
2026-06-27 20:20:51.138 [DEBUG] [marker_detector] ibvs eu=-9 ev=+2 eu_s=-8.9 ev_s=+1.5 dpan=+0.00 dtilt=+0.00 pan=-2.0 tilt=-2.0 err=9px DB
2026-06-27 20:20:51.231 [DEBUG] [marker_detector] ibvs eu=-9 ev=+1 eu_s=-8.9 ev_s=+1.4 dpan=+0.00 dtilt=+0.00 pan=-2.0 tilt=-2.0 err=9px DB
2026-06-27 20:20:51.324 [DEBUG] [marker_detector] ibvs eu=-9 ev=+1 eu_s=-8.9 ev_s=+1.5 dpan=+0.00 dtilt=+0.00 pan=-2.0 tilt=-2.0 err=9px DB
2026-06-27 20:20:51.420 [DEBUG] [marker_detector] ibvs eu=-9 ev=+1 eu_s=-8.9 ev_s=+1.5 dpan=+0.00 dtilt=+0.00 pan=-2.0 tilt=-2.0 err=9px DB
2026-06-27 20:20:51.514 [DEBUG] [marker_detector] ibvs eu=-9 ev=+1 eu_s=-8.9 ev_s=+1.4 dpan=+0.00 dtilt=+0.00 pan=-2.0 tilt=-2.0 err=9px DB
2026-06-27 20:20:51.608 [DEBUG] [marker_detector] ibvs eu=-9 ev=+1 eu_s=-9.0 ev_s=+1.4 dpan=+0.00 dtilt=+0.00 pan=-2.0 tilt=-2.0 err=9px DB
2026-06-27 20:20:51.705 [DEBUG] [marker_detector] ibvs eu=-9 ev=+1 eu_s=-8.9 ev_s=+1.4 dpan=+0.00 dtilt=+0.00 pan=-2.0 tilt=-2.0 err=9px DB
2026-06-27 20:20:51.801 [DEBUG] [marker_detector] ibvs eu=-9 ev=+1 eu_s=-8.9 ev_s=+1.4 dpan=+0.00 dtilt=+0.00 pan=-2.0 tilt=-2.0 err=9px DB
2026-06-27 20:20:51.895 [DEBUG] [marker_detector] ibvs eu=-9 ev=+1 eu_s=-8.9 ev_s=+1.4 dpan=+0.00 dtilt=+0.00 pan=-2.0 tilt=-2.0 err=9px DB
2026-06-27 20:20:51.988 [DEBUG] [marker_detector] ibvs eu=-9 ev=+1 eu_s=-8.9 ev_s=+1.4 dpan=+0.00 dtilt=+0.00 pan=-2.0 tilt=-2.0 err=9px DB
2026-06-27 20:20:52.085 [DEBUG] [marker_detector] ibvs eu=-10 ev=+12 eu_s=-9.6 ev_s=+10.0 dpan=+0.00 dtilt=+0.00 pan=-2.0 tilt=-2.0 err=15px DB
2026-06-27 20:20:52.177 [DEBUG] [marker_detector] ibvs tag_lost timer start pan=-2.0 tilt=-2.0
2026-06-27 20:20:52.224 [DEBUG] [marker_detector] ibvs eu=-19 ev=-16 eu_s=-16.7 ev_s=-12.5 dpan=-0.45 dtilt=+0.34 pan=-2.4 tilt=-1.7 err=24px
2026-06-27 20:20:52.321 [DEBUG] [marker_detector] ibvs eu=-10 ev=-17 eu_s=-10.1 ev_s=-17.2 dpan=-0.25 dtilt=+0.43 pan=-3.0 tilt=-0.8 err=20px
2026-06-27 20:20:52.421 [DEBUG] [marker_detector] ibvs eu=-11 ev=-11 eu_s=-11.1 ev_s=-11.5 dpan=-0.17 dtilt=+0.17 pan=-3.4 tilt=-0.2 err=15px
2026-06-27 20:20:52.518 [DEBUG] [marker_detector] ibvs eu=-11 ev=-9 eu_s=-10.9 ev_s=-9.2 dpan=-0.12 dtilt=+0.10 pan=-3.7 tilt=-0.0 err=14px
2026-06-27 20:20:52.612 [DEBUG] [marker_detector] ibvs eu=-10 ev=-1 eu_s=-10.2 ev_s=-1.5 dpan=-0.01 dtilt=+0.00 pan=-3.7 tilt=-0.0 err=10px
2026-06-27 20:20:52.712 [DEBUG] [marker_detector] ibvs eu=-10 ev=-1 eu_s=-10.0 ev_s=-1.3 dpan=+0.00 dtilt=+0.00 pan=-3.7 tilt=-0.0 err=10px DB
2026-06-27 20:20:52.807 [DEBUG] [marker_detector] ibvs eu=-10 ev=-1 eu_s=-10.0 ev_s=-1.4 dpan=+0.00 dtilt=+0.00 pan=-3.7 tilt=-0.0 err=10px DB
2026-06-27 20:20:52.902 [DEBUG] [marker_detector] ibvs eu=-10 ev=-1 eu_s=-10.0 ev_s=-1.3 dpan=+0.00 dtilt=+0.00 pan=-3.7 tilt=-0.0 err=10px DB
2026-06-27 20:20:53.001 [DEBUG] [marker_detector] ibvs eu=-11 ev=+10 eu_s=-11.1 ev_s=+7.8 dpan=-0.10 dtilt=-0.07 pan=-3.8 tilt=-0.1 err=15px
2026-06-27 20:20:53.051 [DEBUG] [marker_detector] ibvs tag_lost timer start pan=-3.8 tilt=-0.1
2026-06-27 20:20:53.191 [DEBUG] [marker_detector] ibvs eu=-30 ev=-5 eu_s=-29.8 ev_s=-4.6 dpan=-1.49 dtilt=+0.23 pan=-6.5 tilt=0.2 err=31px
2026-06-27 20:20:53.239 [DEBUG] [marker_detector] ibvs tag_lost timer start pan=-6.5 tilt=0.2
2026-06-27 20:20:53.378 [DEBUG] [marker_detector] ibvs eu=-0 ev=-0 eu_s=-1.6 ev_s=-0.1 dpan=+0.00 dtilt=+0.00 pan=-6.5 tilt=0.2 err=0px DB
2026-06-27 20:20:53.473 [DEBUG] [marker_detector] ibvs eu=-0 ev=+0 eu_s=-0.4 ev_s=+0.2 dpan=+0.00 dtilt=+0.00 pan=-6.5 tilt=0.2 err=0px DB
2026-06-27 20:20:53.564 [DEBUG] [marker_detector] ibvs eu=-0 ev=+0 eu_s=-0.4 ev_s=+0.1 dpan=+0.00 dtilt=+0.00 pan=-6.5 tilt=0.2 err=0px DB
2026-06-27 20:20:53.662 [DEBUG] [marker_detector] ibvs eu=-0 ev=+0 eu_s=-0.4 ev_s=+0.2 dpan=+0.00 dtilt=+0.00 pan=-6.5 tilt=0.2 err=0px DB
2026-06-27 20:20:53.756 [DEBUG] [marker_detector] ibvs eu=-0 ev=+0 eu_s=-0.3 ev_s=+0.3 dpan=+0.00 dtilt=+0.00 pan=-6.5 tilt=0.2 err=0px DB
2026-06-27 20:20:53.846 [DEBUG] [marker_detector] ibvs eu=-0 ev=+0 eu_s=-0.3 ev_s=+0.2 dpan=+0.00 dtilt=+0.00 pan=-6.5 tilt=0.2 err=0px DB
2026-06-27 20:20:53.943 [DEBUG] [marker_detector] ibvs eu=-0 ev=+0 eu_s=-0.2 ev_s=+0.2 dpan=+0.00 dtilt=+0.00 pan=-6.5 tilt=0.2 err=0px DB
2026-06-27 20:20:54.041 [DEBUG] [marker_detector] ibvs eu=-0 ev=+0 eu_s=-0.2 ev_s=+0.2 dpan=+0.00 dtilt=+0.00 pan=-6.5 tilt=0.2 err=0px DB
2026-06-27 20:20:54.137 [DEBUG] [marker_detector] ibvs eu=+5 ev=+2 eu_s=+3.9 ev_s=+1.4 dpan=+0.00 dtilt=+0.00 pan=-6.5 tilt=0.2 err=5px DB
2026-06-27 20:20:54.236 [DEBUG] [marker_detector] ibvs eu=+0 ev=+8 eu_s=+2.2 ev_s=+7.4 dpan=+0.00 dtilt=+0.00 pan=-6.5 tilt=0.2 err=8px DB
2026-06-27 20:20:54.324 [DEBUG] [marker_detector] ibvs tag_lost timer start pan=-6.5 tilt=0.2
2026-06-27 20:20:54.371 [DEBUG] [marker_detector] ibvs eu=-12 ev=+4 eu_s=-8.4 ev_s=+3.9 dpan=+0.00 dtilt=+0.00 pan=-6.5 tilt=0.2 err=12px DB
2026-06-27 20:20:54.466 [DEBUG] [marker_detector] ibvs eu=-51 ev=+5 eu_s=-43.9 ev_s=+5.0 dpan=-2.00 dtilt=-0.25 pan=-8.7 tilt=-0.1 err=51px
2026-06-27 20:20:54.557 [DEBUG] [marker_detector] ibvs tag_lost timer start pan=-10.7 tilt=0.0
2026-06-27 20:20:54.602 [DEBUG] [marker_detector] ibvs eu=-44 ev=+5 eu_s=-43.9 ev_s=+3.6 dpan=-2.00 dtilt=-0.18 pan=-12.7 tilt=-0.2 err=44px
2026-06-27 20:20:54.701 [DEBUG] [marker_detector] ibvs eu=-21 ev=+7 eu_s=-22.4 ev_s=+6.5 dpan=-0.74 dtilt=-0.22 pan=-14.6 tilt=-0.7 err=22px
2026-06-27 20:20:54.801 [DEBUG] [marker_detector] ibvs eu=+5 ev=+6 eu_s=+1.4 ev_s=+6.1 dpan=+0.00 dtilt=+0.00 pan=-14.7 tilt=-0.7 err=8px DB
2026-06-27 20:20:54.895 [DEBUG] [marker_detector] ibvs eu=+11 ev=+3 eu_s=+10.8 ev_s=+2.9 dpan=+0.03 dtilt=-0.01 pan=-14.7 tilt=-0.7 err=11px
2026-06-27 20:20:54.991 [DEBUG] [marker_detector] ibvs eu=+11 ev=+3 eu_s=+11.2 ev_s=+2.7 dpan=+0.04 dtilt=-0.01 pan=-14.6 tilt=-0.8 err=12px
2026-06-27 20:20:55.092 [DEBUG] [marker_detector] ibvs eu=+11 ev=+3 eu_s=+11.2 ev_s=+2.7 dpan=+0.04 dtilt=-0.01 pan=-14.5 tilt=-0.8 err=12px
2026-06-27 20:20:55.188 [DEBUG] [marker_detector] ibvs eu=+11 ev=+3 eu_s=+11.3 ev_s=+2.7 dpan=+0.04 dtilt=-0.01 pan=-14.4 tilt=-0.8 err=12px
2026-06-27 20:20:55.286 [DEBUG] [marker_detector] ibvs eu=+11 ev=+3 eu_s=+11.2 ev_s=+2.7 dpan=+0.04 dtilt=-0.01 pan=-14.3 tilt=-0.8 err=11px
2026-06-27 20:20:55.382 [DEBUG] [marker_detector] ibvs eu=+11 ev=+3 eu_s=+11.2 ev_s=+2.7 dpan=+0.04 dtilt=-0.01 pan=-14.2 tilt=-0.8 err=12px
2026-06-27 20:20:55.478 [DEBUG] [marker_detector] ibvs eu=+11 ev=+3 eu_s=+11.2 ev_s=+2.7 dpan=+0.04 dtilt=-0.01 pan=-14.2 tilt=-0.9 err=12px
2026-06-27 20:20:55.577 [DEBUG] [marker_detector] ibvs eu=+11 ev=+3 eu_s=+11.2 ev_s=+2.7 dpan=+0.04 dtilt=-0.01 pan=-14.1 tilt=-0.9 err=12px
2026-06-27 20:20:55.678 [DEBUG] [marker_detector] ibvs eu=+11 ev=+3 eu_s=+11.3 ev_s=+2.6 dpan=+0.05 dtilt=-0.01 pan=-14.0 tilt=-0.9 err=12px
2026-06-27 20:20:55.775 [DEBUG] [marker_detector] ibvs eu=+11 ev=+3 eu_s=+11.3 ev_s=+2.6 dpan=+0.04 dtilt=-0.01 pan=-13.9 tilt=-0.9 err=12px
2026-06-27 20:20:55.870 [DEBUG] [marker_detector] ibvs eu=+20 ev=-1 eu_s=+18.1 ev_s=-0.9 dpan=+0.37 dtilt=+0.02 pan=-13.5 tilt=-0.9 err=20px
2026-06-27 20:20:55.966 [DEBUG] [marker_detector] ibvs eu=+3 ev=-10 eu_s=+6.3 ev_s=-8.4 dpan=+0.00 dtilt=+0.00 pan=-13.2 tilt=-0.9 err=11px DB
2026-06-27 20:20:56.012 [DEBUG] [marker_detector] ibvs tag_lost timer start pan=-13.2 tilt=-0.9
2026-06-27 20:20:56.113 [DEBUG] [marker_detector] ibvs eu=-22 ev=-14 eu_s=-19.8 ev_s=-14.6 dpan=-0.72 dtilt=+0.53 pan=-14.1 tilt=-0.1 err=27px
2026-06-27 20:20:56.209 [DEBUG] [marker_detector] ibvs eu=-20 ev=-11 eu_s=-20.1 ev_s=-10.8 dpan=-0.64 dtilt=+0.34 pan=-15.4 tilt=0.6 err=23px
2026-06-27 20:20:56.251 [DEBUG] [marker_detector] ibvs tag_lost timer start pan=-15.4 tilt=0.6
2026-06-27 20:20:56.355 [DEBUG] [marker_detector] ibvs eu=-14 ev=+1 eu_s=-14.1 ev_s=+0.8 dpan=-0.15 dtilt=-0.01 pan=-15.7 tilt=0.6 err=14px
2026-06-27 20:20:56.450 [DEBUG] [marker_detector] ibvs eu=-14 ev=+1 eu_s=-13.9 ev_s=+1.3 dpan=-0.14 dtilt=-0.01 pan=-16.0 tilt=0.6 err=14px
2026-06-27 20:20:56.543 [DEBUG] [marker_detector] ibvs eu=-14 ev=+6 eu_s=-13.5 ev_s=+6.2 dpan=-0.17 dtilt=-0.08 pan=-16.3 tilt=0.5 err=15px
2026-06-27 20:20:56.592 [DEBUG] [marker_detector] ibvs tag_lost timer start pan=-16.3 tilt=0.5
2026-06-27 20:20:56.685 [DEBUG] [marker_detector] ibvs eu=-7 ev=+5 eu_s=-6.5 ev_s=+7.2 dpan=+0.00 dtilt=+0.00 pan=-16.4 tilt=0.3 err=9px DB
2026-06-27 20:20:56.735 [DEBUG] [marker_detector] ibvs tag_lost timer start pan=-16.4 tilt=0.3
2026-06-27 20:20:56.829 [DEBUG] [marker_detector] ibvs eu=-42 ev=-2 eu_s=-39.6 ev_s=-1.0 dpan=-1.98 dtilt=+0.05 pan=-19.7 tilt=0.1 err=43px
2026-06-27 20:20:56.925 [DEBUG] [marker_detector] ibvs eu=-28 ev=+1 eu_s=-30.2 ev_s=+1.1 dpan=-1.51 dtilt=-0.05 pan=-23.2 tilt=-0.0 err=28px
2026-06-27 20:20:57.022 [DEBUG] [marker_detector] ibvs tag_lost timer start pan=-23.5 tilt=-0.1
2026-06-27 20:20:57.074 [DEBUG] [marker_detector] ibvs eu=+23 ev=+1 eu_s=+15.4 ev_s=+1.7 dpan=+0.21 dtilt=-0.02 pan=-23.3 tilt=-0.1 err=24px
2026-06-27 20:20:57.173 [DEBUG] [marker_detector] ibvs eu=+32 ev=+2 eu_s=+30.9 ev_s=+1.6 dpan=+1.54 dtilt=-0.08 pan=-20.4 tilt=-0.2 err=32px
2026-06-27 20:20:57.268 [DEBUG] [marker_detector] ibvs eu=+25 ev=+2 eu_s=+26.5 ev_s=+1.6 dpan=+1.09 dtilt=-0.07 pan=-17.8 tilt=-0.4 err=25px
2026-06-27 20:20:57.368 [DEBUG] [marker_detector] ibvs tag_lost timer start pan=-17.6 tilt=-0.4
2026-06-27 20:20:57.415 [DEBUG] [marker_detector] ibvs eu=-19 ev=-8 eu_s=-12.7 ev_s=-6.3 dpan=-0.13 dtilt=+0.07 pan=-17.8 tilt=-0.3 err=21px
2026-06-27 20:20:57.511 [DEBUG] [marker_detector] ibvs eu=-19 ev=-8 eu_s=-19.1 ev_s=-7.8 dpan=-0.51 dtilt=+0.21 pan=-18.7 tilt=0.0 err=21px
2026-06-27 20:20:57.606 [DEBUG] [marker_detector] ibvs eu=-18 ev=-8 eu_s=-18.3 ev_s=-8.3 dpan=-0.46 dtilt=+0.21 pan=-19.7 tilt=0.5 err=20px
2026-06-27 20:20:57.700 [DEBUG] [marker_detector] ibvs tag_lost timer start pan=-19.7 tilt=0.5
2026-06-27 20:20:57.753 [DEBUG] [marker_detector] ibvs eu=-27 ev=-3 eu_s=-23.6 ev_s=-3.3 dpan=-0.81 dtilt=+0.11 pan=-20.5 tilt=0.6 err=27px
2026-06-27 20:20:57.849 [DEBUG] [marker_detector] ibvs tag_lost timer start pan=-22.4 tilt=0.6
2026-06-27 20:21:02.852 [INFO ] [marker_detector] ibvs servo_reset pan→0 tilt→0 lost=5.0s
2026-06-27 20:21:02.896 [DEBUG] [marker_detector] ibvs tag_lost timer start pan=0.0 tilt=0.0
2026-06-27 20:21:07.911 [INFO ] [marker_detector] ibvs servo_reset pan→0 tilt→0 lost=5.0s
2026-06-27 20:21:07.960 [DEBUG] [marker_detector] ibvs tag_lost timer start pan=0.0 tilt=0.0
2026-06-27 20:21:12.984 [INFO ] [marker_detector] ibvs servo_reset pan→0 tilt→0 lost=5.0s
2026-06-27 20:21:13.033 [DEBUG] [marker_detector] ibvs tag_lost timer start pan=0.0 tilt=0.0
2026-06-27 20:21:18.047 [INFO ] [marker_detector] ibvs servo_reset pan→0 tilt→0 lost=5.0s
2026-06-27 20:21:18.099 [DEBUG] [marker_detector] ibvs tag_lost timer start pan=0.0 tilt=0.0
2026-06-27 20:21:23.139 [INFO ] [marker_detector] ibvs servo_reset pan→0 tilt→0 lost=5.0s
2026-06-27 20:21:23.177 [DEBUG] [marker_detector] ibvs tag_lost timer start pan=0.0 tilt=0.0
2026-06-27 20:21:28.216 [INFO ] [marker_detector] ibvs servo_reset pan→0 tilt→0 lost=5.0s
2026-06-27 20:21:28.261 [DEBUG] [marker_detector] ibvs tag_lost timer start pan=0.0 tilt=0.0
2026-06-27 20:21:33.123 [DEBUG] [marker_detector] ibvs eu=-7 ev=-13 eu_s=-5.5 ev_s=-10.1 dpan=-0.02 dtilt=+0.04 pan=-0.0 tilt=0.0 err=14px
2026-06-27 20:21:33.216 [DEBUG] [marker_detector] ibvs tag_lost timer start pan=-0.0 tilt=0.0
2026-06-27 20:21:33.264 [DEBUG] [marker_detector] ibvs eu=-9 ev=-11 eu_s=-8.7 ev_s=-8.3 dpan=+0.00 dtilt=+0.00 pan=-0.0 tilt=0.0 err=14px DB
2026-06-27 20:21:33.365 [DEBUG] [marker_detector] ibvs eu=-9 ev=-11 eu_s=-9.2 ev_s=-10.6 dpan=-0.09 dtilt=+0.11 pan=-0.2 tilt=0.2 err=14px
2026-06-27 20:21:33.465 [DEBUG] [marker_detector] ibvs eu=-9 ev=-10 eu_s=-9.3 ev_s=-10.4 dpan=-0.09 dtilt=+0.10 pan=-0.4 tilt=0.5 err=14px
2026-06-27 20:21:33.518 [DEBUG] [marker_detector] ibvs tag_lost timer start pan=-0.4 tilt=0.5
2026-06-27 20:21:33.621 [DEBUG] [marker_detector] ibvs eu=-3 ev=-11 eu_s=-4.2 ev_s=-11.1 dpan=-0.02 dtilt=+0.05 pan=-0.5 tilt=0.6 err=12px
2026-06-27 20:21:33.663 [DEBUG] [marker_detector] ibvs tag_lost timer start pan=-0.5 tilt=0.6
2026-06-27 20:21:33.764 [DEBUG] [marker_detector] ibvs eu=+8 ev=-3 eu_s=+5.7 ev_s=-3.9 dpan=+0.00 dtilt=+0.00 pan=-0.5 tilt=0.6 err=9px DB
2026-06-27 20:21:33.812 [DEBUG] [marker_detector] ibvs tag_lost timer start pan=-0.5 tilt=0.6
2026-06-27 20:21:33.909 [DEBUG] [marker_detector] ibvs eu=+17 ev=+8 eu_s=+16.6 ev_s=+9.9 dpan=+0.39 dtilt=-0.23 pan=0.5 tilt=-0.2 err=19px
2026-06-27 20:21:34.008 [DEBUG] [marker_detector] ibvs eu=+17 ev=+2 eu_s=+16.8 ev_s=+2.9 dpan=+0.29 dtilt=-0.05 pan=1.1 tilt=-0.4 err=17px
2026-06-27 20:21:34.106 [DEBUG] [marker_detector] ibvs eu=+17 ev=-2 eu_s=+17.2 ev_s=-0.9 dpan=+0.31 dtilt=+0.02 pan=1.7 tilt=-0.4 err=17px
2026-06-27 20:21:34.203 [DEBUG] [marker_detector] ibvs eu=-0 ev=-1 eu_s=+1.8 ev_s=-1.4 dpan=+0.00 dtilt=+0.00 pan=1.7 tilt=-0.4 err=1px DB
2026-06-27 20:21:34.299 [DEBUG] [marker_detector] ibvs tag_lost timer start pan=1.7 tilt=-0.4
2026-06-27 20:21:34.350 [DEBUG] [marker_detector] ibvs eu=-11 ev=-6 eu_s=-8.4 ev_s=-5.1 dpan=+0.00 dtilt=+0.00 pan=1.7 tilt=-0.4 err=12px DB
2026-06-27 20:21:34.447 [DEBUG] [marker_detector] ibvs eu=-19 ev=-4 eu_s=-18.2 ev_s=-4.5 dpan=-0.40 dtilt=+0.10 pan=1.0 tilt=-0.2 err=19px
2026-06-27 20:21:34.538 [DEBUG] [marker_detector] ibvs eu=-7 ev=+1 eu_s=-8.2 ev_s=+1.0 dpan=+0.00 dtilt=+0.00 pan=0.9 tilt=-0.2 err=7px DB
2026-06-27 20:21:34.629 [DEBUG] [marker_detector] ibvs eu=+4 ev=+7 eu_s=+1.9 ev_s=+6.4 dpan=+0.00 dtilt=+0.00 pan=0.9 tilt=-0.2 err=8px DB
2026-06-27 20:21:34.715 [DEBUG] [marker_detector] ibvs tag_lost timer start pan=1.0 tilt=-0.3
2026-06-27 20:21:34.766 [DEBUG] [marker_detector] ibvs eu=+23 ev=+24 eu_s=+20.2 ev_s=+21.5 dpan=+0.98 dtilt=-1.05 pan=2.0 tilt=-1.3 err=34px
2026-06-27 20:21:34.859 [DEBUG] [marker_detector] ibvs eu=+15 ev=+15 eu_s=+15.4 ev_s=+15.4 dpan=+0.45 dtilt=-0.45 pan=3.1 tilt=-2.5 err=21px
2026-06-27 20:21:34.952 [DEBUG] [marker_detector] ibvs eu=+6 ev=+3 eu_s=+8.1 ev_s=+3.8 dpan=+0.00 dtilt=+0.00 pan=3.5 tilt=-2.6 err=7px DB
2026-06-27 20:21:35.042 [DEBUG] [marker_detector] ibvs eu=+7 ev=-6 eu_s=+6.9 ev_s=-4.4 dpan=+0.00 dtilt=+0.00 pan=3.5 tilt=-2.6 err=9px DB
2026-06-27 20:21:35.131 [DEBUG] [marker_detector] ibvs eu=+7 ev=-6 eu_s=+6.8 ev_s=-6.0 dpan=+0.00 dtilt=+0.00 pan=3.5 tilt=-2.6 err=9px DB
2026-06-27 20:21:35.224 [DEBUG] [marker_detector] ibvs eu=+7 ev=-6 eu_s=+6.7 ev_s=-5.9 dpan=+0.00 dtilt=+0.00 pan=3.5 tilt=-2.6 err=9px DB
2026-06-27 20:21:35.313 [DEBUG] [marker_detector] ibvs eu=+7 ev=-6 eu_s=+6.7 ev_s=-5.9 dpan=+0.00 dtilt=+0.00 pan=3.5 tilt=-2.6 err=9px DB
2026-06-27 20:21:35.407 [DEBUG] [marker_detector] ibvs eu=+7 ev=-6 eu_s=+6.7 ev_s=-5.9 dpan=+0.00 dtilt=+0.00 pan=3.5 tilt=-2.6 err=9px DB
2026-06-27 20:21:35.498 [DEBUG] [marker_detector] ibvs eu=+7 ev=-6 eu_s=+6.6 ev_s=-5.8 dpan=+0.00 dtilt=+0.00 pan=3.5 tilt=-2.6 err=9px DB
2026-06-27 20:21:35.588 [DEBUG] [marker_detector] ibvs eu=+7 ev=-6 eu_s=+6.7 ev_s=-5.9 dpan=+0.00 dtilt=+0.00 pan=3.5 tilt=-2.6 err=9px DB
2026-06-27 20:21:35.675 [DEBUG] [marker_detector] ibvs eu=+7 ev=-6 eu_s=+6.7 ev_s=-5.8 dpan=+0.00 dtilt=+0.00 pan=3.5 tilt=-2.6 err=9px DB
2026-06-27 20:21:35.790 [DEBUG] [marker_detector] ibvs eu=+7 ev=-6 eu_s=+6.7 ev_s=-5.8 dpan=+0.00 dtilt=+0.00 pan=3.5 tilt=-2.6 err=9px DB
2026-06-27 20:21:35.885 [DEBUG] [marker_detector] ibvs eu=+7 ev=-6 eu_s=+6.6 ev_s=-5.8 dpan=+0.00 dtilt=+0.00 pan=3.5 tilt=-2.6 err=9px DB
2026-06-27 20:21:35.975 [DEBUG] [marker_detector] ibvs eu=+7 ev=-6 eu_s=+6.6 ev_s=-5.7 dpan=+0.00 dtilt=+0.00 pan=3.5 tilt=-2.6 err=9px DB
2026-06-27 20:21:36.064 [DEBUG] [marker_detector] ibvs eu=+7 ev=-6 eu_s=+6.6 ev_s=-5.7 dpan=+0.00 dtilt=+0.00 pan=3.5 tilt=-2.6 err=9px DB
2026-06-27 20:21:36.158 [DEBUG] [marker_detector] ibvs eu=+7 ev=-6 eu_s=+6.8 ev_s=-6.0 dpan=+0.00 dtilt=+0.00 pan=3.5 tilt=-2.6 err=9px DB
2026-06-27 20:21:36.254 [DEBUG] [marker_detector] ibvs eu=+20 ev=-4 eu_s=+20.1 ev_s=-3.8 dpan=+0.52 dtilt=+0.10 pan=4.5 tilt=-2.4 err=21px
2026-06-27 20:21:36.297 [DEBUG] [marker_detector] ibvs tag_lost timer start pan=4.5 tilt=-2.4
2026-06-27 20:21:36.389 [DEBUG] [marker_detector] ibvs tag_lost timer start pan=6.5 tilt=-2.2
2026-06-27 20:21:36.481 [DEBUG] [marker_detector] ibvs eu=+157 ev=+5 eu_s=+137.5 ev_s=+3.2 dpan=+2.00 dtilt=-0.16 pan=8.5 tilt=-2.4 err=157px
2026-06-27 20:21:36.530 [DEBUG] [marker_detector] ibvs tag_lost timer start pan=8.5 tilt=-2.4
2026-06-27 20:21:38.112 [DEBUG] [marker_detector] ibvs eu=+189 ev=+2 eu_s=+186.2 ev_s=+0.8 dpan=+2.00 dtilt=-0.04 pan=12.5 tilt=-2.2 err=189px
2026-06-27 20:21:38.207 [DEBUG] [marker_detector] ibvs eu=+175 ev=-0 eu_s=+178.6 ev_s=+0.1 dpan=+2.00 dtilt=-0.00 pan=16.5 tilt=-2.3 err=175px
2026-06-27 20:21:38.255 [DEBUG] [marker_detector] ibvs tag_lost timer start pan=16.5 tilt=-2.3
2026-06-27 20:21:38.354 [DEBUG] [marker_detector] ibvs eu=+115 ev=+4 eu_s=+119.8 ev_s=+3.0 dpan=+2.00 dtilt=-0.15 pan=20.5 tilt=-2.5 err=116px
2026-06-27 20:21:38.453 [DEBUG] [marker_detector] ibvs tag_lost timer start pan=22.5 tilt=-3.2
2026-06-27 20:21:38.718 [DEBUG] [marker_detector] ibvs eu=-109 ev=-22 eu_s=-66.4 ev_s=-14.5 dpan=-2.00 dtilt=+0.72 pan=20.5 tilt=-2.5 err=111px
2026-06-27 20:21:38.815 [DEBUG] [marker_detector] ibvs eu=-111 ev=-17 eu_s=-108.8 ev_s=-16.8 dpan=-2.00 dtilt=+0.84 pan=16.5 tilt=-0.8 err=112px
2026-06-27 20:21:38.911 [DEBUG] [marker_detector] ibvs eu=-85 ev=-7 eu_s=-88.3 ev_s=-8.4 dpan=-2.00 dtilt=+0.42 pan=12.5 tilt=0.2 err=86px
2026-06-27 20:21:38.950 [DEBUG] [marker_detector] ibvs tag_lost timer start pan=12.5 tilt=0.2
2026-06-27 20:21:39.041 [DEBUG] [marker_detector] ibvs tag_lost timer start pan=10.5 tilt=-0.1
2026-06-27 20:21:39.128 [DEBUG] [marker_detector] ibvs eu=+2 ev=+17 eu_s=-8.5 ev_s=+15.2 dpan=-0.16 dtilt=-0.28 pan=10.3 tilt=-0.4 err=18px
2026-06-27 20:21:39.222 [DEBUG] [marker_detector] ibvs eu=+2 ev=+17 eu_s=+1.3 ev_s=+17.3 dpan=+0.02 dtilt=-0.32 pan=10.4 tilt=-1.0 err=17px
2026-06-27 20:21:39.314 [DEBUG] [marker_detector] ibvs eu=+2 ev=+17 eu_s=+1.7 ev_s=+17.4 dpan=+0.03 dtilt=-0.33 pan=10.4 tilt=-1.7 err=18px
2026-06-27 20:21:39.402 [DEBUG] [marker_detector] ibvs eu=+3 ev=+4 eu_s=+2.9 ev_s=+5.1 dpan=+0.00 dtilt=+0.00 pan=10.4 tilt=-1.7 err=5px DB
2026-06-27 20:21:39.493 [DEBUG] [marker_detector] ibvs eu=+3 ev=+1 eu_s=+3.2 ev_s=+1.0 dpan=+0.00 dtilt=+0.00 pan=10.4 tilt=-1.7 err=3px DB
2026-06-27 20:21:39.582 [DEBUG] [marker_detector] ibvs eu=+3 ev=+1 eu_s=+3.2 ev_s=+0.8 dpan=+0.00 dtilt=+0.00 pan=10.4 tilt=-1.7 err=3px DB
2026-06-27 20:21:39.672 [DEBUG] [marker_detector] ibvs eu=+3 ev=+1 eu_s=+3.2 ev_s=+0.8 dpan=+0.00 dtilt=+0.00 pan=10.4 tilt=-1.7 err=3px DB
2026-06-27 20:21:39.762 [DEBUG] [marker_detector] ibvs eu=+3 ev=+1 eu_s=+3.3 ev_s=+0.8 dpan=+0.00 dtilt=+0.00 pan=10.4 tilt=-1.7 err=3px DB
2026-06-27 20:21:39.859 [DEBUG] [marker_detector] ibvs eu=+3 ev=+1 eu_s=+3.3 ev_s=+0.8 dpan=+0.00 dtilt=+0.00 pan=10.4 tilt=-1.7 err=3px DB
2026-06-27 20:21:39.948 [DEBUG] [marker_detector] ibvs eu=+3 ev=+1 eu_s=+3.3 ev_s=+0.8 dpan=+0.00 dtilt=+0.00 pan=10.4 tilt=-1.7 err=3px DB
2026-06-27 20:21:40.036 [DEBUG] [marker_detector] ibvs eu=+3 ev=+1 eu_s=+3.3 ev_s=+0.7 dpan=+0.00 dtilt=+0.00 pan=10.4 tilt=-1.7 err=3px DB
2026-06-27 20:21:40.128 [DEBUG] [marker_detector] ibvs eu=+3 ev=+1 eu_s=+3.3 ev_s=+0.8 dpan=+0.00 dtilt=+0.00 pan=10.4 tilt=-1.7 err=3px DB
2026-06-27 20:21:40.218 [DEBUG] [marker_detector] ibvs eu=+3 ev=+1 eu_s=+3.2 ev_s=+0.7 dpan=+0.00 dtilt=+0.00 pan=10.4 tilt=-1.7 err=3px DB
2026-06-27 20:21:40.307 [DEBUG] [marker_detector] ibvs eu=+3 ev=+1 eu_s=+3.2 ev_s=+0.8 dpan=+0.00 dtilt=+0.00 pan=10.4 tilt=-1.7 err=3px DB
2026-06-27 20:21:40.398 [DEBUG] [marker_detector] ibvs eu=+3 ev=+1 eu_s=+3.3 ev_s=+0.8 dpan=+0.00 dtilt=+0.00 pan=10.4 tilt=-1.7 err=3px DB
2026-06-27 20:21:40.491 [DEBUG] [marker_detector] ibvs tag_lost timer start pan=10.4 tilt=-1.7
2026-06-27 20:21:40.540 [DEBUG] [marker_detector] ibvs eu=+11 ev=+12 eu_s=+9.7 ev_s=+9.5 dpan=+0.00 dtilt=+0.00 pan=10.4 tilt=-1.7 err=16px DB
2026-06-27 20:21:40.633 [DEBUG] [marker_detector] ibvs eu=+2 ev=-8 eu_s=+4.8 ev_s=-5.0 dpan=+0.00 dtilt=+0.00 pan=10.7 tilt=-1.8 err=8px DB
2026-06-27 20:21:40.730 [DEBUG] [marker_detector] ibvs eu=+3 ev=-17 eu_s=+2.9 ev_s=-13.9 dpan=+0.03 dtilt=+0.15 pan=10.7 tilt=-1.6 err=17px
2026-06-27 20:21:40.820 [DEBUG] [marker_detector] ibvs tag_lost timer start pan=10.8 tilt=-1.1
2026-06-27 20:21:40.915 [DEBUG] [marker_detector] ibvs eu=-11 ev=-24 eu_s=-8.6 ev_s=-23.5 dpan=-0.32 dtilt=+0.88 pan=10.4 tilt=-0.2 err=27px
2026-06-27 20:21:41.009 [DEBUG] [marker_detector] ibvs eu=-5 ev=-16 eu_s=-5.3 ev_s=-16.8 dpan=-0.10 dtilt=+0.32 pan=10.2 tilt=0.6 err=17px
2026-06-27 20:21:41.103 [DEBUG] [marker_detector] ibvs eu=-7 ev=-4 eu_s=-7.1 ev_s=-6.4 dpan=+0.00 dtilt=+0.00 pan=10.1 tilt=0.9 err=8px DB
2026-06-27 20:21:41.195 [DEBUG] [marker_detector] ibvs eu=-7 ev=+2 eu_s=-7.2 ev_s=+0.7 dpan=+0.00 dtilt=+0.00 pan=10.1 tilt=0.9 err=7px DB
2026-06-27 20:21:41.288 [DEBUG] [marker_detector] ibvs eu=-7 ev=+2 eu_s=-7.4 ev_s=+1.8 dpan=+0.00 dtilt=+0.00 pan=10.1 tilt=0.9 err=8px DB
2026-06-27 20:21:41.383 [DEBUG] [marker_detector] ibvs eu=-7 ev=+2 eu_s=-7.3 ev_s=+1.7 dpan=+0.00 dtilt=+0.00 pan=10.1 tilt=0.9 err=8px DB
2026-06-27 20:21:41.474 [DEBUG] [marker_detector] ibvs eu=-7 ev=+2 eu_s=-7.3 ev_s=+1.8 dpan=+0.00 dtilt=+0.00 pan=10.1 tilt=0.9 err=8px DB
2026-06-27 20:21:41.563 [DEBUG] [marker_detector] ibvs eu=-7 ev=+0 eu_s=-7.1 ev_s=+0.6 dpan=+0.00 dtilt=+0.00 pan=10.1 tilt=0.9 err=7px DB
2026-06-27 20:21:41.603 [DEBUG] [marker_detector] ibvs tag_lost timer start pan=10.1 tilt=0.9
2026-06-27 20:21:41.697 [DEBUG] [marker_detector] ibvs eu=-42 ev=+5 eu_s=-36.8 ev_s=+3.3 dpan=-1.84 dtilt=-0.17 pan=8.0 tilt=0.8 err=42px
2026-06-27 20:21:41.742 [DEBUG] [marker_detector] ibvs tag_lost timer start pan=8.0 tilt=0.8
2026-06-27 20:21:42.008 [DEBUG] [marker_detector] ibvs eu=-134 ev=+19 eu_s=-131.6 ev_s=+18.9 dpan=-2.00 dtilt=-0.94 pan=4.0 tilt=-1.0 err=135px
2026-06-27 20:21:42.097 [DEBUG] [marker_detector] ibvs eu=-100 ev=+27 eu_s=-106.2 ev_s=+26.4 dpan=-2.00 dtilt=-1.32 pan=0.0 tilt=-3.5 err=104px
2026-06-27 20:21:42.138 [DEBUG] [marker_detector] ibvs tag_lost timer start pan=0.0 tilt=-3.5
2026-06-27 20:21:42.231 [DEBUG] [marker_detector] ibvs eu=-23 ev=+7 eu_s=-29.2 ev_s=+7.4 dpan=-1.46 dtilt=-0.37 pan=-3.5 tilt=-4.3 err=24px
2026-06-27 20:21:42.326 [DEBUG] [marker_detector] ibvs eu=+6 ev=-13 eu_s=+0.5 ev_s=-9.0 dpan=+0.00 dtilt=+0.00 pan=-4.3 tilt=-4.6 err=15px DB
2026-06-27 20:21:42.425 [DEBUG] [marker_detector] ibvs eu=+31 ev=-20 eu_s=+28.0 ev_s=-18.8 dpan=+1.40 dtilt=+0.94 pan=-2.5 tilt=-3.3 err=37px
2026-06-27 20:21:42.520 [DEBUG] [marker_detector] ibvs eu=+31 ev=-20 eu_s=+30.4 ev_s=-20.3 dpan=+1.52 dtilt=+1.01 pan=0.5 tilt=-1.2 err=37px
2026-06-27 20:21:42.618 [DEBUG] [marker_detector] ibvs tag_lost timer start pan=2.0 tilt=-0.5
2026-06-27 20:21:42.666 [DEBUG] [marker_detector] ibvs eu=-10 ev=+7 eu_s=-2.1 ev_s=+3.1 dpan=+0.00 dtilt=+0.00 pan=2.0 tilt=-0.5 err=12px DB
2026-06-27 20:21:42.708 [DEBUG] [marker_detector] ibvs tag_lost timer start pan=2.0 tilt=-0.5
2026-06-27 20:21:42.987 [DEBUG] [marker_detector] ibvs eu=-29 ev=+13 eu_s=-28.3 ev_s=+12.4 dpan=-1.41 dtilt=-0.62 pan=-0.4 tilt=-1.6 err=32px
2026-06-27 20:21:43.081 [DEBUG] [marker_detector] ibvs eu=-29 ev=+13 eu_s=-29.2 ev_s=+12.7 dpan=-1.46 dtilt=-0.64 pan=-3.3 tilt=-2.8 err=32px
2026-06-27 20:21:43.171 [DEBUG] [marker_detector] ibvs eu=+6 ev=+7 eu_s=+1.1 ev_s=+7.9 dpan=+0.00 dtilt=+0.00 pan=-3.8 tilt=-3.2 err=9px DB
2026-06-27 20:21:43.262 [DEBUG] [marker_detector] ibvs tag_lost timer start pan=-3.5 tilt=-3.3
2026-06-27 20:21:43.312 [DEBUG] [marker_detector] ibvs eu=+28 ev=-8 eu_s=+25.8 ev_s=-5.2 dpan=+1.06 dtilt=+0.21 pan=-2.5 tilt=-3.1 err=29px
2026-06-27 20:21:43.404 [DEBUG] [marker_detector] ibvs eu=+28 ev=-8 eu_s=+28.0 ev_s=-7.9 dpan=+1.34 dtilt=+0.38 pan=0.2 tilt=-2.4 err=29px
2026-06-27 20:21:43.495 [DEBUG] [marker_detector] ibvs eu=+12 ev=-8 eu_s=+15.0 ev_s=-7.9 dpan=+0.26 dtilt=+0.14 pan=1.7 tilt=-1.9 err=14px
2026-06-27 20:21:43.587 [DEBUG] [marker_detector] ibvs eu=-22 ev=-3 eu_s=-17.5 ev_s=-3.7 dpan=-0.34 dtilt=+0.07 pan=1.4 tilt=-1.8 err=22px
2026-06-27 20:21:43.684 [DEBUG] [marker_detector] ibvs eu=-24 ev=-3 eu_s=-23.5 ev_s=-3.2 dpan=-0.80 dtilt=+0.11 pan=-0.0 tilt=-1.6 err=24px
2026-06-27 20:21:43.774 [DEBUG] [marker_detector] ibvs eu=-24 ev=-3 eu_s=-23.7 ev_s=-3.1 dpan=-0.82 dtilt=+0.11 pan=-1.7 tilt=-1.4 err=24px
2026-06-27 20:21:43.867 [DEBUG] [marker_detector] ibvs eu=-6 ev=+8 eu_s=-9.7 ev_s=+6.4 dpan=+0.00 dtilt=+0.00 pan=-2.4 tilt=-1.4 err=10px DB
2026-06-27 20:21:43.955 [DEBUG] [marker_detector] ibvs eu=+11 ev=+8 eu_s=+7.6 ev_s=+7.5 dpan=+0.00 dtilt=+0.00 pan=-2.4 tilt=-1.4 err=13px DB
2026-06-27 20:21:44.047 [DEBUG] [marker_detector] ibvs eu=+12 ev=+7 eu_s=+11.3 ev_s=+7.0 dpan=+0.09 dtilt=-0.06 pan=-2.2 tilt=-1.5 err=13px
2026-06-27 20:21:44.143 [DEBUG] [marker_detector] ibvs eu=+11 ev=+7 eu_s=+11.4 ev_s=+7.0 dpan=+0.10 dtilt=-0.06 pan=-2.0 tilt=-1.6 err=13px
2026-06-27 20:21:44.233 [DEBUG] [marker_detector] ibvs eu=+11 ev=+7 eu_s=+11.5 ev_s=+7.0 dpan=+0.10 dtilt=-0.06 pan=-1.8 tilt=-1.7 err=13px
2026-06-27 20:21:44.324 [DEBUG] [marker_detector] ibvs eu=+12 ev=+7 eu_s=+11.6 ev_s=+6.9 dpan=+0.10 dtilt=-0.06 pan=-1.6 tilt=-1.9 err=13px
2026-06-27 20:21:44.412 [DEBUG] [marker_detector] ibvs eu=+12 ev=+7 eu_s=+11.6 ev_s=+6.9 dpan=+0.10 dtilt=-0.06 pan=-1.4 tilt=-2.0 err=13px
2026-06-27 20:21:44.504 [DEBUG] [marker_detector] ibvs eu=+12 ev=+7 eu_s=+11.6 ev_s=+6.8 dpan=+0.10 dtilt=-0.06 pan=-1.2 tilt=-2.1 err=14px
2026-06-27 20:21:44.595 [DEBUG] [marker_detector] ibvs eu=+5 ev=+12 eu_s=+6.7 ev_s=+11.2 dpan=+0.05 dtilt=-0.08 pan=-1.0 tilt=-2.2 err=13px
2026-06-27 20:21:44.683 [DEBUG] [marker_detector] ibvs eu=-0 ev=+4 eu_s=+0.3 ev_s=+6.1 dpan=+0.00 dtilt=+0.00 pan=-1.0 tilt=-2.4 err=4px DB
2026-06-27 20:21:44.780 [DEBUG] [marker_detector] ibvs eu=-5 ev=+2 eu_s=-4.8 ev_s=+3.1 dpan=+0.00 dtilt=+0.00 pan=-1.0 tilt=-2.4 err=6px DB
2026-06-27 20:21:44.873 [DEBUG] [marker_detector] ibvs eu=-19 ev=-2 eu_s=-18.3 ev_s=-2.1 dpan=-0.38 dtilt=+0.04 pan=-1.6 tilt=-2.3 err=19px
2026-06-27 20:21:44.968 [DEBUG] [marker_detector] ibvs eu=-31 ev=-11 eu_s=-28.9 ev_s=-9.4 dpan=-1.44 dtilt=+0.47 pan=-3.5 tilt=-1.8 err=33px
2026-06-27 20:21:45.063 [DEBUG] [marker_detector] ibvs eu=-44 ev=-16 eu_s=-41.5 ev_s=-14.5 dpan=-2.00 dtilt=+0.73 pan=-7.2 tilt=-0.5 err=46px
2026-06-27 20:21:45.165 [DEBUG] [marker_detector] ibvs eu=-31 ev=-17 eu_s=-32.2 ev_s=-17.6 dpan=-1.61 dtilt=+0.88 pan=-10.7 tilt=1.3 err=35px
2026-06-27 20:21:45.257 [DEBUG] [marker_detector] ibvs tag_lost timer start pan=-11.7 tilt=2.3
2026-06-27 20:21:45.300 [DEBUG] [marker_detector] ibvs eu=+28 ev=+10 eu_s=+18.2 ev_s=+4.2 dpan=+0.40 dtilt=-0.09 pan=-11.3 tilt=2.2 err=30px
2026-06-27 20:21:45.395 [DEBUG] [marker_detector] ibvs eu=+35 ev=+17 eu_s=+34.0 ev_s=+15.6 dpan=+1.70 dtilt=-0.78 pan=-8.3 tilt=1.0 err=39px
2026-06-27 20:21:45.490 [DEBUG] [marker_detector] ibvs eu=+33 ev=+17 eu_s=+33.3 ev_s=+17.4 dpan=+1.67 dtilt=-0.87 pan=-4.8 tilt=-0.8 err=37px
2026-06-27 20:21:45.584 [DEBUG] [marker_detector] ibvs tag_lost timer start pan=-4.0 tilt=-1.3
2026-06-27 20:21:45.636 [DEBUG] [marker_detector] ibvs eu=-22 ev=-7 eu_s=-13.6 ev_s=-2.8 dpan=-0.13 dtilt=+0.03 pan=-4.2 tilt=-1.3 err=23px
2026-06-27 20:21:45.725 [DEBUG] [marker_detector] ibvs eu=-30 ev=-15 eu_s=-28.3 ev_s=-13.2 dpan=-1.42 dtilt=+0.66 pan=-6.4 tilt=-0.4 err=33px
2026-06-27 20:21:45.767 [DEBUG] [marker_detector] ibvs tag_lost timer start pan=-6.4 tilt=-0.4
2026-06-27 20:21:45.862 [DEBUG] [marker_detector] ibvs tag_lost timer start pan=-6.6 tilt=-0.2
2026-06-27 20:21:46.008 [DEBUG] [marker_detector] ibvs eu=-128 ev=-8 eu_s=-105.1 ev_s=-8.4 dpan=-2.00 dtilt=+0.42 pan=-8.6 tilt=0.2 err=128px
2026-06-27 20:21:46.101 [DEBUG] [marker_detector] ibvs eu=-121 ev=-14 eu_s=-120.7 ev_s=-14.2 dpan=-2.00 dtilt=+0.71 pan=-12.6 tilt=1.6 err=122px
2026-06-27 20:21:46.193 [DEBUG] [marker_detector] ibvs eu=-79 ev=-9 eu_s=-84.1 ev_s=-9.6 dpan=-2.00 dtilt=+0.48 pan=-16.6 tilt=2.6 err=79px
2026-06-27 20:21:46.286 [DEBUG] [marker_detector] ibvs eu=-48 ev=+6 eu_s=-52.6 ev_s=+5.8 dpan=-2.00 dtilt=-0.29 pan=-20.6 tilt=2.2 err=49px
2026-06-27 20:21:46.381 [DEBUG] [marker_detector] ibvs tag_lost timer start pan=-22.6 tilt=1.6
2026-06-27 20:21:46.572 [DEBUG] [marker_detector] ibvs eu=+27 ev=+9 eu_s=+13.3 ev_s=+9.5 dpan=+0.21 dtilt=-0.15 pan=-22.4 tilt=1.5 err=28px
2026-06-27 20:21:46.615 [DEBUG] [marker_detector] ibvs tag_lost timer start pan=-22.4 tilt=1.5
2026-06-27 20:21:46.797 [DEBUG] [marker_detector] ibvs eu=-78 ev=+8 eu_s=-74.5 ev_s=+8.3 dpan=-2.00 dtilt=-0.41 pan=-26.4 tilt=0.5 err=78px
2026-06-27 20:21:46.888 [DEBUG] [marker_detector] ibvs eu=-61 ev=+5 eu_s=-64.6 ev_s=+6.0 dpan=-2.00 dtilt=-0.30 pan=-30.4 tilt=-0.3 err=61px
2026-06-27 20:21:46.936 [DEBUG] [marker_detector] ibvs tag_lost timer start pan=-30.4 tilt=-0.3
2026-06-27 20:21:47.075 [DEBUG] [marker_detector] ibvs eu=+3 ev=-6 eu_s=+0.2 ev_s=-5.3 dpan=+0.00 dtilt=+0.00 pan=-30.5 tilt=-0.3 err=6px DB
2026-06-27 20:21:47.172 [DEBUG] [marker_detector] ibvs eu=+3 ev=-6 eu_s=+2.8 ev_s=-5.9 dpan=+0.00 dtilt=+0.00 pan=-30.5 tilt=-0.3 err=7px DB
2026-06-27 20:21:47.268 [DEBUG] [marker_detector] ibvs eu=+3 ev=-6 eu_s=+3.0 ev_s=-6.0 dpan=+0.00 dtilt=+0.00 pan=-30.5 tilt=-0.3 err=7px DB
2026-06-27 20:21:47.363 [DEBUG] [marker_detector] ibvs eu=+3 ev=-6 eu_s=+3.0 ev_s=-5.9 dpan=+0.00 dtilt=+0.00 pan=-30.5 tilt=-0.3 err=7px DB
2026-06-27 20:21:47.463 [DEBUG] [marker_detector] ibvs eu=+4 ev=-7 eu_s=+3.6 ev_s=-6.8 dpan=+0.00 dtilt=+0.00 pan=-30.5 tilt=-0.3 err=8px DB
2026-06-27 20:21:47.564 [DEBUG] [marker_detector] ibvs eu=+12 ev=-10 eu_s=+11.1 ev_s=-10.0 dpan=+0.14 dtilt=+0.12 pan=-30.3 tilt=-0.2 err=16px
2026-06-27 20:21:47.669 [DEBUG] [marker_detector] ibvs eu=+34 ev=-5 eu_s=+32.5 ev_s=-5.4 dpan=+1.63 dtilt=+0.27 pan=-27.5 tilt=0.4 err=34px
2026-06-27 20:21:47.765 [DEBUG] [marker_detector] ibvs tag_lost timer start pan=-25.5 tilt=0.6
2026-06-27 20:21:47.815 [DEBUG] [marker_detector] ibvs eu=+59 ev=+3 eu_s=+57.9 ev_s=+1.3 dpan=+2.00 dtilt=-0.06 pan=-23.5 tilt=0.6 err=59px
2026-06-27 20:21:47.914 [DEBUG] [marker_detector] ibvs eu=+64 ev=+8 eu_s=+62.6 ev_s=+7.1 dpan=+2.00 dtilt=-0.35 pan=-19.5 tilt=0.1 err=65px
2026-06-27 20:21:48.005 [DEBUG] [marker_detector] ibvs tag_lost timer start pan=-17.5 tilt=-0.6
2026-06-27 20:21:48.053 [DEBUG] [marker_detector] ibvs eu=+52 ev=+13 eu_s=+54.1 ev_s=+13.3 dpan=+2.00 dtilt=-0.67 pan=-15.5 tilt=-1.2 err=54px
2026-06-27 20:21:48.143 [DEBUG] [marker_detector] ibvs eu=+30 ev=+21 eu_s=+30.2 ev_s=+20.7 dpan=+1.51 dtilt=-1.04 pan=-12.6 tilt=-3.3 err=37px
2026-06-27 20:21:48.191 [DEBUG] [marker_detector] ibvs tag_lost timer start pan=-12.6 tilt=-3.3
2026-06-27 20:21:48.286 [DEBUG] [marker_detector] ibvs eu=-8 ev=-19 eu_s=-4.5 ev_s=-15.4 dpan=-0.07 dtilt=+0.23 pan=-12.6 tilt=-3.1 err=21px
2026-06-27 20:21:48.381 [DEBUG] [marker_detector] ibvs eu=-8 ev=-19 eu_s=-7.6 ev_s=-18.6 dpan=-0.19 dtilt=+0.47 pan=-13.0 tilt=-2.2 err=20px
2026-06-27 20:21:48.478 [DEBUG] [marker_detector] ibvs eu=-8 ev=-19 eu_s=-7.7 ev_s=-18.8 dpan=-0.20 dtilt=+0.48 pan=-13.4 tilt=-1.2 err=20px
2026-06-27 20:21:48.573 [DEBUG] [marker_detector] ibvs eu=-7 ev=-11 eu_s=-7.3 ev_s=-11.2 dpan=-0.06 dtilt=+0.09 pan=-13.5 tilt=-1.0 err=13px
2026-06-27 20:21:48.665 [DEBUG] [marker_detector] ibvs eu=-14 ev=-4 eu_s=-13.6 ev_s=-5.8 dpan=-0.16 dtilt=+0.07 pan=-13.9 tilt=-0.7 err=15px
2026-06-27 20:21:48.757 [DEBUG] [marker_detector] ibvs eu=-9 ev=+4 eu_s=-10.3 ev_s=+3.4 dpan=-0.02 dtilt=-0.01 pan=-14.1 tilt=-0.7 err=10px
2026-06-27 20:21:48.846 [DEBUG] [marker_detector] ibvs eu=-0 ev=+12 eu_s=-1.2 ev_s=+11.0 dpan=-0.00 dtilt=-0.03 pan=-14.1 tilt=-0.7 err=12px
2026-06-27 20:21:48.936 [DEBUG] [marker_detector] ibvs tag_lost timer start pan=-14.0 tilt=-1.2
2026-06-27 20:21:48.979 [DEBUG] [marker_detector] ibvs eu=+2 ev=+13 eu_s=+3.2 ev_s=+13.8 dpan=+0.03 dtilt=-0.15 pan=-13.9 tilt=-1.3 err=13px
2026-06-27 20:21:49.071 [DEBUG] [marker_detector] ibvs eu=+2 ev=+12 eu_s=+2.6 ev_s=+12.0 dpan=+0.01 dtilt=-0.07 pan=-13.9 tilt=-1.5 err=12px
2026-06-27 20:21:49.162 [DEBUG] [marker_detector] ibvs eu=+3 ev=+12 eu_s=+2.6 ev_s=+12.1 dpan=+0.02 dtilt=-0.07 pan=-13.9 tilt=-1.6 err=13px
2026-06-27 20:21:49.253 [DEBUG] [marker_detector] ibvs eu=+2 ev=+12 eu_s=+2.4 ev_s=+12.0 dpan=+0.01 dtilt=-0.07 pan=-13.8 tilt=-1.7 err=12px
2026-06-27 20:21:49.342 [DEBUG] [marker_detector] ibvs eu=+3 ev=+12 eu_s=+2.5 ev_s=+12.1 dpan=+0.01 dtilt=-0.07 pan=-13.8 tilt=-1.9 err=12px
2026-06-27 20:21:49.432 [DEBUG] [marker_detector] ibvs eu=+2 ev=+12 eu_s=+2.4 ev_s=+12.0 dpan=+0.01 dtilt=-0.07 pan=-13.8 tilt=-2.0 err=12px
2026-06-27 20:21:49.522 [DEBUG] [marker_detector] ibvs eu=+2 ev=+12 eu_s=+2.4 ev_s=+11.9 dpan=+0.01 dtilt=-0.06 pan=-13.8 tilt=-2.1 err=12px
2026-06-27 20:21:49.620 [DEBUG] [marker_detector] ibvs eu=+3 ev=+9 eu_s=+3.0 ev_s=+8.9 dpan=+0.00 dtilt=+0.00 pan=-13.8 tilt=-2.1 err=9px DB
2026-06-27 20:21:49.714 [DEBUG] [marker_detector] ibvs eu=+3 ev=+7 eu_s=+2.9 ev_s=+7.1 dpan=+0.00 dtilt=+0.00 pan=-13.8 tilt=-2.1 err=7px DB
2026-06-27 20:21:49.808 [DEBUG] [marker_detector] ibvs tag_lost timer start pan=-13.9 tilt=-2.2
2026-06-27 20:21:50.041 [DEBUG] [marker_detector] ibvs eu=-159 ev=+2 eu_s=-129.8 ev_s=+2.4 dpan=-2.00 dtilt=-0.12 pan=-15.9 tilt=-2.3 err=159px
2026-06-27 20:21:50.138 [DEBUG] [marker_detector] ibvs eu=-155 ev=-6 eu_s=-152.6 ev_s=-6.1 dpan=-2.00 dtilt=+0.31 pan=-19.9 tilt=-1.7 err=155px
2026-06-27 20:21:50.230 [DEBUG] [marker_detector] ibvs eu=-124 ev=-4 eu_s=-126.9 ev_s=-4.3 dpan=-2.00 dtilt=+0.22 pan=-23.9 tilt=-1.3 err=124px
2026-06-27 20:21:50.274 [DEBUG] [marker_detector] ibvs tag_lost timer start pan=-23.9 tilt=-1.3
2026-06-27 20:21:50.418 [DEBUG] [marker_detector] ibvs eu=-62 ev=+4 eu_s=-65.1 ev_s=+3.8 dpan=-2.00 dtilt=-0.19 pan=-27.9 tilt=-1.6 err=62px
2026-06-27 20:21:50.514 [DEBUG] [marker_detector] ibvs eu=-46 ev=+4 eu_s=-49.3 ev_s=+3.9 dpan=-2.00 dtilt=-0.20 pan=-31.9 tilt=-1.9 err=46px
2026-06-27 20:21:50.604 [DEBUG] [marker_detector] ibvs tag_lost timer start pan=-32.6 tilt=-2.1
2026-06-27 20:21:50.647 [DEBUG] [marker_detector] ibvs eu=+17 ev=+4 eu_s=+9.2 ev_s=+4.5 dpan=+0.00 dtilt=+0.00 pan=-32.6 tilt=-2.1 err=18px DB
2026-06-27 20:21:50.741 [DEBUG] [marker_detector] ibvs eu=+30 ev=+1 eu_s=+28.7 ev_s=+1.6 dpan=+1.35 dtilt=-0.08 pan=-30.3 tilt=-2.3 err=30px
2026-06-27 20:21:50.839 [DEBUG] [marker_detector] ibvs eu=+29 ev=+0 eu_s=+29.1 ev_s=+0.6 dpan=+1.39 dtilt=-0.03 pan=-27.5 tilt=-2.4 err=29px
2026-06-27 20:21:50.936 [DEBUG] [marker_detector] ibvs eu=+4 ev=+1 eu_s=+6.4 ev_s=+0.8 dpan=+0.00 dtilt=+0.00 pan=-27.3 tilt=-2.4 err=4px DB
2026-06-27 20:21:51.022 [DEBUG] [marker_detector] ibvs eu=-12 ev=+1 eu_s=-11.3 ev_s=+0.7 dpan=-0.04 dtilt=-0.00 pan=-27.3 tilt=-2.4 err=12px
2026-06-27 20:21:51.116 [DEBUG] [marker_detector] ibvs eu=-12 ev=+1 eu_s=-12.1 ev_s=+0.8 dpan=-0.06 dtilt=-0.00 pan=-27.4 tilt=-2.4 err=12px
2026-06-27 20:21:51.205 [DEBUG] [marker_detector] ibvs eu=-12 ev=+1 eu_s=-12.1 ev_s=+0.8 dpan=-0.06 dtilt=-0.00 pan=-27.6 tilt=-2.4 err=12px
2026-06-27 20:21:51.300 [DEBUG] [marker_detector] ibvs eu=-12 ev=+1 eu_s=-12.1 ev_s=+0.8 dpan=-0.06 dtilt=-0.00 pan=-27.7 tilt=-2.4 err=12px
2026-06-27 20:21:51.390 [DEBUG] [marker_detector] ibvs eu=-12 ev=+1 eu_s=-12.1 ev_s=+0.7 dpan=-0.06 dtilt=-0.00 pan=-27.8 tilt=-2.4 err=12px
2026-06-27 20:21:51.483 [DEBUG] [marker_detector] ibvs eu=-12 ev=+1 eu_s=-12.1 ev_s=+0.8 dpan=-0.06 dtilt=-0.00 pan=-27.9 tilt=-2.4 err=12px
2026-06-27 20:21:51.578 [DEBUG] [marker_detector] ibvs eu=-12 ev=+1 eu_s=-12.1 ev_s=+0.7 dpan=-0.06 dtilt=-0.00 pan=-28.1 tilt=-2.5 err=12px
2026-06-27 20:21:51.625 [DEBUG] [marker_detector] ibvs tag_lost timer start pan=-28.1 tilt=-2.5
2026-06-27 20:21:51.725 [DEBUG] [marker_detector] ibvs eu=-19 ev=+5 eu_s=-17.5 ev_s=+4.7 dpan=-0.35 dtilt=-0.09 pan=-28.5 tilt=-2.6 err=20px
2026-06-27 20:21:51.814 [DEBUG] [marker_detector] ibvs tag_lost timer start pan=-29.9 tilt=-2.7
2026-06-27 20:21:51.857 [DEBUG] [marker_detector] ibvs eu=-26 ev=+10 eu_s=-27.0 ev_s=+8.3 dpan=-1.23 dtilt=-0.38 pan=-31.1 tilt=-3.1 err=28px
2026-06-27 20:21:51.907 [DEBUG] [marker_detector] ibvs tag_lost timer start pan=-31.1 tilt=-3.1
2026-06-27 20:21:52.090 [DEBUG] [marker_detector] ibvs tag_lost timer start pan=-29.1 tilt=-2.7
2026-06-27 20:21:52.906 [DEBUG] [marker_detector] ibvs eu=-13 ev=-31 eu_s=+3.8 ev_s=-26.7 dpan=+0.16 dtilt=+1.14 pan=-28.9 tilt=-1.5 err=34px
2026-06-27 20:21:53.003 [DEBUG] [marker_detector] ibvs eu=-15 ev=-31 eu_s=-14.9 ev_s=-30.7 dpan=-0.74 dtilt=+1.54 pan=-30.4 tilt=1.5 err=34px
2026-06-27 20:21:53.105 [DEBUG] [marker_detector] ibvs eu=-14 ev=-14 eu_s=-14.2 ev_s=-15.0 dpan=-0.38 dtilt=+0.40 pan=-31.2 tilt=2.6 err=20px
2026-06-27 20:21:53.200 [DEBUG] [marker_detector] ibvs eu=-12 ev=+11 eu_s=-11.9 ev_s=+10.1 dpan=-0.17 dtilt=-0.14 pan=-31.5 tilt=2.4 err=16px
2026-06-27 20:21:53.289 [DEBUG] [marker_detector] ibvs tag_lost timer start pan=-31.9 tilt=2.0
2026-06-27 20:21:53.334 [DEBUG] [marker_detector] ibvs eu=-8 ev=+19 eu_s=-9.3 ev_s=+18.0 dpan=-0.24 dtilt=-0.46 pan=-32.1 tilt=1.6 err=21px
2026-06-27 20:21:53.423 [DEBUG] [marker_detector] ibvs eu=-3 ev=+13 eu_s=-3.2 ev_s=+12.9 dpan=-0.03 dtilt=-0.11 pan=-32.2 tilt=1.3 err=13px
2026-06-27 20:21:53.515 [DEBUG] [marker_detector] ibvs eu=-4 ev=+9 eu_s=-3.6 ev_s=+9.9 dpan=+0.00 dtilt=+0.00 pan=-32.2 tilt=1.1 err=10px DB
2026-06-27 20:21:53.611 [DEBUG] [marker_detector] ibvs eu=-3 ev=+8 eu_s=-3.3 ev_s=+7.9 dpan=+0.00 dtilt=+0.00 pan=-32.2 tilt=1.1 err=9px DB
2026-06-27 20:21:53.703 [DEBUG] [marker_detector] ibvs eu=+2 ev=+8 eu_s=+1.3 ev_s=+7.6 dpan=+0.00 dtilt=+0.00 pan=-32.2 tilt=1.1 err=8px DB
2026-06-27 20:21:53.795 [DEBUG] [marker_detector] ibvs eu=+2 ev=+8 eu_s=+1.6 ev_s=+7.5 dpan=+0.00 dtilt=+0.00 pan=-32.2 tilt=1.1 err=8px DB
2026-06-27 20:21:53.888 [DEBUG] [marker_detector] ibvs eu=+2 ev=+7 eu_s=+1.6 ev_s=+7.5 dpan=+0.00 dtilt=+0.00 pan=-32.2 tilt=1.1 err=8px DB
2026-06-27 20:21:53.984 [DEBUG] [marker_detector] ibvs eu=+2 ev=+7 eu_s=+1.6 ev_s=+7.5 dpan=+0.00 dtilt=+0.00 pan=-32.2 tilt=1.1 err=8px DB
2026-06-27 20:21:54.079 [DEBUG] [marker_detector] ibvs eu=+2 ev=+8 eu_s=+1.6 ev_s=+7.5 dpan=+0.00 dtilt=+0.00 pan=-32.2 tilt=1.1 err=8px DB
2026-06-27 20:21:54.172 [DEBUG] [marker_detector] ibvs eu=+2 ev=+7 eu_s=+1.6 ev_s=+7.5 dpan=+0.00 dtilt=+0.00 pan=-32.2 tilt=1.1 err=8px DB
2026-06-27 20:21:54.267 [DEBUG] [marker_detector] ibvs eu=+2 ev=+7 eu_s=+1.7 ev_s=+7.5 dpan=+0.00 dtilt=+0.00 pan=-32.2 tilt=1.1 err=8px DB
2026-06-27 20:21:54.358 [DEBUG] [marker_detector] ibvs eu=+2 ev=+8 eu_s=+1.7 ev_s=+7.5 dpan=+0.00 dtilt=+0.00 pan=-32.2 tilt=1.1 err=8px DB
2026-06-27 20:21:54.451 [DEBUG] [marker_detector] ibvs eu=+2 ev=+8 eu_s=+1.7 ev_s=+7.6 dpan=+0.00 dtilt=+0.00 pan=-32.2 tilt=1.1 err=8px DB
2026-06-27 20:21:54.544 [DEBUG] [marker_detector] ibvs eu=+2 ev=+8 eu_s=+1.6 ev_s=+7.5 dpan=+0.00 dtilt=+0.00 pan=-32.2 tilt=1.1 err=8px DB
2026-06-27 20:21:54.638 [DEBUG] [marker_detector] ibvs eu=+2 ev=+7 eu_s=+1.7 ev_s=+7.4 dpan=+0.00 dtilt=+0.00 pan=-32.2 tilt=1.1 err=8px DB
2026-06-27 20:21:54.729 [DEBUG] [marker_detector] ibvs eu=+2 ev=+7 eu_s=+1.7 ev_s=+7.4 dpan=+0.00 dtilt=+0.00 pan=-32.2 tilt=1.1 err=8px DB
2026-06-27 20:21:54.821 [DEBUG] [marker_detector] ibvs eu=+2 ev=+8 eu_s=+1.7 ev_s=+7.5 dpan=+0.00 dtilt=+0.00 pan=-32.2 tilt=1.1 err=8px DB
2026-06-27 20:21:54.913 [DEBUG] [marker_detector] ibvs eu=+2 ev=+7 eu_s=+1.7 ev_s=+7.5 dpan=+0.00 dtilt=+0.00 pan=-32.2 tilt=1.1 err=8px DB
2026-06-27 20:21:55.007 [DEBUG] [marker_detector] ibvs eu=+2 ev=+7 eu_s=+1.6 ev_s=+7.4 dpan=+0.00 dtilt=+0.00 pan=-32.2 tilt=1.1 err=8px DB
2026-06-27 20:21:55.100 [DEBUG] [marker_detector] ibvs eu=+2 ev=+8 eu_s=+1.7 ev_s=+7.5 dpan=+0.00 dtilt=+0.00 pan=-32.2 tilt=1.1 err=8px DB
2026-06-27 20:21:55.190 [DEBUG] [marker_detector] ibvs eu=+2 ev=+8 eu_s=+1.7 ev_s=+7.5 dpan=+0.00 dtilt=+0.00 pan=-32.2 tilt=1.1 err=8px DB
2026-06-27 20:21:55.285 [DEBUG] [marker_detector] ibvs eu=+2 ev=+7 eu_s=+1.6 ev_s=+7.5 dpan=+0.00 dtilt=+0.00 pan=-32.2 tilt=1.1 err=8px DB
2026-06-27 20:21:55.376 [DEBUG] [marker_detector] ibvs eu=+2 ev=+7 eu_s=+1.7 ev_s=+7.5 dpan=+0.00 dtilt=+0.00 pan=-32.2 tilt=1.1 err=8px DB
2026-06-27 20:21:55.469 [DEBUG] [marker_detector] ibvs eu=+2 ev=+8 eu_s=+1.6 ev_s=+7.5 dpan=+0.00 dtilt=+0.00 pan=-32.2 tilt=1.1 err=8px DB
2026-06-27 20:21:55.562 [DEBUG] [marker_detector] ibvs eu=+2 ev=+8 eu_s=+1.7 ev_s=+7.5 dpan=+0.00 dtilt=+0.00 pan=-32.2 tilt=1.1 err=8px DB
2026-06-27 20:21:55.657 [DEBUG] [marker_detector] ibvs eu=+2 ev=+8 eu_s=+1.7 ev_s=+7.5 dpan=+0.00 dtilt=+0.00 pan=-32.2 tilt=1.1 err=8px DB
2026-06-27 20:21:55.750 [DEBUG] [marker_detector] ibvs eu=+2 ev=+7 eu_s=+1.6 ev_s=+7.5 dpan=+0.00 dtilt=+0.00 pan=-32.2 tilt=1.1 err=8px DB
2026-06-27 20:21:55.842 [DEBUG] [marker_detector] ibvs eu=+2 ev=+7 eu_s=+1.7 ev_s=+7.5 dpan=+0.00 dtilt=+0.00 pan=-32.2 tilt=1.1 err=8px DB
2026-06-27 20:21:55.935 [DEBUG] [marker_detector] ibvs eu=+2 ev=+7 eu_s=+1.7 ev_s=+7.5 dpan=+0.00 dtilt=+0.00 pan=-32.2 tilt=1.1 err=8px DB
2026-06-27 20:21:56.026 [DEBUG] [marker_detector] ibvs eu=+2 ev=+8 eu_s=+1.7 ev_s=+7.5 dpan=+0.00 dtilt=+0.00 pan=-32.2 tilt=1.1 err=8px DB
2026-06-27 20:21:56.118 [DEBUG] [marker_detector] ibvs eu=+2 ev=+8 eu_s=+1.7 ev_s=+7.5 dpan=+0.00 dtilt=+0.00 pan=-32.2 tilt=1.1 err=8px DB
2026-06-27 20:21:56.209 [DEBUG] [marker_detector] ibvs eu=+2 ev=+7 eu_s=+1.7 ev_s=+7.5 dpan=+0.00 dtilt=+0.00 pan=-32.2 tilt=1.1 err=8px DB
2026-06-27 20:21:56.302 [DEBUG] [marker_detector] ibvs eu=+2 ev=+7 eu_s=+1.7 ev_s=+7.4 dpan=+0.00 dtilt=+0.00 pan=-32.2 tilt=1.1 err=8px DB
2026-06-27 20:21:56.396 [DEBUG] [marker_detector] ibvs eu=+2 ev=+8 eu_s=+1.7 ev_s=+7.5 dpan=+0.00 dtilt=+0.00 pan=-32.2 tilt=1.1 err=8px DB
2026-06-27 20:21:56.489 [DEBUG] [marker_detector] ibvs eu=+2 ev=+7 eu_s=+1.7 ev_s=+7.5 dpan=+0.00 dtilt=+0.00 pan=-32.2 tilt=1.1 err=8px DB
2026-06-27 20:21:56.583 [DEBUG] [marker_detector] ibvs eu=+2 ev=+7 eu_s=+1.7 ev_s=+7.4 dpan=+0.00 dtilt=+0.00 pan=-32.2 tilt=1.1 err=8px DB
2026-06-27 20:21:56.676 [DEBUG] [marker_detector] ibvs eu=+2 ev=+7 eu_s=+1.6 ev_s=+7.5 dpan=+0.00 dtilt=+0.00 pan=-32.2 tilt=1.1 err=8px DB
2026-06-27 20:21:56.769 [DEBUG] [marker_detector] ibvs eu=+2 ev=+7 eu_s=+1.7 ev_s=+7.4 dpan=+0.00 dtilt=+0.00 pan=-32.2 tilt=1.1 err=8px DB
2026-06-27 20:21:56.861 [DEBUG] [marker_detector] ibvs eu=+2 ev=+7 eu_s=+1.6 ev_s=+7.5 dpan=+0.00 dtilt=+0.00 pan=-32.2 tilt=1.1 err=8px DB
2026-06-27 20:21:56.954 [DEBUG] [marker_detector] ibvs eu=+2 ev=+7 eu_s=+1.6 ev_s=+7.5 dpan=+0.00 dtilt=+0.00 pan=-32.2 tilt=1.1 err=8px DB
2026-06-27 20:21:57.044 [DEBUG] [marker_detector] ibvs eu=+2 ev=+7 eu_s=+1.6 ev_s=+7.5 dpan=+0.00 dtilt=+0.00 pan=-32.2 tilt=1.1 err=8px DB
2026-06-27 20:21:57.137 [DEBUG] [marker_detector] ibvs eu=+2 ev=+7 eu_s=+1.7 ev_s=+7.4 dpan=+0.00 dtilt=+0.00 pan=-32.2 tilt=1.1 err=8px DB
2026-06-27 20:21:57.231 [DEBUG] [marker_detector] ibvs eu=+2 ev=+7 eu_s=+1.7 ev_s=+7.5 dpan=+0.00 dtilt=+0.00 pan=-32.2 tilt=1.1 err=8px DB
2026-06-27 20:21:57.324 [DEBUG] [marker_detector] ibvs eu=+2 ev=+7 eu_s=+1.7 ev_s=+7.4 dpan=+0.00 dtilt=+0.00 pan=-32.2 tilt=1.1 err=8px DB
2026-06-27 20:21:57.416 [DEBUG] [marker_detector] ibvs eu=+2 ev=+7 eu_s=+1.7 ev_s=+7.5 dpan=+0.00 dtilt=+0.00 pan=-32.2 tilt=1.1 err=8px DB
2026-06-27 20:21:57.510 [DEBUG] [marker_detector] ibvs eu=+2 ev=+8 eu_s=+1.7 ev_s=+7.5 dpan=+0.00 dtilt=+0.00 pan=-32.2 tilt=1.1 err=8px DB
2026-06-27 20:21:57.602 [DEBUG] [marker_detector] ibvs eu=+2 ev=+7 eu_s=+1.6 ev_s=+7.4 dpan=+0.00 dtilt=+0.00 pan=-32.2 tilt=1.1 err=8px DB
2026-06-27 20:21:57.700 [DEBUG] [marker_detector] ibvs eu=+2 ev=+7 eu_s=+1.7 ev_s=+7.5 dpan=+0.00 dtilt=+0.00 pan=-32.2 tilt=1.1 err=8px DB
2026-06-27 20:21:57.792 [DEBUG] [marker_detector] ibvs eu=+2 ev=+8 eu_s=+1.7 ev_s=+7.5 dpan=+0.00 dtilt=+0.00 pan=-32.2 tilt=1.1 err=8px DB
2026-06-27 20:21:57.884 [DEBUG] [marker_detector] ibvs eu=+2 ev=+7 eu_s=+1.7 ev_s=+7.5 dpan=+0.00 dtilt=+0.00 pan=-32.2 tilt=1.1 err=8px DB
2026-06-27 20:21:57.980 [DEBUG] [marker_detector] ibvs eu=+2 ev=+7 eu_s=+1.7 ev_s=+7.5 dpan=+0.00 dtilt=+0.00 pan=-32.2 tilt=1.1 err=8px DB
2026-06-27 20:21:58.073 [DEBUG] [marker_detector] ibvs eu=+2 ev=+7 eu_s=+1.7 ev_s=+7.5 dpan=+0.00 dtilt=+0.00 pan=-32.2 tilt=1.1 err=8px DB
2026-06-27 20:21:58.166 [DEBUG] [marker_detector] ibvs eu=+2 ev=+7 eu_s=+1.7 ev_s=+7.5 dpan=+0.00 dtilt=+0.00 pan=-32.2 tilt=1.1 err=8px DB
2026-06-27 20:21:58.260 [DEBUG] [marker_detector] ibvs eu=+2 ev=+7 eu_s=+1.7 ev_s=+7.4 dpan=+0.00 dtilt=+0.00 pan=-32.2 tilt=1.1 err=8px DB
2026-06-27 20:21:58.356 [DEBUG] [marker_detector] ibvs eu=+2 ev=+7 eu_s=+1.6 ev_s=+7.5 dpan=+0.00 dtilt=+0.00 pan=-32.2 tilt=1.1 err=8px DB
2026-06-27 20:21:58.447 [DEBUG] [marker_detector] ibvs eu=+2 ev=+7 eu_s=+1.6 ev_s=+7.5 dpan=+0.00 dtilt=+0.00 pan=-32.2 tilt=1.1 err=8px DB
2026-06-27 20:21:58.540 [DEBUG] [marker_detector] ibvs eu=+2 ev=+7 eu_s=+1.7 ev_s=+7.4 dpan=+0.00 dtilt=+0.00 pan=-32.2 tilt=1.1 err=8px DB
2026-06-27 20:21:58.631 [DEBUG] [marker_detector] ibvs eu=+2 ev=+7 eu_s=+1.8 ev_s=+7.5 dpan=+0.00 dtilt=+0.00 pan=-32.2 tilt=1.1 err=8px DB
2026-06-27 20:21:58.722 [DEBUG] [marker_detector] ibvs eu=+2 ev=+7 eu_s=+1.7 ev_s=+7.4 dpan=+0.00 dtilt=+0.00 pan=-32.2 tilt=1.1 err=8px DB
2026-06-27 20:21:58.817 [DEBUG] [marker_detector] ibvs eu=+2 ev=+7 eu_s=+1.6 ev_s=+7.4 dpan=+0.00 dtilt=+0.00 pan=-32.2 tilt=1.1 err=8px DB
2026-06-27 20:21:58.909 [DEBUG] [marker_detector] ibvs eu=+2 ev=+8 eu_s=+1.6 ev_s=+7.5 dpan=+0.00 dtilt=+0.00 pan=-32.2 tilt=1.1 err=8px DB
2026-06-27 20:21:59.003 [DEBUG] [marker_detector] ibvs eu=+2 ev=+7 eu_s=+1.7 ev_s=+7.4 dpan=+0.00 dtilt=+0.00 pan=-32.2 tilt=1.1 err=8px DB
2026-06-27 20:21:59.097 [DEBUG] [marker_detector] ibvs eu=+2 ev=+8 eu_s=+1.7 ev_s=+7.5 dpan=+0.00 dtilt=+0.00 pan=-32.2 tilt=1.1 err=8px DB
2026-06-27 20:21:59.191 [DEBUG] [marker_detector] ibvs eu=+2 ev=+7 eu_s=+1.7 ev_s=+7.4 dpan=+0.00 dtilt=+0.00 pan=-32.2 tilt=1.1 err=8px DB
2026-06-27 20:21:59.281 [DEBUG] [marker_detector] ibvs eu=+2 ev=+7 eu_s=+1.7 ev_s=+7.5 dpan=+0.00 dtilt=+0.00 pan=-32.2 tilt=1.1 err=8px DB
2026-06-27 20:21:59.374 [DEBUG] [marker_detector] ibvs eu=+2 ev=+7 eu_s=+1.6 ev_s=+7.5 dpan=+0.00 dtilt=+0.00 pan=-32.2 tilt=1.1 err=8px DB
2026-06-27 20:21:59.468 [DEBUG] [marker_detector] ibvs eu=+2 ev=+6 eu_s=+1.6 ev_s=+6.6 dpan=+0.00 dtilt=+0.00 pan=-32.2 tilt=1.1 err=7px DB
2026-06-27 20:21:59.556 [DEBUG] [marker_detector] ibvs eu=-29 ev=+6 eu_s=-26.1 ev_s=+5.9 dpan=-1.10 dtilt=-0.25 pan=-33.4 tilt=0.9 err=30px
2026-06-27 20:21:59.607 [DEBUG] [marker_detector] ibvs tag_lost timer start pan=-33.4 tilt=0.9
2026-06-27 20:21:59.741 [DEBUG] [marker_detector] ibvs tag_lost timer start pan=-35.4 tilt=0.3
2026-06-27 20:22:02.242 [DEBUG] [marker_detector] ibvs eu=-229 ev=+27 eu_s=-201.1 ev_s=+23.3 dpan=-2.00 dtilt=-1.17 pan=-37.4 tilt=-0.8 err=231px
2026-06-27 20:22:02.328 [DEBUG] [marker_detector] ibvs tag_lost timer start pan=-39.4 tilt=-1.9
2026-06-27 20:22:02.596 [DEBUG] [marker_detector] ibvs eu=-22 ev=-13 eu_s=-59.3 ev_s=-5.9 dpan=-2.00 dtilt=+0.30 pan=-41.4 tilt=-1.6 err=25px
2026-06-27 20:22:02.694 [DEBUG] [marker_detector] ibvs eu=-20 ev=-12 eu_s=-21.3 ev_s=-11.4 dpan=-0.76 dtilt=+0.40 pan=-43.4 tilt=-0.7 err=23px
2026-06-27 20:22:02.798 [DEBUG] [marker_detector] ibvs eu=+9 ev=-10 eu_s=+6.5 ev_s=-10.2 dpan=+0.03 dtilt=+0.05 pan=-43.4 tilt=-0.6 err=13px
2026-06-27 20:22:02.898 [DEBUG] [marker_detector] ibvs eu=+18 ev=-4 eu_s=+17.8 ev_s=-4.0 dpan=+0.37 dtilt=+0.08 pan=-42.8 tilt=-0.4 err=19px
2026-06-27 20:22:02.997 [DEBUG] [marker_detector] ibvs eu=+18 ev=-4 eu_s=+18.2 ev_s=-3.7 dpan=+0.39 dtilt=+0.08 pan=-42.0 tilt=-0.2 err=19px
2026-06-27 20:22:03.094 [DEBUG] [marker_detector] ibvs eu=+18 ev=-4 eu_s=+17.8 ev_s=-3.8 dpan=+0.37 dtilt=+0.08 pan=-41.3 tilt=-0.1 err=18px
2026-06-27 20:22:03.192 [DEBUG] [marker_detector] ibvs eu=+14 ev=-5 eu_s=+14.6 ev_s=-4.6 dpan=+0.19 dtilt=+0.06 pan=-40.8 tilt=0.0 err=15px
2026-06-27 20:22:03.288 [DEBUG] [marker_detector] ibvs eu=+7 ev=-5 eu_s=+7.6 ev_s=-5.3 dpan=+0.00 dtilt=+0.00 pan=-40.8 tilt=0.0 err=9px DB
2026-06-27 20:22:03.382 [DEBUG] [marker_detector] ibvs eu=+7 ev=-5 eu_s=+7.1 ev_s=-5.2 dpan=+0.00 dtilt=+0.00 pan=-40.8 tilt=0.0 err=9px DB
2026-06-27 20:22:03.479 [DEBUG] [marker_detector] ibvs eu=+7 ev=-5 eu_s=+7.2 ev_s=-5.3 dpan=+0.00 dtilt=+0.00 pan=-40.8 tilt=0.0 err=9px DB
2026-06-27 20:22:03.572 [DEBUG] [marker_detector] ibvs eu=+7 ev=-5 eu_s=+7.1 ev_s=-5.3 dpan=+0.00 dtilt=+0.00 pan=-40.8 tilt=0.0 err=9px DB
2026-06-27 20:22:03.665 [DEBUG] [marker_detector] ibvs eu=+7 ev=-5 eu_s=+7.1 ev_s=-5.3 dpan=+0.00 dtilt=+0.00 pan=-40.8 tilt=0.0 err=9px DB
2026-06-27 20:22:03.758 [DEBUG] [marker_detector] ibvs eu=+7 ev=-5 eu_s=+7.0 ev_s=-5.2 dpan=+0.00 dtilt=+0.00 pan=-40.8 tilt=0.0 err=9px DB
2026-06-27 20:22:03.853 [DEBUG] [marker_detector] ibvs eu=+7 ev=+0 eu_s=+7.2 ev_s=-0.4 dpan=+0.00 dtilt=+0.00 pan=-40.8 tilt=0.0 err=7px DB
2026-06-27 20:22:03.945 [DEBUG] [marker_detector] ibvs eu=+7 ev=+0 eu_s=+7.3 ev_s=+0.0 dpan=+0.00 dtilt=+0.00 pan=-40.8 tilt=0.0 err=7px DB
2026-06-27 20:22:04.039 [DEBUG] [marker_detector] ibvs eu=+7 ev=+0 eu_s=+7.3 ev_s=+0.1 dpan=+0.00 dtilt=+0.00 pan=-40.8 tilt=0.0 err=7px DB
2026-06-27 20:22:04.134 [DEBUG] [marker_detector] ibvs eu=+7 ev=+0 eu_s=+7.3 ev_s=+0.1 dpan=+0.00 dtilt=+0.00 pan=-40.8 tilt=0.0 err=7px DB
2026-06-27 20:22:04.228 [DEBUG] [marker_detector] ibvs eu=+7 ev=+0 eu_s=+7.3 ev_s=+0.1 dpan=+0.00 dtilt=+0.00 pan=-40.8 tilt=0.0 err=7px DB
2026-06-27 20:22:04.328 [DEBUG] [marker_detector] ibvs eu=+7 ev=+0 eu_s=+7.3 ev_s=+0.1 dpan=+0.00 dtilt=+0.00 pan=-40.8 tilt=0.0 err=7px DB
2026-06-27 20:22:04.425 [DEBUG] [marker_detector] ibvs eu=+7 ev=+0 eu_s=+7.3 ev_s=+0.2 dpan=+0.00 dtilt=+0.00 pan=-40.8 tilt=0.0 err=7px DB
2026-06-27 20:22:04.521 [DEBUG] [marker_detector] ibvs eu=+7 ev=+0 eu_s=+7.4 ev_s=+0.1 dpan=+0.00 dtilt=+0.00 pan=-40.8 tilt=0.0 err=7px DB
2026-06-27 20:22:04.614 [DEBUG] [marker_detector] ibvs eu=+7 ev=+0 eu_s=+7.3 ev_s=+0.1 dpan=+0.00 dtilt=+0.00 pan=-40.8 tilt=0.0 err=7px DB
2026-06-27 20:22:04.709 [DEBUG] [marker_detector] ibvs eu=+7 ev=+0 eu_s=+7.3 ev_s=+0.1 dpan=+0.00 dtilt=+0.00 pan=-40.8 tilt=0.0 err=7px DB
2026-06-27 20:22:04.804 [DEBUG] [marker_detector] ibvs eu=+7 ev=+0 eu_s=+7.3 ev_s=+0.0 dpan=+0.00 dtilt=+0.00 pan=-40.8 tilt=0.0 err=7px DB
2026-06-27 20:22:04.899 [DEBUG] [marker_detector] ibvs eu=+12 ev=-0 eu_s=+11.3 ev_s=-0.0 dpan=+0.04 dtilt=+0.00 pan=-40.8 tilt=0.0 err=12px
2026-06-27 20:22:04.991 [DEBUG] [marker_detector] ibvs eu=+38 ev=+8 eu_s=+34.2 ev_s=+7.2 dpan=+1.71 dtilt=-0.36 pan=-38.7 tilt=-0.4 err=39px
2026-06-27 20:22:05.036 [DEBUG] [marker_detector] ibvs tag_lost timer start pan=-38.7 tilt=-0.4
2026-06-27 20:22:06.815 [DEBUG] [marker_detector] ibvs eu=-155 ev=-5 eu_s=-147.9 ev_s=-4.8 dpan=-2.00 dtilt=+0.24 pan=-42.7 tilt=0.0 err=155px
2026-06-27 20:22:06.909 [DEBUG] [marker_detector] ibvs eu=-144 ev=-4 eu_s=-146.0 ev_s=-4.4 dpan=-2.00 dtilt=+0.22 pan=-46.7 tilt=0.5 err=144px
2026-06-27 20:22:07.002 [DEBUG] [marker_detector] ibvs eu=-112 ev=+2 eu_s=-116.0 ev_s=+0.5 dpan=-2.00 dtilt=-0.03 pan=-50.7 tilt=0.6 err=112px
2026-06-27 20:22:07.050 [DEBUG] [marker_detector] ibvs tag_lost timer start pan=-50.7 tilt=0.6
2026-06-27 20:22:07.180 [DEBUG] [marker_detector] ibvs eu=-42 ev=+8 eu_s=-44.7 ev_s=+7.8 dpan=-2.00 dtilt=-0.39 pan=-54.7 tilt=-0.1 err=43px
2026-06-27 20:22:07.277 [DEBUG] [marker_detector] ibvs eu=-17 ev=+9 eu_s=-22.0 ev_s=+8.7 dpan=-0.75 dtilt=-0.30 pan=-57.4 tilt=-0.8 err=19px
2026-06-27 20:22:07.325 [DEBUG] [marker_detector] ibvs tag_lost timer start pan=-57.4 tilt=-0.8
2026-06-27 20:22:07.423 [DEBUG] [marker_detector] ibvs eu=+32 ev=-1 eu_s=+28.0 ev_s=-0.4 dpan=+1.26 dtilt=+0.02 pan=-56.1 tilt=-0.8 err=32px
2026-06-27 20:22:07.516 [DEBUG] [marker_detector] ibvs eu=+34 ev=-1 eu_s=+33.6 ev_s=-1.2 dpan=+1.68 dtilt=+0.06 pan=-52.8 tilt=-0.7 err=34px
2026-06-27 20:22:07.617 [DEBUG] [marker_detector] ibvs eu=+12 ev=-2 eu_s=+16.4 ev_s=-1.7 dpan=+0.27 dtilt=+0.03 pan=-50.8 tilt=-0.6 err=12px
2026-06-27 20:22:07.714 [DEBUG] [marker_detector] ibvs eu=-15 ev=-2 eu_s=-11.1 ev_s=-2.1 dpan=-0.04 dtilt=+0.01 pan=-50.9 tilt=-0.6 err=15px
2026-06-27 20:22:07.764 [DEBUG] [marker_detector] ibvs tag_lost timer start pan=-50.9 tilt=-0.6
2026-06-27 20:22:07.854 [DEBUG] [marker_detector] ibvs eu=-46 ev=-2 eu_s=-42.8 ev_s=-2.5 dpan=-2.00 dtilt=+0.12 pan=-54.3 tilt=-0.3 err=46px
2026-06-27 20:22:07.900 [DEBUG] [marker_detector] ibvs tag_lost timer start pan=-54.3 tilt=-0.3
2026-06-27 20:22:07.989 [DEBUG] [marker_detector] ibvs tag_lost timer start pan=-56.3 tilt=-0.3
2026-06-27 20:22:08.033 [DEBUG] [marker_detector] ibvs eu=-43 ev=-6 eu_s=-46.4 ev_s=-5.1 dpan=-2.00 dtilt=+0.26 pan=-58.3 tilt=-0.0 err=43px
2026-06-27 20:22:08.086 [DEBUG] [marker_detector] ibvs tag_lost timer start pan=-58.3 tilt=-0.0
2026-06-27 20:22:08.316 [DEBUG] [marker_detector] ibvs eu=+35 ev=-7 eu_s=+30.7 ev_s=-6.6 dpan=+1.53 dtilt=+0.33 pan=-56.5 tilt=0.4 err=35px
2026-06-27 20:22:08.414 [DEBUG] [marker_detector] ibvs eu=+35 ev=-7 eu_s=+34.4 ev_s=-6.8 dpan=+1.72 dtilt=+0.34 pan=-53.1 tilt=1.0 err=35px
2026-06-27 20:22:08.513 [DEBUG] [marker_detector] ibvs eu=+6 ev=-2 eu_s=+11.1 ev_s=-2.6 dpan=+0.04 dtilt=+0.01 pan=-51.6 tilt=1.2 err=7px
2026-06-27 20:22:08.609 [DEBUG] [marker_detector] ibvs eu=-20 ev=+8 eu_s=-16.3 ev_s=+7.8 dpan=-0.33 dtilt=-0.16 pan=-51.9 tilt=1.1 err=22px
2026-06-27 20:22:08.704 [DEBUG] [marker_detector] ibvs eu=-20 ev=+9 eu_s=-20.0 ev_s=+8.7 dpan=-0.59 dtilt=-0.25 pan=-53.0 tilt=0.6 err=22px
2026-06-27 20:22:08.800 [DEBUG] [marker_detector] ibvs eu=-20 ev=+9 eu_s=-20.1 ev_s=+8.8 dpan=-0.60 dtilt=-0.26 pan=-54.2 tilt=0.1 err=22px
2026-06-27 20:22:08.898 [DEBUG] [marker_detector] ibvs eu=-11 ev=+9 eu_s=-11.7 ev_s=+8.9 dpan=-0.14 dtilt=-0.11 pan=-54.7 tilt=-0.2 err=14px
2026-06-27 20:22:08.997 [DEBUG] [marker_detector] ibvs eu=+5 ev=+9 eu_s=+3.6 ev_s=+8.1 dpan=+0.00 dtilt=+0.00 pan=-54.7 tilt=-0.2 err=10px DB
2026-06-27 20:22:09.048 [DEBUG] [marker_detector] ibvs tag_lost timer start pan=-54.7 tilt=-0.2
2026-06-27 20:22:09.188 [DEBUG] [marker_detector] ibvs tag_lost timer start pan=-55.9 tilt=-0.2
2026-06-27 20:22:09.374 [DEBUG] [marker_detector] ibvs eu=+46 ev=-4 eu_s=+31.6 ev_s=-3.7 dpan=+1.58 dtilt=+0.19 pan=-54.4 tilt=0.0 err=47px
2026-06-27 20:22:09.472 [DEBUG] [marker_detector] ibvs eu=+51 ev=-7 eu_s=+50.8 ev_s=-7.2 dpan=+2.00 dtilt=+0.36 pan=-50.4 tilt=0.7 err=52px
2026-06-27 20:22:09.569 [DEBUG] [marker_detector] ibvs tag_lost timer start pan=-48.4 tilt=1.1
2026-06-27 20:22:09.622 [DEBUG] [marker_detector] ibvs eu=+9 ev=-8 eu_s=+16.3 ev_s=-7.7 dpan=+0.33 dtilt=+0.15 pan=-48.0 tilt=1.3 err=12px
2026-06-27 20:22:09.716 [DEBUG] [marker_detector] ibvs tag_lost timer start pan=-48.2 tilt=1.3
2026-06-27 20:22:09.765 [DEBUG] [marker_detector] ibvs eu=-8 ev=-4 eu_s=-9.7 ev_s=-3.7 dpan=+0.00 dtilt=+0.00 pan=-48.2 tilt=1.3 err=9px DB
2026-06-27 20:22:09.858 [DEBUG] [marker_detector] ibvs tag_lost timer start pan=-48.2 tilt=1.3
2026-06-27 20:22:14.890 [INFO ] [marker_detector] ibvs servo_reset pan→0 tilt→0 lost=5.0s
2026-06-27 20:22:14.930 [DEBUG] [marker_detector] ibvs tag_lost timer start pan=0.0 tilt=0.0
2026-06-27 20:22:16.225 [DEBUG] [marker_detector] ibvs eu=-209 ev=-10 eu_s=-166.9 ev_s=-8.3 dpan=-2.00 dtilt=+0.41 pan=-2.0 tilt=0.4 err=209px
2026-06-27 20:22:16.319 [DEBUG] [marker_detector] ibvs eu=-197 ev=-4 eu_s=-196.6 ev_s=-4.9 dpan=-2.00 dtilt=+0.24 pan=-6.0 tilt=1.0 err=197px
2026-06-27 20:22:16.362 [DEBUG] [marker_detector] ibvs tag_lost timer start pan=-6.0 tilt=1.0
2026-06-27 20:22:16.540 [DEBUG] [marker_detector] ibvs eu=-96 ev=+9 eu_s=-101.2 ev_s=+9.0 dpan=-2.00 dtilt=-0.45 pan=-10.0 tilt=0.2 err=97px
2026-06-27 20:22:16.633 [DEBUG] [marker_detector] ibvs eu=-70 ev=+11 eu_s=-76.0 ev_s=+10.5 dpan=-2.00 dtilt=-0.52 pan=-14.0 tilt=-0.8 err=71px
2026-06-27 20:22:16.727 [DEBUG] [marker_detector] ibvs eu=-52 ev=+1 eu_s=-53.6 ev_s=+2.4 dpan=-2.00 dtilt=-0.12 pan=-18.0 tilt=-1.2 err=52px
2026-06-27 20:22:16.828 [DEBUG] [marker_detector] ibvs tag_lost timer start pan=-20.0 tilt=-1.0
2026-06-27 20:22:16.879 [DEBUG] [marker_detector] ibvs eu=-6 ev=-12 eu_s=-13.9 ev_s=-10.3 dpan=-0.25 dtilt=+0.19 pan=-20.3 tilt=-0.8 err=13px
2026-06-27 20:22:16.929 [DEBUG] [marker_detector] ibvs tag_lost timer start pan=-20.3 tilt=-0.8
2026-06-27 20:22:17.026 [DEBUG] [marker_detector] ibvs eu=+48 ev=-8 eu_s=+45.5 ev_s=-7.8 dpan=+2.00 dtilt=+0.39 pan=-16.6 tilt=0.0 err=49px
2026-06-27 20:22:17.075 [DEBUG] [marker_detector] ibvs tag_lost timer start pan=-16.6 tilt=0.0
2026-06-27 20:22:17.170 [DEBUG] [marker_detector] ibvs eu=+51 ev=+3 eu_s=+53.9 ev_s=+3.1 dpan=+2.00 dtilt=-0.15 pan=-12.6 tilt=-0.3 err=51px
2026-06-27 20:22:17.271 [DEBUG] [marker_detector] ibvs eu=+36 ev=+1 eu_s=+38.5 ev_s=+1.3 dpan=+1.92 dtilt=-0.06 pan=-8.6 tilt=-0.5 err=36px
2026-06-27 20:22:17.369 [DEBUG] [marker_detector] ibvs eu=+1 ev=+1 eu_s=+6.0 ev_s=+0.7 dpan=+0.00 dtilt=+0.00 pan=-7.6 tilt=-0.5 err=1px DB
2026-06-27 20:22:17.466 [DEBUG] [marker_detector] ibvs eu=-20 ev=-0 eu_s=-17.9 ev_s=-0.1 dpan=-0.35 dtilt=+0.00 pan=-8.0 tilt=-0.5 err=20px
2026-06-27 20:22:17.567 [DEBUG] [marker_detector] ibvs eu=-20 ev=-0 eu_s=-20.2 ev_s=-0.1 dpan=-0.51 dtilt=+0.00 pan=-9.0 tilt=-0.5 err=20px
2026-06-27 20:22:17.663 [DEBUG] [marker_detector] ibvs eu=-20 ev=-0 eu_s=-20.3 ev_s=-0.1 dpan=-0.52 dtilt=+0.00 pan=-10.0 tilt=-0.5 err=20px
2026-06-27 20:22:17.759 [DEBUG] [marker_detector] ibvs eu=-13 ev=+1 eu_s=-14.8 ev_s=+0.5 dpan=-0.18 dtilt=-0.01 pan=-10.7 tilt=-0.5 err=13px
2026-06-27 20:22:17.857 [DEBUG] [marker_detector] ibvs eu=-9 ev=+0 eu_s=-9.1 ev_s=+0.4 dpan=+0.00 dtilt=+0.00 pan=-10.7 tilt=-0.5 err=9px DB
2026-06-27 20:22:17.953 [DEBUG] [marker_detector] ibvs eu=-9 ev=+0 eu_s=-8.8 ev_s=+0.4 dpan=+0.00 dtilt=+0.00 pan=-10.7 tilt=-0.5 err=9px DB
2026-06-27 20:22:18.050 [DEBUG] [marker_detector] ibvs eu=-9 ev=+0 eu_s=-8.8 ev_s=+0.3 dpan=+0.00 dtilt=+0.00 pan=-10.7 tilt=-0.5 err=9px DB
2026-06-27 20:22:18.146 [DEBUG] [marker_detector] ibvs eu=-9 ev=+0 eu_s=-8.6 ev_s=+0.3 dpan=+0.00 dtilt=+0.00 pan=-10.7 tilt=-0.5 err=9px DB
2026-06-27 20:22:18.242 [DEBUG] [marker_detector] ibvs eu=-9 ev=+0 eu_s=-8.6 ev_s=+0.3 dpan=+0.00 dtilt=+0.00 pan=-10.7 tilt=-0.5 err=9px DB
2026-06-27 20:22:18.337 [DEBUG] [marker_detector] ibvs eu=-5 ev=+0 eu_s=-5.5 ev_s=+0.4 dpan=+0.00 dtilt=+0.00 pan=-10.7 tilt=-0.5 err=5px DB
2026-06-27 20:22:18.436 [DEBUG] [marker_detector] ibvs eu=-4 ev=+0 eu_s=-4.1 ev_s=+0.2 dpan=+0.00 dtilt=+0.00 pan=-10.7 tilt=-0.5 err=4px DB
2026-06-27 20:22:18.530 [DEBUG] [marker_detector] ibvs eu=-4 ev=+0 eu_s=-4.1 ev_s=+0.3 dpan=+0.00 dtilt=+0.00 pan=-10.7 tilt=-0.5 err=4px DB
2026-06-27 20:22:18.629 [DEBUG] [marker_detector] ibvs eu=-4 ev=+0 eu_s=-4.0 ev_s=+0.2 dpan=+0.00 dtilt=+0.00 pan=-10.7 tilt=-0.5 err=4px DB
2026-06-27 20:22:18.722 [DEBUG] [marker_detector] ibvs eu=-4 ev=+0 eu_s=-4.0 ev_s=+0.3 dpan=+0.00 dtilt=+0.00 pan=-10.7 tilt=-0.5 err=4px DB
2026-06-27 20:22:18.817 [DEBUG] [marker_detector] ibvs eu=-4 ev=+0 eu_s=-4.0 ev_s=+0.2 dpan=+0.00 dtilt=+0.00 pan=-10.7 tilt=-0.5 err=4px DB
2026-06-27 20:22:18.908 [DEBUG] [marker_detector] ibvs eu=-4 ev=+0 eu_s=-4.0 ev_s=+0.2 dpan=+0.00 dtilt=+0.00 pan=-10.7 tilt=-0.5 err=4px DB
2026-06-27 20:22:19.001 [DEBUG] [marker_detector] ibvs eu=-4 ev=+0 eu_s=-4.0 ev_s=+0.3 dpan=+0.00 dtilt=+0.00 pan=-10.7 tilt=-0.5 err=4px DB
2026-06-27 20:22:19.097 [DEBUG] [marker_detector] ibvs eu=-4 ev=+0 eu_s=-4.0 ev_s=+0.3 dpan=+0.00 dtilt=+0.00 pan=-10.7 tilt=-0.5 err=4px DB
2026-06-27 20:22:19.192 [DEBUG] [marker_detector] ibvs eu=-4 ev=+0 eu_s=-3.9 ev_s=+0.3 dpan=+0.00 dtilt=+0.00 pan=-10.7 tilt=-0.5 err=4px DB
2026-06-27 20:22:19.286 [DEBUG] [marker_detector] ibvs eu=-4 ev=+0 eu_s=-4.0 ev_s=+0.3 dpan=+0.00 dtilt=+0.00 pan=-10.7 tilt=-0.5 err=4px DB
2026-06-27 20:22:19.382 [DEBUG] [marker_detector] ibvs eu=-4 ev=+0 eu_s=-4.0 ev_s=+0.2 dpan=+0.00 dtilt=+0.00 pan=-10.7 tilt=-0.5 err=4px DB
2026-06-27 20:22:19.482 [DEBUG] [marker_detector] ibvs eu=-4 ev=+0 eu_s=-4.0 ev_s=+0.3 dpan=+0.00 dtilt=+0.00 pan=-10.7 tilt=-0.5 err=4px DB
2026-06-27 20:22:19.579 [DEBUG] [marker_detector] ibvs eu=-4 ev=+0 eu_s=-4.0 ev_s=+0.2 dpan=+0.00 dtilt=+0.00 pan=-10.7 tilt=-0.5 err=4px DB
2026-06-27 20:22:19.672 [DEBUG] [marker_detector] ibvs eu=-4 ev=+0 eu_s=-4.0 ev_s=+0.3 dpan=+0.00 dtilt=+0.00 pan=-10.7 tilt=-0.5 err=4px DB
2026-06-27 20:22:19.766 [DEBUG] [marker_detector] ibvs eu=-4 ev=+0 eu_s=-4.0 ev_s=+0.3 dpan=+0.00 dtilt=+0.00 pan=-10.7 tilt=-0.5 err=4px DB
2026-06-27 20:22:19.861 [DEBUG] [marker_detector] ibvs eu=-4 ev=+0 eu_s=-4.1 ev_s=+0.2 dpan=+0.00 dtilt=+0.00 pan=-10.7 tilt=-0.5 err=4px DB
2026-06-27 20:22:19.957 [DEBUG] [marker_detector] ibvs eu=-4 ev=+0 eu_s=-4.1 ev_s=+0.3 dpan=+0.00 dtilt=+0.00 pan=-10.7 tilt=-0.5 err=4px DB
2026-06-27 20:22:20.049 [DEBUG] [marker_detector] ibvs eu=-4 ev=+0 eu_s=-3.9 ev_s=+0.3 dpan=+0.00 dtilt=+0.00 pan=-10.7 tilt=-0.5 err=4px DB
2026-06-27 20:22:20.146 [DEBUG] [marker_detector] ibvs eu=-4 ev=+0 eu_s=-3.9 ev_s=+0.3 dpan=+0.00 dtilt=+0.00 pan=-10.7 tilt=-0.5 err=4px DB
2026-06-27 20:22:20.239 [DEBUG] [marker_detector] ibvs eu=-4 ev=+0 eu_s=-4.0 ev_s=+0.2 dpan=+0.00 dtilt=+0.00 pan=-10.7 tilt=-0.5 err=4px DB
2026-06-27 20:22:20.337 [DEBUG] [marker_detector] ibvs eu=-4 ev=+0 eu_s=-3.9 ev_s=+0.2 dpan=+0.00 dtilt=+0.00 pan=-10.7 tilt=-0.5 err=4px DB
2026-06-27 20:22:20.437 [DEBUG] [marker_detector] ibvs eu=-4 ev=+0 eu_s=-4.0 ev_s=+0.3 dpan=+0.00 dtilt=+0.00 pan=-10.7 tilt=-0.5 err=4px DB
2026-06-27 20:22:20.539 [DEBUG] [marker_detector] ibvs eu=-4 ev=+0 eu_s=-4.0 ev_s=+0.2 dpan=+0.00 dtilt=+0.00 pan=-10.7 tilt=-0.5 err=4px DB
2026-06-27 20:22:20.635 [DEBUG] [marker_detector] ibvs eu=-4 ev=+0 eu_s=-4.0 ev_s=+0.3 dpan=+0.00 dtilt=+0.00 pan=-10.7 tilt=-0.5 err=4px DB
2026-06-27 20:22:20.731 [DEBUG] [marker_detector] ibvs eu=-4 ev=+0 eu_s=-4.0 ev_s=+0.3 dpan=+0.00 dtilt=+0.00 pan=-10.7 tilt=-0.5 err=4px DB
2026-06-27 20:22:20.826 [DEBUG] [marker_detector] ibvs eu=-4 ev=+0 eu_s=-4.1 ev_s=+0.2 dpan=+0.00 dtilt=+0.00 pan=-10.7 tilt=-0.5 err=4px DB
2026-06-27 20:22:20.920 [DEBUG] [marker_detector] ibvs eu=-4 ev=+0 eu_s=-4.0 ev_s=+0.3 dpan=+0.00 dtilt=+0.00 pan=-10.7 tilt=-0.5 err=4px DB
2026-06-27 20:22:21.013 [DEBUG] [marker_detector] ibvs eu=-4 ev=+0 eu_s=-4.0 ev_s=+0.2 dpan=+0.00 dtilt=+0.00 pan=-10.7 tilt=-0.5 err=4px DB
2026-06-27 20:22:21.105 [DEBUG] [marker_detector] ibvs eu=-4 ev=+0 eu_s=-4.0 ev_s=+0.3 dpan=+0.00 dtilt=+0.00 pan=-10.7 tilt=-0.5 err=4px DB
2026-06-27 20:22:21.202 [DEBUG] [marker_detector] ibvs eu=-4 ev=+0 eu_s=-4.0 ev_s=+0.3 dpan=+0.00 dtilt=+0.00 pan=-10.7 tilt=-0.5 err=4px DB
2026-06-27 20:22:21.296 [DEBUG] [marker_detector] ibvs eu=-4 ev=+0 eu_s=-4.0 ev_s=+0.2 dpan=+0.00 dtilt=+0.00 pan=-10.7 tilt=-0.5 err=4px DB
2026-06-27 20:22:21.393 [DEBUG] [marker_detector] ibvs eu=-4 ev=+0 eu_s=-4.0 ev_s=+0.3 dpan=+0.00 dtilt=+0.00 pan=-10.7 tilt=-0.5 err=4px DB
2026-06-27 20:22:21.486 [DEBUG] [marker_detector] ibvs eu=-4 ev=+0 eu_s=-4.1 ev_s=+0.2 dpan=+0.00 dtilt=+0.00 pan=-10.7 tilt=-0.5 err=4px DB
2026-06-27 20:22:21.582 [DEBUG] [marker_detector] ibvs eu=-4 ev=+0 eu_s=-4.0 ev_s=+0.2 dpan=+0.00 dtilt=+0.00 pan=-10.7 tilt=-0.5 err=4px DB
2026-06-27 20:22:21.680 [DEBUG] [marker_detector] ibvs eu=-4 ev=+0 eu_s=-4.0 ev_s=+0.3 dpan=+0.00 dtilt=+0.00 pan=-10.7 tilt=-0.5 err=4px DB
2026-06-27 20:22:21.777 [DEBUG] [marker_detector] ibvs eu=-4 ev=+0 eu_s=-4.1 ev_s=+0.2 dpan=+0.00 dtilt=+0.00 pan=-10.7 tilt=-0.5 err=4px DB
2026-06-27 20:22:21.872 [DEBUG] [marker_detector] ibvs eu=-4 ev=+0 eu_s=-4.0 ev_s=+0.2 dpan=+0.00 dtilt=+0.00 pan=-10.7 tilt=-0.5 err=4px DB
2026-06-27 20:22:21.968 [DEBUG] [marker_detector] ibvs eu=-4 ev=+0 eu_s=-4.0 ev_s=+0.2 dpan=+0.00 dtilt=+0.00 pan=-10.7 tilt=-0.5 err=4px DB
2026-06-27 20:22:22.068 [DEBUG] [marker_detector] ibvs eu=-4 ev=+0 eu_s=-4.0 ev_s=+0.2 dpan=+0.00 dtilt=+0.00 pan=-10.7 tilt=-0.5 err=4px DB
2026-06-27 20:22:22.162 [DEBUG] [marker_detector] ibvs eu=-4 ev=+0 eu_s=-4.0 ev_s=+0.2 dpan=+0.00 dtilt=+0.00 pan=-10.7 tilt=-0.5 err=4px DB
2026-06-27 20:22:22.257 [DEBUG] [marker_detector] ibvs eu=-4 ev=+0 eu_s=-4.0 ev_s=+0.3 dpan=+0.00 dtilt=+0.00 pan=-10.7 tilt=-0.5 err=4px DB
2026-06-27 20:22:22.351 [DEBUG] [marker_detector] ibvs eu=-4 ev=+0 eu_s=-4.0 ev_s=+0.3 dpan=+0.00 dtilt=+0.00 pan=-10.7 tilt=-0.5 err=4px DB
2026-06-27 20:22:22.451 [DEBUG] [marker_detector] ibvs eu=-4 ev=+0 eu_s=-4.0 ev_s=+0.2 dpan=+0.00 dtilt=+0.00 pan=-10.7 tilt=-0.5 err=4px DB
2026-06-27 20:22:22.546 [DEBUG] [marker_detector] ibvs eu=-4 ev=+0 eu_s=-4.0 ev_s=+0.2 dpan=+0.00 dtilt=+0.00 pan=-10.7 tilt=-0.5 err=4px DB
2026-06-27 20:22:22.649 [DEBUG] [marker_detector] ibvs eu=-4 ev=+0 eu_s=-4.0 ev_s=+0.2 dpan=+0.00 dtilt=+0.00 pan=-10.7 tilt=-0.5 err=4px DB
2026-06-27 20:22:22.745 [DEBUG] [marker_detector] ibvs eu=-4 ev=+0 eu_s=-4.0 ev_s=+0.2 dpan=+0.00 dtilt=+0.00 pan=-10.7 tilt=-0.5 err=4px DB
2026-06-27 20:22:22.838 [DEBUG] [marker_detector] ibvs eu=-4 ev=+0 eu_s=-4.0 ev_s=+0.2 dpan=+0.00 dtilt=+0.00 pan=-10.7 tilt=-0.5 err=4px DB
2026-06-27 20:22:22.932 [DEBUG] [marker_detector] ibvs eu=-4 ev=+0 eu_s=-4.0 ev_s=+0.3 dpan=+0.00 dtilt=+0.00 pan=-10.7 tilt=-0.5 err=4px DB
2026-06-27 20:22:23.026 [DEBUG] [marker_detector] ibvs eu=-4 ev=+0 eu_s=-4.0 ev_s=+0.2 dpan=+0.00 dtilt=+0.00 pan=-10.7 tilt=-0.5 err=4px DB
2026-06-27 20:22:23.122 [DEBUG] [marker_detector] ibvs eu=-4 ev=+0 eu_s=-4.0 ev_s=+0.2 dpan=+0.00 dtilt=+0.00 pan=-10.7 tilt=-0.5 err=4px DB
2026-06-27 20:22:23.215 [DEBUG] [marker_detector] ibvs eu=-4 ev=+0 eu_s=-4.1 ev_s=+0.2 dpan=+0.00 dtilt=+0.00 pan=-10.7 tilt=-0.5 err=4px DB
2026-06-27 20:22:23.309 [DEBUG] [marker_detector] ibvs eu=-4 ev=+0 eu_s=-4.0 ev_s=+0.2 dpan=+0.00 dtilt=+0.00 pan=-10.7 tilt=-0.5 err=4px DB
2026-06-27 20:22:23.405 [DEBUG] [marker_detector] ibvs eu=-4 ev=+0 eu_s=-4.0 ev_s=+0.2 dpan=+0.00 dtilt=+0.00 pan=-10.7 tilt=-0.5 err=4px DB
2026-06-27 20:22:23.504 [DEBUG] [marker_detector] ibvs eu=-4 ev=+0 eu_s=-4.0 ev_s=+0.3 dpan=+0.00 dtilt=+0.00 pan=-10.7 tilt=-0.5 err=4px DB
2026-06-27 20:22:23.597 [DEBUG] [marker_detector] ibvs eu=-4 ev=+0 eu_s=-4.0 ev_s=+0.3 dpan=+0.00 dtilt=+0.00 pan=-10.7 tilt=-0.5 err=4px DB
2026-06-27 20:22:23.690 [DEBUG] [marker_detector] ibvs eu=-4 ev=+0 eu_s=-4.0 ev_s=+0.2 dpan=+0.00 dtilt=+0.00 pan=-10.7 tilt=-0.5 err=4px DB
2026-06-27 20:22:23.782 [DEBUG] [marker_detector] ibvs eu=-4 ev=+0 eu_s=-4.0 ev_s=+0.2 dpan=+0.00 dtilt=+0.00 pan=-10.7 tilt=-0.5 err=4px DB
2026-06-27 20:22:23.882 [DEBUG] [marker_detector] ibvs eu=-4 ev=+0 eu_s=-4.0 ev_s=+0.2 dpan=+0.00 dtilt=+0.00 pan=-10.7 tilt=-0.5 err=4px DB
2026-06-27 20:22:23.974 [DEBUG] [marker_detector] ibvs eu=-4 ev=+0 eu_s=-4.0 ev_s=+0.3 dpan=+0.00 dtilt=+0.00 pan=-10.7 tilt=-0.5 err=4px DB
2026-06-27 20:22:24.066 [DEBUG] [marker_detector] ibvs eu=-4 ev=+0 eu_s=-4.0 ev_s=+0.3 dpan=+0.00 dtilt=+0.00 pan=-10.7 tilt=-0.5 err=4px DB
2026-06-27 20:22:24.157 [DEBUG] [marker_detector] ibvs eu=-4 ev=+0 eu_s=-4.0 ev_s=+0.2 dpan=+0.00 dtilt=+0.00 pan=-10.7 tilt=-0.5 err=4px DB
2026-06-27 20:22:24.245 [DEBUG] [marker_detector] ibvs eu=-4 ev=+0 eu_s=-4.0 ev_s=+0.2 dpan=+0.00 dtilt=+0.00 pan=-10.7 tilt=-0.5 err=4px DB
2026-06-27 20:22:24.341 [DEBUG] [marker_detector] ibvs eu=-4 ev=+0 eu_s=-4.0 ev_s=+0.2 dpan=+0.00 dtilt=+0.00 pan=-10.7 tilt=-0.5 err=4px DB
2026-06-27 20:22:24.428 [DEBUG] [marker_detector] ibvs eu=-4 ev=+0 eu_s=-4.0 ev_s=+0.3 dpan=+0.00 dtilt=+0.00 pan=-10.7 tilt=-0.5 err=4px DB
2026-06-27 20:22:24.518 [DEBUG] [marker_detector] ibvs eu=-4 ev=+0 eu_s=-4.0 ev_s=+0.3 dpan=+0.00 dtilt=+0.00 pan=-10.7 tilt=-0.5 err=4px DB
2026-06-27 20:22:24.605 [DEBUG] [marker_detector] ibvs eu=-4 ev=+1 eu_s=-3.8 ev_s=+0.5 dpan=+0.00 dtilt=+0.00 pan=-10.7 tilt=-0.5 err=4px DB
2026-06-27 20:22:24.692 [DEBUG] [marker_detector] ibvs eu=-4 ev=+0 eu_s=-3.9 ev_s=+0.3 dpan=+0.00 dtilt=+0.00 pan=-10.7 tilt=-0.5 err=4px DB
2026-06-27 20:22:24.779 [DEBUG] [marker_detector] ibvs eu=-4 ev=+0 eu_s=-3.9 ev_s=+0.1 dpan=+0.00 dtilt=+0.00 pan=-10.7 tilt=-0.5 err=4px DB
2026-06-27 20:22:24.865 [DEBUG] [marker_detector] ibvs eu=-4 ev=+0 eu_s=-3.9 ev_s=+0.1 dpan=+0.00 dtilt=+0.00 pan=-10.7 tilt=-0.5 err=4px DB
2026-06-27 20:22:24.954 [DEBUG] [marker_detector] ibvs eu=-4 ev=+0 eu_s=-3.9 ev_s=+0.2 dpan=+0.00 dtilt=+0.00 pan=-10.7 tilt=-0.5 err=4px DB
2026-06-27 20:22:25.046 [DEBUG] [marker_detector] ibvs eu=-4 ev=+0 eu_s=-3.9 ev_s=+0.2 dpan=+0.00 dtilt=+0.00 pan=-10.7 tilt=-0.5 err=4px DB
2026-06-27 20:22:25.138 [DEBUG] [marker_detector] ibvs eu=-4 ev=+0 eu_s=-3.9 ev_s=+0.2 dpan=+0.00 dtilt=+0.00 pan=-10.7 tilt=-0.5 err=4px DB
2026-06-27 20:22:25.238 [DEBUG] [marker_detector] ibvs eu=-4 ev=+0 eu_s=-3.9 ev_s=+0.2 dpan=+0.00 dtilt=+0.00 pan=-10.7 tilt=-0.5 err=4px DB
2026-06-27 20:22:25.332 [DEBUG] [marker_detector] ibvs eu=-4 ev=+0 eu_s=-3.9 ev_s=+0.1 dpan=+0.00 dtilt=+0.00 pan=-10.7 tilt=-0.5 err=4px DB
2026-06-27 20:22:25.428 [DEBUG] [marker_detector] ibvs eu=-4 ev=-0 eu_s=-3.8 ev_s=+0.0 dpan=+0.00 dtilt=+0.00 pan=-10.7 tilt=-0.5 err=4px DB
2026-06-27 20:22:25.525 [DEBUG] [marker_detector] ibvs eu=-4 ev=-0 eu_s=-3.8 ev_s=+0.1 dpan=+0.00 dtilt=+0.00 pan=-10.7 tilt=-0.5 err=4px DB
2026-06-27 20:22:25.627 [DEBUG] [marker_detector] ibvs eu=-4 ev=+0 eu_s=-3.9 ev_s=+0.1 dpan=+0.00 dtilt=+0.00 pan=-10.7 tilt=-0.5 err=4px DB
2026-06-27 20:22:25.721 [DEBUG] [marker_detector] ibvs eu=-4 ev=+0 eu_s=-3.9 ev_s=+0.3 dpan=+0.00 dtilt=+0.00 pan=-10.7 tilt=-0.5 err=4px DB
2026-06-27 20:22:25.815 [DEBUG] [marker_detector] ibvs eu=-4 ev=+0 eu_s=-3.9 ev_s=+0.2 dpan=+0.00 dtilt=+0.00 pan=-10.7 tilt=-0.5 err=4px DB
2026-06-27 20:22:25.909 [DEBUG] [marker_detector] ibvs eu=-4 ev=+0 eu_s=-3.9 ev_s=+0.2 dpan=+0.00 dtilt=+0.00 pan=-10.7 tilt=-0.5 err=4px DB
2026-06-27 20:22:26.002 [DEBUG] [marker_detector] ibvs eu=-4 ev=+0 eu_s=-3.9 ev_s=+0.2 dpan=+0.00 dtilt=+0.00 pan=-10.7 tilt=-0.5 err=4px DB
2026-06-27 20:22:26.095 [DEBUG] [marker_detector] ibvs eu=-4 ev=+0 eu_s=-3.8 ev_s=+0.3 dpan=+0.00 dtilt=+0.00 pan=-10.7 tilt=-0.5 err=4px DB
2026-06-27 20:22:26.189 [DEBUG] [marker_detector] ibvs eu=-4 ev=+0 eu_s=-3.9 ev_s=+0.3 dpan=+0.00 dtilt=+0.00 pan=-10.7 tilt=-0.5 err=4px DB
2026-06-27 20:22:26.280 [DEBUG] [marker_detector] ibvs eu=-4 ev=+0 eu_s=-3.9 ev_s=+0.2 dpan=+0.00 dtilt=+0.00 pan=-10.7 tilt=-0.5 err=4px DB
2026-06-27 20:22:26.373 [DEBUG] [marker_detector] ibvs eu=-4 ev=+0 eu_s=-3.9 ev_s=+0.3 dpan=+0.00 dtilt=+0.00 pan=-10.7 tilt=-0.5 err=4px DB
2026-06-27 20:22:26.467 [DEBUG] [marker_detector] ibvs eu=-4 ev=+0 eu_s=-3.9 ev_s=+0.3 dpan=+0.00 dtilt=+0.00 pan=-10.7 tilt=-0.5 err=4px DB
2026-06-27 20:22:26.560 [DEBUG] [marker_detector] ibvs eu=-4 ev=+0 eu_s=-3.9 ev_s=+0.3 dpan=+0.00 dtilt=+0.00 pan=-10.7 tilt=-0.5 err=4px DB
2026-06-27 20:22:26.654 [DEBUG] [marker_detector] ibvs eu=-4 ev=+0 eu_s=-3.9 ev_s=+0.3 dpan=+0.00 dtilt=+0.00 pan=-10.7 tilt=-0.5 err=4px DB
2026-06-27 20:22:26.748 [DEBUG] [marker_detector] ibvs eu=-4 ev=-0 eu_s=-3.9 ev_s=+0.1 dpan=+0.00 dtilt=+0.00 pan=-10.7 tilt=-0.5 err=4px DB
2026-06-27 20:22:26.847 [DEBUG] [marker_detector] ibvs eu=-4 ev=+0 eu_s=-3.8 ev_s=+0.3 dpan=+0.00 dtilt=+0.00 pan=-10.7 tilt=-0.5 err=4px DB
2026-06-27 20:22:26.939 [DEBUG] [marker_detector] ibvs eu=-4 ev=+0 eu_s=-3.9 ev_s=+0.3 dpan=+0.00 dtilt=+0.00 pan=-10.7 tilt=-0.5 err=4px DB
2026-06-27 20:22:27.029 [DEBUG] [marker_detector] ibvs eu=-4 ev=+0 eu_s=-3.9 ev_s=+0.3 dpan=+0.00 dtilt=+0.00 pan=-10.7 tilt=-0.5 err=4px DB
2026-06-27 20:22:27.123 [DEBUG] [marker_detector] ibvs eu=-4 ev=+0 eu_s=-3.9 ev_s=+0.2 dpan=+0.00 dtilt=+0.00 pan=-10.7 tilt=-0.5 err=4px DB
2026-06-27 20:22:27.217 [DEBUG] [marker_detector] ibvs eu=-4 ev=+0 eu_s=-3.9 ev_s=+0.2 dpan=+0.00 dtilt=+0.00 pan=-10.7 tilt=-0.5 err=4px DB
2026-06-27 20:22:27.312 [DEBUG] [marker_detector] ibvs eu=-4 ev=+0 eu_s=-3.9 ev_s=+0.2 dpan=+0.00 dtilt=+0.00 pan=-10.7 tilt=-0.5 err=4px DB
2026-06-27 20:22:27.402 [DEBUG] [marker_detector] ibvs eu=-4 ev=+0 eu_s=-3.9 ev_s=+0.2 dpan=+0.00 dtilt=+0.00 pan=-10.7 tilt=-0.5 err=4px DB
2026-06-27 20:22:27.493 [DEBUG] [marker_detector] ibvs eu=-4 ev=+0 eu_s=-3.9 ev_s=+0.2 dpan=+0.00 dtilt=+0.00 pan=-10.7 tilt=-0.5 err=4px DB
2026-06-27 20:22:27.585 [DEBUG] [marker_detector] ibvs eu=-4 ev=+0 eu_s=-3.9 ev_s=+0.2 dpan=+0.00 dtilt=+0.00 pan=-10.7 tilt=-0.5 err=4px DB
2026-06-27 20:22:27.677 [DEBUG] [marker_detector] ibvs eu=-4 ev=+0 eu_s=-3.9 ev_s=+0.2 dpan=+0.00 dtilt=+0.00 pan=-10.7 tilt=-0.5 err=4px DB
2026-06-27 20:22:27.769 [DEBUG] [marker_detector] ibvs eu=-4 ev=+0 eu_s=-3.9 ev_s=+0.2 dpan=+0.00 dtilt=+0.00 pan=-10.7 tilt=-0.5 err=4px DB
2026-06-27 20:22:27.861 [DEBUG] [marker_detector] ibvs eu=-4 ev=+0 eu_s=-3.9 ev_s=+0.2 dpan=+0.00 dtilt=+0.00 pan=-10.7 tilt=-0.5 err=4px DB
2026-06-27 20:22:27.954 [DEBUG] [marker_detector] ibvs eu=-4 ev=+0 eu_s=-3.9 ev_s=+0.2 dpan=+0.00 dtilt=+0.00 pan=-10.7 tilt=-0.5 err=4px DB
2026-06-27 20:22:28.049 [DEBUG] [marker_detector] ibvs eu=-4 ev=+0 eu_s=-3.9 ev_s=+0.2 dpan=+0.00 dtilt=+0.00 pan=-10.7 tilt=-0.5 err=4px DB
2026-06-27 20:22:28.145 [DEBUG] [marker_detector] ibvs eu=-4 ev=+0 eu_s=-3.9 ev_s=+0.2 dpan=+0.00 dtilt=+0.00 pan=-10.7 tilt=-0.5 err=4px DB
2026-06-27 20:22:28.238 [DEBUG] [marker_detector] ibvs eu=-4 ev=+0 eu_s=-3.9 ev_s=+0.2 dpan=+0.00 dtilt=+0.00 pan=-10.7 tilt=-0.5 err=4px DB
2026-06-27 20:22:28.330 [DEBUG] [marker_detector] ibvs eu=-4 ev=+0 eu_s=-3.9 ev_s=+0.2 dpan=+0.00 dtilt=+0.00 pan=-10.7 tilt=-0.5 err=4px DB
2026-06-27 20:22:28.423 [DEBUG] [marker_detector] ibvs eu=-4 ev=+0 eu_s=-3.9 ev_s=+0.3 dpan=+0.00 dtilt=+0.00 pan=-10.7 tilt=-0.5 err=4px DB
2026-06-27 20:22:28.517 [DEBUG] [marker_detector] ibvs eu=-4 ev=+0 eu_s=-3.9 ev_s=+0.2 dpan=+0.00 dtilt=+0.00 pan=-10.7 tilt=-0.5 err=4px DB
2026-06-27 20:22:28.610 [DEBUG] [marker_detector] ibvs eu=-4 ev=+0 eu_s=-3.9 ev_s=+0.2 dpan=+0.00 dtilt=+0.00 pan=-10.7 tilt=-0.5 err=4px DB
2026-06-27 20:22:28.700 [DEBUG] [marker_detector] ibvs eu=-4 ev=+0 eu_s=-3.9 ev_s=+0.2 dpan=+0.00 dtilt=+0.00 pan=-10.7 tilt=-0.5 err=4px DB
2026-06-27 20:22:28.794 [DEBUG] [marker_detector] ibvs eu=-4 ev=+0 eu_s=-3.9 ev_s=+0.2 dpan=+0.00 dtilt=+0.00 pan=-10.7 tilt=-0.5 err=4px DB
2026-06-27 20:22:28.884 [DEBUG] [marker_detector] ibvs eu=-4 ev=+0 eu_s=-3.9 ev_s=+0.2 dpan=+0.00 dtilt=+0.00 pan=-10.7 tilt=-0.5 err=4px DB
2026-06-27 20:22:28.976 [DEBUG] [marker_detector] ibvs eu=-4 ev=+0 eu_s=-3.9 ev_s=+0.2 dpan=+0.00 dtilt=+0.00 pan=-10.7 tilt=-0.5 err=4px DB
2026-06-27 20:22:29.070 [DEBUG] [marker_detector] ibvs eu=-4 ev=+0 eu_s=-3.9 ev_s=+0.3 dpan=+0.00 dtilt=+0.00 pan=-10.7 tilt=-0.5 err=4px DB
2026-06-27 20:22:29.167 [DEBUG] [marker_detector] ibvs eu=-4 ev=+0 eu_s=-3.9 ev_s=+0.2 dpan=+0.00 dtilt=+0.00 pan=-10.7 tilt=-0.5 err=4px DB
2026-06-27 20:22:29.269 [DEBUG] [marker_detector] ibvs eu=-4 ev=+0 eu_s=-3.9 ev_s=+0.2 dpan=+0.00 dtilt=+0.00 pan=-10.7 tilt=-0.5 err=4px DB
2026-06-27 20:22:29.362 [DEBUG] [marker_detector] ibvs eu=-4 ev=+0 eu_s=-3.9 ev_s=+0.2 dpan=+0.00 dtilt=+0.00 pan=-10.7 tilt=-0.5 err=4px DB
2026-06-27 20:22:29.457 [DEBUG] [marker_detector] ibvs eu=-4 ev=+0 eu_s=-3.9 ev_s=+0.2 dpan=+0.00 dtilt=+0.00 pan=-10.7 tilt=-0.5 err=4px DB
2026-06-27 20:22:29.550 [DEBUG] [marker_detector] ibvs eu=-4 ev=+0 eu_s=-3.9 ev_s=+0.2 dpan=+0.00 dtilt=+0.00 pan=-10.7 tilt=-0.5 err=4px DB
2026-06-27 20:22:29.650 [DEBUG] [marker_detector] ibvs eu=-4 ev=+0 eu_s=-3.9 ev_s=+0.3 dpan=+0.00 dtilt=+0.00 pan=-10.7 tilt=-0.5 err=4px DB
2026-06-27 20:22:29.748 [DEBUG] [marker_detector] ibvs eu=-4 ev=+0 eu_s=-3.8 ev_s=+0.3 dpan=+0.00 dtilt=+0.00 pan=-10.7 tilt=-0.5 err=4px DB
2026-06-27 20:22:29.847 [DEBUG] [marker_detector] ibvs eu=-4 ev=+0 eu_s=-3.9 ev_s=+0.1 dpan=+0.00 dtilt=+0.00 pan=-10.7 tilt=-0.5 err=4px DB
2026-06-27 20:22:29.943 [DEBUG] [marker_detector] ibvs eu=-4 ev=+0 eu_s=-3.9 ev_s=+0.4 dpan=+0.00 dtilt=+0.00 pan=-10.7 tilt=-0.5 err=4px DB
2026-06-27 20:22:30.038 [DEBUG] [marker_detector] ibvs eu=-4 ev=+0 eu_s=-3.9 ev_s=+0.3 dpan=+0.00 dtilt=+0.00 pan=-10.7 tilt=-0.5 err=4px DB
2026-06-27 20:22:30.132 [DEBUG] [marker_detector] ibvs eu=-4 ev=+0 eu_s=-3.9 ev_s=+0.2 dpan=+0.00 dtilt=+0.00 pan=-10.7 tilt=-0.5 err=4px DB
2026-06-27 20:22:30.226 [DEBUG] [marker_detector] ibvs eu=-4 ev=+0 eu_s=-3.9 ev_s=+0.2 dpan=+0.00 dtilt=+0.00 pan=-10.7 tilt=-0.5 err=4px DB
2026-06-27 20:22:30.329 [DEBUG] [marker_detector] ibvs eu=-4 ev=+0 eu_s=-3.9 ev_s=+0.2 dpan=+0.00 dtilt=+0.00 pan=-10.7 tilt=-0.5 err=4px DB
2026-06-27 20:22:30.424 [DEBUG] [marker_detector] ibvs eu=-4 ev=-0 eu_s=-3.9 ev_s=+0.0 dpan=+0.00 dtilt=+0.00 pan=-10.7 tilt=-0.5 err=4px DB
2026-06-27 20:22:30.521 [DEBUG] [marker_detector] ibvs eu=-4 ev=-0 eu_s=-3.9 ev_s=+0.0 dpan=+0.00 dtilt=+0.00 pan=-10.7 tilt=-0.5 err=4px DB
2026-06-27 20:22:30.616 [DEBUG] [marker_detector] ibvs eu=-4 ev=+0 eu_s=-3.9 ev_s=+0.2 dpan=+0.00 dtilt=+0.00 pan=-10.7 tilt=-0.5 err=4px DB
2026-06-27 20:22:30.710 [DEBUG] [marker_detector] ibvs eu=-4 ev=+0 eu_s=-3.9 ev_s=+0.2 dpan=+0.00 dtilt=+0.00 pan=-10.7 tilt=-0.5 err=4px DB
2026-06-27 20:22:30.801 [DEBUG] [marker_detector] ibvs eu=-4 ev=+0 eu_s=-3.9 ev_s=+0.2 dpan=+0.00 dtilt=+0.00 pan=-10.7 tilt=-0.5 err=4px DB
2026-06-27 20:22:30.894 [DEBUG] [marker_detector] ibvs eu=-4 ev=+0 eu_s=-3.9 ev_s=+0.3 dpan=+0.00 dtilt=+0.00 pan=-10.7 tilt=-0.5 err=4px DB
2026-06-27 20:22:30.987 [DEBUG] [marker_detector] ibvs eu=-4 ev=+0 eu_s=-3.9 ev_s=+0.2 dpan=+0.00 dtilt=+0.00 pan=-10.7 tilt=-0.5 err=4px DB
2026-06-27 20:22:31.083 [DEBUG] [marker_detector] ibvs eu=-4 ev=-0 eu_s=-3.9 ev_s=-0.1 dpan=+0.00 dtilt=+0.00 pan=-10.7 tilt=-0.5 err=4px DB
2026-06-27 20:22:31.181 [DEBUG] [marker_detector] ibvs eu=-4 ev=+0 eu_s=-3.9 ev_s=+0.2 dpan=+0.00 dtilt=+0.00 pan=-10.7 tilt=-0.5 err=4px DB
2026-06-27 20:22:31.276 [DEBUG] [marker_detector] ibvs eu=-4 ev=+1 eu_s=-3.8 ev_s=+0.4 dpan=+0.00 dtilt=+0.00 pan=-10.7 tilt=-0.5 err=4px DB
2026-06-27 20:22:31.370 [DEBUG] [marker_detector] ibvs eu=-4 ev=+0 eu_s=-3.9 ev_s=+0.1 dpan=+0.00 dtilt=+0.00 pan=-10.7 tilt=-0.5 err=4px DB
2026-06-27 20:22:31.466 [DEBUG] [marker_detector] ibvs eu=-4 ev=+0 eu_s=-3.9 ev_s=+0.1 dpan=+0.00 dtilt=+0.00 pan=-10.7 tilt=-0.5 err=4px DB
2026-06-27 20:22:31.558 [DEBUG] [marker_detector] ibvs eu=-4 ev=+0 eu_s=-3.9 ev_s=+0.2 dpan=+0.00 dtilt=+0.00 pan=-10.7 tilt=-0.5 err=4px DB
2026-06-27 20:22:31.653 [DEBUG] [marker_detector] ibvs eu=-4 ev=-0 eu_s=-3.8 ev_s=-0.3 dpan=+0.00 dtilt=+0.00 pan=-10.7 tilt=-0.5 err=4px DB
2026-06-27 20:22:31.751 [DEBUG] [marker_detector] ibvs eu=-4 ev=+0 eu_s=-3.8 ev_s=+0.3 dpan=+0.00 dtilt=+0.00 pan=-10.7 tilt=-0.5 err=4px DB
2026-06-27 20:22:31.847 [DEBUG] [marker_detector] ibvs eu=-4 ev=+0 eu_s=-3.9 ev_s=+0.3 dpan=+0.00 dtilt=+0.00 pan=-10.7 tilt=-0.5 err=4px DB
2026-06-27 20:22:31.940 [DEBUG] [marker_detector] ibvs eu=-4 ev=+0 eu_s=-3.9 ev_s=+0.3 dpan=+0.00 dtilt=+0.00 pan=-10.7 tilt=-0.5 err=4px DB
2026-06-27 20:22:32.035 [DEBUG] [marker_detector] ibvs eu=-4 ev=+0 eu_s=-3.9 ev_s=+0.2 dpan=+0.00 dtilt=+0.00 pan=-10.7 tilt=-0.5 err=4px DB
2026-06-27 20:22:32.127 [DEBUG] [marker_detector] ibvs eu=-4 ev=+0 eu_s=-3.8 ev_s=+0.2 dpan=+0.00 dtilt=+0.00 pan=-10.7 tilt=-0.5 err=4px DB
2026-06-27 20:22:32.226 [DEBUG] [marker_detector] ibvs eu=-4 ev=+0 eu_s=-3.9 ev_s=+0.2 dpan=+0.00 dtilt=+0.00 pan=-10.7 tilt=-0.5 err=4px DB
2026-06-27 20:22:32.318 [DEBUG] [marker_detector] ibvs eu=-4 ev=+0 eu_s=-3.9 ev_s=+0.2 dpan=+0.00 dtilt=+0.00 pan=-10.7 tilt=-0.5 err=4px DB
2026-06-27 20:22:32.411 [DEBUG] [marker_detector] ibvs eu=-4 ev=+0 eu_s=-3.9 ev_s=+0.2 dpan=+0.00 dtilt=+0.00 pan=-10.7 tilt=-0.5 err=4px DB
2026-06-27 20:22:32.504 [DEBUG] [marker_detector] ibvs eu=-4 ev=+0 eu_s=-3.9 ev_s=+0.3 dpan=+0.00 dtilt=+0.00 pan=-10.7 tilt=-0.5 err=4px DB
2026-06-27 20:22:32.600 [DEBUG] [marker_detector] ibvs eu=-4 ev=+0 eu_s=-3.9 ev_s=+0.3 dpan=+0.00 dtilt=+0.00 pan=-10.7 tilt=-0.5 err=4px DB
2026-06-27 20:22:32.690 [DEBUG] [marker_detector] ibvs eu=-4 ev=+0 eu_s=-3.9 ev_s=+0.3 dpan=+0.00 dtilt=+0.00 pan=-10.7 tilt=-0.5 err=4px DB
2026-06-27 20:22:32.785 [DEBUG] [marker_detector] ibvs eu=-4 ev=+0 eu_s=-3.9 ev_s=+0.2 dpan=+0.00 dtilt=+0.00 pan=-10.7 tilt=-0.5 err=4px DB
2026-06-27 20:22:32.876 [DEBUG] [marker_detector] ibvs eu=-4 ev=+0 eu_s=-3.9 ev_s=+0.2 dpan=+0.00 dtilt=+0.00 pan=-10.7 tilt=-0.5 err=4px DB
2026-06-27 20:22:32.967 [DEBUG] [marker_detector] ibvs eu=-4 ev=+0 eu_s=-3.9 ev_s=+0.2 dpan=+0.00 dtilt=+0.00 pan=-10.7 tilt=-0.5 err=4px DB
2026-06-27 20:22:33.056 [DEBUG] [marker_detector] ibvs eu=-4 ev=+0 eu_s=-3.9 ev_s=+0.2 dpan=+0.00 dtilt=+0.00 pan=-10.7 tilt=-0.5 err=4px DB
2026-06-27 20:22:33.148 [DEBUG] [marker_detector] ibvs eu=-4 ev=+0 eu_s=-3.9 ev_s=+0.2 dpan=+0.00 dtilt=+0.00 pan=-10.7 tilt=-0.5 err=4px DB
2026-06-27 20:22:33.246 [DEBUG] [marker_detector] ibvs eu=-4 ev=+0 eu_s=-3.9 ev_s=+0.2 dpan=+0.00 dtilt=+0.00 pan=-10.7 tilt=-0.5 err=4px DB
2026-06-27 20:22:33.336 [DEBUG] [marker_detector] ibvs eu=-4 ev=+0 eu_s=-3.9 ev_s=+0.2 dpan=+0.00 dtilt=+0.00 pan=-10.7 tilt=-0.5 err=4px DB
2026-06-27 20:22:33.429 [DEBUG] [marker_detector] ibvs eu=-4 ev=+0 eu_s=-3.9 ev_s=+0.2 dpan=+0.00 dtilt=+0.00 pan=-10.7 tilt=-0.5 err=4px DB
2026-06-27 20:22:33.522 [DEBUG] [marker_detector] ibvs eu=-4 ev=+0 eu_s=-3.9 ev_s=+0.2 dpan=+0.00 dtilt=+0.00 pan=-10.7 tilt=-0.5 err=4px DB
2026-06-27 20:22:33.622 [DEBUG] [marker_detector] ibvs eu=-4 ev=+0 eu_s=-3.9 ev_s=+0.3 dpan=+0.00 dtilt=+0.00 pan=-10.7 tilt=-0.5 err=4px DB
2026-06-27 20:22:33.717 [DEBUG] [marker_detector] ibvs eu=-4 ev=+0 eu_s=-3.9 ev_s=+0.3 dpan=+0.00 dtilt=+0.00 pan=-10.7 tilt=-0.5 err=4px DB
2026-06-27 20:22:33.809 [DEBUG] [marker_detector] ibvs eu=-4 ev=+0 eu_s=-3.8 ev_s=+0.2 dpan=+0.00 dtilt=+0.00 pan=-10.7 tilt=-0.5 err=4px DB
2026-06-27 20:22:33.902 [DEBUG] [marker_detector] ibvs eu=-4 ev=+0 eu_s=-3.9 ev_s=+0.2 dpan=+0.00 dtilt=+0.00 pan=-10.7 tilt=-0.5 err=4px DB
2026-06-27 20:22:33.996 [DEBUG] [marker_detector] ibvs eu=-4 ev=+0 eu_s=-3.9 ev_s=+0.2 dpan=+0.00 dtilt=+0.00 pan=-10.7 tilt=-0.5 err=4px DB
2026-06-27 20:22:34.095 [DEBUG] [marker_detector] ibvs eu=-4 ev=+0 eu_s=-3.9 ev_s=+0.2 dpan=+0.00 dtilt=+0.00 pan=-10.7 tilt=-0.5 err=4px DB
2026-06-27 20:22:34.189 [DEBUG] [marker_detector] ibvs eu=-4 ev=+0 eu_s=-3.9 ev_s=+0.2 dpan=+0.00 dtilt=+0.00 pan=-10.7 tilt=-0.5 err=4px DB
2026-06-27 20:22:34.283 [DEBUG] [marker_detector] ibvs eu=-4 ev=+0 eu_s=-4.0 ev_s=+0.2 dpan=+0.00 dtilt=+0.00 pan=-10.7 tilt=-0.5 err=4px DB
2026-06-27 20:22:34.376 [DEBUG] [marker_detector] ibvs eu=-4 ev=+0 eu_s=-3.9 ev_s=+0.2 dpan=+0.00 dtilt=+0.00 pan=-10.7 tilt=-0.5 err=4px DB
2026-06-27 20:22:34.469 [DEBUG] [marker_detector] ibvs eu=-4 ev=+0 eu_s=-3.9 ev_s=+0.2 dpan=+0.00 dtilt=+0.00 pan=-10.7 tilt=-0.5 err=4px DB
2026-06-27 20:22:34.560 [DEBUG] [marker_detector] ibvs eu=-4 ev=+0 eu_s=-3.9 ev_s=+0.2 dpan=+0.00 dtilt=+0.00 pan=-10.7 tilt=-0.5 err=4px DB
2026-06-27 20:22:34.652 [DEBUG] [marker_detector] ibvs eu=-4 ev=+0 eu_s=-3.9 ev_s=+0.2 dpan=+0.00 dtilt=+0.00 pan=-10.7 tilt=-0.5 err=4px DB
2026-06-27 20:22:34.744 [DEBUG] [marker_detector] ibvs eu=-4 ev=+0 eu_s=-3.9 ev_s=+0.3 dpan=+0.00 dtilt=+0.00 pan=-10.7 tilt=-0.5 err=4px DB
2026-06-27 20:22:34.834 [DEBUG] [marker_detector] ibvs eu=-4 ev=+0 eu_s=-3.9 ev_s=+0.2 dpan=+0.00 dtilt=+0.00 pan=-10.7 tilt=-0.5 err=4px DB
2026-06-27 20:22:34.926 [DEBUG] [marker_detector] ibvs eu=-4 ev=+0 eu_s=-3.8 ev_s=+0.2 dpan=+0.00 dtilt=+0.00 pan=-10.7 tilt=-0.5 err=4px DB
2026-06-27 20:22:35.016 [DEBUG] [marker_detector] ibvs eu=-4 ev=+0 eu_s=-3.9 ev_s=+0.2 dpan=+0.00 dtilt=+0.00 pan=-10.7 tilt=-0.5 err=4px DB
2026-06-27 20:22:35.109 [DEBUG] [marker_detector] ibvs eu=-4 ev=+0 eu_s=-3.9 ev_s=+0.3 dpan=+0.00 dtilt=+0.00 pan=-10.7 tilt=-0.5 err=4px DB
2026-06-27 20:22:35.203 [DEBUG] [marker_detector] ibvs eu=-4 ev=+1 eu_s=-3.8 ev_s=+0.5 dpan=+0.00 dtilt=+0.00 pan=-10.7 tilt=-0.5 err=4px DB
2026-06-27 20:22:35.297 [DEBUG] [marker_detector] ibvs eu=-4 ev=+0 eu_s=-3.9 ev_s=+0.1 dpan=+0.00 dtilt=+0.00 pan=-10.7 tilt=-0.5 err=4px DB
2026-06-27 20:22:35.389 [DEBUG] [marker_detector] ibvs eu=-4 ev=+0 eu_s=-3.9 ev_s=+0.3 dpan=+0.00 dtilt=+0.00 pan=-10.7 tilt=-0.5 err=4px DB
2026-06-27 20:22:35.484 [DEBUG] [marker_detector] ibvs eu=-4 ev=+0 eu_s=-3.9 ev_s=+0.2 dpan=+0.00 dtilt=+0.00 pan=-10.7 tilt=-0.5 err=4px DB
2026-06-27 20:22:35.577 [DEBUG] [marker_detector] ibvs eu=-4 ev=+0 eu_s=-3.9 ev_s=+0.2 dpan=+0.00 dtilt=+0.00 pan=-10.7 tilt=-0.5 err=4px DB
2026-06-27 20:22:35.667 [DEBUG] [marker_detector] ibvs eu=-4 ev=+0 eu_s=-3.9 ev_s=+0.2 dpan=+0.00 dtilt=+0.00 pan=-10.7 tilt=-0.5 err=4px DB
2026-06-27 20:22:35.757 [DEBUG] [marker_detector] ibvs eu=-4 ev=+0 eu_s=-3.9 ev_s=+0.2 dpan=+0.00 dtilt=+0.00 pan=-10.7 tilt=-0.5 err=4px DB
2026-06-27 20:22:35.849 [DEBUG] [marker_detector] ibvs eu=-4 ev=+0 eu_s=-4.0 ev_s=+0.2 dpan=+0.00 dtilt=+0.00 pan=-10.7 tilt=-0.5 err=4px DB
2026-06-27 20:22:35.942 [DEBUG] [marker_detector] ibvs eu=-4 ev=+0 eu_s=-3.9 ev_s=+0.2 dpan=+0.00 dtilt=+0.00 pan=-10.7 tilt=-0.5 err=4px DB
2026-06-27 20:22:36.039 [DEBUG] [marker_detector] ibvs eu=-4 ev=+0 eu_s=-3.9 ev_s=+0.2 dpan=+0.00 dtilt=+0.00 pan=-10.7 tilt=-0.5 err=4px DB
2026-06-27 20:22:36.132 [DEBUG] [marker_detector] ibvs eu=-4 ev=+0 eu_s=-3.9 ev_s=+0.2 dpan=+0.00 dtilt=+0.00 pan=-10.7 tilt=-0.5 err=4px DB
2026-06-27 20:22:36.224 [DEBUG] [marker_detector] ibvs eu=-4 ev=+0 eu_s=-3.9 ev_s=+0.1 dpan=+0.00 dtilt=+0.00 pan=-10.7 tilt=-0.5 err=4px DB
2026-06-27 20:22:36.316 [DEBUG] [marker_detector] ibvs eu=-4 ev=+0 eu_s=-3.9 ev_s=+0.2 dpan=+0.00 dtilt=+0.00 pan=-10.7 tilt=-0.5 err=4px DB
2026-06-27 20:22:36.411 [DEBUG] [marker_detector] ibvs eu=-4 ev=+0 eu_s=-3.9 ev_s=+0.3 dpan=+0.00 dtilt=+0.00 pan=-10.7 tilt=-0.5 err=4px DB
2026-06-27 20:22:36.506 [DEBUG] [marker_detector] ibvs eu=-4 ev=+0 eu_s=-3.9 ev_s=+0.2 dpan=+0.00 dtilt=+0.00 pan=-10.7 tilt=-0.5 err=4px DB
2026-06-27 20:22:36.599 [DEBUG] [marker_detector] ibvs eu=-4 ev=+0 eu_s=-3.9 ev_s=+0.1 dpan=+0.00 dtilt=+0.00 pan=-10.7 tilt=-0.5 err=4px DB
2026-06-27 20:22:36.694 [DEBUG] [marker_detector] ibvs eu=-4 ev=+0 eu_s=-3.9 ev_s=+0.2 dpan=+0.00 dtilt=+0.00 pan=-10.7 tilt=-0.5 err=4px DB
2026-06-27 20:22:36.788 [DEBUG] [marker_detector] ibvs eu=-4 ev=-0 eu_s=-3.9 ev_s=-0.3 dpan=+0.00 dtilt=+0.00 pan=-10.7 tilt=-0.5 err=4px DB
2026-06-27 20:22:36.883 [DEBUG] [marker_detector] ibvs eu=-4 ev=-5 eu_s=-4.0 ev_s=-4.4 dpan=+0.00 dtilt=+0.00 pan=-10.7 tilt=-0.5 err=6px DB
2026-06-27 20:22:36.979 [DEBUG] [marker_detector] ibvs eu=-3 ev=-16 eu_s=-2.9 ev_s=-14.1 dpan=-0.03 dtilt=+0.16 pan=-10.8 tilt=-0.3 err=16px
2026-06-27 20:22:37.075 [DEBUG] [marker_detector] ibvs eu=-0 ev=-17 eu_s=-0.7 ev_s=-16.8 dpan=-0.01 dtilt=+0.29 pan=-10.8 tilt=0.2 err=17px
2026-06-27 20:22:37.171 [DEBUG] [marker_detector] ibvs eu=+1 ev=-14 eu_s=+0.6 ev_s=-14.0 dpan=+0.01 dtilt=+0.14 pan=-10.8 tilt=0.6 err=14px
2026-06-27 20:22:37.268 [DEBUG] [marker_detector] ibvs eu=+5 ev=-9 eu_s=+4.6 ev_s=-9.0 dpan=+0.00 dtilt=+0.00 pan=-10.8 tilt=0.6 err=10px DB
2026-06-27 20:22:37.363 [DEBUG] [marker_detector] ibvs eu=+10 ev=-17 eu_s=+9.5 ev_s=-16.4 dpan=+0.21 dtilt=+0.37 pan=-10.5 tilt=1.1 err=20px
2026-06-27 20:22:37.456 [DEBUG] [marker_detector] ibvs eu=+13 ev=-32 eu_s=+12.5 ev_s=-30.2 dpan=+0.62 dtilt=+1.51 pan=-9.4 tilt=3.7 err=34px
2026-06-27 20:22:37.548 [DEBUG] [marker_detector] ibvs eu=+13 ev=-35 eu_s=+13.1 ev_s=-34.5 dpan=+0.65 dtilt=+1.73 pan=-8.0 tilt=7.0 err=38px
2026-06-27 20:22:37.592 [DEBUG] [marker_detector] ibvs tag_lost timer start pan=-8.0 tilt=7.0
2026-06-27 20:22:37.683 [DEBUG] [marker_detector] ibvs eu=-1 ev=-11 eu_s=+0.2 ev_s=-13.7 dpan=+0.00 dtilt=+0.13 pan=-7.9 tilt=7.8 err=11px
2026-06-27 20:22:37.765 [DEBUG] [marker_detector] ibvs eu=-2 ev=-28 eu_s=-2.2 ev_s=-26.3 dpan=-0.09 dtilt=+1.08 pan=-8.0 tilt=9.4 err=28px
2026-06-27 20:22:37.861 [DEBUG] [marker_detector] ibvs eu=-11 ev=-48 eu_s=-10.5 ev_s=-46.1 dpan=-0.52 dtilt=+2.00 pan=-8.9 tilt=13.3 err=49px
2026-06-27 20:22:37.951 [DEBUG] [marker_detector] ibvs eu=-15 ev=-26 eu_s=-14.9 ev_s=-29.3 dpan=-0.75 dtilt=+1.46 pan=-10.3 tilt=16.7 err=30px
2026-06-27 20:22:38.000 [DEBUG] [marker_detector] ibvs tag_lost timer start pan=-10.3 tilt=16.7
2026-06-27 20:22:38.087 [DEBUG] [marker_detector] ibvs eu=-8 ev=+4 eu_s=-8.7 ev_s=+2.4 dpan=+0.00 dtilt=+0.00 pan=-10.4 tilt=16.8 err=9px DB
2026-06-27 20:22:38.174 [DEBUG] [marker_detector] ibvs eu=-7 ev=+3 eu_s=-6.9 ev_s=+2.7 dpan=+0.00 dtilt=+0.00 pan=-10.4 tilt=16.8 err=7px DB
2026-06-27 20:22:38.259 [DEBUG] [marker_detector] ibvs eu=-4 ev=+4 eu_s=-4.0 ev_s=+3.7 dpan=+0.00 dtilt=+0.00 pan=-10.4 tilt=16.8 err=5px DB
2026-06-27 20:22:38.393 [DEBUG] [marker_detector] ibvs eu=+7 ev=+12 eu_s=+5.3 ev_s=+10.8 dpan=+0.03 dtilt=-0.06 pan=-10.4 tilt=16.7 err=14px
2026-06-27 20:22:38.479 [DEBUG] [marker_detector] ibvs eu=+14 ev=+22 eu_s=+13.0 ev_s=+20.8 dpan=+0.47 dtilt=-0.75 pan=-9.8 tilt=15.7 err=26px
2026-06-27 20:22:38.584 [DEBUG] [marker_detector] ibvs eu=+17 ev=+29 eu_s=+16.6 ev_s=+28.1 dpan=+0.83 dtilt=-1.40 pan=-8.2 tilt=13.1 err=34px
2026-06-27 20:22:38.704 [DEBUG] [marker_detector] ibvs tag_lost timer start pan=-7.3 tilt=11.4
2026-06-27 20:22:38.743 [DEBUG] [marker_detector] ibvs eu=+11 ev=+31 eu_s=+12.1 ev_s=+31.9 dpan=+0.61 dtilt=-1.60 pan=-6.7 tilt=9.8 err=33px
2026-06-27 20:22:38.785 [DEBUG] [marker_detector] ibvs tag_lost timer start pan=-6.7 tilt=9.8
2026-06-27 20:22:38.940 [DEBUG] [marker_detector] ibvs eu=-5 ev=+5 eu_s=-3.4 ev_s=+8.2 dpan=+0.00 dtilt=+0.00 pan=-6.7 tilt=9.2 err=7px DB
2026-06-27 20:22:39.024 [DEBUG] [marker_detector] ibvs eu=-11 ev=+6 eu_s=-10.3 ev_s=+6.7 dpan=-0.06 dtilt=-0.04 pan=-6.8 tilt=9.1 err=12px
2026-06-27 20:22:39.113 [DEBUG] [marker_detector] ibvs eu=-18 ev=+15 eu_s=-16.9 ev_s=+13.7 dpan=-0.50 dtilt=-0.40 pan=-7.5 tilt=8.5 err=23px
2026-06-27 20:22:39.253 [DEBUG] [marker_detector] ibvs eu=-25 ev=+26 eu_s=-24.2 ev_s=+24.9 dpan=-1.21 dtilt=-1.24 pan=-9.7 tilt=6.3 err=36px
2026-06-27 20:22:39.339 [DEBUG] [marker_detector] ibvs eu=-25 ev=+20 eu_s=-25.1 ev_s=+20.8 dpan=-1.26 dtilt=-1.04 pan=-12.3 tilt=4.1 err=32px
2026-06-27 20:22:39.441 [DEBUG] [marker_detector] ibvs tag_lost timer start pan=-12.9 tilt=3.4
2026-06-27 20:22:39.504 [DEBUG] [marker_detector] ibvs eu=+1 ev=+2 eu_s=-2.6 ev_s=+5.6 dpan=+0.00 dtilt=+0.00 pan=-12.9 tilt=3.4 err=3px DB
2026-06-27 20:22:39.593 [DEBUG] [marker_detector] ibvs eu=+5 ev=+8 eu_s=+5.0 ev_s=+7.8 dpan=+0.00 dtilt=+0.00 pan=-12.9 tilt=3.4 err=10px DB
2026-06-27 20:22:39.687 [DEBUG] [marker_detector] ibvs eu=+3 ev=+17 eu_s=+3.1 ev_s=+16.0 dpan=+0.05 dtilt=-0.25 pan=-12.9 tilt=3.1 err=17px
2026-06-27 20:22:39.776 [DEBUG] [marker_detector] ibvs eu=+2 ev=+27 eu_s=+2.0 ev_s=+25.2 dpan=+0.08 dtilt=-0.97 pan=-12.7 tilt=1.6 err=27px
2026-06-27 20:22:39.862 [DEBUG] [marker_detector] ibvs eu=+2 ev=+22 eu_s=+2.2 ev_s=+21.7 dpan=+0.06 dtilt=-0.64 pan=-12.6 tilt=0.3 err=22px
2026-06-27 20:22:39.957 [DEBUG] [marker_detector] ibvs eu=+3 ev=+18 eu_s=+2.6 ev_s=+17.5 dpan=+0.05 dtilt=-0.34 pan=-12.5 tilt=-0.2 err=18px
2026-06-27 20:22:40.044 [DEBUG] [marker_detector] ibvs eu=+3 ev=+9 eu_s=+3.2 ev_s=+10.7 dpan=+0.01 dtilt=-0.03 pan=-12.4 tilt=-0.7 err=9px
2026-06-27 20:22:40.132 [DEBUG] [marker_detector] ibvs eu=+3 ev=-1 eu_s=+3.0 ev_s=+1.2 dpan=+0.00 dtilt=+0.00 pan=-12.4 tilt=-0.7 err=3px DB
2026-06-27 20:22:40.220 [DEBUG] [marker_detector] ibvs eu=+3 ev=+2 eu_s=+3.0 ev_s=+1.6 dpan=+0.00 dtilt=+0.00 pan=-12.4 tilt=-0.7 err=3px DB
2026-06-27 20:22:40.311 [DEBUG] [marker_detector] ibvs eu=+3 ev=+2 eu_s=+2.8 ev_s=+1.8 dpan=+0.00 dtilt=+0.00 pan=-12.4 tilt=-0.7 err=3px DB
2026-06-27 20:22:40.402 [DEBUG] [marker_detector] ibvs eu=+3 ev=+2 eu_s=+2.6 ev_s=+2.3 dpan=+0.00 dtilt=+0.00 pan=-12.4 tilt=-0.7 err=3px DB
2026-06-27 20:22:40.496 [DEBUG] [marker_detector] ibvs eu=+2 ev=+2 eu_s=+2.1 ev_s=+2.5 dpan=+0.00 dtilt=+0.00 pan=-12.4 tilt=-0.7 err=3px DB
2026-06-27 20:22:40.599 [DEBUG] [marker_detector] ibvs eu=+2 ev=+3 eu_s=+1.9 ev_s=+3.0 dpan=+0.00 dtilt=+0.00 pan=-12.4 tilt=-0.7 err=4px DB
2026-06-27 20:22:40.697 [DEBUG] [marker_detector] ibvs eu=+2 ev=+3 eu_s=+1.9 ev_s=+3.0 dpan=+0.00 dtilt=+0.00 pan=-12.4 tilt=-0.7 err=4px DB
2026-06-27 20:22:40.790 [DEBUG] [marker_detector] ibvs eu=+2 ev=+3 eu_s=+2.1 ev_s=+3.2 dpan=+0.00 dtilt=+0.00 pan=-12.4 tilt=-0.7 err=4px DB
2026-06-27 20:22:40.879 [DEBUG] [marker_detector] ibvs eu=+2 ev=+3 eu_s=+2.2 ev_s=+3.4 dpan=+0.00 dtilt=+0.00 pan=-12.4 tilt=-0.7 err=4px DB
2026-06-27 20:22:40.971 [DEBUG] [marker_detector] ibvs eu=+2 ev=+3 eu_s=+2.2 ev_s=+3.4 dpan=+0.00 dtilt=+0.00 pan=-12.4 tilt=-0.7 err=4px DB
2026-06-27 20:22:41.063 [DEBUG] [marker_detector] ibvs eu=+2 ev=+3 eu_s=+2.3 ev_s=+3.4 dpan=+0.00 dtilt=+0.00 pan=-12.4 tilt=-0.7 err=4px DB
2026-06-27 20:22:41.153 [DEBUG] [marker_detector] ibvs eu=+2 ev=+3 eu_s=+2.3 ev_s=+3.3 dpan=+0.00 dtilt=+0.00 pan=-12.4 tilt=-0.7 err=4px DB
2026-06-27 20:22:41.255 [DEBUG] [marker_detector] ibvs eu=+2 ev=+3 eu_s=+1.9 ev_s=+3.2 dpan=+0.00 dtilt=+0.00 pan=-12.4 tilt=-0.7 err=4px DB
2026-06-27 20:22:41.346 [DEBUG] [marker_detector] ibvs eu=+2 ev=+2 eu_s=+1.6 ev_s=+2.0 dpan=+0.00 dtilt=+0.00 pan=-12.4 tilt=-0.7 err=2px DB
2026-06-27 20:22:41.460 [DEBUG] [marker_detector] ibvs eu=+2 ev=+0 eu_s=+2.2 ev_s=+0.4 dpan=+0.00 dtilt=+0.00 pan=-12.4 tilt=-0.7 err=2px DB
2026-06-27 20:22:41.577 [DEBUG] [marker_detector] ibvs eu=+3 ev=+1 eu_s=+3.1 ev_s=+0.8 dpan=+0.00 dtilt=+0.00 pan=-12.4 tilt=-0.7 err=3px DB
2026-06-27 20:22:41.669 [DEBUG] [marker_detector] ibvs eu=+5 ev=+1 eu_s=+4.5 ev_s=+0.7 dpan=+0.00 dtilt=+0.00 pan=-12.4 tilt=-0.7 err=5px DB
2026-06-27 20:22:41.762 [DEBUG] [marker_detector] ibvs eu=+5 ev=+3 eu_s=+5.0 ev_s=+2.4 dpan=+0.00 dtilt=+0.00 pan=-12.4 tilt=-0.7 err=6px DB
2026-06-27 20:22:41.852 [DEBUG] [marker_detector] ibvs eu=+5 ev=+4 eu_s=+5.4 ev_s=+3.5 dpan=+0.00 dtilt=+0.00 pan=-12.4 tilt=-0.7 err=6px DB
2026-06-27 20:22:41.945 [DEBUG] [marker_detector] ibvs eu=+5 ev=+3 eu_s=+5.5 ev_s=+3.5 dpan=+0.00 dtilt=+0.00 pan=-12.4 tilt=-0.7 err=6px DB
2026-06-27 20:22:42.037 [DEBUG] [marker_detector] ibvs eu=+5 ev=+4 eu_s=+5.4 ev_s=+3.5 dpan=+0.00 dtilt=+0.00 pan=-12.4 tilt=-0.7 err=6px DB
2026-06-27 20:22:42.127 [DEBUG] [marker_detector] ibvs eu=+5 ev=+4 eu_s=+5.4 ev_s=+3.6 dpan=+0.00 dtilt=+0.00 pan=-12.4 tilt=-0.7 err=6px DB
2026-06-27 20:22:42.232 [DEBUG] [marker_detector] ibvs eu=+5 ev=+4 eu_s=+5.4 ev_s=+3.6 dpan=+0.00 dtilt=+0.00 pan=-12.4 tilt=-0.7 err=6px DB
2026-06-27 20:22:42.324 [DEBUG] [marker_detector] ibvs eu=+5 ev=+4 eu_s=+5.3 ev_s=+3.6 dpan=+0.00 dtilt=+0.00 pan=-12.4 tilt=-0.7 err=6px DB
2026-06-27 20:22:42.415 [DEBUG] [marker_detector] ibvs eu=+5 ev=+4 eu_s=+5.3 ev_s=+3.7 dpan=+0.00 dtilt=+0.00 pan=-12.4 tilt=-0.7 err=6px DB
2026-06-27 20:22:42.506 [DEBUG] [marker_detector] ibvs eu=+5 ev=+4 eu_s=+5.4 ev_s=+3.6 dpan=+0.00 dtilt=+0.00 pan=-12.4 tilt=-0.7 err=6px DB
2026-06-27 20:22:42.599 [DEBUG] [marker_detector] ibvs eu=+6 ev=+3 eu_s=+5.7 ev_s=+3.3 dpan=+0.00 dtilt=+0.00 pan=-12.4 tilt=-0.7 err=7px DB
2026-06-27 20:22:42.693 [DEBUG] [marker_detector] ibvs eu=+5 ev=+3 eu_s=+5.5 ev_s=+2.8 dpan=+0.00 dtilt=+0.00 pan=-12.4 tilt=-0.7 err=6px DB
2026-06-27 20:22:42.784 [DEBUG] [marker_detector] ibvs eu=+5 ev=+2 eu_s=+5.1 ev_s=+2.3 dpan=+0.00 dtilt=+0.00 pan=-12.4 tilt=-0.7 err=6px DB
2026-06-27 20:22:42.887 [DEBUG] [marker_detector] ibvs eu=+6 ev=+2 eu_s=+6.0 ev_s=+2.3 dpan=+0.00 dtilt=+0.00 pan=-12.4 tilt=-0.7 err=7px DB
2026-06-27 20:22:42.981 [DEBUG] [marker_detector] ibvs eu=+9 ev=+3 eu_s=+8.2 ev_s=+2.6 dpan=+0.00 dtilt=+0.00 pan=-12.4 tilt=-0.7 err=9px DB
2026-06-27 20:22:43.081 [DEBUG] [marker_detector] ibvs eu=+12 ev=+3 eu_s=+11.1 ev_s=+2.8 dpan=+0.04 dtilt=-0.01 pan=-12.4 tilt=-0.7 err=12px
2026-06-27 20:22:43.173 [DEBUG] [marker_detector] ibvs eu=+13 ev=+3 eu_s=+13.1 ev_s=+2.7 dpan=+0.11 dtilt=-0.02 pan=-12.2 tilt=-0.7 err=14px
2026-06-27 20:22:43.281 [DEBUG] [marker_detector] ibvs eu=+14 ev=+4 eu_s=+14.0 ev_s=+3.9 dpan=+0.16 dtilt=-0.04 pan=-11.9 tilt=-0.8 err=15px
2026-06-27 20:22:43.372 [DEBUG] [marker_detector] ibvs eu=+14 ev=+5 eu_s=+14.2 ev_s=+4.6 dpan=+0.17 dtilt=-0.06 pan=-11.6 tilt=-0.9 err=15px
2026-06-27 20:22:43.467 [DEBUG] [marker_detector] ibvs eu=+14 ev=+5 eu_s=+14.2 ev_s=+4.7 dpan=+0.18 dtilt=-0.06 pan=-11.2 tilt=-1.0 err=15px
2026-06-27 20:22:43.558 [DEBUG] [marker_detector] ibvs eu=+8 ev=+5 eu_s=+9.5 ev_s=+4.6 dpan=+0.00 dtilt=+0.00 pan=-11.1 tilt=-1.1 err=10px DB
2026-06-27 20:22:43.648 [DEBUG] [marker_detector] ibvs eu=+8 ev=+5 eu_s=+8.3 ev_s=+4.7 dpan=+0.00 dtilt=+0.00 pan=-11.1 tilt=-1.1 err=9px DB
2026-06-27 20:22:43.740 [DEBUG] [marker_detector] ibvs eu=+8 ev=+4 eu_s=+8.1 ev_s=+4.5 dpan=+0.00 dtilt=+0.00 pan=-11.1 tilt=-1.1 err=9px DB
2026-06-27 20:22:43.830 [DEBUG] [marker_detector] ibvs eu=+8 ev=+5 eu_s=+8.2 ev_s=+4.7 dpan=+0.00 dtilt=+0.00 pan=-11.1 tilt=-1.1 err=9px DB
2026-06-27 20:22:43.935 [DEBUG] [marker_detector] ibvs eu=+8 ev=+5 eu_s=+8.0 ev_s=+4.5 dpan=+0.00 dtilt=+0.00 pan=-11.1 tilt=-1.1 err=9px DB
2026-06-27 20:22:44.022 [DEBUG] [marker_detector] ibvs eu=+8 ev=+5 eu_s=+8.0 ev_s=+4.5 dpan=+0.00 dtilt=+0.00 pan=-11.1 tilt=-1.1 err=9px DB
2026-06-27 20:22:44.111 [DEBUG] [marker_detector] ibvs eu=+8 ev=+4 eu_s=+8.0 ev_s=+4.5 dpan=+0.00 dtilt=+0.00 pan=-11.1 tilt=-1.1 err=9px DB
2026-06-27 20:22:44.200 [DEBUG] [marker_detector] ibvs eu=+8 ev=+5 eu_s=+8.0 ev_s=+4.5 dpan=+0.00 dtilt=+0.00 pan=-11.1 tilt=-1.1 err=9px DB
2026-06-27 20:22:44.289 [DEBUG] [marker_detector] ibvs eu=+8 ev=+5 eu_s=+8.0 ev_s=+4.6 dpan=+0.00 dtilt=+0.00 pan=-11.1 tilt=-1.1 err=9px DB
2026-06-27 20:22:44.378 [DEBUG] [marker_detector] ibvs eu=+8 ev=+5 eu_s=+8.0 ev_s=+4.5 dpan=+0.00 dtilt=+0.00 pan=-11.1 tilt=-1.1 err=9px DB
2026-06-27 20:22:44.466 [DEBUG] [marker_detector] ibvs eu=+8 ev=+5 eu_s=+8.1 ev_s=+4.7 dpan=+0.00 dtilt=+0.00 pan=-11.1 tilt=-1.1 err=9px DB
2026-06-27 20:22:44.552 [DEBUG] [marker_detector] ibvs eu=+8 ev=+5 eu_s=+8.0 ev_s=+4.7 dpan=+0.00 dtilt=+0.00 pan=-11.1 tilt=-1.1 err=9px DB
2026-06-27 20:22:44.639 [DEBUG] [marker_detector] ibvs eu=+8 ev=+5 eu_s=+8.1 ev_s=+4.6 dpan=+0.00 dtilt=+0.00 pan=-11.1 tilt=-1.1 err=9px DB
2026-06-27 20:22:44.725 [DEBUG] [marker_detector] ibvs eu=+8 ev=+5 eu_s=+8.0 ev_s=+4.5 dpan=+0.00 dtilt=+0.00 pan=-11.1 tilt=-1.1 err=9px DB
2026-06-27 20:22:44.810 [DEBUG] [marker_detector] ibvs eu=+8 ev=+5 eu_s=+8.0 ev_s=+4.6 dpan=+0.00 dtilt=+0.00 pan=-11.1 tilt=-1.1 err=9px DB
2026-06-27 20:22:44.898 [DEBUG] [marker_detector] ibvs eu=+8 ev=+5 eu_s=+8.0 ev_s=+4.6 dpan=+0.00 dtilt=+0.00 pan=-11.1 tilt=-1.1 err=9px DB
2026-06-27 20:22:44.983 [DEBUG] [marker_detector] ibvs tag_lost timer start pan=-11.1 tilt=-1.1
2026-06-27 20:22:46.666 [DEBUG] [marker_detector] ibvs eu=+8 ev=+5 eu_s=+8.0 ev_s=+4.6 dpan=+0.00 dtilt=+0.00 pan=-11.1 tilt=-1.1 err=9px DB
2026-06-27 20:22:46.764 [DEBUG] [marker_detector] ibvs eu=+8 ev=+5 eu_s=+7.9 ev_s=+4.7 dpan=+0.00 dtilt=+0.00 pan=-11.1 tilt=-1.1 err=9px DB
2026-06-27 20:22:46.854 [DEBUG] [marker_detector] ibvs eu=+8 ev=+5 eu_s=+8.0 ev_s=+4.6 dpan=+0.00 dtilt=+0.00 pan=-11.1 tilt=-1.1 err=9px DB
2026-06-27 20:22:46.946 [DEBUG] [marker_detector] ibvs eu=+8 ev=+5 eu_s=+8.1 ev_s=+4.7 dpan=+0.00 dtilt=+0.00 pan=-11.1 tilt=-1.1 err=9px DB
2026-06-27 20:22:47.041 [DEBUG] [marker_detector] ibvs eu=+8 ev=+5 eu_s=+8.1 ev_s=+4.7 dpan=+0.00 dtilt=+0.00 pan=-11.1 tilt=-1.1 err=9px DB
2026-06-27 20:22:47.129 [DEBUG] [marker_detector] ibvs eu=+8 ev=+5 eu_s=+8.1 ev_s=+4.7 dpan=+0.00 dtilt=+0.00 pan=-11.1 tilt=-1.1 err=9px DB
2026-06-27 20:22:47.217 [DEBUG] [marker_detector] ibvs eu=+8 ev=+5 eu_s=+8.1 ev_s=+4.7 dpan=+0.00 dtilt=+0.00 pan=-11.1 tilt=-1.1 err=9px DB
2026-06-27 20:22:47.305 [DEBUG] [marker_detector] ibvs eu=+8 ev=+5 eu_s=+8.1 ev_s=+4.6 dpan=+0.00 dtilt=+0.00 pan=-11.1 tilt=-1.1 err=9px DB
2026-06-27 20:22:47.393 [DEBUG] [marker_detector] ibvs eu=+8 ev=+5 eu_s=+8.1 ev_s=+4.6 dpan=+0.00 dtilt=+0.00 pan=-11.1 tilt=-1.1 err=9px DB
2026-06-27 20:22:47.491 [DEBUG] [marker_detector] ibvs eu=+8 ev=+5 eu_s=+7.8 ev_s=+4.7 dpan=+0.00 dtilt=+0.00 pan=-11.1 tilt=-1.1 err=9px DB
2026-06-27 20:22:47.583 [DEBUG] [marker_detector] ibvs eu=+8 ev=+5 eu_s=+7.9 ev_s=+4.7 dpan=+0.00 dtilt=+0.00 pan=-11.1 tilt=-1.1 err=9px DB
2026-06-27 20:22:47.682 [DEBUG] [marker_detector] ibvs eu=+8 ev=+5 eu_s=+8.0 ev_s=+4.7 dpan=+0.00 dtilt=+0.00 pan=-11.1 tilt=-1.1 err=9px DB
2026-06-27 20:22:47.775 [DEBUG] [marker_detector] ibvs eu=+8 ev=+5 eu_s=+8.0 ev_s=+4.7 dpan=+0.00 dtilt=+0.00 pan=-11.1 tilt=-1.1 err=9px DB
2026-06-27 20:22:47.869 [DEBUG] [marker_detector] ibvs eu=+8 ev=+5 eu_s=+7.9 ev_s=+4.6 dpan=+0.00 dtilt=+0.00 pan=-11.1 tilt=-1.1 err=9px DB
2026-06-27 20:22:47.963 [DEBUG] [marker_detector] ibvs eu=+8 ev=+5 eu_s=+7.9 ev_s=+4.6 dpan=+0.00 dtilt=+0.00 pan=-11.1 tilt=-1.1 err=9px DB
2026-06-27 20:22:48.059 [DEBUG] [marker_detector] ibvs eu=+8 ev=+5 eu_s=+8.0 ev_s=+4.7 dpan=+0.00 dtilt=+0.00 pan=-11.1 tilt=-1.1 err=9px DB
2026-06-27 20:22:48.165 [DEBUG] [marker_detector] ibvs eu=+8 ev=+5 eu_s=+7.9 ev_s=+4.7 dpan=+0.00 dtilt=+0.00 pan=-11.1 tilt=-1.1 err=9px DB
2026-06-27 20:22:48.258 [DEBUG] [marker_detector] ibvs eu=+8 ev=+5 eu_s=+8.0 ev_s=+4.8 dpan=+0.00 dtilt=+0.00 pan=-11.1 tilt=-1.1 err=9px DB
2026-06-27 20:22:48.355 [DEBUG] [marker_detector] ibvs eu=+8 ev=+5 eu_s=+8.0 ev_s=+4.7 dpan=+0.00 dtilt=+0.00 pan=-11.1 tilt=-1.1 err=9px DB
2026-06-27 20:22:48.447 [DEBUG] [marker_detector] ibvs eu=+8 ev=+5 eu_s=+7.9 ev_s=+4.6 dpan=+0.00 dtilt=+0.00 pan=-11.1 tilt=-1.1 err=9px DB
2026-06-27 20:22:48.551 [DEBUG] [marker_detector] ibvs eu=+8 ev=+5 eu_s=+7.8 ev_s=+4.7 dpan=+0.00 dtilt=+0.00 pan=-11.1 tilt=-1.1 err=9px DB
2026-06-27 20:22:48.646 [DEBUG] [marker_detector] ibvs eu=+8 ev=+5 eu_s=+7.9 ev_s=+4.7 dpan=+0.00 dtilt=+0.00 pan=-11.1 tilt=-1.1 err=9px DB
2026-06-27 20:22:48.740 [DEBUG] [marker_detector] ibvs eu=+8 ev=+5 eu_s=+7.9 ev_s=+4.7 dpan=+0.00 dtilt=+0.00 pan=-11.1 tilt=-1.1 err=9px DB
2026-06-27 20:22:48.832 [DEBUG] [marker_detector] ibvs eu=+8 ev=+5 eu_s=+7.8 ev_s=+4.7 dpan=+0.00 dtilt=+0.00 pan=-11.1 tilt=-1.1 err=9px DB
2026-06-27 20:22:48.924 [DEBUG] [marker_detector] ibvs eu=+8 ev=+5 eu_s=+7.8 ev_s=+4.7 dpan=+0.00 dtilt=+0.00 pan=-11.1 tilt=-1.1 err=9px DB
2026-06-27 20:22:49.030 [DEBUG] [marker_detector] ibvs eu=+8 ev=+5 eu_s=+7.9 ev_s=+4.7 dpan=+0.00 dtilt=+0.00 pan=-11.1 tilt=-1.1 err=9px DB
2026-06-27 20:22:49.120 [DEBUG] [marker_detector] ibvs eu=+8 ev=+5 eu_s=+7.9 ev_s=+4.7 dpan=+0.00 dtilt=+0.00 pan=-11.1 tilt=-1.1 err=9px DB
2026-06-27 20:22:49.215 [DEBUG] [marker_detector] ibvs eu=+8 ev=+5 eu_s=+7.8 ev_s=+4.6 dpan=+0.00 dtilt=+0.00 pan=-11.1 tilt=-1.1 err=9px DB
2026-06-27 20:22:49.307 [DEBUG] [marker_detector] ibvs eu=+8 ev=+5 eu_s=+7.8 ev_s=+4.7 dpan=+0.00 dtilt=+0.00 pan=-11.1 tilt=-1.1 err=9px DB
2026-06-27 20:22:49.400 [DEBUG] [marker_detector] ibvs eu=+8 ev=+5 eu_s=+7.9 ev_s=+4.7 dpan=+0.00 dtilt=+0.00 pan=-11.1 tilt=-1.1 err=9px DB
2026-06-27 20:22:49.495 [DEBUG] [marker_detector] ibvs eu=+8 ev=+5 eu_s=+7.9 ev_s=+4.7 dpan=+0.00 dtilt=+0.00 pan=-11.1 tilt=-1.1 err=9px DB
2026-06-27 20:22:49.588 [DEBUG] [marker_detector] ibvs eu=+8 ev=+5 eu_s=+7.8 ev_s=+4.7 dpan=+0.00 dtilt=+0.00 pan=-11.1 tilt=-1.1 err=9px DB
2026-06-27 20:22:49.697 [DEBUG] [marker_detector] ibvs eu=+8 ev=+5 eu_s=+7.8 ev_s=+4.7 dpan=+0.00 dtilt=+0.00 pan=-11.1 tilt=-1.1 err=9px DB
2026-06-27 20:22:49.791 [DEBUG] [marker_detector] ibvs eu=+8 ev=+5 eu_s=+7.9 ev_s=+4.7 dpan=+0.00 dtilt=+0.00 pan=-11.1 tilt=-1.1 err=9px DB
2026-06-27 20:22:49.883 [DEBUG] [marker_detector] ibvs eu=+8 ev=+5 eu_s=+7.9 ev_s=+4.6 dpan=+0.00 dtilt=+0.00 pan=-11.1 tilt=-1.1 err=9px DB
2026-06-27 20:22:49.975 [DEBUG] [marker_detector] ibvs eu=+8 ev=+5 eu_s=+7.9 ev_s=+4.7 dpan=+0.00 dtilt=+0.00 pan=-11.1 tilt=-1.1 err=9px DB
2026-06-27 20:22:50.082 [DEBUG] [marker_detector] ibvs eu=+8 ev=+5 eu_s=+7.9 ev_s=+4.7 dpan=+0.00 dtilt=+0.00 pan=-11.1 tilt=-1.1 err=9px DB
2026-06-27 20:22:50.177 [DEBUG] [marker_detector] ibvs eu=+8 ev=+5 eu_s=+7.8 ev_s=+4.7 dpan=+0.00 dtilt=+0.00 pan=-11.1 tilt=-1.1 err=9px DB
2026-06-27 20:22:50.271 [DEBUG] [marker_detector] ibvs eu=+8 ev=+5 eu_s=+7.9 ev_s=+4.8 dpan=+0.00 dtilt=+0.00 pan=-11.1 tilt=-1.1 err=9px DB
2026-06-27 20:22:50.362 [DEBUG] [marker_detector] ibvs eu=+8 ev=+5 eu_s=+7.9 ev_s=+4.8 dpan=+0.00 dtilt=+0.00 pan=-11.1 tilt=-1.1 err=9px DB
2026-06-27 20:22:50.456 [DEBUG] [marker_detector] ibvs eu=+8 ev=+5 eu_s=+7.8 ev_s=+4.7 dpan=+0.00 dtilt=+0.00 pan=-11.1 tilt=-1.1 err=9px DB
2026-06-27 20:22:50.560 [DEBUG] [marker_detector] ibvs eu=+8 ev=+5 eu_s=+7.8 ev_s=+4.7 dpan=+0.00 dtilt=+0.00 pan=-11.1 tilt=-1.1 err=9px DB
2026-06-27 20:22:50.652 [DEBUG] [marker_detector] ibvs eu=+8 ev=+5 eu_s=+7.8 ev_s=+4.7 dpan=+0.00 dtilt=+0.00 pan=-11.1 tilt=-1.1 err=9px DB
2026-06-27 20:22:50.748 [DEBUG] [marker_detector] ibvs eu=+8 ev=+5 eu_s=+7.9 ev_s=+4.8 dpan=+0.00 dtilt=+0.00 pan=-11.1 tilt=-1.1 err=9px DB
2026-06-27 20:22:50.841 [DEBUG] [marker_detector] ibvs eu=+8 ev=+5 eu_s=+7.9 ev_s=+4.7 dpan=+0.00 dtilt=+0.00 pan=-11.1 tilt=-1.1 err=9px DB
2026-06-27 20:22:50.934 [DEBUG] [marker_detector] ibvs eu=+8 ev=+5 eu_s=+7.8 ev_s=+4.7 dpan=+0.00 dtilt=+0.00 pan=-11.1 tilt=-1.1 err=9px DB
2026-06-27 20:22:51.026 [DEBUG] [marker_detector] ibvs eu=+8 ev=+5 eu_s=+8.0 ev_s=+4.6 dpan=+0.00 dtilt=+0.00 pan=-11.1 tilt=-1.1 err=9px DB
2026-06-27 20:22:51.120 [DEBUG] [marker_detector] ibvs eu=+8 ev=+5 eu_s=+7.8 ev_s=+4.6 dpan=+0.00 dtilt=+0.00 pan=-11.1 tilt=-1.1 err=9px DB
2026-06-27 20:22:51.227 [DEBUG] [marker_detector] ibvs eu=+8 ev=+5 eu_s=+7.8 ev_s=+4.7 dpan=+0.00 dtilt=+0.00 pan=-11.1 tilt=-1.1 err=9px DB
2026-06-27 20:22:51.324 [DEBUG] [marker_detector] ibvs eu=+8 ev=+5 eu_s=+7.8 ev_s=+4.7 dpan=+0.00 dtilt=+0.00 pan=-11.1 tilt=-1.1 err=9px DB
2026-06-27 20:22:51.419 [DEBUG] [marker_detector] ibvs eu=+8 ev=+5 eu_s=+7.8 ev_s=+4.7 dpan=+0.00 dtilt=+0.00 pan=-11.1 tilt=-1.1 err=9px DB
2026-06-27 20:22:51.512 [DEBUG] [marker_detector] ibvs eu=+8 ev=+5 eu_s=+7.8 ev_s=+4.8 dpan=+0.00 dtilt=+0.00 pan=-11.1 tilt=-1.1 err=9px DB
2026-06-27 20:22:51.613 [DEBUG] [marker_detector] ibvs eu=+8 ev=+5 eu_s=+7.9 ev_s=+4.8 dpan=+0.00 dtilt=+0.00 pan=-11.1 tilt=-1.1 err=9px DB
2026-06-27 20:22:51.704 [DEBUG] [marker_detector] ibvs eu=+8 ev=+5 eu_s=+7.8 ev_s=+4.7 dpan=+0.00 dtilt=+0.00 pan=-11.1 tilt=-1.1 err=9px DB
2026-06-27 20:22:51.798 [DEBUG] [marker_detector] ibvs eu=+8 ev=+5 eu_s=+7.8 ev_s=+4.8 dpan=+0.00 dtilt=+0.00 pan=-11.1 tilt=-1.1 err=9px DB
2026-06-27 20:22:51.890 [DEBUG] [marker_detector] ibvs eu=+8 ev=+5 eu_s=+7.8 ev_s=+4.7 dpan=+0.00 dtilt=+0.00 pan=-11.1 tilt=-1.1 err=9px DB
2026-06-27 20:22:51.986 [DEBUG] [marker_detector] ibvs eu=+8 ev=+5 eu_s=+7.8 ev_s=+4.7 dpan=+0.00 dtilt=+0.00 pan=-11.1 tilt=-1.1 err=9px DB
2026-06-27 20:22:52.088 [DEBUG] [marker_detector] ibvs eu=+8 ev=+5 eu_s=+7.8 ev_s=+4.8 dpan=+0.00 dtilt=+0.00 pan=-11.1 tilt=-1.1 err=9px DB
2026-06-27 20:22:52.180 [DEBUG] [marker_detector] ibvs eu=+8 ev=+5 eu_s=+7.9 ev_s=+4.8 dpan=+0.00 dtilt=+0.00 pan=-11.1 tilt=-1.1 err=9px DB
2026-06-27 20:22:52.273 [DEBUG] [marker_detector] ibvs eu=+8 ev=+5 eu_s=+7.8 ev_s=+4.7 dpan=+0.00 dtilt=+0.00 pan=-11.1 tilt=-1.1 err=9px DB
2026-06-27 20:22:52.368 [DEBUG] [marker_detector] ibvs eu=+8 ev=+5 eu_s=+7.8 ev_s=+4.8 dpan=+0.00 dtilt=+0.00 pan=-11.1 tilt=-1.1 err=9px DB
2026-06-27 20:22:52.459 [DEBUG] [marker_detector] ibvs eu=+8 ev=+5 eu_s=+7.8 ev_s=+4.8 dpan=+0.00 dtilt=+0.00 pan=-11.1 tilt=-1.1 err=9px DB
2026-06-27 20:22:52.555 [DEBUG] [marker_detector] ibvs eu=+8 ev=+5 eu_s=+7.8 ev_s=+4.7 dpan=+0.00 dtilt=+0.00 pan=-11.1 tilt=-1.1 err=9px DB
2026-06-27 20:22:52.646 [DEBUG] [marker_detector] ibvs eu=+8 ev=+5 eu_s=+7.8 ev_s=+4.7 dpan=+0.00 dtilt=+0.00 pan=-11.1 tilt=-1.1 err=9px DB
2026-06-27 20:22:52.753 [DEBUG] [marker_detector] ibvs eu=+8 ev=+5 eu_s=+7.8 ev_s=+4.7 dpan=+0.00 dtilt=+0.00 pan=-11.1 tilt=-1.1 err=9px DB
2026-06-27 20:22:52.847 [DEBUG] [marker_detector] ibvs eu=+8 ev=+5 eu_s=+7.8 ev_s=+4.8 dpan=+0.00 dtilt=+0.00 pan=-11.1 tilt=-1.1 err=9px DB
2026-06-27 20:22:52.940 [DEBUG] [marker_detector] ibvs eu=+8 ev=+5 eu_s=+7.8 ev_s=+4.8 dpan=+0.00 dtilt=+0.00 pan=-11.1 tilt=-1.1 err=9px DB
2026-06-27 20:22:53.033 [DEBUG] [marker_detector] ibvs eu=+8 ev=+5 eu_s=+7.8 ev_s=+4.7 dpan=+0.00 dtilt=+0.00 pan=-11.1 tilt=-1.1 err=9px DB
2026-06-27 20:22:53.134 [DEBUG] [marker_detector] ibvs eu=+8 ev=+5 eu_s=+7.8 ev_s=+4.7 dpan=+0.00 dtilt=+0.00 pan=-11.1 tilt=-1.1 err=9px DB
2026-06-27 20:22:53.227 [DEBUG] [marker_detector] ibvs eu=+8 ev=+5 eu_s=+7.8 ev_s=+4.7 dpan=+0.00 dtilt=+0.00 pan=-11.1 tilt=-1.1 err=9px DB
2026-06-27 20:22:53.322 [DEBUG] [marker_detector] ibvs eu=+8 ev=+5 eu_s=+7.8 ev_s=+4.8 dpan=+0.00 dtilt=+0.00 pan=-11.1 tilt=-1.1 err=9px DB
2026-06-27 20:22:53.415 [DEBUG] [marker_detector] ibvs eu=+8 ev=+5 eu_s=+7.8 ev_s=+4.7 dpan=+0.00 dtilt=+0.00 pan=-11.1 tilt=-1.1 err=9px DB
2026-06-27 20:22:53.507 [DEBUG] [marker_detector] ibvs eu=+8 ev=+6 eu_s=+7.9 ev_s=+5.5 dpan=+0.00 dtilt=+0.00 pan=-11.1 tilt=-1.1 err=10px DB
2026-06-27 20:22:53.554 [DEBUG] [marker_detector] ibvs tag_lost timer start pan=-11.1 tilt=-1.1
2026-06-27 20:22:53.637 [DEBUG] [marker_detector] ibvs tag_lost timer start pan=-11.1 tilt=-1.1
2026-06-27 20:22:53.679 [DEBUG] [marker_detector] ibvs eu=-10 ev=+1 eu_s=-6.0 ev_s=+1.3 dpan=+0.00 dtilt=+0.00 pan=-11.1 tilt=-1.1 err=10px DB
2026-06-27 20:22:53.766 [DEBUG] [marker_detector] ibvs eu=-9 ev=-4 eu_s=-9.8 ev_s=-3.3 dpan=+0.00 dtilt=+0.00 pan=-11.1 tilt=-1.1 err=10px DB
2026-06-27 20:22:53.854 [DEBUG] [marker_detector] ibvs eu=-20 ev=-2 eu_s=-18.2 ev_s=-2.1 dpan=-0.38 dtilt=+0.04 pan=-11.6 tilt=-1.0 err=20px
2026-06-27 20:22:53.946 [DEBUG] [marker_detector] ibvs eu=-32 ev=-0 eu_s=-30.8 ev_s=-0.7 dpan=-1.54 dtilt=+0.04 pan=-14.3 tilt=-0.9 err=32px
2026-06-27 20:22:54.039 [DEBUG] [marker_detector] ibvs eu=-38 ev=-1 eu_s=-37.1 ev_s=-0.4 dpan=-1.85 dtilt=+0.02 pan=-17.9 tilt=-0.9 err=38px
2026-06-27 20:22:54.129 [DEBUG] [marker_detector] ibvs eu=-23 ev=-5 eu_s=-25.3 ev_s=-3.7 dpan=-0.98 dtilt=+0.14 pan=-20.5 tilt=-0.8 err=24px
2026-06-27 20:22:54.176 [DEBUG] [marker_detector] ibvs tag_lost timer start pan=-20.5 tilt=-0.8
2026-06-27 20:22:54.354 [DEBUG] [marker_detector] ibvs eu=-16 ev=-8 eu_s=-15.7 ev_s=-6.8 dpan=-0.28 dtilt=+0.12 pan=-21.0 tilt=-0.6 err=18px
2026-06-27 20:22:54.449 [DEBUG] [marker_detector] ibvs eu=-28 ev=-5 eu_s=-26.8 ev_s=-4.6 dpan=-1.15 dtilt=+0.20 pan=-22.8 tilt=-0.3 err=28px
2026-06-27 20:22:54.490 [DEBUG] [marker_detector] ibvs tag_lost timer start pan=-22.8 tilt=-0.3
2026-06-27 20:22:54.632 [DEBUG] [marker_detector] ibvs tag_lost timer start pan=-23.6 tilt=-0.2
2026-06-27 20:22:54.762 [DEBUG] [marker_detector] ibvs eu=-41 ev=-3 eu_s=-37.8 ev_s=-3.3 dpan=-1.89 dtilt=+0.17 pan=-25.5 tilt=-0.0 err=41px
2026-06-27 20:22:54.811 [DEBUG] [marker_detector] ibvs tag_lost timer start pan=-25.5 tilt=-0.0
2026-06-27 20:22:54.900 [DEBUG] [marker_detector] ibvs tag_lost timer start pan=-27.5 tilt=-0.0
2026-06-27 20:22:54.941 [DEBUG] [marker_detector] ibvs eu=-54 ev=+2 eu_s=-54.4 ev_s=+1.3 dpan=-2.00 dtilt=-0.06 pan=-29.5 tilt=-0.1 err=54px
2026-06-27 20:22:54.990 [DEBUG] [marker_detector] ibvs tag_lost timer start pan=-29.5 tilt=-0.1
2026-06-27 20:22:55.256 [DEBUG] [marker_detector] ibvs eu=-30 ev=+4 eu_s=-30.0 ev_s=+3.7 dpan=-1.50 dtilt=-0.19 pan=-32.6 tilt=-0.5 err=30px
2026-06-27 20:22:55.345 [DEBUG] [marker_detector] ibvs eu=-26 ev=+5 eu_s=-27.4 ev_s=+4.9 dpan=-1.22 dtilt=-0.22 pan=-35.5 tilt=-0.9 err=27px
2026-06-27 20:22:55.388 [DEBUG] [marker_detector] ibvs tag_lost timer start pan=-35.5 tilt=-0.9
2026-06-27 20:22:55.485 [DEBUG] [marker_detector] ibvs tag_lost timer start pan=-35.5 tilt=-0.9
2026-06-27 20:22:55.714 [DEBUG] [marker_detector] ibvs eu=+63 ev=-8 eu_s=+49.5 ev_s=-5.0 dpan=+2.00 dtilt=+0.25 pan=-33.5 tilt=-0.7 err=64px
2026-06-27 20:22:55.812 [DEBUG] [marker_detector] ibvs eu=+62 ev=-8 eu_s=+61.7 ev_s=-7.4 dpan=+2.00 dtilt=+0.37 pan=-29.5 tilt=0.0 err=63px
2026-06-27 20:22:55.857 [DEBUG] [marker_detector] ibvs tag_lost timer start pan=-29.5 tilt=0.0
2026-06-27 20:22:55.955 [DEBUG] [marker_detector] ibvs eu=+7 ev=-6 eu_s=+12.3 ev_s=-6.5 dpan=+0.12 dtilt=+0.06 pan=-27.6 tilt=0.4 err=9px
2026-06-27 20:22:56.003 [DEBUG] [marker_detector] ibvs tag_lost timer start pan=-27.6 tilt=0.4
2026-06-27 20:22:56.408 [DEBUG] [marker_detector] ibvs eu=-132 ev=+17 eu_s=-125.4 ev_s=+16.3 dpan=-2.00 dtilt=-0.82 pan=-31.6 tilt=-1.0 err=133px
2026-06-27 20:22:56.496 [DEBUG] [marker_detector] ibvs tag_lost timer start pan=-33.6 tilt=-1.8
2026-06-27 20:22:56.547 [DEBUG] [marker_detector] ibvs eu=-113 ev=+15 eu_s=-117.5 ev_s=+15.6 dpan=-2.00 dtilt=-0.78 pan=-35.6 tilt=-2.6 err=114px
2026-06-27 20:22:56.639 [DEBUG] [marker_detector] ibvs eu=-90 ev=-2 eu_s=-90.5 ev_s=-0.5 dpan=-2.00 dtilt=+0.02 pan=-39.6 tilt=-2.8 err=90px
2026-06-27 20:22:56.683 [DEBUG] [marker_detector] ibvs tag_lost timer start pan=-39.6 tilt=-2.8
2026-06-27 20:23:01.717 [INFO ] [marker_detector] ibvs servo_reset pan→0 tilt→0 lost=5.0s
2026-06-27 20:23:01.760 [DEBUG] [marker_detector] ibvs tag_lost timer start pan=0.0 tilt=0.0
2026-06-27 20:23:01.943 [DEBUG] [marker_detector] ibvs eu=+98 ev=+0 eu_s=+95.7 ev_s=+0.4 dpan=+2.00 dtilt=-0.02 pan=4.0 tilt=-0.1 err=98px
2026-06-27 20:23:02.036 [DEBUG] [marker_detector] ibvs eu=+76 ev=+0 eu_s=+80.0 ev_s=+0.3 dpan=+2.00 dtilt=-0.01 pan=8.0 tilt=-0.1 err=76px
2026-06-27 20:23:02.083 [DEBUG] [marker_detector] ibvs tag_lost timer start pan=8.0 tilt=-0.1
2026-06-27 20:23:02.189 [DEBUG] [marker_detector] ibvs eu=+23 ev=+1 eu_s=+28.8 ev_s=+1.1 dpan=+1.36 dtilt=-0.05 pan=11.4 tilt=-0.2 err=23px
2026-06-27 20:23:02.282 [DEBUG] [marker_detector] ibvs eu=+1 ev=+1 eu_s=+5.6 ev_s=+1.1 dpan=+0.00 dtilt=+0.00 pan=12.2 tilt=-0.3 err=1px DB
2026-06-27 20:23:02.327 [DEBUG] [marker_detector] ibvs tag_lost timer start pan=12.2 tilt=-0.3
2026-06-27 20:23:02.419 [DEBUG] [marker_detector] ibvs eu=-21 ev=+1 eu_s=-20.3 ev_s=+0.8 dpan=-0.52 dtilt=-0.02 pan=11.4 tilt=-0.3 err=21px
2026-06-27 20:23:02.517 [DEBUG] [marker_detector] ibvs eu=-21 ev=+1 eu_s=-21.4 ev_s=+0.6 dpan=-0.61 dtilt=-0.02 pan=10.2 tilt=-0.3 err=22px
2026-06-27 20:23:02.623 [DEBUG] [marker_detector] ibvs eu=-17 ev=+1 eu_s=-18.1 ev_s=+0.7 dpan=-0.36 dtilt=-0.01 pan=9.3 tilt=-0.4 err=17px
2026-06-27 20:23:02.714 [DEBUG] [marker_detector] ibvs tag_lost timer start pan=9.0 tilt=-0.4
2026-06-27 20:23:02.763 [DEBUG] [marker_detector] ibvs eu=-4 ev=+1 eu_s=-6.3 ev_s=+0.6 dpan=+0.00 dtilt=+0.00 pan=9.0 tilt=-0.4 err=4px DB
2026-06-27 20:23:02.860 [DEBUG] [marker_detector] ibvs eu=-3 ev=+1 eu_s=-3.5 ev_s=+0.7 dpan=+0.00 dtilt=+0.00 pan=9.0 tilt=-0.4 err=3px DB
2026-06-27 20:23:02.956 [DEBUG] [marker_detector] ibvs eu=-4 ev=+1 eu_s=-3.5 ev_s=+0.7 dpan=+0.00 dtilt=+0.00 pan=9.0 tilt=-0.4 err=4px DB
2026-06-27 20:23:03.070 [DEBUG] [marker_detector] ibvs eu=-4 ev=+1 eu_s=-3.5 ev_s=+0.6 dpan=+0.00 dtilt=+0.00 pan=9.0 tilt=-0.4 err=4px DB
2026-06-27 20:23:03.189 [DEBUG] [marker_detector] ibvs eu=-3 ev=+1 eu_s=-3.5 ev_s=+0.6 dpan=+0.00 dtilt=+0.00 pan=9.0 tilt=-0.4 err=4px DB
2026-06-27 20:23:03.284 [DEBUG] [marker_detector] ibvs eu=-3 ev=+1 eu_s=-3.5 ev_s=+0.6 dpan=+0.00 dtilt=+0.00 pan=9.0 tilt=-0.4 err=4px DB
2026-06-27 20:23:03.377 [DEBUG] [marker_detector] ibvs eu=-3 ev=+1 eu_s=-3.4 ev_s=+0.7 dpan=+0.00 dtilt=+0.00 pan=9.0 tilt=-0.4 err=4px DB
2026-06-27 20:23:03.475 [DEBUG] [marker_detector] ibvs eu=-3 ev=+1 eu_s=-3.5 ev_s=+0.6 dpan=+0.00 dtilt=+0.00 pan=9.0 tilt=-0.4 err=4px DB
2026-06-27 20:23:03.566 [DEBUG] [marker_detector] ibvs tag_lost timer start pan=9.0 tilt=-0.4
2026-06-27 20:23:03.655 [DEBUG] [marker_detector] ibvs eu=-8 ev=-4 eu_s=-6.9 ev_s=-2.7 dpan=+0.00 dtilt=+0.00 pan=9.0 tilt=-0.4 err=9px DB
2026-06-27 20:23:03.742 [DEBUG] [marker_detector] ibvs eu=-16 ev=+2 eu_s=-14.9 ev_s=+2.1 dpan=-0.19 dtilt=-0.03 pan=8.7 tilt=-0.4 err=16px
2026-06-27 20:23:03.832 [DEBUG] [marker_detector] ibvs eu=-13 ev=-0 eu_s=-13.7 ev_s=-1.5 dpan=-0.13 dtilt=+0.01 pan=8.4 tilt=-0.3 err=13px
2026-06-27 20:23:03.919 [DEBUG] [marker_detector] ibvs tag_lost timer start pan=8.3 tilt=-0.3
2026-06-27 20:23:04.010 [DEBUG] [marker_detector] ibvs eu=-14 ev=+0 eu_s=-13.8 ev_s=-0.6 dpan=-0.13 dtilt=+0.01 pan=8.1 tilt=-0.3 err=14px
2026-06-27 20:23:04.104 [DEBUG] [marker_detector] ibvs tag_lost timer start pan=7.6 tilt=-0.3
2026-06-27 20:23:04.574 [DEBUG] [marker_detector] ibvs eu=-245 ev=-28 eu_s=-200.3 ev_s=-22.6 dpan=-2.00 dtilt=+1.13 pan=5.6 tilt=0.9 err=247px
2026-06-27 20:23:04.662 [DEBUG] [marker_detector] ibvs eu=-259 ev=-21 eu_s=-256.5 ev_s=-21.1 dpan=-2.00 dtilt=+1.06 pan=1.6 tilt=3.0 err=260px
2026-06-27 20:23:04.716 [DEBUG] [marker_detector] ibvs tag_lost timer start pan=1.6 tilt=3.0
2026-06-27 20:23:04.800 [DEBUG] [marker_detector] ibvs eu=-215 ev=+17 eu_s=-217.7 ev_s=+13.4 dpan=-2.00 dtilt=-0.67 pan=-2.4 tilt=2.3 err=215px
2026-06-27 20:23:04.888 [DEBUG] [marker_detector] ibvs eu=-210 ev=+9 eu_s=-211.5 ev_s=+9.4 dpan=-2.00 dtilt=-0.47 pan=-6.4 tilt=1.2 err=210px
2026-06-27 20:23:04.983 [DEBUG] [marker_detector] ibvs tag_lost timer start pan=-8.4 tilt=0.8
2026-06-27 20:23:05.279 [DEBUG] [marker_detector] ibvs eu=+14 ev=+3 eu_s=-27.8 ev_s=+4.4 dpan=-1.27 dtilt=-0.20 pan=-9.6 tilt=0.6 err=15px
2026-06-27 20:23:05.324 [DEBUG] [marker_detector] ibvs tag_lost timer start pan=-9.6 tilt=0.6
2026-06-27 20:23:05.493 [DEBUG] [marker_detector] ibvs eu=+11 ev=-10 eu_s=+9.6 ev_s=-9.0 dpan=+0.00 dtilt=+0.00 pan=-9.6 tilt=0.6 err=15px DB
2026-06-27 20:23:05.586 [DEBUG] [marker_detector] ibvs eu=-5 ev=-17 eu_s=-3.6 ev_s=-14.5 dpan=-0.04 dtilt=+0.18 pan=-9.7 tilt=0.7 err=17px
2026-06-27 20:23:05.675 [DEBUG] [marker_detector] ibvs eu=-2 ev=-11 eu_s=-2.2 ev_s=-11.1 dpan=-0.01 dtilt=+0.04 pan=-9.7 tilt=0.8 err=11px
2026-06-27 20:23:05.768 [DEBUG] [marker_detector] ibvs eu=-3 ev=-11 eu_s=-2.6 ev_s=-11.0 dpan=-0.01 dtilt=+0.04 pan=-9.7 tilt=0.9 err=11px
2026-06-27 20:23:05.860 [DEBUG] [marker_detector] ibvs eu=-3 ev=-11 eu_s=-2.6 ev_s=-10.9 dpan=-0.01 dtilt=+0.03 pan=-9.7 tilt=1.0 err=11px
2026-06-27 20:23:05.952 [DEBUG] [marker_detector] ibvs eu=-3 ev=-11 eu_s=-2.6 ev_s=-11.0 dpan=-0.01 dtilt=+0.04 pan=-9.7 tilt=1.0 err=11px
2026-06-27 20:23:06.046 [DEBUG] [marker_detector] ibvs eu=-8 ev=-17 eu_s=-7.1 ev_s=-15.5 dpan=-0.13 dtilt=+0.27 pan=-9.9 tilt=1.4 err=19px
2026-06-27 20:23:06.134 [DEBUG] [marker_detector] ibvs eu=-15 ev=-7 eu_s=-14.0 ev_s=-7.5 dpan=-0.20 dtilt=+0.11 pan=-10.2 tilt=1.6 err=16px
2026-06-27 20:23:06.220 [DEBUG] [marker_detector] ibvs tag_lost timer start pan=-10.6 tilt=1.8
2026-06-27 20:23:06.303 [DEBUG] [marker_detector] ibvs eu=-20 ev=+2 eu_s=-19.6 ev_s=+0.1 dpan=-0.47 dtilt=-0.00 pan=-11.0 tilt=1.8 err=21px
2026-06-27 20:23:06.343 [DEBUG] [marker_detector] ibvs tag_lost timer start pan=-11.0 tilt=1.8
2026-06-27 20:23:06.771 [DEBUG] [marker_detector] ibvs eu=-129 ev=+21 eu_s=-125.9 ev_s=+20.0 dpan=-2.00 dtilt=-1.00 pan=-15.0 tilt=-0.1 err=131px
2026-06-27 20:23:06.858 [DEBUG] [marker_detector] ibvs eu=-126 ev=+9 eu_s=-128.1 ev_s=+9.0 dpan=-2.00 dtilt=-0.45 pan=-19.0 tilt=-1.0 err=127px
2026-06-27 20:23:06.902 [DEBUG] [marker_detector] ibvs tag_lost timer start pan=-19.0 tilt=-1.0
2026-06-27 20:23:07.033 [DEBUG] [marker_detector] ibvs eu=-77 ev=-10 eu_s=-78.7 ev_s=-9.2 dpan=-2.00 dtilt=+0.46 pan=-23.0 tilt=-0.3 err=77px
2026-06-27 20:23:07.079 [DEBUG] [marker_detector] ibvs tag_lost timer start pan=-23.0 tilt=-0.3
2026-06-27 20:23:07.166 [DEBUG] [marker_detector] ibvs tag_lost timer start pan=-25.0 tilt=0.2
2026-06-27 20:23:07.207 [DEBUG] [marker_detector] ibvs eu=-31 ev=-10 eu_s=-36.9 ev_s=-9.9 dpan=-1.85 dtilt=+0.50 pan=-26.9 tilt=0.7 err=33px
2026-06-27 20:23:07.298 [DEBUG] [marker_detector] ibvs eu=-17 ev=-7 eu_s=-17.5 ev_s=-6.8 dpan=-0.38 dtilt=+0.15 pan=-27.9 tilt=1.1 err=18px
2026-06-27 20:23:07.386 [DEBUG] [marker_detector] ibvs eu=+10 ev=-6 eu_s=+9.0 ev_s=-5.9 dpan=+0.00 dtilt=+0.00 pan=-27.9 tilt=1.1 err=12px DB
2026-06-27 20:23:07.430 [DEBUG] [marker_detector] ibvs tag_lost timer start pan=-27.9 tilt=1.1
2026-06-27 20:23:07.520 [DEBUG] [marker_detector] ibvs eu=+20 ev=+5 eu_s=+20.0 ev_s=+4.6 dpan=+0.53 dtilt=-0.12 pan=-27.0 tilt=0.9 err=21px
2026-06-27 20:23:07.611 [DEBUG] [marker_detector] ibvs eu=+20 ev=+5 eu_s=+20.4 ev_s=+5.1 dpan=+0.56 dtilt=-0.14 pan=-25.9 tilt=0.6 err=21px
2026-06-27 20:23:07.699 [DEBUG] [marker_detector] ibvs eu=+16 ev=+5 eu_s=+16.6 ev_s=+5.1 dpan=+0.31 dtilt=-0.09 pan=-25.0 tilt=0.4 err=17px
2026-06-27 20:23:07.741 [DEBUG] [marker_detector] ibvs tag_lost timer start pan=-25.0 tilt=0.4
2026-06-27 20:23:07.831 [DEBUG] [marker_detector] ibvs eu=-0 ev=+4 eu_s=+1.6 ev_s=+4.2 dpan=+0.00 dtilt=+0.00 pan=-25.0 tilt=0.4 err=4px DB
2026-06-27 20:23:07.927 [DEBUG] [marker_detector] ibvs eu=-1 ev=+1 eu_s=-0.8 ev_s=+1.5 dpan=+0.00 dtilt=+0.00 pan=-25.0 tilt=0.4 err=2px DB
2026-06-27 20:23:08.021 [DEBUG] [marker_detector] ibvs eu=-1 ev=+1 eu_s=-1.0 ev_s=+1.4 dpan=+0.00 dtilt=+0.00 pan=-25.0 tilt=0.4 err=2px DB
2026-06-27 20:23:08.110 [DEBUG] [marker_detector] ibvs eu=-4 ev=+1 eu_s=-3.2 ev_s=+1.0 dpan=+0.00 dtilt=+0.00 pan=-25.0 tilt=0.4 err=4px DB
2026-06-27 20:23:08.195 [DEBUG] [marker_detector] ibvs eu=-4 ev=+1 eu_s=-5.4 ev_s=+0.1 dpan=+0.00 dtilt=+0.00 pan=-25.0 tilt=0.4 err=4px DB
2026-06-27 20:23:08.242 [DEBUG] [marker_detector] ibvs tag_lost timer start pan=-25.0 tilt=0.4
2026-06-27 20:23:08.493 [DEBUG] [marker_detector] ibvs eu=-153 ev=+4 eu_s=-146.4 ev_s=+5.4 dpan=-2.00 dtilt=-0.27 pan=-29.0 tilt=-0.4 err=153px
2026-06-27 20:23:08.585 [DEBUG] [marker_detector] ibvs eu=-134 ev=+4 eu_s=-135.1 ev_s=+4.1 dpan=-2.00 dtilt=-0.21 pan=-33.0 tilt=-0.9 err=134px
2026-06-27 20:23:08.628 [DEBUG] [marker_detector] ibvs tag_lost timer start pan=-33.0 tilt=-0.9
2026-06-27 20:23:08.761 [DEBUG] [marker_detector] ibvs eu=-76 ev=-9 eu_s=-78.3 ev_s=-8.2 dpan=-2.00 dtilt=+0.41 pan=-37.0 tilt=-0.1 err=76px
2026-06-27 20:23:08.849 [DEBUG] [marker_detector] ibvs eu=-56 ev=-8 eu_s=-60.3 ev_s=-8.2 dpan=-2.00 dtilt=+0.41 pan=-41.0 tilt=0.7 err=57px
2026-06-27 20:23:08.890 [DEBUG] [marker_detector] ibvs tag_lost timer start pan=-41.0 tilt=0.7
2026-06-27 20:23:09.022 [DEBUG] [marker_detector] ibvs eu=+3 ev=+1 eu_s=+2.1 ev_s=-0.4 dpan=+0.00 dtilt=+0.00 pan=-41.0 tilt=0.7 err=3px DB
2026-06-27 20:23:09.106 [DEBUG] [marker_detector] ibvs tag_lost timer start pan=-41.0 tilt=0.7
2026-06-27 20:23:09.453 [DEBUG] [marker_detector] ibvs eu=+236 ev=-3 eu_s=+189.3 ev_s=-2.2 dpan=+2.00 dtilt=+0.11 pan=-39.0 tilt=0.8 err=236px
2026-06-27 20:23:09.542 [DEBUG] [marker_detector] ibvs eu=+232 ev=-9 eu_s=+230.0 ev_s=-8.3 dpan=+2.00 dtilt=+0.42 pan=-35.0 tilt=1.5 err=232px
2026-06-27 20:23:09.641 [DEBUG] [marker_detector] ibvs tag_lost timer start pan=-33.0 tilt=1.8
2026-06-27 20:23:09.683 [DEBUG] [marker_detector] ibvs eu=+177 ev=+5 eu_s=+186.9 ev_s=+2.8 dpan=+2.00 dtilt=-0.14 pan=-31.0 tilt=1.7 err=177px
2026-06-27 20:23:09.773 [DEBUG] [marker_detector] ibvs eu=+160 ev=+7 eu_s=+159.9 ev_s=+6.5 dpan=+2.00 dtilt=-0.33 pan=-27.0 tilt=1.1 err=160px
2026-06-27 20:23:09.822 [DEBUG] [marker_detector] ibvs tag_lost timer start pan=-27.0 tilt=1.1
2026-06-27 20:23:09.910 [DEBUG] [marker_detector] ibvs eu=+86 ev=+14 eu_s=+90.6 ev_s=+12.5 dpan=+2.00 dtilt=-0.63 pan=-23.0 tilt=0.0 err=87px
2026-06-27 20:23:09.997 [DEBUG] [marker_detector] ibvs eu=+103 ev=+12 eu_s=+101.8 ev_s=+12.6 dpan=+2.00 dtilt=-0.63 pan=-19.0 tilt=-1.4 err=103px
2026-06-27 20:23:10.040 [DEBUG] [marker_detector] ibvs tag_lost timer start pan=-19.0 tilt=-1.4
2026-06-27 20:23:10.170 [DEBUG] [marker_detector] ibvs tag_lost timer start pan=-17.0 tilt=-1.5
2026-06-27 20:23:11.913 [DEBUG] [marker_detector] ibvs eu=+181 ev=-21 eu_s=+172.9 ev_s=-16.2 dpan=+2.00 dtilt=+0.81 pan=-15.0 tilt=-0.7 err=182px
2026-06-27 20:23:12.008 [DEBUG] [marker_detector] ibvs tag_lost timer start pan=-13.0 tilt=0.3
2026-06-27 20:23:12.051 [DEBUG] [marker_detector] ibvs eu=+172 ev=-17 eu_s=+174.1 ev_s=-17.4 dpan=+2.00 dtilt=+0.87 pan=-11.0 tilt=1.2 err=173px
2026-06-27 20:23:12.097 [DEBUG] [marker_detector] ibvs tag_lost timer start pan=-11.0 tilt=1.2
2026-06-27 20:23:12.195 [DEBUG] [marker_detector] ibvs eu=+132 ev=+7 eu_s=+137.4 ev_s=+4.7 dpan=+2.00 dtilt=-0.23 pan=-7.0 tilt=1.3 err=133px
2026-06-27 20:23:12.284 [DEBUG] [marker_detector] ibvs tag_lost timer start pan=-5.0 tilt=0.9
2026-06-27 20:23:12.327 [DEBUG] [marker_detector] ibvs eu=+102 ev=+11 eu_s=+107.8 ev_s=+10.4 dpan=+2.00 dtilt=-0.52 pan=-3.0 tilt=0.4 err=102px
2026-06-27 20:23:12.418 [DEBUG] [marker_detector] ibvs eu=+82 ev=+11 eu_s=+83.2 ev_s=+11.2 dpan=+2.00 dtilt=-0.56 pan=1.0 tilt=-0.7 err=83px
2026-06-27 20:23:12.465 [DEBUG] [marker_detector] ibvs tag_lost timer start pan=1.0 tilt=-0.7
2026-06-27 20:23:12.644 [DEBUG] [marker_detector] ibvs eu=+11 ev=-4 eu_s=+14.1 ev_s=-3.3 dpan=+0.16 dtilt=+0.04 pan=2.2 tilt=-0.7 err=12px
2026-06-27 20:23:12.735 [DEBUG] [marker_detector] ibvs eu=+2 ev=-3 eu_s=+3.8 ev_s=-3.4 dpan=+0.00 dtilt=+0.00 pan=2.3 tilt=-0.7 err=4px DB
2026-06-27 20:23:12.835 [DEBUG] [marker_detector] ibvs eu=+1 ev=-4 eu_s=+1.2 ev_s=-3.9 dpan=+0.00 dtilt=+0.00 pan=2.3 tilt=-0.7 err=4px DB
2026-06-27 20:23:12.926 [DEBUG] [marker_detector] ibvs eu=+1 ev=-4 eu_s=+1.0 ev_s=-3.8 dpan=+0.00 dtilt=+0.00 pan=2.3 tilt=-0.7 err=4px DB
2026-06-27 20:23:13.018 [DEBUG] [marker_detector] ibvs eu=+1 ev=-4 eu_s=+1.0 ev_s=-3.8 dpan=+0.00 dtilt=+0.00 pan=2.3 tilt=-0.7 err=4px DB
2026-06-27 20:23:13.112 [DEBUG] [marker_detector] ibvs eu=+1 ev=-4 eu_s=+0.9 ev_s=-3.9 dpan=+0.00 dtilt=+0.00 pan=2.3 tilt=-0.7 err=4px DB
2026-06-27 20:23:13.203 [DEBUG] [marker_detector] ibvs eu=+1 ev=-4 eu_s=+0.8 ev_s=-3.9 dpan=+0.00 dtilt=+0.00 pan=2.3 tilt=-0.7 err=4px DB
2026-06-27 20:23:13.308 [DEBUG] [marker_detector] ibvs eu=+1 ev=-4 eu_s=+0.8 ev_s=-3.8 dpan=+0.00 dtilt=+0.00 pan=2.3 tilt=-0.7 err=4px DB
2026-06-27 20:23:13.402 [DEBUG] [marker_detector] ibvs eu=+1 ev=-4 eu_s=+0.8 ev_s=-3.9 dpan=+0.00 dtilt=+0.00 pan=2.3 tilt=-0.7 err=4px DB
2026-06-27 20:23:13.495 [DEBUG] [marker_detector] ibvs eu=+1 ev=-4 eu_s=+0.8 ev_s=-3.8 dpan=+0.00 dtilt=+0.00 pan=2.3 tilt=-0.7 err=4px DB
2026-06-27 20:23:13.591 [DEBUG] [marker_detector] ibvs eu=+1 ev=-4 eu_s=+0.8 ev_s=-3.7 dpan=+0.00 dtilt=+0.00 pan=2.3 tilt=-0.7 err=4px DB
2026-06-27 20:23:13.687 [DEBUG] [marker_detector] ibvs eu=+0 ev=-3 eu_s=+0.4 ev_s=-3.0 dpan=+0.00 dtilt=+0.00 pan=2.3 tilt=-0.7 err=3px DB
2026-06-27 20:23:13.729 [DEBUG] [marker_detector] ibvs tag_lost timer start pan=2.3 tilt=-0.7
2026-06-27 20:23:13.861 [DEBUG] [marker_detector] ibvs eu=-4 ev=-1 eu_s=-3.6 ev_s=-2.1 dpan=+0.00 dtilt=+0.00 pan=2.3 tilt=-0.7 err=4px DB
2026-06-27 20:23:13.953 [DEBUG] [marker_detector] ibvs eu=-16 ev=-4 eu_s=-14.2 ev_s=-4.2 dpan=-0.17 dtilt=+0.05 pan=2.1 tilt=-0.6 err=17px
2026-06-27 20:23:14.040 [DEBUG] [marker_detector] ibvs tag_lost timer start pan=1.5 tilt=-0.4
2026-06-27 20:23:14.081 [DEBUG] [marker_detector] ibvs eu=-29 ev=-12 eu_s=-27.1 ev_s=-10.8 dpan=-1.30 dtilt=+0.52 pan=0.2 tilt=0.1 err=31px
2026-06-27 20:23:14.171 [DEBUG] [marker_detector] ibvs eu=-36 ev=-13 eu_s=-35.6 ev_s=-13.3 dpan=-1.78 dtilt=+0.67 pan=-3.2 tilt=1.4 err=38px
2026-06-27 20:23:14.259 [DEBUG] [marker_detector] ibvs tag_lost timer start pan=-4.7 tilt=2.0
2026-06-27 20:23:14.433 [DEBUG] [marker_detector] ibvs eu=+35 ev=+10 eu_s=+22.5 ev_s=+6.1 dpan=+0.75 dtilt=-0.20 pan=-3.9 tilt=1.8 err=37px
2026-06-27 20:23:14.478 [DEBUG] [marker_detector] ibvs tag_lost timer start pan=-3.9 tilt=1.8
2026-06-27 20:23:14.813 [DEBUG] [marker_detector] ibvs eu=-174 ev=+6 eu_s=-167.9 ev_s=+5.3 dpan=-2.00 dtilt=-0.27 pan=-7.9 tilt=1.4 err=174px
2026-06-27 20:23:14.898 [DEBUG] [marker_detector] ibvs tag_lost timer start pan=-9.9 tilt=1.3
2026-06-27 20:23:14.980 [DEBUG] [marker_detector] ibvs eu=-114 ev=+4 eu_s=-125.5 ev_s=+4.0 dpan=-2.00 dtilt=-0.20 pan=-11.9 tilt=1.1 err=114px
2026-06-27 20:23:15.067 [DEBUG] [marker_detector] ibvs eu=-113 ev=+4 eu_s=-113.3 ev_s=+4.3 dpan=-2.00 dtilt=-0.21 pan=-15.9 tilt=0.6 err=113px
2026-06-27 20:23:15.153 [DEBUG] [marker_detector] ibvs tag_lost timer start pan=-17.9 tilt=0.4
2026-06-27 20:23:15.236 [DEBUG] [marker_detector] ibvs eu=-54 ev=+1 eu_s=-63.5 ev_s=+1.4 dpan=-2.00 dtilt=-0.07 pan=-19.9 tilt=0.3 err=54px
2026-06-27 20:23:15.323 [DEBUG] [marker_detector] ibvs tag_lost timer start pan=-21.9 tilt=-0.1
2026-06-27 20:23:15.742 [DEBUG] [marker_detector] ibvs eu=+127 ev=+2 eu_s=+91.7 ev_s=+3.3 dpan=+2.00 dtilt=-0.16 pan=-19.9 tilt=-0.2 err=127px
2026-06-27 20:23:15.829 [DEBUG] [marker_detector] ibvs eu=+129 ev=+4 eu_s=+128.1 ev_s=+3.3 dpan=+2.00 dtilt=-0.17 pan=-15.9 tilt=-0.5 err=129px
2026-06-27 20:23:15.868 [DEBUG] [marker_detector] ibvs tag_lost timer start pan=-15.9 tilt=-0.5
2026-06-27 20:23:16.046 [DEBUG] [marker_detector] ibvs eu=+79 ev=-4 eu_s=+80.9 ev_s=-4.1 dpan=+2.00 dtilt=+0.20 pan=-11.9 tilt=-0.2 err=79px
2026-06-27 20:23:16.135 [DEBUG] [marker_detector] ibvs eu=+62 ev=-4 eu_s=+65.3 ev_s=-3.9 dpan=+2.00 dtilt=+0.20 pan=-7.9 tilt=0.2 err=62px
2026-06-27 20:23:16.222 [DEBUG] [marker_detector] ibvs eu=+34 ev=-4 eu_s=+37.2 ev_s=-3.6 dpan=+1.86 dtilt=+0.18 pan=-4.0 tilt=0.6 err=34px
2026-06-27 20:23:16.268 [DEBUG] [marker_detector] ibvs tag_lost timer start pan=-4.0 tilt=0.6
2026-06-27 20:23:16.356 [DEBUG] [marker_detector] ibvs tag_lost timer start pan=-4.0 tilt=0.6
2026-06-27 20:23:16.397 [DEBUG] [marker_detector] ibvs eu=-28 ev=-0 eu_s=-21.6 ev_s=-0.5 dpan=-0.62 dtilt=+0.02 pan=-4.7 tilt=0.6 err=28px
2026-06-27 20:23:16.490 [DEBUG] [marker_detector] ibvs eu=-28 ev=-1 eu_s=-28.0 ev_s=-0.6 dpan=-1.26 dtilt=+0.03 pan=-7.1 tilt=0.7 err=28px
2026-06-27 20:23:16.581 [DEBUG] [marker_detector] ibvs eu=-22 ev=-1 eu_s=-23.4 ev_s=-0.6 dpan=-0.78 dtilt=+0.02 pan=-9.1 tilt=0.7 err=22px
2026-06-27 20:23:16.675 [DEBUG] [marker_detector] ibvs tag_lost timer start pan=-9.4 tilt=0.7
2026-06-27 20:23:16.802 [DEBUG] [marker_detector] ibvs eu=-37 ev=-4 eu_s=-32.7 ev_s=-3.2 dpan=-1.63 dtilt=+0.16 pan=-11.0 tilt=0.9 err=37px
2026-06-27 20:23:16.890 [DEBUG] [marker_detector] ibvs eu=-29 ev=-14 eu_s=-29.8 ev_s=-12.3 dpan=-1.49 dtilt=+0.62 pan=-14.2 tilt=1.8 err=32px
2026-06-27 20:23:16.931 [DEBUG] [marker_detector] ibvs tag_lost timer start pan=-14.2 tilt=1.8
2026-06-27 20:23:17.018 [DEBUG] [marker_detector] ibvs tag_lost timer start pan=-14.2 tilt=1.8
2026-06-27 20:23:17.065 [DEBUG] [marker_detector] ibvs eu=+40 ev=+2 eu_s=+33.5 ev_s=+1.4 dpan=+1.67 dtilt=-0.07 pan=-12.5 tilt=1.8 err=40px
2026-06-27 20:23:17.106 [DEBUG] [marker_detector] ibvs tag_lost timer start pan=-12.5 tilt=1.8
2026-06-27 20:23:17.243 [DEBUG] [marker_detector] ibvs eu=+47 ev=+8 eu_s=+47.9 ev_s=+9.7 dpan=+2.00 dtilt=-0.49 pan=-8.5 tilt=0.5 err=48px
2026-06-27 20:23:17.335 [DEBUG] [marker_detector] ibvs eu=+27 ev=+7 eu_s=+30.5 ev_s=+6.8 dpan=+1.52 dtilt=-0.34 pan=-5.0 tilt=-0.2 err=27px
2026-06-27 20:23:17.424 [DEBUG] [marker_detector] ibvs tag_lost timer start pan=-4.8 tilt=-0.2
2026-06-27 20:23:17.511 [DEBUG] [marker_detector] ibvs eu=-31 ev=-9 eu_s=-21.6 ev_s=-7.1 dpan=-0.69 dtilt=+0.23 pan=-5.5 tilt=0.0 err=32px
2026-06-27 20:23:17.600 [DEBUG] [marker_detector] ibvs eu=-30 ev=-6 eu_s=-29.7 ev_s=-6.5 dpan=-1.48 dtilt=+0.33 pan=-8.3 tilt=0.8 err=31px
2026-06-27 20:23:17.687 [DEBUG] [marker_detector] ibvs tag_lost timer start pan=-8.8 tilt=0.9
2026-06-27 20:23:17.862 [DEBUG] [marker_detector] ibvs eu=+40 ev=+1 eu_s=+28.3 ev_s=-0.3 dpan=+1.29 dtilt=+0.01 pan=-7.5 tilt=0.9 err=40px
2026-06-27 20:23:17.954 [DEBUG] [marker_detector] ibvs tag_lost timer start pan=-5.5 tilt=1.1
2026-06-27 20:23:17.998 [DEBUG] [marker_detector] ibvs eu=+56 ev=-0 eu_s=+54.2 ev_s=-0.7 dpan=+2.00 dtilt=+0.04 pan=-3.5 tilt=1.1 err=56px
2026-06-27 20:23:18.087 [DEBUG] [marker_detector] ibvs eu=+44 ev=+6 eu_s=+43.2 ev_s=+6.4 dpan=+2.00 dtilt=-0.32 pan=0.5 tilt=0.3 err=44px
2026-06-27 20:23:18.137 [DEBUG] [marker_detector] ibvs tag_lost timer start pan=0.5 tilt=0.3
2026-06-27 20:23:18.227 [DEBUG] [marker_detector] ibvs tag_lost timer start pan=1.2 tilt=-0.0
2026-06-27 20:23:18.312 [DEBUG] [marker_detector] ibvs eu=+2 ev=+24 eu_s=+5.5 ev_s=+21.2 dpan=+0.17 dtilt=-0.63 pan=1.4 tilt=-0.7 err=24px
2026-06-27 20:23:18.404 [DEBUG] [marker_detector] ibvs eu=-2 ev=+10 eu_s=-1.1 ev_s=+11.2 dpan=-0.00 dtilt=-0.04 pan=1.4 tilt=-1.1 err=10px
2026-06-27 20:23:18.492 [DEBUG] [marker_detector] ibvs eu=-2 ev=+3 eu_s=-1.7 ev_s=+3.1 dpan=+0.00 dtilt=+0.00 pan=1.4 tilt=-1.1 err=3px DB
2026-06-27 20:23:18.591 [DEBUG] [marker_detector] ibvs eu=-2 ev=+3 eu_s=-1.7 ev_s=+2.6 dpan=+0.00 dtilt=+0.00 pan=1.4 tilt=-1.1 err=3px DB
2026-06-27 20:23:18.682 [DEBUG] [marker_detector] ibvs eu=-2 ev=+3 eu_s=-2.0 ev_s=+2.7 dpan=+0.00 dtilt=+0.00 pan=1.4 tilt=-1.1 err=3px DB
2026-06-27 20:23:18.773 [DEBUG] [marker_detector] ibvs eu=-2 ev=+3 eu_s=-2.0 ev_s=+2.7 dpan=+0.00 dtilt=+0.00 pan=1.4 tilt=-1.1 err=3px DB
2026-06-27 20:23:18.862 [DEBUG] [marker_detector] ibvs tag_lost timer start pan=1.4 tilt=-1.1
2026-06-27 20:23:18.950 [DEBUG] [marker_detector] ibvs eu=-6 ev=-9 eu_s=-4.9 ev_s=-6.7 dpan=+0.00 dtilt=+0.00 pan=1.4 tilt=-1.1 err=11px DB
2026-06-27 20:23:19.041 [DEBUG] [marker_detector] ibvs eu=-17 ev=-6 eu_s=-15.3 ev_s=-5.5 dpan=-0.24 dtilt=+0.09 pan=1.2 tilt=-1.0 err=18px
2026-06-27 20:23:19.132 [DEBUG] [marker_detector] ibvs eu=-20 ev=+4 eu_s=-19.0 ev_s=+2.7 dpan=-0.44 dtilt=-0.06 pan=0.4 tilt=-1.0 err=20px
2026-06-27 20:23:19.173 [DEBUG] [marker_detector] ibvs tag_lost timer start pan=0.4 tilt=-1.0
2026-06-27 20:23:19.270 [DEBUG] [marker_detector] ibvs eu=-39 ev=-13 eu_s=-36.9 ev_s=-11.0 dpan=-1.85 dtilt=+0.55 pan=-2.9 tilt=-0.2 err=41px
2026-06-27 20:23:19.361 [DEBUG] [marker_detector] ibvs eu=-33 ev=-13 eu_s=-34.0 ev_s=-13.7 dpan=-1.70 dtilt=+0.69 pan=-6.5 tilt=1.3 err=36px
2026-06-27 20:23:19.410 [DEBUG] [marker_detector] ibvs tag_lost timer start pan=-6.5 tilt=1.3
2026-06-27 20:23:19.537 [DEBUG] [marker_detector] ibvs tag_lost timer start pan=-8.5 tilt=1.2
2026-06-27 20:23:19.751 [DEBUG] [marker_detector] ibvs eu=-267 ev=+3 eu_s=-224.8 ev_s=+2.9 dpan=-2.00 dtilt=-0.15 pan=-10.5 tilt=1.0 err=267px
2026-06-27 20:23:19.789 [DEBUG] [marker_detector] ibvs tag_lost timer start pan=-10.5 tilt=1.0
2026-06-27 20:23:20.571 [DEBUG] [marker_detector] ibvs eu=+57 ev=-3 eu_s=+44.4 ev_s=-1.9 dpan=+2.00 dtilt=+0.09 pan=-8.5 tilt=1.1 err=57px
2026-06-27 20:23:20.661 [DEBUG] [marker_detector] ibvs eu=+56 ev=-2 eu_s=+55.9 ev_s=-1.8 dpan=+2.00 dtilt=+0.09 pan=-4.5 tilt=1.2 err=56px
2026-06-27 20:23:20.750 [DEBUG] [marker_detector] ibvs eu=+26 ev=-2 eu_s=+30.9 ev_s=-1.9 dpan=+1.55 dtilt=+0.10 pan=-0.9 tilt=1.4 err=27px
2026-06-27 20:23:20.837 [DEBUG] [marker_detector] ibvs eu=-15 ev=-2 eu_s=-8.8 ev_s=-2.3 dpan=+0.00 dtilt=+0.00 pan=-0.8 tilt=1.5 err=15px DB
2026-06-27 20:23:20.886 [DEBUG] [marker_detector] ibvs tag_lost timer start pan=-0.8 tilt=1.5
2026-06-27 20:23:20.973 [DEBUG] [marker_detector] ibvs eu=-39 ev=-2 eu_s=-36.7 ev_s=-2.4 dpan=-1.83 dtilt=+0.12 pan=-4.0 tilt=1.7 err=39px
2026-06-27 20:23:21.063 [DEBUG] [marker_detector] ibvs eu=-37 ev=-2 eu_s=-37.2 ev_s=-2.4 dpan=-1.86 dtilt=+0.12 pan=-7.8 tilt=1.9 err=37px
2026-06-27 20:23:21.154 [DEBUG] [marker_detector] ibvs tag_lost timer start pan=-8.1 tilt=2.0
2026-06-27 20:23:21.241 [DEBUG] [marker_detector] ibvs eu=+28 ev=+4 eu_s=+19.0 ev_s=+2.5 dpan=+0.43 dtilt=-0.06 pan=-7.7 tilt=1.9 err=28px
2026-06-27 20:23:21.338 [DEBUG] [marker_detector] ibvs eu=+28 ev=+4 eu_s=+27.9 ev_s=+3.4 dpan=+1.26 dtilt=-0.16 pan=-5.3 tilt=1.6 err=28px
2026-06-27 20:23:21.429 [DEBUG] [marker_detector] ibvs eu=+26 ev=+3 eu_s=+26.4 ev_s=+3.1 dpan=+1.10 dtilt=-0.13 pan=-2.9 tilt=1.3 err=26px
2026-06-27 20:23:21.515 [DEBUG] [marker_detector] ibvs eu=+3 ev=+4 eu_s=+5.9 ev_s=+3.4 dpan=+0.00 dtilt=+0.00 pan=-2.6 tilt=1.3 err=5px DB
2026-06-27 20:23:21.603 [DEBUG] [marker_detector] ibvs eu=-18 ev=+0 eu_s=-14.0 ev_s=+0.8 dpan=-0.14 dtilt=-0.01 pan=-2.8 tilt=1.3 err=18px
2026-06-27 20:23:21.702 [DEBUG] [marker_detector] ibvs eu=-18 ev=+0 eu_s=-17.6 ev_s=+0.3 dpan=-0.34 dtilt=-0.01 pan=-3.4 tilt=1.3 err=18px
2026-06-27 20:23:21.799 [DEBUG] [marker_detector] ibvs eu=-18 ev=+0 eu_s=-17.7 ev_s=+0.2 dpan=-0.34 dtilt=-0.00 pan=-4.1 tilt=1.3 err=18px
2026-06-27 20:23:21.889 [DEBUG] [marker_detector] ibvs eu=-17 ev=+0 eu_s=-17.4 ev_s=+0.3 dpan=-0.32 dtilt=-0.01 pan=-4.7 tilt=1.2 err=17px
2026-06-27 20:23:21.981 [DEBUG] [marker_detector] ibvs eu=-11 ev=+0 eu_s=-11.8 ev_s=+0.2 dpan=-0.05 dtilt=-0.00 pan=-4.9 tilt=1.2 err=11px
2026-06-27 20:23:22.072 [DEBUG] [marker_detector] ibvs eu=-7 ev=+0 eu_s=-7.9 ev_s=+0.3 dpan=+0.00 dtilt=+0.00 pan=-5.0 tilt=1.2 err=7px DB
2026-06-27 20:23:22.162 [DEBUG] [marker_detector] ibvs eu=-7 ev=+0 eu_s=-7.1 ev_s=+0.2 dpan=+0.00 dtilt=+0.00 pan=-5.0 tilt=1.2 err=7px DB
2026-06-27 20:23:22.253 [DEBUG] [marker_detector] ibvs eu=-7 ev=+0 eu_s=-7.0 ev_s=+0.2 dpan=+0.00 dtilt=+0.00 pan=-5.0 tilt=1.2 err=7px DB
2026-06-27 20:23:22.341 [DEBUG] [marker_detector] ibvs eu=-7 ev=+0 eu_s=-7.1 ev_s=+0.3 dpan=+0.00 dtilt=+0.00 pan=-5.0 tilt=1.2 err=7px DB
2026-06-27 20:23:22.430 [DEBUG] [marker_detector] ibvs eu=-7 ev=+0 eu_s=-7.0 ev_s=+0.2 dpan=+0.00 dtilt=+0.00 pan=-5.0 tilt=1.2 err=7px DB
2026-06-27 20:23:22.518 [DEBUG] [marker_detector] ibvs eu=-7 ev=+0 eu_s=-7.1 ev_s=+0.2 dpan=+0.00 dtilt=+0.00 pan=-5.0 tilt=1.2 err=7px DB
2026-06-27 20:23:22.606 [DEBUG] [marker_detector] ibvs eu=-7 ev=+0 eu_s=-7.0 ev_s=+0.2 dpan=+0.00 dtilt=+0.00 pan=-5.0 tilt=1.2 err=7px DB
2026-06-27 20:23:22.704 [DEBUG] [marker_detector] ibvs eu=-7 ev=+0 eu_s=-7.0 ev_s=+0.1 dpan=+0.00 dtilt=+0.00 pan=-5.0 tilt=1.2 err=7px DB
2026-06-27 20:23:22.793 [DEBUG] [marker_detector] ibvs eu=-7 ev=+0 eu_s=-6.9 ev_s=+0.2 dpan=+0.00 dtilt=+0.00 pan=-5.0 tilt=1.2 err=7px DB
2026-06-27 20:23:22.883 [DEBUG] [marker_detector] ibvs eu=-7 ev=+0 eu_s=-6.8 ev_s=+0.0 dpan=+0.00 dtilt=+0.00 pan=-5.0 tilt=1.2 err=7px DB
2026-06-27 20:23:22.970 [DEBUG] [marker_detector] ibvs eu=-5 ev=+0 eu_s=-5.4 ev_s=+0.2 dpan=+0.00 dtilt=+0.00 pan=-5.0 tilt=1.2 err=5px DB
2026-06-27 20:23:23.060 [DEBUG] [marker_detector] ibvs eu=-5 ev=+0 eu_s=-5.2 ev_s=+0.3 dpan=+0.00 dtilt=+0.00 pan=-5.0 tilt=1.2 err=5px DB
2026-06-27 20:23:23.151 [DEBUG] [marker_detector] ibvs eu=-5 ev=+0 eu_s=-5.2 ev_s=+0.3 dpan=+0.00 dtilt=+0.00 pan=-5.0 tilt=1.2 err=5px DB
2026-06-27 20:23:23.240 [DEBUG] [marker_detector] ibvs eu=-5 ev=+0 eu_s=-5.2 ev_s=+0.3 dpan=+0.00 dtilt=+0.00 pan=-5.0 tilt=1.2 err=5px DB
2026-06-27 20:23:23.331 [DEBUG] [marker_detector] ibvs eu=-5 ev=+0 eu_s=-5.3 ev_s=+0.3 dpan=+0.00 dtilt=+0.00 pan=-5.0 tilt=1.2 err=5px DB
2026-06-27 20:23:23.417 [DEBUG] [marker_detector] ibvs eu=-5 ev=+0 eu_s=-5.2 ev_s=+0.3 dpan=+0.00 dtilt=+0.00 pan=-5.0 tilt=1.2 err=5px DB
2026-06-27 20:23:23.515 [DEBUG] [marker_detector] ibvs eu=-5 ev=+0 eu_s=-5.2 ev_s=+0.2 dpan=+0.00 dtilt=+0.00 pan=-5.0 tilt=1.2 err=5px DB
2026-06-27 20:23:23.606 [DEBUG] [marker_detector] ibvs eu=-5 ev=+0 eu_s=-5.2 ev_s=+0.3 dpan=+0.00 dtilt=+0.00 pan=-5.0 tilt=1.2 err=5px DB
2026-06-27 20:23:23.695 [DEBUG] [marker_detector] ibvs eu=-5 ev=+0 eu_s=-5.3 ev_s=+0.2 dpan=+0.00 dtilt=+0.00 pan=-5.0 tilt=1.2 err=5px DB
2026-06-27 20:23:23.785 [DEBUG] [marker_detector] ibvs eu=-5 ev=+0 eu_s=-5.2 ev_s=+0.3 dpan=+0.00 dtilt=+0.00 pan=-5.0 tilt=1.2 err=5px DB
2026-06-27 20:23:23.873 [DEBUG] [marker_detector] ibvs eu=-5 ev=+0 eu_s=-5.3 ev_s=+0.2 dpan=+0.00 dtilt=+0.00 pan=-5.0 tilt=1.2 err=5px DB
2026-06-27 20:23:23.960 [DEBUG] [marker_detector] ibvs eu=-5 ev=+0 eu_s=-5.2 ev_s=+0.3 dpan=+0.00 dtilt=+0.00 pan=-5.0 tilt=1.2 err=5px DB
2026-06-27 20:23:24.047 [DEBUG] [marker_detector] ibvs eu=-5 ev=+0 eu_s=-5.2 ev_s=+0.3 dpan=+0.00 dtilt=+0.00 pan=-5.0 tilt=1.2 err=5px DB
2026-06-27 20:23:24.135 [DEBUG] [marker_detector] ibvs eu=-5 ev=+0 eu_s=-5.2 ev_s=+0.4 dpan=+0.00 dtilt=+0.00 pan=-5.0 tilt=1.2 err=5px DB
2026-06-27 20:23:24.225 [DEBUG] [marker_detector] ibvs eu=-5 ev=+0 eu_s=-5.3 ev_s=+0.3 dpan=+0.00 dtilt=+0.00 pan=-5.0 tilt=1.2 err=5px DB
2026-06-27 20:23:24.316 [DEBUG] [marker_detector] ibvs eu=-5 ev=+0 eu_s=-5.2 ev_s=+0.3 dpan=+0.00 dtilt=+0.00 pan=-5.0 tilt=1.2 err=5px DB
2026-06-27 20:23:24.408 [DEBUG] [marker_detector] ibvs eu=-5 ev=+0 eu_s=-5.2 ev_s=+0.3 dpan=+0.00 dtilt=+0.00 pan=-5.0 tilt=1.2 err=5px DB
2026-06-27 20:23:24.496 [DEBUG] [marker_detector] ibvs eu=-5 ev=+0 eu_s=-5.3 ev_s=+0.2 dpan=+0.00 dtilt=+0.00 pan=-5.0 tilt=1.2 err=5px DB
2026-06-27 20:23:24.590 [DEBUG] [marker_detector] ibvs eu=-5 ev=+0 eu_s=-5.2 ev_s=+0.3 dpan=+0.00 dtilt=+0.00 pan=-5.0 tilt=1.2 err=5px DB
2026-06-27 20:23:24.679 [DEBUG] [marker_detector] ibvs eu=-5 ev=+0 eu_s=-5.3 ev_s=+0.3 dpan=+0.00 dtilt=+0.00 pan=-5.0 tilt=1.2 err=5px DB
2026-06-27 20:23:24.767 [DEBUG] [marker_detector] ibvs eu=-5 ev=+0 eu_s=-5.2 ev_s=+0.3 dpan=+0.00 dtilt=+0.00 pan=-5.0 tilt=1.2 err=5px DB
2026-06-27 20:23:24.856 [DEBUG] [marker_detector] ibvs eu=-5 ev=+0 eu_s=-5.2 ev_s=+0.3 dpan=+0.00 dtilt=+0.00 pan=-5.0 tilt=1.2 err=5px DB
2026-06-27 20:23:24.943 [DEBUG] [marker_detector] ibvs eu=-5 ev=+0 eu_s=-5.1 ev_s=+0.4 dpan=+0.00 dtilt=+0.00 pan=-5.0 tilt=1.2 err=5px DB
2026-06-27 20:23:25.032 [DEBUG] [marker_detector] ibvs eu=-5 ev=+0 eu_s=-5.2 ev_s=+0.3 dpan=+0.00 dtilt=+0.00 pan=-5.0 tilt=1.2 err=5px DB
2026-06-27 20:23:25.121 [DEBUG] [marker_detector] ibvs eu=-5 ev=+0 eu_s=-5.2 ev_s=+0.3 dpan=+0.00 dtilt=+0.00 pan=-5.0 tilt=1.2 err=5px DB
2026-06-27 20:23:25.215 [DEBUG] [marker_detector] ibvs eu=-5 ev=+0 eu_s=-5.1 ev_s=+0.4 dpan=+0.00 dtilt=+0.00 pan=-5.0 tilt=1.2 err=5px DB
2026-06-27 20:23:25.302 [DEBUG] [marker_detector] ibvs eu=-5 ev=+0 eu_s=-5.2 ev_s=+0.3 dpan=+0.00 dtilt=+0.00 pan=-5.0 tilt=1.2 err=5px DB
2026-06-27 20:23:25.396 [DEBUG] [marker_detector] ibvs eu=-5 ev=+0 eu_s=-5.2 ev_s=+0.4 dpan=+0.00 dtilt=+0.00 pan=-5.0 tilt=1.2 err=5px DB
2026-06-27 20:23:25.487 [DEBUG] [marker_detector] ibvs eu=-5 ev=+0 eu_s=-5.2 ev_s=+0.3 dpan=+0.00 dtilt=+0.00 pan=-5.0 tilt=1.2 err=5px DB
2026-06-27 20:23:25.572 [DEBUG] [marker_detector] ibvs eu=-5 ev=+0 eu_s=-5.2 ev_s=+0.4 dpan=+0.00 dtilt=+0.00 pan=-5.0 tilt=1.2 err=5px DB
2026-06-27 20:23:25.662 [DEBUG] [marker_detector] ibvs eu=-5 ev=+0 eu_s=-5.2 ev_s=+0.3 dpan=+0.00 dtilt=+0.00 pan=-5.0 tilt=1.2 err=5px DB
2026-06-27 20:23:25.753 [DEBUG] [marker_detector] ibvs eu=-5 ev=+0 eu_s=-5.1 ev_s=+0.4 dpan=+0.00 dtilt=+0.00 pan=-5.0 tilt=1.2 err=5px DB
2026-06-27 20:23:25.843 [DEBUG] [marker_detector] ibvs eu=-5 ev=+0 eu_s=-5.2 ev_s=+0.3 dpan=+0.00 dtilt=+0.00 pan=-5.0 tilt=1.2 err=5px DB
2026-06-27 20:23:25.933 [DEBUG] [marker_detector] ibvs eu=-5 ev=+0 eu_s=-5.2 ev_s=+0.3 dpan=+0.00 dtilt=+0.00 pan=-5.0 tilt=1.2 err=5px DB
2026-06-27 20:23:26.020 [DEBUG] [marker_detector] ibvs eu=-5 ev=+0 eu_s=-5.2 ev_s=+0.3 dpan=+0.00 dtilt=+0.00 pan=-5.0 tilt=1.2 err=5px DB
2026-06-27 20:23:26.117 [DEBUG] [marker_detector] ibvs eu=-5 ev=+0 eu_s=-5.1 ev_s=+0.4 dpan=+0.00 dtilt=+0.00 pan=-5.0 tilt=1.2 err=5px DB
2026-06-27 20:23:26.204 [DEBUG] [marker_detector] ibvs eu=-5 ev=+0 eu_s=-5.2 ev_s=+0.4 dpan=+0.00 dtilt=+0.00 pan=-5.0 tilt=1.2 err=5px DB
2026-06-27 20:23:26.297 [DEBUG] [marker_detector] ibvs eu=-5 ev=+0 eu_s=-5.2 ev_s=+0.4 dpan=+0.00 dtilt=+0.00 pan=-5.0 tilt=1.2 err=5px DB
2026-06-27 20:23:26.387 [DEBUG] [marker_detector] ibvs eu=-5 ev=+0 eu_s=-5.2 ev_s=+0.3 dpan=+0.00 dtilt=+0.00 pan=-5.0 tilt=1.2 err=5px DB
2026-06-27 20:23:26.474 [DEBUG] [marker_detector] ibvs eu=-5 ev=+0 eu_s=-5.1 ev_s=+0.3 dpan=+0.00 dtilt=+0.00 pan=-5.0 tilt=1.2 err=5px DB
2026-06-27 20:23:26.563 [DEBUG] [marker_detector] ibvs eu=-5 ev=+0 eu_s=-5.2 ev_s=+0.3 dpan=+0.00 dtilt=+0.00 pan=-5.0 tilt=1.2 err=5px DB
2026-06-27 20:23:26.651 [DEBUG] [marker_detector] ibvs eu=-5 ev=+0 eu_s=-5.2 ev_s=+0.3 dpan=+0.00 dtilt=+0.00 pan=-5.0 tilt=1.2 err=5px DB
2026-06-27 20:23:26.741 [DEBUG] [marker_detector] ibvs eu=-5 ev=+0 eu_s=-5.2 ev_s=+0.4 dpan=+0.00 dtilt=+0.00 pan=-5.0 tilt=1.2 err=5px DB
2026-06-27 20:23:26.828 [DEBUG] [marker_detector] ibvs eu=-5 ev=+0 eu_s=-5.2 ev_s=+0.4 dpan=+0.00 dtilt=+0.00 pan=-5.0 tilt=1.2 err=5px DB
2026-06-27 20:23:26.923 [DEBUG] [marker_detector] ibvs eu=-5 ev=+0 eu_s=-5.2 ev_s=+0.3 dpan=+0.00 dtilt=+0.00 pan=-5.0 tilt=1.2 err=5px DB
2026-06-27 20:23:27.009 [DEBUG] [marker_detector] ibvs eu=-5 ev=+0 eu_s=-5.2 ev_s=+0.3 dpan=+0.00 dtilt=+0.00 pan=-5.0 tilt=1.2 err=5px DB
2026-06-27 20:23:27.042 [INFO ] [marker_detector] ibvs_recording_stop frames=3443 detections=1840 deadband=1183 max_eu=266.7 max_ev=48.2 final_pan=-4.95 final_tilt=1.24 dir=/home/jvpicar/picar_ros/logs/pi_session_20260627_202037/ibvs_frames_202050
2026-06-27 20:23:27.043 [INFO ] [marker_detector] chase_stop cycle=0 reason=toggle_off
2026-06-27 20:23:27.052 [INFO ] [marker_detector] ibvs_recording_start frames_dir=/home/jvpicar/picar_ros/logs/pi_session_20260627_202037/ibvs_frames_202327 csv=/home/jvpicar/picar_ros/logs/pi_session_20260627_202037/ibvs_log_202327.csv
